,car_name,Price,Registration Year,Kms Driven,Ownership,Fuel,Transmission,Drive Type,Engine,Power,Mileage,No. of Cylinders,Turbo Charger,Seats,Kerb Weight,Ground Clearance Unladen,Petrol Fuel Tank Capacity,Diesel Fuel Tank Capacity,CNG Fuel Tank Capacity
0,Hyundai Grand i10,₹3 Lakh,2015,"1,10,422 Kms",Second Owner,Petrol,Manual,FWD,1197 cc,82 bhp,18.9 kmpl,4.0,No,5 Seats,935 kg,165 mm,43 Litres,,
1,Hyundai i10,₹3.22 Lakh,Apr 2015,"41,223 Kms",First Owner,Petrol,Manual,FWD,1086 cc,68.05 bhp,19.81 kmpl,4.0,No,5 Seats,860 kg,165 mm,35 Litres,,
2,Ford Figo,₹4.13 Lakh,Dec 2019,"73,627 Kms",First Owner,Petrol,Manual,Front Wheel Drive,1196 cc,70 bhp,15.6 kmpl,4.0,No,5 Seats,1090 kg,168 mm,45 Litres,,
3,Hyundai Grand i10,₹4.37 Lakh,Jul 2017,"72,080 Kms",First Owner,Petrol,Manual,FWD,1197 cc,81.86 bhp,18.9 kmpl,4.0,No,5 Seats,1060 kg,165 mm,43 Litres,,
4,Chevrolet Beat,₹2.51 Lakh,2015,"1,00,000 Kms",Third Owner,Diesel,Manual,FWD,936 cc,56.3 bhp,25.44 kmpl,3.0,Yes,5 Seats,1025 kg,175 mm,,35 Litres,
5,Hyundai i10,₹4.50 Lakh,Nov 2017,"65,000 Kms",First Owner,Petrol,Manual,FWD,1086 cc,68.05 bhp,19.81 kmpl,4.0,No,5 Seats,860 kg,165 mm,35 Litres,,
6,Hyundai Grand i10,₹4.16 Lakh,Feb 2018,"62,098 Kms",First Owner,Petrol,Manual,FWD,1197 cc,81.86 bhp,18.9 kmpl,4.0,No,5 Seats,1060 kg,165 mm,43 Litres,,
7,Hyundai Grand i10,₹3.77 Lakh,Mar 2017,"40,710 Kms",First Owner,Petrol,Manual,FWD,1197 cc,81.86 bhp,18.9 kmpl,4.0,No,5 Seats,1120 kg,165 mm,43 Litres,,
8,Jeep Compass,₹8 Lakh,2018,"69,000 Kms",Second Owner,,Manual,4X2,1956 cc,170 bhp,17.1 kmpl,4.0,Yes,5 Seats,1562 s kg,178 mm,,60 Litres,
9,Jeep Compass,₹6.50 Lakh,2017,"1,80,000 Kms",Second Owner,,Manual,4X2,1956 cc,170 bhp,17.1 kmpl,4.0,Yes,5 Seats,1562 s kg,178 mm,,60 Litres,
10,Maruti Suzuki Eeco,₹4.25 Lakh,2021,"80,000 Kms",First Owner,Petrol,Manual,,1196 cc,72.41 bhp,16.11 kmpl,4.0,,5 Seats,940 kg,,40 Litres,,
11,Maruti Suzuki Baleno,₹4.50 Lakh,2017,"60,000 Kms",Second Owner,Petrol,Manual,FWD,1197 cc,83.1 bhp,21.4 kmpl,4.0,No,5 Seats,870 kg,170 mm,37 Litres,,
12,Hyundai i20,₹6.10 Lakh,2020,"87,000 Kms",First Owner,Petrol,Manual,,1197 cc,81.80 bhp,21 kmpl,4.0,No,5 Seats,1120 kg,,37 Litres,,
13,Maruti Suzuki Baleno,₹4.51 Lakh,2019,"80,000 Kms",First Owner,Petrol,Manual,FWD,1197 cc,81.80 bhp,21.01 kmpl,4.0,No,5 Seats,865-890 kg,170 mm,37 Litres,,
14,Maruti Suzuki Eeco,₹4.10 Lakh,2019,"1,20,000 Kms",First Owner,Petrol,Manual,RWD,1196 cc,73 bhp,15.37 kmpl,4.0,No,5 Seats,928 kg,160 mm,40 Litres,,
15,Maruti Suzuki Eeco,₹3.51 Lakh,2017,"1,02,000 Kms",First Owner,CNG,Manual,RWD,1196 cc,61.7 bhp,21.94 km/kg,4.0,No,5 Seats,1050 kg,160 mm,,,65 Litres
16,Mahindra Bolero Maxi Truck Plus,₹6.30 Lakh,2022,"80,000 Kms",First Owner,Diesel,Manual,RWD,2523 cc,65.03 bhp,17.2 kmpl,4.0,,2 Seats,1620 kg,,,45 Litres,
17,Hyundai Grand i10,₹4.21 Lakh,Aug 2018,"60,933 Kms",First Owner,Petrol,Manual,FWD,1197 cc,81.86 bhp,18.9 kmpl,4.0,No,5 Seats,1100 kg,165 mm,43 Litres,,
18,Hyundai Grand i10,₹4.21 Lakh,Mar 2017,"64,322 Kms",First Owner,Petrol,Manual,FWD,1197 cc,81.86 bhp,18.9 kmpl,4.0,No,5 Seats,1120 kg,165 mm,43 Litres,,
19,Hyundai Grand i10,₹3.05 Lakh,Nov 2014,"87,680 Kms",First Owner,Petrol,Manual,FWD,1197 cc,81.86 bhp,18.9 kmpl,4.0,No,5 Seats,1100 kg,165 mm,43 Litres,,
20,Honda City,₹2 Lakh,2010,"1,60,000 Kms",Second Owner,Petrol,Manual,FWD,1497 cc,,17 kmpl,4.0,No,5 Seats,1100 kg,160 mm,42 Litres,,
21,Hyundai Xcent,₹4.74 Lakh,May 2018,"83,811 Kms",First Owner,Petrol,Manual,,,,,4.0,,,1120 kg,,,,
22,Hyundai Grand i10,₹4.04 Lakh,Apr 2016,"38,540 Kms",First Owner,Petrol,Manual,FWD,1197 cc,81.86 bhp,18.9 kmpl,4.0,No,5 Seats,1100 kg,165 mm,43 Litres,,
23,Hyundai Grand i10,₹4.01 Lakh,Sept 2016,"70,000 Kms",First Owner,Petrol,Manual,FWD,1197 cc,82 bhp,18.9 kmpl,4.0,No,5 Seats,935 kg,165 mm,43 Litres,,
24,Maruti Suzuki Alto 800,₹1.70 Lakh,2014,"70,000 Kms",Second Owner,CNG,Manual,FWD,796 cc,47.3 bhp,30.46 km/kg,3.0,No,5 Seats,720 kg,160 mm,,,4 Litres
25,Hyundai Grand i10,₹3.45 Lakh,Mar 2016,"72,000 Kms",First Owner,Petrol,Manual,FWD,1197 cc,82 bhp,18.9 kmpl,4.0,No,5 Seats,935 kg,165 mm,43 Litres,,
26,Maruti Suzuki Celerio X,₹3.45 Lakh,Feb 2019,"71,000 Kms",Second Owner,Petrol,Manual,FWD,998 cc,67 bhp,21.63 kmpl,3.0,No,5 Seats,835s kg,165 mm,35 Litres,,
27,Hyundai Grand i10,₹4.75 Lakh,Apr 2019,"65,000 Kms",First Owner,Petrol,Manual,FWD,1197 cc,81.86 bhp,18.9 kmpl,4.0,No,5 Seats,1120 kg,165 mm,43 Litres,,
28,Hyundai Tucson,₹11 Lakh,2019,"90,000 Kms",First Owner,,Automatic,4WD,1995 cc,182.46 bhp,16.38 kmpl,4.0,Yes,5 Seats,1617 kg,195 mm,,62 Litres,
29,Hyundai i10,₹3.75 Lakh,Nov 2016,"91,000 Kms",First Owner,Petrol,Manual,FWD,1086 cc,68.05 bhp,19.81 kmpl,4.0,No,5 Seats,860 kg,165 mm,35 Litres,,
30,Hyundai Grand i10,₹3.84 Lakh,Jul 2016,"67,763 Kms",First Owner,Petrol,Manual,FWD,1197 cc,81.86 bhp,18.9 kmpl,4.0,No,5 Seats,1100 kg,165 mm,43 Litres,,
31,Skoda Slavia,₹10.90 Lakh,Sept 2022,"36,151 Kms",First Owner,Petrol,Manual,FWD,1498 cc,147.52 bhp,18.72 kmpl,4.0,Yes,5 Seats,1258 kg,179 mm,45 Litres,,
32,Tata Tiago EV,₹6.75 Lakh,2023,"40,000 Kms",First Owner,,Automatic,FWD,,73.75 bhp,,,,5 Seats,,,,,
33,Skoda Slavia,₹6.44 Lakh,Feb 2023,"99,099 Kms",First Owner,Petrol,Manual,FWD,999 cc,113.98 bhp,19.47 kmpl,3.0,Yes,5 Seats,1160-1215 kg,179 mm,45 Litres,,
34,Maruti Suzuki Swift Dzire Tour,₹4.95 Lakh,Jun 2018,"1,22,000 Kms",Second Owner,Petrol,Manual,FWD,1197 cc,85.8 bhp,19 kmpl,4.0,No,5 Seats,970 kg,170 mm,,,
35,Hyundai Grand i10,₹3.99 Lakh,Oct 2015,"28,439 Kms",Second Owner,Petrol,Manual,FWD,1197 cc,81.86 bhp,18.9 kmpl,4.0,No,5 Seats,1060 kg,165 mm,43 Litres,,
36,Citroen eC3,₹8 Lakh,2023,"70,000 Kms",First Owner,,Automatic,FWD,,56.21 bhp,,,,5 Seats,1316 kg,,,,
37,Ford Endeavour,₹22 Lakh,2020,"1,20,000 Kms",Second Owner,Diesel,Automatic,RWD,2198 cc,158.2 bhp,14.2 kmpl,4.0,No,7 Seats,2238 kg,,,80 Litres,
38,Skoda Slavia,₹13.35 Lakh,2025,"7,831 Kms",First Owner,Petrol,Manual,FWD,999 cc,114 bhp,20.32 kmpl,3.0,,5 Seats,1160-1216 kg,179 mm,45 Litres,,
39,BMW X3,₹38.50 Lakh,2021,"60,000 Kms",Second Owner,Diesel,Automatic,AWD,1995 cc,187.7 bhp,,4.0,Yes,5 Seats,1690 kg,211 mm,,60 Litres,
40,Hyundai Grand i10,₹3.26 Lakh,2016,"1,92,000 Kms",First Owner,Petrol,Manual,FWD,1197 cc,82 bhp,25 kmpl,4.0,No,5 Seats,935 kg,165 mm,10 Litres,,
41,Hyundai Grand i10,₹3.25 Lakh,2016,"1,25,000 Kms",First Owner,Diesel,Manual,FWD,1120 cc,70 bhp,24 kmpl,3.0,No,5 Seats,1025 kg,165 mm,,43 Litres,
42,Hyundai Creta,₹6.80 Lakh,2016,"1,20,000 Kms",First Owner,,Manual,FWD,1396 cc,88.7 bhp,21.38 kmpl,4.0,No,5 Seats,1240 kg,190 mm,,55 Litres,
43,Hyundai Venue,₹9 Lakh,2024,"50,000 Kms",First Owner,Petrol,Manual,FWD,1197 cc,82 bhp,20.36 kmpl,4.0,No,5 Seats,,,45 Litres,,
44,Renault Duster,₹4.25 Lakh,2015,"1,72,500 Kms",First Owner,,Manual,AWD,1461 cc,108.45 bhp,19.72 kmpl,4.0,Yes,5 Seats,1210 kg,210 mm,,50 Litres,
45,Hyundai Grand i10,₹4.32 Lakh,Dec 2018,"33,993 Kms",First Owner,Petrol,Manual,FWD,1197 cc,81.86 bhp,18.9 kmpl,4.0,No,5 Seats,1120 kg,165 mm,43 Litres,,
46,Maruti Suzuki Ciaz,₹4.55 Lakh,Feb 2018,"52,479 Kms",First Owner,Petrol,Manual,FWD,1462 cc,103.25 bhp,21.56 kmpl,4.0,No,5 Seats,1045 kg,170 mm,43 Litres,,
47,Honda Brio,₹3.16 Lakh,Mar 2016,"53,361 Kms",Second Owner,Petrol,Manual,FWD,1198 cc,86.8 bhp,19.4 kmpl,4.0,No,5 Seats,925 kg,165 mm,35 Litres,,
48,Kia Seltos,₹7.25 Lakh,2021,"1,20,000 Kms",First Owner,Petrol,Manual,FWD,1497 cc,113.43 bhp,16.8 kmpl,4.0,No,5 Seats,1335 kg,,50 Litres,,
49,Maruti Suzuki Ignis,₹3.27 Lakh,May 2017,"63,115 Kms",First Owner,Petrol,Manual,FWD,1197 cc,81.80 bhp,20.89 kmpl,4.0,No,5 Seats,835 kg,180 mm,32 Litres,,
50,Volkswagen Ameo,₹4.15 Lakh,May 2019,"76,319 Kms",First Owner,Petrol,Manual,FWD,999 cc,75 bhp,19.44 kmpl,3.0,No,5 Seats,1050 kg,165 mm,45 Litres,,
51,Maruti Suzuki Baleno,₹4.16 Lakh,Jun 2021,"53,551 Kms",Second Owner,Petrol,Manual,FWD,1197 cc,81.80 bhp,21.01 kmpl,4.0,No,5 Seats,865-890 kg,170 mm,37 Litres,,
52,Hyundai Creta,₹9 Lakh,2019,"71,000 Kms",First Owner,,Manual,FWD,1591 cc,121.3 bhp,13 kmpl,4.0,No,5 Seats,1280 kg,190 mm,55 Litres,,
53,Hyundai Grand i10,₹4.25 Lakh,May 2018,"55,000 Kms",First Owner,Petrol,Manual,FWD,1197 cc,81.86 bhp,18.9 kmpl,4.0,No,5 Seats,1140 kg,165 mm,43 Litres,,
54,Skoda Slavia,₹10.30 Lakh,Apr 2023,"50,227 Kms",First Owner,Petrol,Manual,FWD,1498 cc,147.52 bhp,18.72 kmpl,4.0,Yes,5 Seats,1258 kg,179 mm,45 Litres,,
55,Hyundai i20,₹4.53 Lakh,Jun 2015,"41,554 Kms",First Owner,Petrol,Manual,FWD,1197 cc,81.83 bhp,18.6 kmpl,4.0,No,5 Seats,1066 kg,170 mm,45 Litres,,
56,Maruti Suzuki Vitara Brezza,₹6 Lakh,2017,"42,000 Kms",First Owner,,Manual,FWD,1248 cc,88.5 bhp,24.3 kmpl,4.0,Yes,5 Seats,1185 kg,198 mm,,48 Litres,
57,Honda Amaze,₹3.24 Lakh,Jul 2017,"1,01,563 Kms",First Owner,Petrol,Manual,FWD,1199 cc,88.76 bhp,19.5 kmpl,4.0,No,5 Seats,917 kg,170 mm,35 Litres,,
58,Maruti Suzuki Baleno,₹3.73 Lakh,Jul 2016,"60,958 Kms",First Owner,Petrol,Manual,FWD,1197 cc,83.1 bhp,21.4 kmpl,4.0,No,5 Seats,870 kg,170 mm,37 Litres,,
59,Maruti Suzuki S-Presso,₹3.07 Lakh,May 2021,"45,113 Kms",First Owner,Petrol,Manual,FWD,998 cc,65.71 bhp,21.7 kmpl,3.0,,5 Seats,736-775 kg,,27 Litres,,
60,Honda Amaze,₹4.60 Lakh,2019,"80,000 Kms",First Owner,Petrol,Manual,FWD,1199 cc,88.76 bhp,19.5 kmpl,4.0,No,5 Seats,924 kg,170 mm,35 Litres,,
61,Hyundai i20,₹4.28 Lakh,Jan 2019,"1,32,167 Kms",First Owner,Petrol,Manual,FWD,1197 cc,81.83 bhp,18.6 kmpl,4.0,No,5 Seats,1066 kg,170 mm,45 Litres,,
62,Hyundai Grand i10,₹3.37 Lakh,Nov 2015,"49,815 Kms",First Owner,Petrol,Manual,FWD,1197 cc,82 bhp,18.9 kmpl,4.0,No,5 Seats,935 kg,165 mm,43 Litres,,
63,Maruti Suzuki Baleno,₹7.14 Lakh,Jun 2024,"20,406 Kms",First Owner,Petrol,Manual,FWD,1197 cc,88.50 bhp,22.35 kmpl,4.0,No,5 Seats,925-955 kg,,37 Litres,,
64,Maruti Suzuki S-Presso,₹3.25 Lakh,2021,"52,000 Kms",First Owner,Petrol,Manual,FWD,998 cc,65.71 bhp,21.7 kmpl,3.0,,5 Seats,736-775 kg,,27 Litres,,
65,Maruti Suzuki Ciaz,₹6.98 Lakh,Dec 2022,"52,433 Kms",First Owner,Petrol,Manual,FWD,1373 cc,91.1 bhp,20.73 kmpl,4.0,No,5 Seats,1030 kg,170 mm,43 Litres,,
66,Hyundai Grand i10,₹3.63 Lakh,Apr 2018,"68,907 Kms",First Owner,Petrol,Manual,FWD,1197 cc,81.86 bhp,18.9 kmpl,4.0,No,5 Seats,1120 kg,165 mm,43 Litres,,
67,Hyundai Grand i10,₹3.08 Lakh,Oct 2013,"57,187 Kms",First Owner,Petrol,Manual,FWD,1197 cc,81.86 bhp,18.9 kmpl,4.0,No,5 Seats,1120 kg,165 mm,43 Litres,,
68,Tata Safari,₹2.25 Lakh,2010,"67,000 Kms",First Owner,,Manual,RWD,2179 cc,138.03 bhp,13.93 kmpl,4.0,Yes,7 Seats,1850 kg,205 mm,,65 Litres,
69,Hyundai Grand i10,₹3.20 Lakh,Jul 2017,"1,27,820 Kms",First Owner,Petrol,Manual,FWD,1197 cc,81.86 bhp,18.9 kmpl,4.0,No,5 Seats,1120 kg,165 mm,43 Litres,,
70,Hyundai Grand i10,₹3.15 Lakh,Oct 2015,"42,844 Kms",Second Owner,Petrol,Manual,FWD,1197 cc,82 bhp,18.9 kmpl,4.0,No,5 Seats,935 kg,165 mm,43 Litres,,
71,Hyundai Grand i10,₹4.28 Lakh,Jun 2018,"53,103 Kms",First Owner,Petrol,Manual,FWD,1197 cc,81.86 bhp,18.9 kmpl,4.0,No,5 Seats,1120 kg,165 mm,43 Litres,,
72,Maruti Suzuki Ciaz,₹4.50 Lakh,2015,"1,20,000 Kms",First Owner,Diesel,Manual,FWD,1248 cc,88.5 bhp,28.09 kmpl,4.0,Yes,5 Seats,1115 kg,170 mm,,43 Litres,
73,Hyundai Grand i10,₹3.16 Lakh,Apr 2017,"68,807 Kms",First Owner,Petrol,Manual,FWD,1197 cc,81.86 bhp,18.9 kmpl,4.0,No,5 Seats,1100 kg,165 mm,43 Litres,,
74,Maruti Suzuki Celerio,₹3.25 Lakh,Mar 2019,"74,344 Kms",Second Owner,Petrol,Manual,FWD,998 cc,67.77 bhp,25.24 kmpl,3.0,,5 Seats,810 kg,,32 Litres,,
75,Maruti Suzuki Ignis,₹3.49 Lakh,Mar 2017,"36,733 Kms",First Owner,Petrol,Manual,FWD,1197 cc,81.80 bhp,20.89 kmpl,4.0,No,5 Seats,825 kg,180 mm,32 Litres,,
76,Hyundai i10,₹2.75 Lakh,2015,"1,31,000 Kms",First Owner,Petrol,Manual,FWD,1086 cc,68.05 bhp,19.81 kmpl,4.0,No,5 Seats,860 kg,165 mm,35 Litres,,
77,Maruti Suzuki Baleno,₹3.57 Lakh,Nov 2017,"1,19,690 Kms",First Owner,Petrol,Manual,FWD,1197 cc,83.1 bhp,21.4 kmpl,4.0,No,5 Seats,870 kg,170 mm,37 Litres,,
78,Hyundai Grand i10,₹3.39 Lakh,Feb 2014,"92,556 Kms",First Owner,Petrol,Manual,FWD,1197 cc,81.86 bhp,18.9 kmpl,4.0,No,5 Seats,1060 kg,165 mm,43 Litres,,
79,Maruti Suzuki Alto K10,₹3.63 Lakh,Jan 2024,"58,468 Kms",First Owner,Petrol,Manual,FWD,998 cc,65.71 bhp,24.39 kmpl,3.0,,5 Seats,,,27 Litres,,
80,Tata Tigor,₹5.83 Lakh,Aug 2022,"27,425 Kms",First Owner,Petrol,Manual,FWD,1199 cc,83.81 bhp,20.3 kmpl,3.0,No,5 Seats,1035-1062 kg,170 mm,35 Litres,,
81,Hyundai Grand i10,₹4.40 Lakh,May 2019,"28,605 Kms",First Owner,Petrol,Manual,FWD,1197 cc,81.86 bhp,18.9 kmpl,4.0,No,5 Seats,1100 kg,165 mm,43 Litres,,
82,Maruti Suzuki Baleno,₹4.35 Lakh,Oct 2020,"53,838 Kms",First Owner,Petrol,Manual,FWD,1197 cc,81.80 bhp,21.01 kmpl,4.0,No,5 Seats,865-890 kg,170 mm,37 Litres,,
83,Hyundai Grand i10,₹3.75 Lakh,Oct 2015,"67,778 Kms",First Owner,Petrol,Manual,FWD,1197 cc,81.86 bhp,18.9 kmpl,4.0,No,5 Seats,1120 kg,165 mm,43 Litres,,
84,Maruti Suzuki Baleno,₹4.09 Lakh,Jul 2018,"1,42,651 Kms",Third Owner,Petrol,Manual,FWD,1197 cc,83.1 bhp,21.4 kmpl,4.0,No,5 Seats,880 kg,170 mm,37 Litres,,
85,Hyundai Santro,₹3.73 Lakh,Oct 2021,"58,613 Kms",First Owner,Petrol,Manual,FWD,1086 cc,68.05 bhp,20.3 kmpl,4.0,No,5 Seats,1050 kg,,35 Litres,,
86,Ford Aspire,₹4.22 Lakh,Sept 2018,"63,378 Kms",First Owner,Petrol,Manual,FWD,1196 cc,86.8 bhp,18.16 kmpl,4.0,Yes,5 Seats,995-1015 kg,174 mm,42 Litres,,
87,Renault KWID,₹3.63 Lakh,Feb 2022,"58,786 Kms",First Owner,Petrol,Manual,FWD,999 cc,67 bhp,21.74 kmpl,3.0,No,5 Seats,730 kg,184 mm,28 Litres,,
88,Hyundai Grand i10,₹4.46 Lakh,Jun 2019,"67,260 Kms",First Owner,Petrol,Manual,FWD,1197 cc,81.86 bhp,18.9 kmpl,4.0,No,5 Seats,1120 kg,165 mm,43 Litres,,
89,Hyundai Grand i10,₹3.01 Lakh,Dec 2016,"81,578 Kms",First Owner,Petrol,Manual,FWD,1197 cc,82 bhp,18.9 kmpl,4.0,No,5 Seats,935 kg,165 mm,43 Litres,,
90,Hyundai Grand i10,₹3.58 Lakh,Dec 2014,"62,477 Kms",First Owner,Petrol,Manual,FWD,1197 cc,81.86 bhp,18.9 kmpl,4.0,No,5 Seats,1120 kg,165 mm,43 Litres,,
91,Hyundai Grand i10,₹3.87 Lakh,Jan 2017,"49,850 Kms",First Owner,Petrol,Manual,FWD,1197 cc,81.86 bhp,18.9 kmpl,4.0,No,5 Seats,1120 kg,165 mm,43 Litres,,
92,Hyundai Grand i10,₹4.36 Lakh,Apr 2019,"96,067 Kms",First Owner,Petrol,Manual,FWD,1197 cc,81.86 bhp,18.9 kmpl,4.0,No,5 Seats,1120 kg,165 mm,43 Litres,,
93,Hyundai Grand i10,₹3.45 Lakh,Jan 2019,"66,773 Kms",First Owner,Petrol,Manual,FWD,1197 cc,81.86 bhp,18.9 kmpl,4.0,No,5 Seats,1120 kg,165 mm,43 Litres,,
94,Hyundai Grand i10,₹4.18 Lakh,Nov 2015,"20,478 Kms",First Owner,Petrol,Manual,FWD,1197 cc,81.86 bhp,18.9 kmpl,4.0,No,5 Seats,1120 kg,165 mm,43 Litres,,
95,Maruti Suzuki Baleno,₹3.52 Lakh,Feb 2017,"1,08,007 Kms",First Owner,Petrol,Manual,FWD,1197 cc,83.1 bhp,21.4 kmpl,4.0,No,5 Seats,880 kg,170 mm,37 Litres,,
96,Hyundai Grand i10,₹3.10 Lakh,Dec 2015,"60,052 Kms",First Owner,Petrol,Manual,FWD,1197 cc,82 bhp,18.9 kmpl,4.0,No,5 Seats,935 kg,165 mm,43 Litres,,
97,Volkswagen Vento,₹5.14 Lakh,Sept 2016,"1,24,925 Kms",First Owner,Petrol,Automatic,FWD,1197 cc,103.2 bhp,18.19 kmpl,4.0,Yes,5 Seats,1179 kg,163 mm,55 Litres,,
98,Maruti Suzuki Dzire,₹5.38 Lakh,Apr 2019,"72,954 Kms",First Owner,Petrol,Manual,FWD,1197 cc,80 bhp,24.79 kmpl,3.0,,5 Seats,920-960 kg,163 mm,37 Litres,,
99,Maruti Suzuki Baleno,₹4.53 Lakh,Nov 2018,"65,295 Kms",First Owner,Petrol,Manual,FWD,1197 cc,83.1 bhp,21.4 kmpl,4.0,No,5 Seats,890 kg,170 mm,37 Litres,,
100,Hyundai Grand i10,₹3.49 Lakh,Jan 2015,"87,601 Kms",First Owner,Petrol,Manual,FWD,1197 cc,81.86 bhp,18.9 kmpl,4.0,No,5 Seats,1060 kg,165 mm,43 Litres,,
101,Hyundai Grand i10,₹4.44 Lakh,Oct 2019,"48,946 Kms",Second Owner,Petrol,Manual,FWD,1197 cc,81.86 bhp,18.9 kmpl,4.0,No,5 Seats,1120 kg,165 mm,43 Litres,,
102,Hyundai Grand i10 Nios,₹4.39 Lakh,Dec 2022,"63,926 Kms",Second Owner,Petrol,Manual,,1197 cc,81.86 bhp,20.7 kmpl,4.0,No,5 Seats,1160 kg,,37 Litres,,
103,Ford Figo,₹3.10 Lakh,Jun 2016,"55,769 Kms",First Owner,Petrol,Manual,FWD,1194 cc,94.93 bhp,18.5 kmpl,3.0,No,5 Seats,1016-1033 kg,174 mm,42 Litres,,
104,Hyundai Grand i10 Nios,₹4.75 Lakh,Apr 2022,"48,489 Kms",First Owner,Petrol,Manual,,1197 cc,81.86 bhp,20.7 kmpl,4.0,No,5 Seats,1160 kg,,37 Litres,,
105,Hyundai Grand i10,₹4.45 Lakh,Jan 2019,"56,000 Kms",First Owner,Petrol,Manual,FWD,1197 cc,81.86 bhp,18.9 kmpl,4.0,No,5 Seats,1100 kg,165 mm,43 Litres,,
106,Hyundai Grand i10,₹4.25 Lakh,Dec 2017,"68,900 Kms",First Owner,Petrol,Manual,FWD,1197 cc,82 bhp,18.9 kmpl,4.0,No,5 Seats,935 kg,165 mm,43 Litres,,
107,Hyundai Grand i10,₹4.15 Lakh,Sept 2017,"37,000 Kms",First Owner,Petrol,Manual,FWD,1197 cc,82 bhp,18.9 kmpl,4.0,No,5 Seats,935 kg,165 mm,43 Litres,,
108,Tata Tiago,₹3.90 Lakh,Sept 2018,"31,000 Kms",First Owner,Petrol,Manual,FWD,1199 cc,84 bhp,23.84 kmpl,3.0,No,5 Seats,940 kg,165 mm,35 Litres,,
109,Honda Amaze,₹4.15 Lakh,Nov 2016,"40,000 Kms",First Owner,Petrol,Manual,FWD,1198 cc,86.7 bhp,17.8 kmpl,4.0,No,5 Seats,965 kg,165 mm,35 Litres,,
110,Honda Amaze,₹3.60 Lakh,Mar 2018,"1,43,929 Kms",First Owner,Petrol,Manual,FWD,1198 cc,86.7 bhp,17.8 kmpl,4.0,No,5 Seats,955 kg,165 mm,35 Litres,,
111,Honda City,₹7.90 Lakh,May 2019,"70,000 Kms",First Owner,Petrol,Manual,FWD,1497 cc,117.6 bhp,17.4 kmpl,4.0,No,5 Seats,1088 kg,165 mm,40 Litres,,
112,Hyundai Grand i10,₹5.27 Lakh,Mar 2022,"23,102 Kms",First Owner,Petrol,Manual,FWD,1197 cc,81.86 bhp,18.9 kmpl,4.0,No,5 Seats,1100 kg,165 mm,43 Litres,,
113,Hyundai i20,₹4.61 Lakh,Mar 2018,"58,860 Kms",Second Owner,Petrol,Manual,FWD,1197 cc,81.83 bhp,18.6 kmpl,4.0,No,5 Seats,1066 kg,170 mm,45 Litres,,
114,Hyundai Grand i10,₹3.30 Lakh,May 2017,"59,818 Kms",First Owner,Petrol,Manual,FWD,1197 cc,81.86 bhp,18.9 kmpl,4.0,No,5 Seats,1100 kg,165 mm,43 Litres,,
115,Maruti Suzuki Swift Dzire,₹4.67 Lakh,May 2019,"71,902 Kms",First Owner,Petrol,Manual,FWD,1197 cc,81.80 bhp,21.21 kmpl,4.0,No,5 Seats,860-895 kg,163 mm,37 Litres,,
116,Hyundai Santro,₹4.25 Lakh,Dec 2019,"54,000 Kms",First Owner,CNG,Manual,FWD,1086 cc,58 bhp,30.48 km/kg,4.0,No,5 Seats,1070 kg,,,,60 Litres
117,Honda City,₹4 Lakh,Oct 2016,"56,692 Kms",First Owner,Petrol,Manual,FWD,1497 cc,117.3 bhp,17.4 kmpl,4.0,No,5 Seats,1042 kg,165 mm,40 Litres,,
118,Tata Tiago,₹3.25 Lakh,Aug 2017,"25,000 Kms",First Owner,Petrol,Manual,FWD,1199 cc,84 bhp,23.84 kmpl,3.0,No,5 Seats,1012 kg,170 mm,35 Litres,,
119,VXI 1.2,₹4.13 Lakh,Feb 2018,"87,734 Kms",First Owner,Petrol,Manual,FWD,1197 cc,81.80 bhp,21.21 kmpl,4.0,No,5 Seats,860-895 kg,163 mm,37 Litres,,
120,Tata Tiago,₹3.54 Lakh,Aug 2020,"60,980 Kms",First Owner,Petrol,Manual,,1199 cc,84.82 bhp,19.01 kmpl,3.0,,5 Seats,982 kg,170 mm,35 Litres,,
121,Hyundai Grand i10 Nios,₹6.36 Lakh,May 2023,"25,589 Kms",First Owner,Petrol,Manual,FWD,1197 cc,82 bhp,18 kmpl,4.0,,5 Seats,,,37 Litres,,
122,Skoda Slavia,₹8.26 Lakh,Nov 2023,"40,443 Kms",First Owner,Petrol,Manual,FWD,999 cc,113.98 bhp,20.32 kmpl,3.0,Yes,5 Seats,1160-1216 kg,145 mm,45 Litres,,
123,Hyundai Grand i10,₹3.44 Lakh,Dec 2015,"1,25,015 Kms",First Owner,Petrol,Manual,FWD,1197 cc,81.86 bhp,18.9 kmpl,4.0,No,5 Seats,1120 kg,165 mm,43 Litres,,
124,Maruti Suzuki Ciaz,₹3.73 Lakh,Aug 2016,"1,19,955 Kms",First Owner,Petrol,Manual,FWD,1373 cc,91.1 bhp,20.73 kmpl,4.0,No,5 Seats,1010 kg,170 mm,43 Litres,,
125,Skoda Rapid,₹4.09 Lakh,Jun 2021,"92,570 Kms",First Owner,Petrol,Manual,FWD,999 cc,108.62 bhp,18.97 kmpl,3.0,Yes,5 Seats,1112-1138 kg,,55 Litres,,
126,Hyundai Grand i10,₹4.41 Lakh,Jul 2019,"35,123 Kms",Second Owner,Petrol,Manual,FWD,1197 cc,81.86 bhp,18.9 kmpl,4.0,No,5 Seats,1120 kg,165 mm,43 Litres,,
127,Hyundai i20 Active,₹5.25 Lakh,May 2019,"49,000 Kms",First Owner,Petrol,Manual,FWD,1197 cc,81.86 bhp,17.19 kmpl,4.0,No,5 Seats,1180 kg,190 mm,40 Litres,,
128,Tata Tiago,₹4.03 Lakh,Jan 2022,"75,425 Kms",First Owner,Petrol,Manual,,1199 cc,84.82 bhp,19.01 kmpl,3.0,,5 Seats,982 kg,170 mm,35 Litres,,
129,Honda City,₹4.75 Lakh,Aug 2014,"93,000 Kms",First Owner,Petrol,Automatic,FWD,1497 cc,117.3 bhp,18 kmpl,4.0,No,5 Seats,1065 kg,165 mm,40 Litres,,
130,Maruti Suzuki Baleno,₹6.78 Lakh,Mar 2022,"44,339 Kms",First Owner,Petrol,Manual,FWD,1197 cc,88.50 bhp,22.35 kmpl,4.0,No,5 Seats,925-955 kg,,37 Litres,,
131,Maruti Suzuki Alto 800,₹3.14 Lakh,Sept 2021,"49,321 Kms",First Owner,Petrol,Manual,FWD,796 cc,46.3 bhp,19.7 kmpl,3.0,No,5 Seats,705 kg,160 mm,35 Litres,,
132,Maruti Suzuki Swift,₹3.43 Lakh,Sept 2015,"77,434 Kms",First Owner,Petrol,Manual,FWD,1197 cc,81.80 bhp,20.4 kmpl,4.0,No,5 Seats,855 kg,163 mm,42 Litres,,
133,Hyundai i20,₹3.89 Lakh,May 2017,"1,31,406 Kms",First Owner,Petrol,Manual,FWD,1197 cc,81.83 bhp,18.6 kmpl,4.0,No,5 Seats,1066 kg,170 mm,45 Litres,,
134,Honda Amaze 2nd Gen,₹3.67 Lakh,Aug 2015,"55,468 Kms",First Owner,Petrol,Manual,FWD,1199 cc,88.50 bhp,18.6 kmpl,4.0,,5 Seats,934 kg,,35 Litres,,
135,Honda Amaze,₹3.22 Lakh,Dec 2015,"65,481 Kms",First Owner,Petrol,Manual,FWD,1198 cc,86.7 bhp,18 kmpl,4.0,No,5 Seats,950 kg,165 mm,35 Litres,,
136,Hyundai Grand i10,₹3.89 Lakh,Jul 2019,"43,365 Kms",First Owner,Petrol,Manual,FWD,1197 cc,81.86 bhp,18.9 kmpl,4.0,No,5 Seats,1100 kg,165 mm,43 Litres,,
137,Maruti Suzuki Swift Dzire,₹4.22 Lakh,Apr 2018,"29,832 Kms",First Owner,Petrol,Manual,FWD,1197 cc,81.80 bhp,21.21 kmpl,4.0,No,5 Seats,860-895 kg,163 mm,37 Litres,,
138,Maruti Suzuki Wagon R,₹3.23 Lakh,May 2016,"73,965 Kms",Second Owner,Petrol,Manual,FWD,1197 cc,81.80 bhp,20.52 kmpl,4.0,No,5 Seats,830-845 kg,,32 Litres,,
139,Hyundai Xcent,₹4.88 Lakh,Oct 2017,"51,529 Kms",First Owner,Petrol,Manual,,,,,4.0,,,1120 kg,,,,
140,Honda Jazz,₹3.01 Lakh,Sept 2015,"74,982 Kms",First Owner,Petrol,Manual,FWD,1199 cc,88.7 bhp,18.7 kmpl,4.0,No,5 Seats,1044 kg,165 mm,40 Litres,,
141,Maruti Suzuki Ciaz,₹4.80 Lakh,2018,"70,000 Kms",Second Owner,Petrol,Manual,FWD,1373 cc,91.1 bhp,20.73 kmpl,4.0,No,5 Seats,1030 kg,170 mm,43 Litres,,
142,Maruti Suzuki Eeco,₹3.50 Lakh,2018,"2,35,000 Kms",First Owner,CNG,Manual,RWD,1196 cc,61.7 bhp,21.94 km/kg,4.0,No,5 Seats,1050 kg,160 mm,,,65 Litres
143,Maruti Suzuki Ciaz,₹4.80 Lakh,2018,"70,000 Kms",Second Owner,Petrol,Manual,FWD,1373 cc,91.1 bhp,20.73 kmpl,4.0,No,5 Seats,1030 kg,170 mm,43 Litres,,
144,Hyundai Grand i10,₹3.18 Lakh,May 2015,"20,995 Kms",First Owner,Petrol,Manual,FWD,1197 cc,82 bhp,18.9 kmpl,4.0,No,5 Seats,935 kg,165 mm,43 Litres,,
145,Maruti Suzuki Swift,₹3.45 Lakh,Nov 2013,"56,225 Kms",First Owner,Petrol,Manual,FWD,1197 cc,81.80 bhp,21.21 kmpl,4.0,No,5 Seats,855-885 kg,163 mm,37 Litres,,
146,Hyundai i20,₹4.25 Lakh,Jan 2016,"81,192 Kms",First Owner,Petrol,Manual,FWD,1197 cc,81.83 bhp,18.6 kmpl,4.0,No,5 Seats,1066 kg,170 mm,45 Litres,,
147,Maruti Suzuki Ciaz,₹4.16 Lakh,Sept 2018,"1,01,121 Kms",First Owner,Petrol,Manual,FWD,1462 cc,103.25 bhp,21.56 kmpl,4.0,No,5 Seats,1045 kg,170 mm,43 Litres,,
148,Hyundai Grand i10,₹3.82 Lakh,Nov 2015,"24,288 Kms",First Owner,Petrol,Manual,FWD,1197 cc,81.86 bhp,18.9 kmpl,4.0,No,5 Seats,1120 kg,165 mm,43 Litres,,
149,Maruti Suzuki Baleno,₹4.95 Lakh,Nov 2020,"62,764 Kms",First Owner,Petrol,Manual,FWD,1197 cc,81.80 bhp,21.01 kmpl,4.0,No,5 Seats,865-890 kg,170 mm,37 Litres,,
150,Maruti Suzuki Wagon R,₹3.72 Lakh,Oct 2021,"65,482 Kms",First Owner,Petrol,Manual,FWD,998 cc,67.05 bhp,21.79 kmpl,3.0,No,5 Seats,805-825 kg,,32 Litres,,
151,Maruti Suzuki Wagon R,₹3.43 Lakh,Mar 2019,"81,539 Kms",First Owner,Petrol,Manual,FWD,1197 cc,81.80 bhp,20.52 kmpl,4.0,No,5 Seats,830-845 kg,,32 Litres,,
152,Hyundai Grand i10,₹3.33 Lakh,Aug 2017,"77,942 Kms",First Owner,Petrol,Manual,FWD,1197 cc,81.86 bhp,18.9 kmpl,4.0,No,5 Seats,1120 kg,165 mm,43 Litres,,
153,Tata Tiago,₹3.29 Lakh,Jul 2018,"55,481 Kms",First Owner,Petrol,Manual,FWD,1199 cc,84 bhp,23.84 kmpl,3.0,No,5 Seats,1012 kg,170 mm,35 Litres,,
154,Honda Amaze,₹3.33 Lakh,Jun 2017,"71,669 Kms",Second Owner,Petrol,Manual,FWD,1199 cc,88.76 bhp,19.5 kmpl,4.0,No,5 Seats,917 kg,170 mm,35 Litres,,
155,Hyundai Grand i10,₹4 Lakh,Feb 2019,"46,883 Kms",First Owner,Petrol,Manual,FWD,1197 cc,81.86 bhp,18.9 kmpl,4.0,No,5 Seats,1120 kg,165 mm,43 Litres,,
156,Maruti Suzuki Wagon R,₹3.37 Lakh,Jun 2017,"77,000 Kms",Second Owner,Petrol,Manual,FWD,998 cc,67.04 bhp,20.51 kmpl,3.0,No,5 Seats,885 kg,165 mm,35 Litres,,
157,Maruti Suzuki Swift Dzire,₹6 Lakh,Mar 2022,"67,000 Kms",First Owner,Petrol,Manual,,1197 cc,88.50 bhp,22.41 kmpl,4.0,,5 Seats,880-915 kg,,37 Litres,,
158,Maruti Suzuki Swift Dzire,₹3.50 Lakh,Oct 2014,"94,417 Kms",First Owner,Petrol,Manual,FWD,1197 cc,83.14 bhp,20.85 kmpl,4.0,No,5 Seats,945 kg,170 mm,42 Litres,,
159,Hyundai Grand i10 Nios,₹5.35 Lakh,Dec 2019,"47,000 Kms",First Owner,Petrol,Automatic,,1197 cc,81.86 bhp,20.7 kmpl,4.0,No,5 Seats,1140 kg,,37 Litres,,
160,Hyundai Elantra,₹5.50 Lakh,May 2014,"70,200 Kms",First Owner,Diesel,Automatic,FWD,1582 cc,126.24 bhp,19.5 kmpl,4.0,Yes,5 Seats,1329 kg,175 mm,,56 Litres,
161,Honda City,₹4.30 Lakh,Apr 2014,"68,000 Kms",First Owner,Petrol,Manual,FWD,1497 cc,117.3 bhp,17.4 kmpl,4.0,No,5 Seats,1049 kg,165 mm,40 Litres,,
162,Maruti Suzuki Celerio,₹2.75 Lakh,Aug 2015,"1,06,345 Kms",First Owner,Petrol,Manual,FWD,998 cc,67.77 bhp,25.24 kmpl,3.0,,5 Seats,810 kg,,32 Litres,,
163,Hyundai i10,₹2.52 Lakh,Nov 2013,"53,438 Kms",Second Owner,Petrol,Manual,FWD,1086 cc,68.05 bhp,19.81 kmpl,4.0,No,5 Seats,860 kg,165 mm,35 Litres,,
164,Hyundai i10,₹2.47 Lakh,Aug 2015,"68,805 Kms",First Owner,Petrol,Manual,FWD,1086 cc,68.05 bhp,19.81 kmpl,4.0,No,5 Seats,860 kg,165 mm,35 Litres,,
165,Maruti Suzuki Celerio,₹2.91 Lakh,Aug 2015,"62,880 Kms",First Owner,Petrol,Manual,FWD,998 cc,67.77 bhp,25.24 kmpl,3.0,,5 Seats,810 kg,,32 Litres,,
166,Hyundai EON,₹2.27 Lakh,Apr 2016,"35,872 Kms",First Owner,Petrol,Manual,FWD,814 cc,55.2 bhp,21.1 kmpl,3.0,No,5 Seats,880 kg,170 mm,32 Litres,,
167,Hyundai i10,₹2.30 Lakh,Apr 2014,"56,641 Kms",Second Owner,Petrol,Manual,FWD,1086 cc,68.05 bhp,19.81 kmpl,4.0,No,5 Seats,860 kg,165 mm,35 Litres,,
168,Hyundai i10,₹2.37 Lakh,Feb 2015,"51,972 Kms",First Owner,Petrol,Manual,FWD,1086 cc,68.05 bhp,19.81 kmpl,4.0,No,5 Seats,860 kg,165 mm,35 Litres,,
169,Hyundai i10,₹2.15 Lakh,Jan 2014,"74,640 Kms",Second Owner,Petrol,Manual,FWD,1086 cc,68.05 bhp,19.81 kmpl,4.0,No,5 Seats,860 kg,165 mm,35 Litres,,
170,Hyundai Grand i10,₹2.80 Lakh,Nov 2015,"96,776 Kms",First Owner,Petrol,Manual,FWD,1197 cc,82 bhp,18.9 kmpl,4.0,No,5 Seats,935 kg,165 mm,43 Litres,,
171,Hyundai i10,₹2.10 Lakh,Apr 2010,"70,000 Kms",Second Owner,Petrol,Manual,FWD,1197 cc,78.9 bhp,20.36 kmpl,4.0,No,5 Seats,930 kg,165 mm,35 Litres,,
172,Toyota Glanza,₹6.90 Lakh,May 2023,"51,000 Kms",First Owner,Petrol,Manual,FWD,1197 cc,88.50 bhp,22.35 kmpl,4.0,,5 Seats,920-955 kg,,37 Litres,,
173,Tata Tiago,₹3.06 Lakh,Apr 2018,"81,136 Kms",First Owner,Petrol,Manual,FWD,1199 cc,84 bhp,23.84 kmpl,3.0,No,5 Seats,980 kg,170 mm,35 Litres,,
174,Hyundai Grand i10,₹5.36 Lakh,Jul 2020,"45,259 Kms",First Owner,Petrol,Manual,FWD,1197 cc,81.86 bhp,18.9 kmpl,4.0,No,5 Seats,1120 kg,165 mm,43 Litres,,
175,Toyota Corolla Altis,₹7.50 Lakh,Mar 2016,"59,000 Kms",First Owner,Petrol,Automatic,FWD,1798 cc,138.03 bhp,14.28 kmpl,4.0,No,5 Seats,1185 kg,175 mm,55 Litres,,
176,43+ used cars for sale from ₹2.18 Lakh in Ahmedabad,,,,,,,,,,,,,,,,,,
177,Maruti Suzuki Vitara Brezza,₹7.63 Lakh,Jan 2020,"56,135 Kms",First Owner,Petrol,Manual,FWD,1462 cc,103.26 bhp,17.03 kmpl,4.0,,5 Seats,1110-1130 kg,,48 Litres,,
178,Toyota Yaris,₹7.50 Lakh,Jul 2018,"56,000 Kms",First Owner,Petrol,Automatic,FWD,1496 cc,105.5 bhp,17.8 kmpl,4.0,No,5 Seats,1135 kg,,42 Litres,,
179,Honda City,₹6.90 Lakh,May 2017,"55,000 Kms",First Owner,Petrol,Automatic,FWD,1497 cc,117.6 bhp,18 kmpl,4.0,No,5 Seats,1100 kg,165 mm,40 Litres,,
180,Toyota Urban Cruiser EBELLA,₹7.90 Lakh,Mar 2022,"40,000 Kms",First Owner,Petrol,Manual,,1462 cc,103.26 bhp,17.03 kmpl,4.0,No,5 Seats,1115-1130 kg,,48 Litres,,
181,Honda City,₹6.20 Lakh,Nov 2018,"70,278 Kms",First Owner,Petrol,Automatic,FWD,1497 cc,117.3 bhp,18 kmpl,4.0,No,5 Seats,1085 kg,165 mm,40 Litres,,
182,Hyundai i20 N-Line,₹6.90 Lakh,Sept 2021,"35,000 Kms",Second Owner,Petrol,Automatic,,998 cc,118.41 bhp,20.25 kmpl,3.0,Yes,5 Seats,1210 kg,,37 Litres,,
183,Maruti Suzuki Brezza,₹6.66 Lakh,Feb 2022,"44,000 Kms",First Owner,Petrol,Manual,,1462 cc,101.65 bhp,20.15 kmpl,4.0,,5 Seats,1130 kg,,48 Litres,,
184,Hyundai Elantra,₹8.75 Lakh,May 2019,"71,300 Kms",First Owner,Diesel,Manual,FWD,1582 cc,126.2 bhp,22.54 kmpl,4.0,Yes,5 Seats,1200 kg,167 mm,,50 Litres,
185,Kia Carnival,₹19.50 Lakh,Jul 2020,"85,000 Kms",First Owner,Diesel,Automatic,2WD,2199 cc,197.26 bhp,,4.0,Yes,6 Seats,2320 kg,,,60 Litres,
186,VX,₹5.12 Lakh,Mar 2019,"79,420 Kms",First Owner,Petrol,Manual,FWD,1199 cc,89 bhp,18.65 kmpl,4.0,,5 Seats,952-986 kg,172 mm,35 Litres,,
187,Maruti Suzuki Wagon R,₹3.46 Lakh,Jan 2018,"47,656 Kms",First Owner,Petrol,Manual,FWD,998 cc,65.71 bhp,24.35 kmpl,3.0,,5 Seats,825 kg,,32 Litres,,
188,Hyundai i20,₹4.61 Lakh,Oct 2015,"52,466 Kms",First Owner,Petrol,Manual,FWD,1197 cc,81.83 bhp,18.6 kmpl,4.0,No,5 Seats,1066 kg,170 mm,45 Litres,,
189,Hyundai Grand i10,₹5.10 Lakh,Mar 2018,"47,000 Kms",First Owner,Petrol,Automatic,FWD,1197 cc,81.86 bhp,18.9 kmpl,4.0,No,5 Seats,1200 kg,165 mm,43 Litres,,
190,Maruti Suzuki Baleno,₹4.90 Lakh,Oct 2017,"88,000 Kms",First Owner,Petrol,Automatic,FWD,1197 cc,83.1 bhp,21.4 kmpl,4.0,No,5 Seats,935 kg,170 mm,37 Litres,,
191,Maruti Suzuki Ciaz,₹7.78 Lakh,Sept 2023,"1,17,035 Kms",First Owner,Petrol,Automatic,FWD,1373 cc,91.1 bhp,19.12 kmpl,4.0,No,5 Seats,1030 kg,170 mm,43 Litres,,
192,Mercedes-Benz CLA,₹16 Lakh,Sept 2017,"91,000 Kms",First Owner,Diesel,Automatic,FWD,2143 cc,136 bhp,,4.0,Yes,5 Seats,1570 kg,160 mm,,56 Litres,
193,Honda Amaze,₹3.60 Lakh,Apr 2015,"73,000 Kms",First Owner,Diesel,Manual,FWD,1498 cc,98.6 bhp,25.8 kmpl,4.0,Yes,5 Seats,1055 kg,165 mm,,35 Litres,
194,Ford Freestyle,₹3.75 Lakh,Jul 2018,"97,087 Kms",First Owner,Diesel,Manual,FWD,1498 cc,98.63 bhp,24.4 kmpl,4.0,No,5 Seats,1072 kg,,,40 Litres,
195,Tata Tiago,₹4.67 Lakh,Aug 2020,"32,861 Kms",First Owner,Petrol,Manual,FWD,1199 cc,83.83 bhp,23.84 kmpl,3.0,No,5 Seats,1012 kg,170 mm,35 Litres,,
196,Maruti Suzuki Wagon R,₹4.24 Lakh,Dec 2022,"38,041 Kms",First Owner,Petrol,Manual,,998 cc,65.71 bhp,24.35 kmpl,3.0,,5 Seats,810-835 kg,,32 Litres,,
197,Hyundai i20,₹4.53 Lakh,Jun 2019,"98,358 Kms",First Owner,Petrol,Manual,FWD,1197 cc,81.86 bhp,18.6 kmpl,4.0,No,5 Seats,1120 kg,170 mm,40 Litres,,
198,Maruti Suzuki Swift,₹4.30 Lakh,Sept 2015,"62,000 Kms",First Owner,Petrol,Manual,,1197 cc,81.80 bhp,22 kmpl,4.0,No,5 Seats,870 kg,163 mm,42 Litres,,
199,Honda City,₹6.01 Lakh,Oct 2021,"84,851 Kms",Second Owner,Petrol,Manual,,1498 cc,119.35 bhp,18.6 kmpl,4.0,,5 Seats,1107-1153 kg,,40 Litres,,
200,Honda City,₹6.75 Lakh,Apr 2018,"53,064 Kms",Second Owner,Petrol,Automatic,FWD,1497 cc,117.6 bhp,18 kmpl,4.0,No,5 Seats,1080 kg,165 mm,40 Litres,,
201,Honda City,₹11.47 Lakh,Jul 2022,"54,500 Kms",First Owner,Diesel,Manual,,1498 cc,97.89 bhp,24.1 kmpl,4.0,,5 Seats,1191-1217 kg,,,40 Litres,
202,Renault KWID,₹3.79 Lakh,Jun 2021,"28,893 Kms",First Owner,Petrol,Automatic,FWD,999 cc,67 bhp,22 kmpl,3.0,No,5 Seats,750 kg,184 mm,28 Litres,,
203,Maruti Suzuki Baleno,₹5.38 Lakh,Oct 2019,"65,889 Kms",First Owner,Diesel,Manual,FWD,1248 cc,74 bhp,27.39 kmpl,4.0,Yes,5 Seats,985 kg,170 mm,,37 Litres,
204,Hyundai Grand i10,₹4.01 Lakh,Apr 2018,"82,119 Kms",First Owner,Petrol,Manual,FWD,1197 cc,81.86 bhp,18.9 kmpl,4.0,No,5 Seats,1100 kg,165 mm,43 Litres,,
205,Hyundai i20,₹8.50 Lakh,Mar 2022,"37,000 Kms",First Owner,Petrol,Automatic,,998 cc,118.41 bhp,20.28 kmpl,3.0,Yes,5 Seats,1220 kg,,37 Litres,,
206,Hyundai Xcent,₹3.40 Lakh,Aug 2014,"85,244 Kms",Second Owner,Petrol,Manual,,,,,4.0,,,1120 kg,,,,
207,Hyundai Xcent,₹3.32 Lakh,Mar 2018,"65,528 Kms",First Owner,Petrol,Manual,FWD,1197 cc,81.86 bhp,20.14 kmpl,4.0,No,5 Seats,1120 kg,165 mm,43 Litres,,
208,Ford Ecosport,₹5.83 Lakh,Sept 2018,"72,355 Kms",First Owner,Petrol,Manual,FWD,1496 cc,120.69 bhp,15.9 kmpl,3.0,No,5 Seats,1221 kg,,52 Litres,,
209,Volkswagen Vento,₹5.28 Lakh,Aug 2017,"72,005 Kms",Second Owner,Diesel,Automatic,FWD,1498 cc,108.6 bhp,22.15 kmpl,4.0,Yes,5 Seats,1238 kg,163 mm,,55 Litres,
210,Toyota Yaris,₹6 Lakh,Jul 2018,"56,739 Kms",First Owner,Petrol,Automatic,FWD,1496 cc,105.94 bhp,17.8 kmpl,4.0,No,5 Seats,1135 kg,,42 Litres,,
211,Maruti Suzuki Baleno,₹5.38 Lakh,Jun 2021,"31,912 Kms",First Owner,Diesel,Manual,FWD,1248 cc,74 bhp,27.39 kmpl,4.0,Yes,5 Seats,960-985 kg,170 mm,,37 Litres,
212,Maruti Suzuki Swift,₹3.30 Lakh,Nov 2016,"1,10,435 Kms",First Owner,Petrol,Manual,FWD,1197 cc,88.50 bhp,22.38 kmpl,4.0,,5 Seats,875-905 kg,,37 Litres,,
213,Honda Jazz,₹5.08 Lakh,Dec 2020,"53,915 Kms",First Owner,Petrol,Automatic,,1199 cc,88.50 bhp,17.1 kmpl,4.0,,5 Seats,1085 kg,,40 Litres,,
214,Honda Jazz,₹3.68 Lakh,Jul 2016,"40,445 Kms",First Owner,Petrol,Automatic,FWD,1199 cc,88.7 bhp,19 kmpl,4.0,No,5 Seats,1062 kg,165 mm,40 Litres,,
215,Sportz BSVI,₹6.10 Lakh,2020,"87,000 Kms",First Owner,Petrol,Manual,,1197 cc,81.80 bhp,21 kmpl,4.0,No,5 Seats,1120 kg,,37 Litres,,
216,Maruti Suzuki Baleno,₹4.52 Lakh,Jan 2016,"64,806 Kms",First Owner,Diesel,Manual,FWD,1248 cc,74 bhp,27.39 kmpl,4.0,Yes,5 Seats,985 kg,170 mm,,37 Litres,
217,Maruti Suzuki Swift Dzire,₹5.70 Lakh,Dec 2020,"56,000 Kms",First Owner,Petrol,Manual,FWD,1197 cc,81.80 bhp,21.21 kmpl,4.0,No,5 Seats,860-895 kg,163 mm,37 Litres,,
218,Maruti Suzuki Swift,₹4.75 Lakh,Jan 2019,"62,000 Kms",First Owner,Petrol,Manual,FWD,1197 cc,81.80 bhp,21.21 kmpl,4.0,No,5 Seats,855-885 kg,163 mm,37 Litres,,
219,Hyundai Xcent,₹3.33 Lakh,Jul 2017,"87,000 Kms",First Owner,Diesel,Manual,FWD,1120 cc,71 bhp,24.4 kmpl,3.0,Yes,5 Seats,1120 kg,165 mm,,43 Litres,
220,Hyundai Xcent,₹3.59 Lakh,Jul 2014,"43,687 Kms",First Owner,Petrol,Manual,FWD,1197 cc,81.86 bhp,20.14 kmpl,4.0,No,5 Seats,1120 kg,165 mm,43 Litres,,
221,Hyundai Grand i10,₹3.12 Lakh,Oct 2017,"1,17,518 Kms",First Owner,Petrol,Manual,FWD,1197 cc,81.86 bhp,18.9 kmpl,4.0,No,5 Seats,1100 kg,165 mm,43 Litres,,
222,Maruti Suzuki Baleno,₹3.97 Lakh,Sept 2017,"57,446 Kms",First Owner,Petrol,Automatic,FWD,1197 cc,83.1 bhp,21.4 kmpl,4.0,No,5 Seats,910 kg,170 mm,37 Litres,,
223,Hyundai Grand i10,₹4.79 Lakh,Mar 2019,"65,996 Kms",Second Owner,Petrol,Automatic,FWD,1197 cc,81.86 bhp,18.9 kmpl,4.0,No,5 Seats,1200 kg,165 mm,43 Litres,,
224,Mahindra KUV 100 NXT,₹3.30 Lakh,Mar 2018,"1,25,416 Kms",First Owner,Petrol,Manual,FWD,1198 cc,82 bhp,18.15 kmpl,3.0,No,6 Seats,975 kg,170 mm,35 Litres,,
225,Maruti Suzuki Baleno,₹5.05 Lakh,Sept 2017,"68,000 Kms",First Owner,Petrol,Manual,FWD,1197 cc,83.1 bhp,21.4 kmpl,4.0,No,5 Seats,870 kg,170 mm,37 Litres,,
226,Maruti Suzuki Wagon R,₹4.41 Lakh,Mar 2019,"48,700 Kms",First Owner,Petrol,Manual,FWD,998 cc,67.05 bhp,21.79 kmpl,3.0,No,5 Seats,805-825 kg,,32 Litres,,
227,Toyota Etios Cross,₹3.35 Lakh,Jan 2015,"85,000 Kms",First Owner,Diesel,Manual,FWD,1364 cc,67.06 bhp,23.59 kmpl,4.0,Yes,5 Seats,1030 kg,174 mm,,45 Litres,
228,Hyundai Grand i10 Nios,₹5.90 Lakh,Sept 2022,"25,000 Kms",First Owner,Petrol,Manual,,1197 cc,81.86 bhp,20.7 kmpl,4.0,No,5 Seats,1160 kg,,37 Litres,,
229,Honda Jazz,₹5.75 Lakh,Oct 2020,"21,170 Kms",First Owner,Petrol,Automatic,FWD,1199 cc,88.7 bhp,18.2 kmpl,4.0,No,5 Seats,1066 kg,165 mm,40 Litres,,
230,Hyundai Verna,₹4.95 Lakh,Nov 2015,"84,000 Kms",Second Owner,Petrol,Manual,FWD,1591 cc,121.3 bhp,17.01 kmpl,4.0,No,5 Seats,1250 kg,165 mm,43 Litres,,
231,1.2 V AT i VTEC,₹3.75 Lakh,Oct 2016,"73,933 Kms",First Owner,Petrol,Automatic,FWD,1199 cc,88.7 bhp,19 kmpl,4.0,No,5 Seats,1066 kg,165 mm,40 Litres,,
232,Honda Jazz,₹5.75 Lakh,Nov 2018,"56,000 Kms",First Owner,Petrol,Automatic,FWD,1199 cc,88.7 bhp,18.2 kmpl,4.0,No,5 Seats,1066 kg,165 mm,40 Litres,,
233,Hyundai Grand i10 Nios,₹5.50 Lakh,Aug 2020,"52,000 Kms",First Owner,Petrol,Manual,,1197 cc,81.86 bhp,20.7 kmpl,4.0,No,5 Seats,1160 kg,,37 Litres,,
234,Skoda Slavia,₹8.28 Lakh,Nov 2022,"13,874 Kms",First Owner,Petrol,Manual,FWD,999 cc,113.98 bhp,19.47 kmpl,3.0,Yes,5 Seats,1160-1215 kg,179 mm,45 Litres,,
235,Honda City,₹7.95 Lakh,Feb 2021,"56,073 Kms",First Owner,Petrol,Automatic,,1498 cc,119.35 bhp,18.3 kmpl,4.0,,5 Seats,1107-1153 kg,,40 Litres,,
236,Tata Altroz,₹6.18 Lakh,Jul 2024,"18,587 Kms",Second Owner,Petrol,Manual,,1199 cc,86.83 bhp,19.33 kmpl,3.0,No,5 Seats,1025 kg,165 mm,,,
237,Maruti Suzuki Vitara Brezza,₹8.32 Lakh,Sept 2022,"1,04,960 Kms",First Owner,Petrol,Manual,FWD,1462 cc,103.26 bhp,17.03 kmpl,4.0,,5 Seats,1110-1130 kg,,48 Litres,,
238,Tata Altroz,₹6.97 Lakh,May 2022,"45,883 Kms",First Owner,Petrol,Manual,,1199 cc,86.83 bhp,19.33 kmpl,3.0,No,5 Seats,1030 kg,165 mm,,,
239,Maruti Suzuki Vitara Brezza,₹6.98 Lakh,Oct 2019,"83,512 Kms",First Owner,,Manual,FWD,1248 cc,88.5 bhp,24.3 kmpl,4.0,Yes,5 Seats,1190 kg,198 mm,,48 Litres,
240,Hyundai i10,₹2.53 Lakh,Feb 2012,"45,803 Kms",First Owner,Petrol,Manual,FWD,1086 cc,68.05 bhp,19.81 kmpl,4.0,No,5 Seats,860 kg,165 mm,35 Litres,,
241,Maruti Suzuki Wagon R,₹2.72 Lakh,Jun 2015,"85,390 Kms",Second Owner,Petrol,Manual,FWD,998 cc,65.71 bhp,24.35 kmpl,3.0,,5 Seats,825 kg,,32 Litres,,
242,Hyundai Grand i10,₹2.79 Lakh,Oct 2017,"1,36,055 Kms",First Owner,Petrol,Manual,FWD,1197 cc,81.86 bhp,18.9 kmpl,4.0,No,5 Seats,1120 kg,165 mm,43 Litres,,
243,Hyundai Grand i10,₹2.83 Lakh,Jun 2017,"1,04,734 Kms",First Owner,Petrol,Manual,FWD,1197 cc,81.86 bhp,18.9 kmpl,4.0,No,5 Seats,1120 kg,165 mm,43 Litres,,
244,Hyundai i10,₹2.14 Lakh,Apr 2014,"91,613 Kms",Second Owner,Petrol,Manual,FWD,1086 cc,68.05 bhp,19.81 kmpl,4.0,No,5 Seats,860 kg,165 mm,35 Litres,,
245,Hyundai EON,₹2.70 Lakh,Mar 2018,"52,879 Kms",First Owner,Petrol,Manual,RWD,814 cc,,22 kmpl,3.0,No,5 Seats,910 kg,,32 Litres,,
246,Hyundai i10,₹2.20 Lakh,Jan 2015,"84,452 Kms",First Owner,Petrol,Manual,FWD,1086 cc,68.05 bhp,19.81 kmpl,4.0,No,5 Seats,860 kg,165 mm,35 Litres,,
247,Hyundai Grand i10,₹2.78 Lakh,Sept 2015,"1,32,775 Kms",First Owner,Petrol,Manual,FWD,1197 cc,82 bhp,18.9 kmpl,4.0,No,5 Seats,935 kg,165 mm,43 Litres,,
248,Renault KWID,₹2.16 Lakh,May 2016,"82,231 Kms",Second Owner,Petrol,Manual,FWD,799 cc,53.3 bhp,25.17 kmpl,3.0,No,5 Seats,710 kg,180 mm,28 Litres,,
249,Datsun RediGO,₹2.55 Lakh,Feb 2022,"60,674 Kms",First Owner,Petrol,Manual,FWD,799 cc,53.64 bhp,20.71 kmpl,3.0,No,5 Seats,750 kg,187 mm,28 Litres,,
250,Tata Tiago,₹2.39 Lakh,Oct 2016,"69,660 Kms",Second Owner,Petrol,Manual,FWD,1199 cc,84 bhp,23.84 kmpl,3.0,No,5 Seats,980 kg,170 mm,35 Litres,,
251,Hyundai Grand i10,₹2.85 Lakh,Aug 2016,"1,00,562 Kms",First Owner,Petrol,Manual,FWD,1197 cc,82 bhp,18.9 kmpl,4.0,No,5 Seats,935 kg,165 mm,43 Litres,,
252,Maruti Suzuki Alto K10,₹2.39 Lakh,Nov 2017,"34,734 Kms",First Owner,Petrol,Manual,FWD,998 cc,65.71 bhp,24.39 kmpl,3.0,,5 Seats,,,27 Litres,,
253,Hyundai i20,₹2.67 Lakh,Nov 2013,"66,887 Kms",First Owner,Petrol,Manual,FWD,1197 cc,82.85 bhp,18.5 kmpl,4.0,No,5 Seats,1040 kg,,45 Litres,,
254,Hyundai EON,₹2.13 Lakh,Dec 2018,"80,744 Kms",First Owner,Petrol,Manual,FWD,814 cc,55.2 bhp,21.1 kmpl,3.0,No,5 Seats,910 kg,170 mm,32 Litres,,
255,Nissan Sunny,₹2.99 Lakh,Jun 2016,"79,000 Kms",First Owner,Petrol,Manual,FWD,1498 cc,97.6 bhp,16.95 kmpl,4.0,No,5 Seats,1080 kg,165 mm,41 Litres,,
256,1.2 S Option MT,₹2.90 Lakh,Nov 2018,"85,000 Kms",Second Owner,Petrol,Manual,FWD,1198 cc,86.8 bhp,18.5 kmpl,4.0,No,5 Seats,930 kg,165 mm,35 Litres,,
257,Maruti Suzuki Swift Dzire,₹2.35 Lakh,Jun 2011,"80,000 Kms",Second Owner,Petrol,Manual,2 WD,1298 cc,85.8 bhp,17.5 kmpl,4.0,No,5 Seats,1025 kg,170 mm,43 Litres,,
258,Hyundai Xcent,₹2.43 Lakh,Feb 2015,"1,28,390 Kms",Third Owner,Petrol,Manual,FWD,1197 cc,82 bhp,19.1 kmpl,4.0,No,5 Seats,1160 kg,165 mm,43 Litres,,
259,Hyundai i10,₹2.18 Lakh,Jun 2016,"83,170 Kms",Second Owner,Petrol,Manual,FWD,1086 cc,68.05 bhp,19.81 kmpl,4.0,No,5 Seats,860 kg,165 mm,35 Litres,,
260,Honda Brio,₹2.88 Lakh,Oct 2013,"48,106 Kms",Second Owner,Petrol,Manual,FWD,1198 cc,86.8 bhp,19.4 kmpl,4.0,No,5 Seats,925 kg,165 mm,35 Litres,,
261,Honda Brio,₹2.50 Lakh,Jun 2015,"78,876 Kms",Second Owner,Petrol,Manual,FWD,1198 cc,86.8 bhp,19.4 kmpl,4.0,No,5 Seats,925 kg,165 mm,35 Litres,,
262,Honda Brio,₹2.90 Lakh,Nov 2018,"85,000 Kms",Second Owner,Petrol,Manual,FWD,1198 cc,86.8 bhp,18.5 kmpl,4.0,No,5 Seats,930 kg,165 mm,35 Litres,,
263,Hyundai i10,₹2.25 Lakh,Jan 2015,"92,000 Kms",Second Owner,Petrol,Manual,FWD,1086 cc,68.05 bhp,19.81 kmpl,4.0,No,5 Seats,860 kg,165 mm,35 Litres,,
264,Hyundai i10,₹2.75 Lakh,Apr 2013,"72,000 Kms",First Owner,Petrol,Manual,FWD,1197 cc,78.9 bhp,20.36 kmpl,4.0,No,5 Seats,930 kg,165 mm,35 Litres,,
265,Hyundai EON,₹2.20 Lakh,Aug 2014,"46,701 Kms",First Owner,Petrol,Manual,FWD,814 cc,55.2 bhp,21.1 kmpl,3.0,No,5 Seats,880 kg,,32 Litres,,
266,Tata Tiago,₹2.76 Lakh,Nov 2018,"89,990 Kms",First Owner,Petrol,Manual,FWD,1199 cc,84 bhp,23.84 kmpl,3.0,No,5 Seats,980 kg,170 mm,35 Litres,,
267,Maruti Suzuki Celerio,₹2.93 Lakh,Dec 2017,"37,807 Kms",First Owner,Petrol,Manual,FWD,998 cc,67.77 bhp,25.24 kmpl,3.0,,5 Seats,810 kg,,32 Litres,,
268,Hyundai Verna,₹6.75 Lakh,Jan 2019,"78,000 Kms",First Owner,Diesel,Manual,FWD,1582 cc,126.2 bhp,22 kmpl,4.0,Yes,5 Seats,1255 kg,165 mm,,45 Litres,
269,Maruti Suzuki XL6,₹8.49 Lakh,Dec 2021,"36,000 Kms",First Owner,Petrol,Manual,FWD,1462 cc,103.2 bhp,19.01 kmpl,4.0,,6 Seats,1180 kg,,45 Litres,,
270,Honda Amaze,₹5.01 Lakh,Nov 2019,"79,738 Kms",Second Owner,Petrol,Automatic,FWD,1199 cc,89 bhp,19.46 kmpl,4.0,,5 Seats,952-986 kg,172 mm,35 Litres,,
271,Honda Jazz,₹3.60 Lakh,Mar 2016,"30,000 Kms",First Owner,Petrol,Manual,FWD,1199 cc,88.7 bhp,18.7 kmpl,4.0,No,5 Seats,1042 kg,165 mm,40 Litres,,
272,Renault KWID,₹2.22 Lakh,Aug 2017,"44,461 Kms",Second Owner,Petrol,Manual,FWD,799 cc,53.3 bhp,25.17 kmpl,3.0,No,5 Seats,710 kg,180 mm,28 Litres,,
273,Maruti Suzuki Ciaz,₹4.21 Lakh,Apr 2017,"1,10,104 Kms",First Owner,Diesel,Manual,FWD,1248 cc,88.5 bhp,28.09 kmpl,4.0,Yes,5 Seats,1115 kg,170 mm,,43 Litres,
274,Maruti Suzuki Celerio,₹4.25 Lakh,Sept 2017,"64,000 Kms",Second Owner,Petrol,Automatic,FWD,998 cc,67.04 bhp,23.1 kmpl,3.0,No,5 Seats,847 kg,165 mm,35 Litres,,
275,Volkswagen Polo,₹2.70 Lakh,Aug 2016,"1,24,000 Kms",Second Owner,Petrol,Manual,FWD,1199 cc,74 bhp,16.2 kmpl,3.0,No,5 Seats,1030 kg,165 mm,45 Litres,,
276,Maruti Suzuki Grand Vitara,₹14 Lakh,Dec 2023,"29,809 Kms",First Owner,,Automatic,FWD,1462 cc,101.64 bhp,20.58 kmpl,4.0,,5 Seats,1185-1210 kg,210 mm,45 Litres,,
277,Volkswagen Taigun,₹11.34 Lakh,Mar 2022,"59,360 Kms",First Owner,,Automatic,FWD,999 cc,113.98 bhp,17.23 kmpl,3.0,Yes,5 Seats,1255 kg,188 mm,50 Litres,,
278,Volkswagen Taigun,₹12 Lakh,May 2022,"40,129 Kms",First Owner,,Automatic,FWD,999 cc,113.98 bhp,17.23 kmpl,3.0,Yes,5 Seats,1255 kg,188 mm,50 Litres,,
279,Tata Harrier,₹14.85 Lakh,Aug 2022,"62,624 Kms",First Owner,Diesel,Automatic,,1956 cc,167.67 bhp,14.6 kmpl,4.0,Yes,5 Seats,1700 kg,,,50 Litres,
280,Tata Harrier,₹11.24 Lakh,Apr 2021,"52,858 Kms",First Owner,Diesel,Automatic,,1956 cc,167.67 bhp,14.6 kmpl,4.0,Yes,5 Seats,1700 kg,,,50 Litres,
281,Maruti Suzuki Ciaz,₹6.56 Lakh,May 2022,"17,011 Kms",First Owner,Petrol,Manual,FWD,1462 cc,103.25 bhp,20.65 kmpl,4.0,,5 Seats,1110 kg,,43 Litres,,
282,Honda City,₹4.49 Lakh,Jun 2015,"82,000 Kms",Second Owner,Diesel,Manual,FWD,1498 cc,98.6 bhp,26 kmpl,4.0,Yes,5 Seats,1150 kg,165 mm,,40 Litres,
283,Hyundai Alcazar,₹15.90 Lakh,Jun 2022,"47,000 Kms",First Owner,Diesel,Automatic,,1493 cc,113.98 bhp,18.1 kmpl,4.0,Yes,6 Seats,1675 kg,,,50 Litres,
284,Hyundai Verna,₹4.68 Lakh,Mar 2016,"99,607 Kms",Third Owner,Diesel,Manual,FWD,1582 cc,126.32 bhp,23.9 kmpl,4.0,Yes,5 Seats,1250 kg,165 mm,,43 Litres,
285,Maruti Suzuki Ciaz,₹4.24 Lakh,Jan 2017,"1,15,424 Kms",First Owner,Diesel,Manual,FWD,1248 cc,88.5 bhp,28.09 kmpl,4.0,Yes,5 Seats,1115 kg,170 mm,,43 Litres,
286,Kia Seltos,₹8.90 Lakh,Sept 2021,"49,000 Kms",First Owner,Petrol,Manual,FWD,1497 cc,113.43 bhp,16.8 kmpl,4.0,No,5 Seats,1340 kg,,50 Litres,,
287,Toyota Innova Crysta,₹17.21 Lakh,Aug 2019,"1,16,000 Kms",First Owner,Diesel,Manual,RWD,2393 cc,147.8 bhp,,4.0,Yes,7 Seats,1815 kg,,,55 Litres,
288,Hyundai Santro,₹4.18 Lakh,Mar 2019,"41,484 Kms",First Owner,CNG,Manual,FWD,1086 cc,58 bhp,30.48 km/kg,4.0,No,5 Seats,1070 kg,,,,60 Litres
289,Tata Tiago,₹3.50 Lakh,Nov 2016,"38,000 Kms",First Owner,Diesel,Manual,FWD,1047 cc,69 bhp,27.28 kmpl,3.0,Yes,5 Seats,1050 kg,165 mm,,35 Litres,
290,Maruti Suzuki Celerio,₹3.74 Lakh,Apr 2017,"59,000 Kms",First Owner,Petrol,Automatic,FWD,998 cc,67.04 bhp,23.1 kmpl,3.0,No,5 Seats,840 kg,120 mm,35 Litres,,
291,Mahindra XUV500,₹6.38 Lakh,Dec 2016,"86,309 Kms",First Owner,Diesel,Manual,FWD,2179 cc,152.87 bhp,,4.0,Yes,7 Seats,1595 kg,200 mm,,70 Litres,
292,Ford Ecosport,₹6.51 Lakh,Jun 2021,"47,254 Kms",First Owner,Diesel,Manual,FWD,1498 cc,99.23 bhp,21.7 kmpl,4.0,Yes,5 Seats,1277 kg,,,52 Litres,
293,Maruti Suzuki Vitara Brezza,₹6.23 Lakh,Aug 2016,"87,052 Kms",First Owner,Petrol,Manual,FWD,1462 cc,103.26 bhp,17.03 kmpl,4.0,,5 Seats,1110-1130 kg,,48 Litres,,
294,Honda Amaze,₹7.03 Lakh,Apr 2022,"55,654 Kms",First Owner,Petrol,Automatic,FWD,1199 cc,88.76 bhp,18.3 kmpl,4.0,No,5 Seats,945 kg,,35 Litres,,
295,Skoda Slavia,₹9.60 Lakh,May 2023,"54,809 Kms",First Owner,Petrol,Automatic,FWD,999 cc,113.98 bhp,19.36 kmpl,3.0,Yes,5 Seats,1219-1252 kg,145 mm,45 Litres,,
296,Hyundai i20,₹8.27 Lakh,Jan 2022,"31,609 Kms",First Owner,Petrol,Automatic,,998 cc,118.36 bhp,20.28 kmpl,3.0,Yes,5 Seats,1260 kg,,37 Litres,,
297,Maruti Suzuki Vitara Brezza,₹6.02 Lakh,Apr 2017,"87,686 Kms",First Owner,,Manual,FWD,1248 cc,88.5 bhp,24.3 kmpl,4.0,Yes,5 Seats,1210 kg,198 mm,,48 Litres,
298,Toyota Innova,₹6.50 Lakh,Oct 2015,"1,43,000 Kms",Fourth Owner,Diesel,Manual,RWD,2494 cc,100.6 bhp,,4.0,Yes,7 Seats,1675 kg,176 mm,,55 Litres,
299,Hyundai i20,₹8.10 Lakh,Sept 2024,"27,000 Kms",First Owner,Petrol,Manual,FWD,1197 cc,82 bhp,16 kmpl,4.0,,5 Seats,,,37 Litres,,
300,Hyundai Creta,₹8.08 Lakh,Jul 2020,"73,596 Kms",First Owner,Petrol,Manual,,1497 cc,113.18 bhp,14 kmpl,4.0,No,5 Seats,1430 kg,,50 Litres,,
301,Tata Nexon,₹6.15 Lakh,Oct 2021,"28,526 Kms",First Owner,Petrol,Manual,,1199 cc,118.35 bhp,17.33 kmpl,3.0,Yes,5 Seats,1230 kg,209 mm,44 Litres,,
302,Tata Nexon,₹4.68 Lakh,Jul 2018,"1,34,623 Kms",Second Owner,Petrol,Automatic,FWD,1198 cc,108.5 bhp,17 kmpl,3.0,Yes,5 Seats,1252 kg,,44 Litres,,
303,Hyundai Grand i10,₹4.19 Lakh,Oct 2019,"86,450 Kms",First Owner,Petrol,Manual,FWD,1197 cc,81.86 bhp,18.9 kmpl,4.0,No,5 Seats,1100 kg,165 mm,43 Litres,,
304,Honda Jazz,₹3.85 Lakh,Sept 2015,"53,000 Kms",Second Owner,Petrol,Automatic,FWD,1199 cc,88.7 bhp,19 kmpl,4.0,No,5 Seats,1062 kg,165 mm,40 Litres,,
305,Honda City,₹5.56 Lakh,Sept 2017,"1,31,594 Kms",First Owner,Petrol,Manual,FWD,1497 cc,117.3 bhp,17.8 kmpl,4.0,No,5 Seats,1065 kg,165 mm,40 Litres,,
306,Honda City,₹4.37 Lakh,Feb 2015,"1,04,073 Kms",First Owner,Petrol,Automatic,FWD,1497 cc,117.3 bhp,18 kmpl,4.0,No,5 Seats,1065 kg,165 mm,40 Litres,,
307,Hyundai Xcent,₹3.75 Lakh,May 2016,"72,000 Kms",Second Owner,Petrol,Manual,FWD,1197 cc,82 bhp,19.1 kmpl,4.0,No,5 Seats,1160 kg,165 mm,43 Litres,,
308,Maruti Suzuki Celerio,₹2.94 Lakh,Aug 2017,"1,06,075 Kms",First Owner,Petrol,Automatic,FWD,998 cc,67.77 bhp,26 kmpl,3.0,,5 Seats,820 kg,,32 Litres,,
309,Maruti Suzuki Vitara Brezza,₹6.94 Lakh,Mar 2019,"97,846 Kms",First Owner,,Manual,FWD,1248 cc,88.5 bhp,24.3 kmpl,4.0,Yes,5 Seats,1210 kg,198 mm,,48 Litres,
310,Tata Nexon,₹11.75 Lakh,Feb 2024,"45,000 Kms",First Owner,,Automatic,FWD,1497 cc,113.31 bhp,24.08 kmpl,4.0,Yes,5 Seats,,208 mm,,44 Litres,
311,Honda Amaze,₹5.89 Lakh,Jul 2021,"37,243 Kms",First Owner,Petrol,Manual,FWD,1199 cc,89 bhp,18.65 kmpl,4.0,,5 Seats,952-986 kg,172 mm,35 Litres,,
312,Maruti Suzuki Alto K10,₹4.95 Lakh,Dec 2025,"1,484 Kms",First Owner,Petrol,Manual,FWD,998 cc,65.71 bhp,24.39 kmpl,3.0,,5 Seats,,,27 Litres,,
313,Tata Altroz,₹4.43 Lakh,Jan 2021,"1,43,911 Kms",First Owner,Diesel,Manual,,1497 cc,88.77 bhp,23.64 kmpl,4.0,Yes,5 Seats,1105 kg,165 mm,,,
314,Maruti Suzuki Celerio,₹4 Lakh,Jan 2018,"32,033 Kms",Second Owner,Petrol,Automatic,FWD,998 cc,67.05 bhp,21.63 kmpl,3.0,No,5 Seats,850 kg,165 mm,35 Litres,,
315,Maruti Suzuki Swift Dzire,₹3.32 Lakh,Feb 2014,"1,01,822 Kms",Second Owner,Diesel,Manual,FWD,1248 cc,74 bhp,23.4 kmpl,4.0,Yes,5 Seats,1060 kg,170 mm,,42 Litres,
316,Nissan Magnite,₹4.62 Lakh,Jan 2021,"65,910 Kms",First Owner,Petrol,Manual,,999 cc,71.02 bhp,18.75 kmpl,3.0,No,5 Seats,939 kg,205 mm,40 Litres,,
317,Honda Brio,₹3.33 Lakh,Jun 2015,"74,596 Kms",First Owner,Petrol,Automatic,FWD,1198 cc,86.8 bhp,16.5 kmpl,4.0,No,5 Seats,970 kg,165 mm,35 Litres,,
318,Maruti Suzuki Celerio,₹3.16 Lakh,Oct 2015,"78,098 Kms",First Owner,Petrol,Automatic,FWD,998 cc,67.77 bhp,26.68 kmpl,3.0,,5 Seats,815 kg,,32 Litres,,
319,Maruti Suzuki Wagon R,₹4.48 Lakh,Sept 2022,"49,466 Kms",First Owner,Petrol,Manual,FWD,1197 cc,81.80 bhp,20.52 kmpl,4.0,No,5 Seats,830-845 kg,,32 Litres,,
320,Honda Amaze,₹4.75 Lakh,Nov 2018,"94,289 Kms",First Owner,Diesel,Manual,FWD,1498 cc,98.63 bhp,27.4 kmpl,4.0,Yes,5 Seats,1021 kg,170 mm,,35 Litres,
321,Volkswagen Polo,₹4.76 Lakh,Jan 2020,"66,402 Kms",First Owner,Petrol,Manual,FWD,999 cc,75.10 bhp,17.74 kmpl,3.0,No,5 Seats,1015 kg,165 mm,45 Litres,,
322,Hyundai Xcent,₹3.23 Lakh,Oct 2016,"1,12,065 Kms",First Owner,Petrol,Manual,FWD,1197 cc,82 bhp,19.1 kmpl,4.0,No,5 Seats,1120 kg,165 mm,43 Litres,,
323,Ford Ecosport,₹5.48 Lakh,Sept 2018,"91,789 Kms",First Owner,Petrol,Manual,FWD,1496 cc,120.69 bhp,15.9 kmpl,3.0,No,5 Seats,1225 kg,,52 Litres,,
324,Hyundai i20,₹3.65 Lakh,Jan 2015,"1,24,344 Kms",First Owner,Petrol,Manual,FWD,1197 cc,81.83 bhp,18.6 kmpl,4.0,No,5 Seats,1066 kg,170 mm,45 Litres,,
325,Honda Amaze 2nd Gen,₹3.48 Lakh,Dec 2016,"1,25,361 Kms",First Owner,Petrol,Manual,FWD,1199 cc,88.50 bhp,18.6 kmpl,4.0,,5 Seats,920 kg,,35 Litres,,
326,Honda Amaze 2nd Gen,₹3.30 Lakh,Aug 2016,"56,595 Kms",First Owner,Petrol,Manual,FWD,1199 cc,88.50 bhp,18.6 kmpl,4.0,,5 Seats,934 kg,,35 Litres,,
327,Maruti Suzuki Baleno,₹5.13 Lakh,Oct 2021,"74,405 Kms",First Owner,Petrol,Manual,FWD,1197 cc,83.1 bhp,21.4 kmpl,4.0,No,5 Seats,880 kg,170 mm,37 Litres,,
328,Hyundai Grand i10,₹4.12 Lakh,Mar 2017,"33,335 Kms",First Owner,Petrol,Manual,FWD,1197 cc,81.86 bhp,18.9 kmpl,4.0,No,5 Seats,1120 kg,165 mm,43 Litres,,
329,Hyundai Grand i10,₹4.28 Lakh,Oct 2018,"68,634 Kms",First Owner,Petrol,Manual,FWD,1197 cc,81.86 bhp,18.9 kmpl,4.0,No,5 Seats,1120 kg,165 mm,43 Litres,,
330,Hyundai Grand i10,₹3.65 Lakh,Jul 2015,"1,01,238 Kms",First Owner,Petrol,Manual,FWD,1197 cc,81.86 bhp,18.9 kmpl,4.0,No,5 Seats,1120 kg,165 mm,43 Litres,,
331,Hyundai Grand i10 Nios,₹5.75 Lakh,Jun 2023,"32,424 Kms",First Owner,Petrol,Manual,FWD,1197 cc,82 bhp,18 kmpl,4.0,,5 Seats,,,37 Litres,,
332,Hyundai Grand i10,₹3.41 Lakh,Jun 2014,"95,519 Kms",First Owner,Petrol,Manual,FWD,1197 cc,81.86 bhp,18.9 kmpl,4.0,No,5 Seats,1120 kg,165 mm,43 Litres,,
333,Hyundai i20,₹4.85 Lakh,Jan 2021,"45,507 Kms",Second Owner,Petrol,Manual,,998 cc,118.36 bhp,20 kmpl,3.0,Yes,5 Seats,1240 kg,,37 Litres,,
334,Maruti Suzuki Baleno,₹5.40 Lakh,Jan 2022,"74,225 Kms",First Owner,Diesel,Manual,FWD,1248 cc,74 bhp,27.39 kmpl,4.0,Yes,5 Seats,960-985 kg,170 mm,,37 Litres,
335,S,₹3.35 Lakh,Jul 2016,"1,10,692 Kms",First Owner,Petrol,Manual,FWD,1199 cc,88.50 bhp,18.6 kmpl,4.0,,5 Seats,920 kg,,35 Litres,,
336,Hyundai Grand i10,₹3.53 Lakh,Jun 2018,"90,626 Kms",First Owner,Petrol,Manual,FWD,1197 cc,81.86 bhp,18.9 kmpl,4.0,No,5 Seats,1100 kg,165 mm,43 Litres,,
337,Hyundai Grand i10,₹4.35 Lakh,Mar 2018,"64,546 Kms",First Owner,Petrol,Manual,FWD,1197 cc,81.86 bhp,18.9 kmpl,4.0,No,5 Seats,1060 kg,165 mm,43 Litres,,
338,Hyundai Xcent,₹4.02 Lakh,Jul 2016,"35,624 Kms",Second Owner,Petrol,Manual,,,,,4.0,,,1120 kg,,,,
339,Maruti Suzuki Ignis,₹3.09 Lakh,Jul 2018,"85,435 Kms",Third Owner,Petrol,Automatic,FWD,1197 cc,81.80 bhp,20.89 kmpl,4.0,No,5 Seats,855 kg,180 mm,32 Litres,,
340,Renault Captur,₹4.41 Lakh,May 2018,"83,295 Kms",First Owner,Petrol,Manual,FWD,1498 cc,104.55 bhp,13.87 kmpl,4.0,Yes,5 Seats,1295 kg,,50 Litres,,
341,Kia Seltos,₹7.51 Lakh,Apr 2021,"93,486 Kms",Second Owner,Petrol,Automatic,2WD,1353 cc,138 bhp,16.2 kmpl,4.0,Yes,5 Seats,1505 kg,,50 Litres,,
342,Maruti Suzuki Vitara Brezza,₹6.63 Lakh,Aug 2019,"74,726 Kms",Second Owner,,Manual,FWD,1248 cc,88.5 bhp,24.3 kmpl,4.0,Yes,5 Seats,1190 kg,198 mm,,48 Litres,
343,Maruti Suzuki Celerio X,₹3.55 Lakh,Apr 2019,"60,000 Kms",First Owner,Petrol,Automatic,FWD,998 cc,67 bhp,21.63 kmpl,3.0,No,5 Seats,850 kg,165 mm,35 Litres,,
344,Honda City,₹5.11 Lakh,Dec 2015,"54,000 Kms",First Owner,Diesel,Manual,FWD,1498 cc,98.6 bhp,26 kmpl,4.0,Yes,5 Seats,1150 kg,165 mm,,40 Litres,
345,Honda City,₹5.25 Lakh,Nov 2015,"17,802 Kms",First Owner,Petrol,Automatic,FWD,1497 cc,117.3 bhp,18 kmpl,4.0,No,5 Seats,1065 kg,165 mm,40 Litres,,
346,Tata Tigor,₹5.25 Lakh,Jul 2024,"16,000 Kms",First Owner,Petrol,Manual,,1199 cc,84.82 bhp,19.28 kmpl,3.0,,5 Seats,1030 kg,,35 Litres,,
347,Tata Tiago,₹3.60 Lakh,Jul 2019,"62,000 Kms",First Owner,Petrol,Manual,FWD,1199 cc,84 bhp,23.84 kmpl,3.0,No,5 Seats,980 kg,170 mm,35 Litres,,
348,Hyundai Grand i10,₹4 Lakh,Jul 2017,"35,245 Kms",First Owner,Petrol,Manual,FWD,1197 cc,81.86 bhp,18.9 kmpl,4.0,No,5 Seats,1140 kg,165 mm,43 Litres,,
349,Volkswagen Ameo,₹3.75 Lakh,Jul 2019,"42,000 Kms",First Owner,Petrol,Manual,FWD,999 cc,75 bhp,19.44 kmpl,3.0,No,5 Seats,1039 kg,165 mm,45 Litres,,
350,Honda City,₹5.25 Lakh,Nov 2015,"53,000 Kms",First Owner,Petrol,Automatic,FWD,1497 cc,117.3 bhp,18 kmpl,4.0,No,5 Seats,1085 kg,165 mm,40 Litres,,
351,Honda Amaze,₹5.75 Lakh,Mar 2021,"46,000 Kms",First Owner,Petrol,Manual,FWD,1199 cc,88.76 bhp,18.6 kmpl,4.0,No,5 Seats,917 kg,,35 Litres,,
352,Hyundai Grand i10 Nios,₹5.50 Lakh,Jan 2020,"64,000 Kms",First Owner,Petrol,Manual,,1197 cc,81.86 bhp,20.7 kmpl,4.0,No,5 Seats,1160 kg,,37 Litres,,
353,Honda City,₹4.70 Lakh,May 2015,"75,000 Kms",First Owner,Diesel,Manual,FWD,1498 cc,98.6 bhp,26 kmpl,4.0,Yes,5 Seats,1150 kg,165 mm,,40 Litres,
354,Maruti Suzuki Ciaz,₹5 Lakh,Sept 2016,"70,000 Kms",First Owner,Diesel,Manual,FWD,1248 cc,88.5 bhp,28.09 kmpl,4.0,Yes,5 Seats,1135 kg,170 mm,,43 Litres,
355,Honda Mobilio,₹3.25 Lakh,Aug 2014,"90,000 Kms",Second Owner,Diesel,Manual,FWD,1498 cc,98.6 bhp,24.2 kmpl,4.0,Yes,7 Seats,1246 kg,189 mm,,42 Litres,
356,Hyundai Grand i10 Nios,₹5.75 Lakh,Nov 2020,"33,000 Kms",First Owner,Petrol,Automatic,,1197 cc,81.86 bhp,20.7 kmpl,4.0,No,5 Seats,1140 kg,,37 Litres,,
357,Maruti Suzuki Wagon R,₹2.37 Lakh,Feb 2012,"64,692 Kms",First Owner,Petrol,Manual,,998 cc,65.71 bhp,24.35 kmpl,3.0,,5 Seats,810-835 kg,,32 Litres,,
358,Hyundai i10,₹2.95 Lakh,Aug 2014,"47,118 Kms",First Owner,Petrol,Manual,FWD,1086 cc,68.05 bhp,19.81 kmpl,4.0,No,5 Seats,860 kg,165 mm,35 Litres,,
359,Maruti Suzuki Alto 800,₹2 Lakh,Dec 2016,"61,741 Kms",First Owner,Petrol,Manual,,796 cc,47.33 bhp,22.05 kmpl,3.0,,5 Seats,755 kg,,35 Litres,,
360,Maruti Suzuki Swift Dzire,₹2.60 Lakh,Nov 2015,"98,134 Kms",First Owner,Petrol,Manual,FWD,1197 cc,83.14 bhp,20.85 kmpl,4.0,No,5 Seats,935 kg,170 mm,42 Litres,,
361,Maruti Suzuki Wagon R,₹2.59 Lakh,Sept 2016,"76,637 Kms",First Owner,Petrol,Manual,FWD,998 cc,67.04 bhp,20.51 kmpl,3.0,No,5 Seats,885 kg,165 mm,35 Litres,,
362,Hyundai i10,₹2.20 Lakh,Jan 2016,"1,23,220 Kms",First Owner,Petrol,Manual,FWD,1086 cc,68.05 bhp,19.81 kmpl,4.0,No,5 Seats,860 kg,165 mm,35 Litres,,
363,Maruti Suzuki S-Presso,₹2.85 Lakh,May 2021,"55,031 Kms",First Owner,Petrol,Manual,FWD,998 cc,65.71 bhp,21.7 kmpl,3.0,,5 Seats,736-775 kg,,27 Litres,,
364,Maruti Suzuki Alto 800,₹2.59 Lakh,Jun 2018,"61,328 Kms",First Owner,Petrol,Manual,,796 cc,47.33 bhp,22.05 kmpl,3.0,,5 Seats,755 kg,,35 Litres,,
365,Datsun RediGO,₹1.46 Lakh,Jun 2018,"58,031 Kms",First Owner,Petrol,Manual,2WD,799 cc,53.64 bhp,22.7 kmpl,3.0,No,5 Seats,770 kg,,28 Litres,,
366,Hyundai EON,₹1.77 Lakh,Aug 2013,"64,939 Kms",Third Owner,Petrol,Manual,RWD,814 cc,,22 kmpl,3.0,No,5 Seats,910 kg,,32 Litres,,
367,Hyundai i10,₹2.75 Lakh,Jun 2014,"18,301 Kms",First Owner,Petrol,Manual,FWD,1086 cc,68.05 bhp,19.81 kmpl,4.0,No,5 Seats,860 kg,165 mm,35 Litres,,
368,Tata Zest,₹2.91 Lakh,May 2016,"86,234 Kms",Second Owner,Petrol,Manual,FWD,1193 cc,88.7 bhp,17.57 kmpl,4.0,Yes,5 Seats,1115 kg,170 mm,44 Litres,,
369,Honda Brio,₹2.79 Lakh,May 2013,"52,033 Kms",First Owner,Petrol,Manual,FWD,1198 cc,86.8 bhp,19.4 kmpl,4.0,No,5 Seats,925 kg,165 mm,35 Litres,,
370,Volkswagen Polo,₹2.10 Lakh,Nov 2013,"86,413 Kms",Second Owner,Petrol,Manual,FWD,1198 cc,73.9 bhp,16.47 kmpl,3.0,No,5 Seats,1055 kg,168 mm,45 Litres,,
371,Renault KWID,₹2.81 Lakh,Oct 2020,"28,244 Kms",First Owner,Petrol,Manual,FWD,999 cc,67 bhp,23.01 kmpl,3.0,No,5 Seats,765 kg,180 mm,28 Litres,,
372,Maruti Suzuki Wagon R,₹2.50 Lakh,Oct 2014,"77,405 Kms",Second Owner,Petrol,Manual,FWD,998 cc,65.71 bhp,24.35 kmpl,3.0,,5 Seats,825 kg,,32 Litres,,
373,Maruti Suzuki Wagon R,₹2.56 Lakh,Nov 2015,"78,955 Kms",Second Owner,Petrol,Manual,FWD,998 cc,67.04 bhp,20.51 kmpl,3.0,No,5 Seats,890 kg,165 mm,35 Litres,,
374,Hyundai EON,₹1.41 Lakh,Nov 2013,"53,813 Kms",Second Owner,Petrol,Manual,FWD,814 cc,55.2 bhp,21.1 kmpl,3.0,No,5 Seats,880 kg,170 mm,32 Litres,,
375,Hyundai i10,₹2.97 Lakh,Jan 2015,"20,802 Kms",First Owner,Petrol,Manual,FWD,1086 cc,68.05 bhp,19.81 kmpl,4.0,No,5 Seats,860 kg,165 mm,35 Litres,,
376,Renault KWID,₹1.54 Lakh,Sept 2016,"90,905 Kms",Second Owner,Petrol,Manual,FWD,799 cc,53.3 bhp,25.17 kmpl,3.0,No,5 Seats,710 kg,180 mm,28 Litres,,
377,Mahindra KUV 100,₹2.75 Lakh,Feb 2018,"70,000 Kms",First Owner,,Manual,FWD,1198 cc,82 bhp,18.15 kmpl,3.0,No,6 Seats,1115 kg,170 mm,35 Litres,,
378,Honda Amaze,₹2.99 Lakh,Sept 2016,"82,000 Kms",Second Owner,Petrol,Manual,FWD,1198 cc,86.7 bhp,18 kmpl,4.0,No,5 Seats,950 kg,165 mm,35 Litres,,
379,Volkswagen Vento,₹2.25 Lakh,Nov 2012,"66,000 Kms",First Owner,Petrol,Manual,FWD,1598 cc,103.6 bhp,15.04 kmpl,4.0,No,5 Seats,1130 kg,168 mm,55 Litres,,
380,Hyundai EON,₹2 Lakh,May 2017,"88,000 Kms",Second Owner,Petrol,Manual,FWD,814 cc,55.2 bhp,21.1 kmpl,3.0,No,5 Seats,860 kg,170 mm,32 Litres,,
381,Toyota Etios,₹2.65 Lakh,Apr 2014,"87,000 Kms",Second Owner,Diesel,Manual,FWD,1364 cc,67.05 bhp,23.59 kmpl,4.0,Yes,5 Seats,1015 kg,174 mm,,45 Litres,
382,Hyundai Santro Xing,₹2 Lakh,Mar 2012,"50,000 Kms",First Owner,Petrol,Manual,,1086 cc,62 bhp,,4.0,No,5 Seats,854 kg,164 mm,35 Litres,,
383,Hyundai i10,₹2.25 Lakh,May 2012,"58,000 Kms",First Owner,Petrol,Manual,FWD,1086 cc,68.05 bhp,19.81 kmpl,4.0,No,5 Seats,860 kg,165 mm,35 Litres,,
384,MG Hector,₹11.06 Lakh,Jul 2019,"36,774 Kms",First Owner,,Manual,FWD,1956 cc,167.67 bhp,15.58 kmpl,4.0,,5 Seats,1900 kg,192 mm,,60 Litres,
385,Tata Harrier,₹10.98 Lakh,Nov 2022,"66,450 Kms",First Owner,Diesel,Manual,FWD,1956 cc,167.63 bhp,17 kmpl,4.0,Yes,5 Seats,1695 kg,,,50 Litres,
386,Hyundai Grand i10,₹3.59 Lakh,Oct 2014,"75,556 Kms",Second Owner,Petrol,Manual,FWD,1197 cc,81.86 bhp,18.9 kmpl,4.0,No,5 Seats,1060 kg,165 mm,43 Litres,,
387,Hyundai Grand i10,₹3.50 Lakh,Jan 2018,"1,01,431 Kms",First Owner,Petrol,Manual,FWD,1197 cc,81.86 bhp,18.9 kmpl,4.0,No,5 Seats,1120 kg,165 mm,43 Litres,,
388,Tata Altroz,₹4.68 Lakh,Oct 2020,"1,08,010 Kms",First Owner,Diesel,Manual,,1497 cc,88.77 bhp,23.64 kmpl,4.0,Yes,5 Seats,1105 kg,165 mm,,,
389,Hyundai EON,₹1.83 Lakh,Nov 2015,"1,13,498 Kms",First Owner,Petrol,Manual,FWD,814 cc,55.2 bhp,21.1 kmpl,3.0,No,5 Seats,910 kg,170 mm,32 Litres,,
390,Maruti Suzuki Alto 800,₹2.48 Lakh,Sept 2019,"78,227 Kms",First Owner,Petrol,Manual,FWD,796 cc,47.3 bhp,24.7 kmpl,3.0,No,5 Seats,762 kg,160 mm,35 Litres,,
391,Tata Zest,₹2.25 Lakh,Jun 2016,"87,000 Kms",First Owner,Diesel,Manual,FWD,1248 cc,88.7 bhp,23 kmpl,4.0,Yes,5 Seats,1155 kg,165 mm,,44 Litres,
392,MG Hector,₹9.73 Lakh,Aug 2019,"70,930 Kms",First Owner,Diesel,Manual,FWD,1956 cc,167.68 bhp,17.41 kmpl,4.0,Yes,5 Seats,1525 kg,,,60 Litres,
393,Kia Seltos,₹9.82 Lakh,Mar 2020,"70,180 Kms",First Owner,Petrol,Automatic,FWD,1353 cc,138.08 bhp,16.5 kmpl,4.0,Yes,5 Seats,1535 kg,,50 Litres,,
394,Tata Altroz,₹5.18 Lakh,Dec 2021,"34,372 Kms",First Owner,Petrol,Manual,FWD,1199 cc,86.79 bhp,19.33 kmpl,3.0,No,5 Seats,,165 mm,37 Litres,,
395,Mahindra Scorpio N,₹21.90 Lakh,Nov 2024,"45,000 Kms",First Owner,Diesel,Automatic,4WD,2198 cc,172.45 bhp,15.42 kmpl,4.0,Yes,7 Seats,,,,57 Litres,
396,Tata Punch,₹6.63 Lakh,Nov 2022,"15,654 Kms",First Owner,,Manual,FWD,1199 cc,86.63 bhp,20.09 kmpl,3.0,,5 Seats,,187 mm,37 Litres,,
397,Hyundai Verna,₹7.10 Lakh,Nov 2021,"80,614 Kms",First Owner,Petrol,Manual,,1497 cc,113.18 bhp,17.7 kmpl,4.0,,5 Seats,1180 kg,,45 Litres,,
398,Maruti Suzuki Swift,₹6.62 Lakh,Jul 2023,"43,304 Kms",First Owner,Petrol,Automatic,FWD,1197 cc,88.50 bhp,22.56 kmpl,4.0,,5 Seats,875-905 kg,,37 Litres,,
399,Honda WR-V,₹7.94 Lakh,Apr 2022,"42,812 Kms",First Owner,,Manual,FWD,1199 cc,88.7 bhp,17.5 kmpl,4.0,No,5 Seats,1103 kg,188 mm,40 Litres,,
400,Maruti Suzuki Ciaz,₹8.30 Lakh,May 2022,"52,361 Kms",First Owner,Petrol,Automatic,FWD,1373 cc,91.1 bhp,19.12 kmpl,4.0,No,5 Seats,1030 kg,170 mm,43 Litres,,
401,Mahindra XUV500,₹7.90 Lakh,Oct 2017,"67,000 Kms",Second Owner,,Manual,FWD,2179 cc,140 bhp,16 kmpl,4.0,Yes,7 Seats,1655 kg,200 mm,,70 Litres,
402,Maruti Suzuki Brezza,₹9.25 Lakh,Sept 2022,"31,000 Kms",First Owner,Petrol,Manual,,1462 cc,101.65 bhp,19.89 kmpl,4.0,,5 Seats,1140 kg,,48 Litres,,
403,Maruti Suzuki Wagon R,₹4.43 Lakh,Jul 2021,"19,865 Kms",First Owner,Petrol,Manual,FWD,1197 cc,81.80 bhp,20.52 kmpl,4.0,No,5 Seats,830-845 kg,,32 Litres,,
404,Maruti Suzuki Vitara Brezza,₹5.73 Lakh,Sept 2016,"73,268 Kms",First Owner,,Manual,FWD,1248 cc,88.5 bhp,24.3 kmpl,4.0,Yes,5 Seats,1200 kg,198 mm,,48 Litres,
405,Hyundai EON,₹1.65 Lakh,Nov 2016,"71,758 Kms",Second Owner,Petrol,Manual,FWD,814 cc,55.2 bhp,21.1 kmpl,3.0,No,5 Seats,910 kg,170 mm,32 Litres,,
406,Honda Amaze,₹2.50 Lakh,Aug 2013,"85,835 Kms",First Owner,Diesel,Manual,FWD,1498 cc,98.6 bhp,25.8 kmpl,4.0,Yes,5 Seats,1055 kg,165 mm,,35 Litres,
407,Kia Seltos,₹11.10 Lakh,Jul 2021,"67,925 Kms",First Owner,Diesel,Automatic,FWD,1493 cc,113.43 bhp,18 kmpl,4.0,Yes,5 Seats,1540 kg,,,50 Litres,
408,Mahindra XUV300,₹7.28 Lakh,Feb 2021,"86,908 Kms",Second Owner,,Manual,FWD,1497 cc,115 bhp,20 kmpl,4.0,Yes,5 Seats,1465 kg,180 mm,,42 Litres,
409,Ford Ecosport,₹3.23 Lakh,Apr 2016,"1,02,703 Kms",Third Owner,,Manual,FWD,1498 cc,98.59 bhp,22.77 kmpl,4.0,Yes,5 Seats,1240 kg,200 mm,,52 Litres,
410,Maruti Suzuki Alto 800,₹2.40 Lakh,Oct 2015,"45,672 Kms",First Owner,Petrol,Manual,FWD,796 cc,46.3 bhp,19.7 kmpl,3.0,No,5 Seats,705 kg,160 mm,35 Litres,,
411,Jeep Compass,₹13.50 Lakh,Jun 2021,"52,858 Kms",Second Owner,Petrol,Automatic,4x2,1368 cc,160.77 bhp,14.1 kmpl,4.0,,5 Seats,1580 kg,,60 Litres,,
412,MG Hector,₹12.20 Lakh,Mar 2022,"18,158 Kms",First Owner,,Automatic,FWD,1451 cc,141 bhp,9 kmpl,4.0,Yes,5 Seats,1820 kg,192 mm,60 Litres,,
413,Hyundai Creta,₹10.50 Lakh,Feb 2021,"66,000 Kms",First Owner,Petrol,Automatic,,1497 cc,113.18 bhp,14 kmpl,4.0,No,5 Seats,1450 kg,,50 Litres,,
414,Tata Harrier,₹14.90 Lakh,May 2022,"67,000 Kms",First Owner,Diesel,Automatic,,1956 cc,167.67 bhp,14.6 kmpl,4.0,Yes,5 Seats,1700 kg,,,50 Litres,
415,Maruti Suzuki Alto K10,₹4.56 Lakh,Jun 2023,"42,818 Kms",First Owner,CNG,Manual,FWD,998 cc,55.92 bhp,33.85 km/kg,3.0,,4 Seats,,,,,55 Litres
416,Kia Seltos,₹9.90 Lakh,Jan 2021,"94,000 Kms",First Owner,Diesel,Manual,FWD,1493 cc,113.43 bhp,20.8 kmpl,4.0,Yes,5 Seats,1475 kg,,,50 Litres,
417,Ford Ecosport,₹3.25 Lakh,Jul 2015,"72,000 Kms",Second Owner,,Manual,FWD,1499 cc,110.4 bhp,15.85 kmpl,4.0,No,5 Seats,1200 kg,200 mm,52 Litres,,
418,Hyundai Creta,₹16.90 Lakh,Apr 2024,"36,000 Kms",First Owner,,Manual,FWD,1493 cc,114 bhp,21.8 kmpl,4.0,Yes,5 Seats,,190 mm,,50 Litres,
419,Kia Seltos,₹11.90 Lakh,Jun 2021,"37,000 Kms",First Owner,Diesel,Manual,FWD,1493 cc,113.43 bhp,20.8 kmpl,4.0,Yes,5 Seats,1535 kg,,,50 Litres,
420,Hyundai i10,₹1.87 Lakh,Oct 2012,"66,638 Kms",Third Owner,Petrol,Manual,FWD,1086 cc,68.05 bhp,19.81 kmpl,4.0,No,5 Seats,860 kg,165 mm,35 Litres,,
421,Maruti Suzuki Alto K10,₹3 Lakh,Oct 2017,"40,118 Kms",First Owner,Petrol,Manual,FWD,998 cc,67.05 bhp,23.95 kmpl,3.0,No,5 Seats,779 kg,160 mm,35 Litres,,
422,Toyota Innova Crysta,₹16 Lakh,Jun 2020,"99,000 Kms",First Owner,Diesel,Manual,RWD,2393 cc,148 bhp,,4.0,Yes,7 Seats,1840 kg,,,55 Litres,
423,Ford Endeavour,₹17.90 Lakh,May 2018,"61,000 Kms",Second Owner,,Automatic,4WD,3198 cc,197 bhp,10.91 kmpl,4.0,Yes,7 Seats,1879 kg,225 mm,,80 Litres,
424,Hyundai Grand i10,₹4.11 Lakh,Aug 2018,"35,771 Kms",Second Owner,Petrol,Manual,FWD,1197 cc,81.86 bhp,18.9 kmpl,4.0,No,5 Seats,1120 kg,165 mm,43 Litres,,
425,Toyota Innova,₹3.50 Lakh,Feb 2010,"2,53,000 Kms",First Owner,Diesel,Manual,,2494 cc,,12.8 kmpl,4.0,No,8 Seats,1660 kg,176 mm,,55 Litres,
426,Maruti Suzuki Alto 800,₹3.55 Lakh,Jul 2023,"12,900 Kms",First Owner,Petrol,Manual,,796 cc,47.33 bhp,22.05 kmpl,3.0,,5 Seats,757 kg,,35 Litres,,
427,Datsun GO,₹1.45 Lakh,Nov 2017,"46,000 Kms",First Owner,Petrol,Manual,FWD,1198 cc,67.06 bhp,20.63 kmpl,3.0,No,5 Seats,845 kg,170 mm,35 Litres,,
428,Hyundai Creta,₹7.90 Lakh,Aug 2019,"61,000 Kms",First Owner,Petrol,Manual,FWD,1591 cc,121.3 bhp,15.8 kmpl,4.0,No,5 Seats,1300 kg,,55 Litres,,
429,Hyundai Grand i10,₹3.47 Lakh,May 2014,"74,501 Kms",Second Owner,Petrol,Manual,FWD,1197 cc,81.86 bhp,18.9 kmpl,4.0,No,5 Seats,1060 kg,165 mm,43 Litres,,
430,Honda WR-V,₹3.53 Lakh,Jun 2017,"79,377 Kms",First Owner,,Manual,FWD,1199 cc,88.7 bhp,17.5 kmpl,4.0,No,5 Seats,1084 kg,188 mm,40 Litres,,
431,Honda City,₹4.77 Lakh,Apr 2017,"51,454 Kms",First Owner,Petrol,Automatic,FWD,1497 cc,117.6 bhp,18 kmpl,4.0,No,5 Seats,1080 kg,165 mm,40 Litres,,
432,Ford Ecosport,₹3.74 Lakh,May 2015,"87,733 Kms",Third Owner,,Manual,FWD,1498 cc,98.59 bhp,22.77 kmpl,4.0,Yes,5 Seats,1240 kg,200 mm,,52 Litres,
433,Ford Ecosport,₹4.77 Lakh,Sept 2018,"94,635 Kms",First Owner,,Automatic,FWD,1497 cc,121.36 bhp,14.8 kmpl,3.0,No,5 Seats,1320 kg,200 mm,52 Litres,,
434,Maruti Suzuki Vitara Brezza,₹5.84 Lakh,Nov 2017,"71,121 Kms",First Owner,,Manual,FWD,1248 cc,88.5 bhp,24.3 kmpl,4.0,Yes,5 Seats,1210 kg,198 mm,,48 Litres,
435,Maruti Suzuki Wagon R,₹4.22 Lakh,Jan 2024,"48,555 Kms",First Owner,Petrol,Manual,FWD,1197 cc,88.50 bhp,23.56 kmpl,4.0,,5 Seats,835 kg,,32 Litres,,
436,Maruti Suzuki Swift Dzire,₹4.15 Lakh,Aug 2019,"89,000 Kms",First Owner,Petrol,Automatic,FWD,1197 cc,81.80 bhp,21.21 kmpl,4.0,No,5 Seats,860-895 kg,163 mm,37 Litres,,
437,Honda City,₹4.88 Lakh,Nov 2016,"72,466 Kms",First Owner,Petrol,Automatic,FWD,1497 cc,117.3 bhp,18 kmpl,4.0,No,5 Seats,1085 kg,165 mm,40 Litres,,
438,Maruti Suzuki S Cross,₹4.58 Lakh,Apr 2016,"87,661 Kms",First Owner,,Manual,FWD,1598 cc,118 bhp,22.7 kmpl,4.0,Yes,5 Seats,1250 kg,180 mm,,48 Litres,
439,Maruti Suzuki Celerio,₹3.02 Lakh,Nov 2016,"1,17,129 Kms",First Owner,Petrol,Automatic,FWD,998 cc,67.77 bhp,26.68 kmpl,3.0,,5 Seats,815 kg,,32 Litres,,
440,Maruti Suzuki S Cross,₹5.63 Lakh,Jul 2022,"87,740 Kms",First Owner,Petrol,Manual,FWD,1462 cc,103.25 bhp,18.55 kmpl,4.0,,5 Seats,1130-1170 kg,,48 Litres,,
441,Maruti Suzuki Baleno,₹4.05 Lakh,Apr 2016,"83,880 Kms",First Owner,Diesel,Manual,FWD,1248 cc,74 bhp,27.39 kmpl,4.0,Yes,5 Seats,960-985 kg,170 mm,,37 Litres,
442,Hyundai Grand i10,₹3.69 Lakh,Apr 2018,"86,919 Kms",Second Owner,Petrol,Automatic,FWD,1197 cc,81.86 bhp,18.9 kmpl,4.0,No,5 Seats,1200 kg,165 mm,43 Litres,,
443,Honda WR-V,₹4 Lakh,May 2017,"66,000 Kms",First Owner,,Manual,FWD,1199 cc,88.7 bhp,17.5 kmpl,4.0,No,5 Seats,1084 kg,188 mm,40 Litres,,
444,Hyundai Grand i10 Nios,₹5.75 Lakh,Jun 2020,"58,000 Kms",First Owner,Petrol,Automatic,,1197 cc,81.86 bhp,20.7 kmpl,4.0,No,5 Seats,1140 kg,,37 Litres,,
445,Renault Triber,₹3.50 Lakh,Dec 2020,"80,000 Kms",Second Owner,Petrol,Manual,FWD,999 cc,72 bhp,20 kmpl,3.0,No,7 Seats,947 kg,182 mm,40 Litres,,
446,Tata Nexon,₹4.50 Lakh,Aug 2019,"99,000 Kms",First Owner,Petrol,Automatic,FWD,1198 cc,108.5 bhp,17 kmpl,3.0,Yes,5 Seats,1252 kg,,44 Litres,,
447,Volkswagen Polo,₹4.25 Lakh,Apr 2015,"68,500 Kms",First Owner,Diesel,Manual,FWD,1498 cc,88 bhp,20.14 kmpl,4.0,Yes,5 Seats,1142 kg,165 mm,,45 Litres,
448,Maruti Suzuki Swift Dzire,₹4.50 Lakh,Jul 2016,"45,000 Kms",First Owner,Petrol,Manual,FWD,1197 cc,83.14 bhp,20.85 kmpl,4.0,No,5 Seats,945 kg,170 mm,42 Litres,,
449,Maruti Suzuki Wagon R,₹3.15 Lakh,Oct 2015,"51,000 Kms",First Owner,Petrol,Manual,FWD,998 cc,67.04 bhp,20.51 kmpl,3.0,No,5 Seats,885 kg,165 mm,35 Litres,,
450,Hyundai Creta,₹17.25 Lakh,Apr 2024,"77,000 Kms",First Owner,,Automatic,FWD,1493 cc,114 bhp,19.1 kmpl,4.0,Yes,5 Seats,,190 mm,,50 Litres,
451,Hyundai Creta,₹5.49 Lakh,Mar 2016,"1,20,527 Kms",First Owner,,Manual,FWD,1591 cc,121.3 bhp,13 kmpl,4.0,No,5 Seats,1280 kg,190 mm,55 Litres,,
452,Honda Elevate,₹12.13 Lakh,Mar 2024,"16,698 Kms",First Owner,Petrol,Manual,FWD,1498 cc,119 bhp,15.31 kmpl,4.0,,5 Seats,1259 kg,,40 Litres,,
453,Renault KWID,₹2.05 Lakh,Oct 2018,"91,312 Kms",First Owner,Petrol,Manual,FWD,999 cc,67 bhp,23.01 kmpl,3.0,No,5 Seats,710 kg,180 mm,,,
454,Honda Jazz,₹2.97 Lakh,Oct 2016,"66,451 Kms",First Owner,Petrol,Manual,FWD,1199 cc,88.7 bhp,18.7 kmpl,4.0,No,5 Seats,1042 kg,165 mm,40 Litres,,
455,Maruti Suzuki Wagon R,₹2.40 Lakh,Jul 2013,"89,719 Kms",First Owner,Petrol,Manual,,998 cc,65.71 bhp,24.35 kmpl,3.0,,5 Seats,810-835 kg,,32 Litres,,
456,Maruti Suzuki Alto 800,₹1.30 Lakh,Apr 2014,"53,831 Kms",Second Owner,Petrol,Manual,,796 cc,47.33 bhp,22.05 kmpl,3.0,,5 Seats,755 kg,,35 Litres,,
457,Maruti Suzuki Alto 800,₹1.81 Lakh,Jul 2017,"96,898 Kms",First Owner,Petrol,Manual,,796 cc,47.33 bhp,22.05 kmpl,3.0,,5 Seats,755 kg,,35 Litres,,
458,Maruti Suzuki Alto 800,₹2.34 Lakh,Aug 2015,"68,926 Kms",First Owner,Petrol,Manual,FWD,796 cc,46.3 bhp,19.7 kmpl,3.0,No,5 Seats,705 kg,160 mm,35 Litres,,
459,Maruti Suzuki Wagon R,₹2.55 Lakh,Jul 2014,"68,930 Kms",Second Owner,Petrol,Manual,FWD,998 cc,65.71 bhp,24.35 kmpl,3.0,,5 Seats,825 kg,,32 Litres,,
460,Renault KWID,₹2.55 Lakh,Apr 2016,"58,295 Kms",First Owner,Petrol,Manual,FWD,999 cc,67 bhp,21.74 kmpl,3.0,No,5 Seats,730 kg,184 mm,28 Litres,,
461,Maruti Suzuki Alto 800,₹2.23 Lakh,Nov 2019,"74,869 Kms",First Owner,Petrol,Manual,,796 cc,47.33 bhp,22.05 kmpl,3.0,,5 Seats,755 kg,,35 Litres,,
462,Ford Ecosport,₹2.85 Lakh,Aug 2014,"91,332 Kms",Second Owner,,Manual,FWD,999 cc,123.37 bhp,18.88 kmpl,3.0,Yes,5 Seats,1290 kg,200 mm,52 Litres,,
463,Maruti Suzuki Wagon R,₹2.30 Lakh,Feb 2013,"70,987 Kms",First Owner,Petrol,Manual,,998 cc,65.71 bhp,24.35 kmpl,3.0,,5 Seats,810-835 kg,,32 Litres,,
464,Volkswagen Vento,₹2.99 Lakh,Oct 2014,"82,000 Kms",Second Owner,Petrol,Automatic,FWD,1197 cc,103.2 bhp,16.93 kmpl,4.0,Yes,5 Seats,1164 kg,168 mm,55 Litres,,
465,Maruti Suzuki Alto 800,₹2.70 Lakh,Apr 2016,"44,913 Kms",First Owner,Petrol,Manual,FWD,796 cc,46.3 bhp,19.7 kmpl,3.0,No,5 Seats,705 kg,160 mm,35 Litres,,
466,Maruti Suzuki Wagon R,₹2.45 Lakh,Apr 2013,"74,601 Kms",First Owner,Petrol,Manual,,998 cc,65.71 bhp,24.35 kmpl,3.0,,5 Seats,810-835 kg,,32 Litres,,
467,Hyundai EON,₹1.89 Lakh,Aug 2013,"1,12,704 Kms",Second Owner,Petrol,Manual,FWD,814 cc,55.2 bhp,21.1 kmpl,3.0,No,5 Seats,910 kg,170 mm,32 Litres,,
468,Datsun RediGO,₹1.34 Lakh,Sept 2016,"58,519 Kms",First Owner,Petrol,Manual,2WD,799 cc,53.64 bhp,22.7 kmpl,3.0,No,5 Seats,770 kg,,28 Litres,,
469,Maruti Suzuki Wagon R,₹2.54 Lakh,Apr 2013,"57,941 Kms",First Owner,Petrol,Manual,FWD,998 cc,65.71 bhp,24.35 kmpl,3.0,,5 Seats,825 kg,,32 Litres,,
470,Hyundai i10,₹1.73 Lakh,May 2013,"76,739 Kms",Second Owner,Petrol,Manual,FWD,1086 cc,68.05 bhp,19.81 kmpl,4.0,No,5 Seats,860 kg,165 mm,35 Litres,,
471,Maruti Suzuki Alto 800,₹2.76 Lakh,Oct 2019,"55,121 Kms",First Owner,Petrol,Manual,FWD,796 cc,46.3 bhp,19.7 kmpl,3.0,No,5 Seats,705 kg,160 mm,35 Litres,,
472,Maruti Suzuki Swift,₹2.89 Lakh,May 2012,"1,03,139 Kms",First Owner,Petrol,Manual,FWD,1197 cc,81.80 bhp,21.21 kmpl,4.0,No,5 Seats,855-885 kg,163 mm,37 Litres,,
473,Maruti Suzuki Celerio,₹2.62 Lakh,Apr 2015,"59,825 Kms",First Owner,Petrol,Automatic,FWD,998 cc,67.77 bhp,26.68 kmpl,3.0,,5 Seats,815 kg,,32 Litres,,
474,Chevrolet Aveo U-VA,₹80 Thousand,Nov 2011,"1,62,964 Kms",First Owner,Petrol,Manual,FWD,1150 cc,,14.7 kmpl,4.0,No,5 Seats,1075 kg,188 mm,45 Litres,,
475,Maruti Suzuki Ritz,₹1.51 Lakh,Dec 2009,"72,000 Kms",Third Owner,Diesel,Manual,FWD,1248 cc,73.9 bhp,21.1 kmpl,4.0,No,5 Seats,1100 kg,170 mm,,43 Litres,
476,Hyundai EON,₹1.55 Lakh,Jun 2013,"54,000 Kms",First Owner,Petrol,Manual,FWD,814 cc,55.2 bhp,21.1 kmpl,3.0,No,5 Seats,910 kg,170 mm,32 Litres,,
477,Chevrolet Spark,₹1 Lakh,Nov 2008,"60,000 Kms",First Owner,Petrol,Manual,FWD,995 cc,62 bhp,18 kmpl,4.0,No,5 Seats,840 kg,170 mm,35 Litres,,
478,Maruti Suzuki Alto 800,₹2.62 Lakh,Apr 2021,"1,04,562 Kms",First Owner,Petrol,Manual,,796 cc,47.33 bhp,22.05 kmpl,3.0,,5 Seats,755 kg,,35 Litres,,
479,Mahindra XUV500,₹7.38 Lakh,Apr 2017,"75,343 Kms",Second Owner,,Manual,FWD,2179 cc,152.87 bhp,15.1 kmpl,4.0,Yes,7 Seats,1785 kg,200 mm,,70 Litres,
480,Tata Altroz,₹6.02 Lakh,Aug 2023,"53,140 Kms",First Owner,Petrol,Automatic,,1199 cc,86.83 bhp,18.5 kmpl,3.0,No,5 Seats,1190 kg,165 mm,37 Litres,,
481,Maruti Suzuki Swift Dzire,₹6.25 Lakh,Jan 2021,"48,000 Kms",First Owner,Petrol,Manual,FWD,1197 cc,81.80 bhp,21.21 kmpl,4.0,No,5 Seats,860-895 kg,163 mm,37 Litres,,
482,Maruti Suzuki XL6,₹11 Lakh,2024,"10,000 Kms",First Owner,CNG,Manual,FWD,1462 cc,86.63 bhp,,4.0,,6 Seats,1275 kg,,,,60 Litres
483,Honda Elevate,₹11 Lakh,2023,"70,000 Kms",First Owner,Petrol,Automatic,FWD,1498 cc,119 bhp,16.92 kmpl,4.0,,5 Seats,1213 kg,,40 Litres,,
484,Hyundai Creta,₹8.11 Lakh,Apr 2018,"75,000 Kms",First Owner,Petrol,Automatic,FWD,1591 cc,121.3 bhp,14.8 kmpl,4.0,No,5 Seats,1300 kg,,55 Litres,,
485,Tata Nexon,₹7.50 Lakh,Feb 2021,"50,000 Kms",First Owner,Petrol,Manual,,1199 cc,118.35 bhp,17.33 kmpl,3.0,Yes,5 Seats,1230 kg,209 mm,44 Litres,,
486,Maruti Suzuki Baleno,₹5.09 Lakh,Mar 2017,"17,208 Kms",First Owner,Diesel,Manual,FWD,1248 cc,74 bhp,27.39 kmpl,4.0,Yes,5 Seats,960-985 kg,170 mm,,37 Litres,
487,Tata Punch,₹5.63 Lakh,Nov 2022,"45,166 Kms",First Owner,,Manual,FWD,1199 cc,87 bhp,20.09 kmpl,3.0,,5 Seats,,187 mm,37 Litres,,
488,Mahindra XUV500,₹4.95 Lakh,Sept 2015,"87,000 Kms",Second Owner,,Manual,FWD,2179 cc,140 bhp,16 kmpl,4.0,Yes,7 Seats,1860 kg,200 mm,,70 Litres,
489,Mahindra Bolero Neo,₹7.25 Lakh,Sept 2021,"56,834 Kms",First Owner,,Manual,RWD(with MTT),1493 cc,100 bhp,17.29 kmpl,3.0,Yes,7 Seats,1505 kg,180 mm,,50 Litres,
490,Maruti Suzuki Swift,₹2.65 Lakh,Oct 2013,"78,000 Kms",First Owner,Diesel,Manual,FWD,1248 cc,74 bhp,22.9 kmpl,4.0,Yes,5 Seats,1050 kg,170 mm,,42 Litres,
491,Toyota Innova,₹2.85 Lakh,Nov 2009,"1,30,000 Kms",Fourth Owner,Diesel,Manual,,2494 cc,,12.8 kmpl,4.0,No,8 Seats,1660 kg,176 mm,,55 Litres,
492,Hyundai Creta,₹6.49 Lakh,Sept 2015,"82,000 Kms",Second Owner,,Automatic,FWD,1582 cc,126.2 bhp,17.01 kmpl,4.0,Yes,5 Seats,1320 kg,190 mm,,55 Litres,
493,Tata Nexon,₹4.48 Lakh,Sept 2020,"27,089 Kms",Second Owner,Petrol,Manual,FWD,1198 cc,108.5 bhp,17 kmpl,3.0,Yes,5 Seats,1252 kg,,44 Litres,,
494,Tata Curvv,₹14.34 Lakh,Aug 2025,"11,668 Kms",First Owner,,Manual,FWD,1497 cc,116 bhp,15 kmpl,4.0,Yes,5 Seats,,208 mm,,44 Litres,
495,Honda Elevate,₹11.64 Lakh,Oct 2023,"18,149 Kms",First Owner,Petrol,Manual,FWD,1498 cc,119 bhp,15.31 kmpl,4.0,,5 Seats,1259 kg,,40 Litres,,
496,Tata Curvv,₹11.90 Lakh,Oct 2024,"17,000 Kms",First Owner,,Manual,FWD,1199 cc,118 bhp,12 kmpl,3.0,No,5 Seats,,208 mm,44 Litres,,
497,Kia Seltos,₹11.90 Lakh,Jun 2022,"65,000 Kms",First Owner,Diesel,Automatic,2WD,1493 cc,113.42 bhp,17.8 kmpl,4.0,Yes,5 Seats,1495 kg,,,50 Litres,
498,Jeep Compass,₹14.75 Lakh,Jun 2021,"50,000 Kms",First Owner,Petrol,Automatic,4x2,1368 cc,160.77 bhp,14.1 kmpl,4.0,,5 Seats,1580 kg,,60 Litres,,
499,HTX IVT,₹12.90 Lakh,Jul 2023,"39,000 Kms",First Owner,Petrol,Automatic,FWD,1497 cc,113.43 bhp,,4.0,No,5 Seats,1400 kg,,50 Litres,,
500,Mercedes-Benz CLA,₹18.90 Lakh,Mar 2018,"65,000 Kms",First Owner,Diesel,Automatic,FWD,2143 cc,134.1 bhp,,4.0,Yes,5 Seats,1570 kg,160 mm,,56 Litres,
501,Jeep Compass,₹9.90 Lakh,Jul 2019,"43,000 Kms",First Owner,,Automatic,4X2,1368 cc,160.77 bhp,16 kmpl,4.0,Yes,5 Seats,1562 s kg,178 mm,60 Litres,,
502,Renault KWID,₹2 Lakh,Apr 2018,"99,273 Kms",Second Owner,Petrol,Manual,FWD,799 cc,53.3 bhp,25.17 kmpl,3.0,No,5 Seats,710 kg,180 mm,28 Litres,,
503,Volkswagen Polo,₹3 Lakh,Jul 2015,"88,060 Kms",First Owner,Petrol,Manual,FWD,1199 cc,74 bhp,16.2 kmpl,3.0,No,5 Seats,1030 kg,165 mm,45 Litres,,
504,Hyundai i10,₹2 Lakh,Jan 2011,"65,000 Kms",First Owner,Petrol,Manual,FWD,1197 cc,78.9 bhp,20.36 kmpl,4.0,No,5 Seats,960 kg,165 mm,35 Litres,,
505,Hyundai Venue,₹5.94 Lakh,Jun 2019,"64,693 Kms",Second Owner,Petrol,Automatic,FWD,998 cc,118.35 bhp,18.15 kmpl,3.0,Yes,5 Seats,1440 kg,,45 Litres,,
506,Renault Triber,₹4.19 Lakh,Oct 2023,"57,600 Kms",First Owner,Petrol,Manual,FWD,999 cc,71.01 bhp,20 kmpl,3.0,,7 Seats,,182 mm,40 Litres,,
507,Nissan Micra,₹1.91 Lakh,Jul 2011,"24,000 Kms",First Owner,Petrol,Manual,FWD,1198 cc,75 bhp,18.06 kmpl,3.0,No,5 Seats,940 kg,,41 Litres,,
508,Tata Nexon,₹5.25 Lakh,Jul 2019,"60,803 Kms",First Owner,Petrol,Manual,FWD,1198 cc,108.5 bhp,17 kmpl,3.0,Yes,5 Seats,1252 kg,,44 Litres,,
509,Maruti Suzuki Swift,₹2.95 Lakh,Mar 2013,"1,08,000 Kms",First Owner,Petrol,Manual,FWD,1197 cc,85.8 bhp,18.6 kmpl,4.0,No,5 Seats,970 kg,170 mm,42 Litres,,
510,Volkswagen Taigun,₹8.47 Lakh,Jun 2022,"54,233 Kms",First Owner,Petrol,Manual,,999 cc,113.98 bhp,20.08 kmpl,3.0,Yes,5 Seats,1255 kg,188 mm,50 Litres,,
511,Tata Nexon,₹8.75 Lakh,Mar 2023,"44,467 Kms",Second Owner,Petrol,Automatic,,1199 cc,118.35 bhp,17.05 kmpl,3.0,Yes,5 Seats,1310 kg,209 mm,44 Litres,,
512,Hyundai Venue,₹6.90 Lakh,Sept 2019,"50,000 Kms",Second Owner,Petrol,Automatic,FWD,998 cc,118.35 bhp,18.15 kmpl,3.0,Yes,5 Seats,1440 kg,,45 Litres,,
513,Toyota Innova Crysta,₹14 Lakh,Sept 2018,"63,000 Kms",First Owner,Diesel,Manual,RWD,2393 cc,147.8 bhp,,4.0,Yes,7 Seats,1805 kg,178 mm,,55 Litres,
514,Ford Ecosport,₹4.42 Lakh,Oct 2017,"79,818 Kms",First Owner,,Manual,FWD,1498 cc,98.59 bhp,22.77 kmpl,4.0,Yes,5 Seats,1240 kg,200 mm,,52 Litres,
515,Renault Triber,₹5.33 Lakh,Nov 2022,"37,504 Kms",First Owner,Petrol,Manual,FWD,999 cc,71.01 bhp,20 kmpl,3.0,,7 Seats,,182 mm,40 Litres,,
516,Honda Brio,₹3.30 Lakh,Jan 2017,"73,535 Kms",First Owner,Petrol,Manual,FWD,1198 cc,86.8 bhp,19.4 kmpl,4.0,No,5 Seats,925 kg,165 mm,35 Litres,,
517,Renault Triber,₹3.61 Lakh,Jan 2021,"82,282 Kms",First Owner,Petrol,Manual,FWD,999 cc,71.01 bhp,20 kmpl,3.0,,7 Seats,,182 mm,40 Litres,,
518,Hyundai Xcent,₹3.71 Lakh,Nov 2015,"59,678 Kms",First Owner,Petrol,Manual,FWD,1197 cc,81.86 bhp,20.14 kmpl,4.0,No,5 Seats,1120 kg,165 mm,43 Litres,,
519,Tata Nexon,₹5.21 Lakh,Sept 2021,"62,590 Kms",First Owner,Petrol,Manual,,1199 cc,118.35 bhp,17.33 kmpl,3.0,,5 Seats,1200 kg,209 mm,44 Litres,,
520,Honda Brio,₹3.02 Lakh,Mar 2014,"35,438 Kms",First Owner,Petrol,Manual,FWD,1198 cc,86.8 bhp,19.4 kmpl,4.0,No,5 Seats,925 kg,165 mm,35 Litres,,
521,Renault Kiger,₹5.75 Lakh,Apr 2023,"13,000 Kms",First Owner,,Manual,FWD,999 cc,71 bhp,19.17 kmpl,3.0,No,5 Seats,,205 mm,40 Litres,,
522,Honda CR-V,₹5.57 Lakh,Sept 2015,"1,07,978 Kms",Second Owner,,Automatic,FWD,1997 cc,153.86 bhp,13.7 kmpl,4.0,No,5 Seats,1505 kg,185 mm,58 Litres,,
523,Maruti Suzuki Celerio,₹5.18 Lakh,Aug 2024,"22,572 Kms",First Owner,Petrol,Manual,FWD,998 cc,67.77 bhp,25.24 kmpl,3.0,,5 Seats,810 kg,,32 Litres,,
524,Renault Kiger,₹4.98 Lakh,Jun 2021,"33,171 Kms",First Owner,,Automatic,FWD,999 cc,71 bhp,19.03 kmpl,3.0,No,5 Seats,,205 mm,40 Litres,,
525,Maruti Suzuki Swift,₹2.93 Lakh,Sept 2013,"93,076 Kms",Second Owner,Petrol,Manual,FWD,1197 cc,81.80 bhp,21.21 kmpl,4.0,No,5 Seats,855-885 kg,163 mm,37 Litres,,
526,Renault KWID,₹1.91 Lakh,Jul 2018,"57,393 Kms",First Owner,Petrol,Manual,FWD,999 cc,67 bhp,23.01 kmpl,3.0,No,5 Seats,710 kg,180 mm,,,
527,Datsun GO,₹1.93 Lakh,Nov 2018,"15,519 Kms",First Owner,Petrol,Manual,FWD,1198 cc,67.05 bhp,19.02 kmpl,3.0,No,5 Seats,886 kg,,35 Litres,,
528,Maruti Suzuki Alto 800,₹2.46 Lakh,Oct 2020,"36,533 Kms",First Owner,Petrol,Manual,,796 cc,47.33 bhp,22.05 kmpl,3.0,,5 Seats,762 kg,,35 Litres,,
529,Renault KWID,₹1.57 Lakh,Feb 2016,"49,363 Kms",Second Owner,Petrol,Manual,,799 cc,53.26 bhp,22.25 kmpl,3.0,,5 Seats,690 kg,184 mm,28 Litres,,
530,Maruti Suzuki Alto 800,₹2.60 Lakh,Apr 2018,"48,554 Kms",Second Owner,Petrol,Manual,FWD,796 cc,46.3 bhp,19.7 kmpl,3.0,No,5 Seats,705 kg,160 mm,35 Litres,,
531,Honda Jazz,₹2.88 Lakh,Aug 2016,"47,889 Kms",First Owner,Petrol,Manual,FWD,1199 cc,88.7 bhp,18.7 kmpl,4.0,No,5 Seats,1042 kg,165 mm,40 Litres,,
532,Hyundai EON,₹1.71 Lakh,Jan 2016,"49,366 Kms",First Owner,Petrol,Manual,FWD,814 cc,55.2 bhp,21.1 kmpl,3.0,No,5 Seats,880 kg,170 mm,32 Litres,,
533,Maruti Suzuki Wagon R,₹1.93 Lakh,Nov 2014,"26,947 Kms",Second Owner,Petrol,Manual,FWD,998 cc,67.04 bhp,20.51 kmpl,3.0,No,5 Seats,870 kg,165 mm,35 Litres,,
534,Maruti Suzuki Alto 800,₹2.50 Lakh,Sept 2018,"56,518 Kms",First Owner,Petrol,Manual,FWD,796 cc,46.3 bhp,19.7 kmpl,3.0,No,5 Seats,705 kg,160 mm,35 Litres,,
535,Renault KWID,₹2.52 Lakh,Dec 2017,"32,115 Kms",Second Owner,Petrol,Automatic,FWD,999 cc,67 bhp,24.04 kmpl,3.0,No,5 Seats,730 kg,180 mm,28 Litres,,
536,Hyundai EON,₹1.66 Lakh,Mar 2015,"69,409 Kms",First Owner,Petrol,Manual,FWD,814 cc,55.2 bhp,21.1 kmpl,3.0,No,5 Seats,880 kg,170 mm,32 Litres,,
537,Maruti Suzuki Alto 800,₹2.41 Lakh,Feb 2017,"46,694 Kms",Second Owner,Petrol,Manual,FWD,796 cc,46.3 bhp,19.7 kmpl,3.0,No,5 Seats,705 kg,160 mm,35 Litres,,
538,Maruti Suzuki Wagon R,₹2.27 Lakh,Dec 2016,"1,11,054 Kms",First Owner,Petrol,Manual,FWD,998 cc,67.04 bhp,20.51 kmpl,3.0,No,5 Seats,885 kg,165 mm,35 Litres,,
539,Maruti Suzuki Wagon R,₹2.86 Lakh,Jan 2018,"40,285 Kms",First Owner,Petrol,Manual,FWD,998 cc,67.04 bhp,20.51 kmpl,3.0,No,5 Seats,885 kg,165 mm,35 Litres,,
540,Renault KWID,₹2.46 Lakh,Feb 2020,"98,570 Kms",First Owner,Petrol,Manual,FWD,999 cc,67 bhp,23.01 kmpl,3.0,No,5 Seats,765 kg,180 mm,28 Litres,,
541,Renault KWID,₹2.01 Lakh,Nov 2017,"37,890 Kms",First Owner,Petrol,Manual,FWD,999 cc,67 bhp,23.01 kmpl,3.0,No,5 Seats,710 kg,180 mm,28 Litres,,
542,Maruti Suzuki Alto 800,₹2.17 Lakh,Nov 2015,"43,286 Kms",Second Owner,Petrol,Manual,FWD,796 cc,46.3 bhp,19.7 kmpl,3.0,No,5 Seats,705 kg,160 mm,35 Litres,,
543,Maruti Suzuki Dzire,₹4.93 Lakh,Sept 2018,"1,07,740 Kms",First Owner,Petrol,Manual,FWD,1197 cc,80 bhp,24.79 kmpl,3.0,,5 Seats,920-960 kg,163 mm,37 Litres,,
544,Mahindra XUV300,₹5.65 Lakh,Mar 2019,"94,072 Kms",Second Owner,,Manual,FWD,1197 cc,110 bhp,17 kmpl,3.0,Yes,5 Seats,1435 kg,180 mm,42 Litres,,
545,Maruti Suzuki Vitara Brezza,₹5.44 Lakh,Jun 2018,"1,34,765 Kms",First Owner,,Automatic,FWD,1248 cc,88.5 bhp,24.3 kmpl,4.0,Yes,5 Seats,1195 kg,198 mm,,48 Litres,
546,Maruti Suzuki Alto 800,₹1.83 Lakh,May 2014,"38,460 Kms",First Owner,Petrol,Manual,,796 cc,47.33 bhp,22.05 kmpl,3.0,,5 Seats,755 kg,,35 Litres,,
547,Renault KWID,₹1.47 Lakh,Apr 2017,"54,630 Kms",Third Owner,Petrol,Manual,FWD,799 cc,53.3 bhp,25.17 kmpl,3.0,No,5 Seats,710 kg,180 mm,28 Litres,,
548,Maruti Suzuki Alto 800,₹1.65 Lakh,Mar 2016,"70,174 Kms",Second Owner,Petrol,Manual,,796 cc,47.33 bhp,22.05 kmpl,3.0,,5 Seats,755 kg,,35 Litres,,
549,MG Hector Plus,₹10.77 Lakh,Nov 2021,"39,075 Kms",First Owner,Petrol,Automatic,,1451 cc,141 bhp,16.56 kmpl,4.0,YES,6 Seats,1820 kg,,60 Litres,,
550,Tata Harrier,₹13.75 Lakh,Mar 2023,"64,000 Kms",First Owner,Diesel,Manual,,1956 cc,167.67 bhp,16.35 kmpl,4.0,Yes,5 Seats,1675 kg,,,50 Litres,
551,Tata Curvv,₹15.75 Lakh,Feb 2025,"3,300 Kms",First Owner,,Automatic,FWD,1199 cc,118 bhp,11 kmpl,3.0,No,5 Seats,,208 mm,44 Litres,,
552,Ford Ecosport,₹7.01 Lakh,May 2019,"24,533 Kms",First Owner,Petrol,Automatic,FWD,1496 cc,120.69 bhp,14.7 kmpl,3.0,No,5 Seats,1300 kg,,52 Litres,,
553,Tata Tigor,₹5.44 Lakh,Mar 2022,"26,406 Kms",First Owner,Petrol,Manual,FWD,1199 cc,85 bhp,19.28 kmpl,3.0,,5 Seats,,,35 Litres,,
554,Mahindra Thar,₹11.35 Lakh,Oct 2022,"20,046 Kms",Second Owner,,Automatic,4WD,1997 cc,150.19 bhp,8 kmpl,4.0,Yes,4 Seats,,226 mm,57 Litres,,
555,Maruti Suzuki Ertiga,₹8.15 Lakh,Apr 2021,"74,000 Kms",First Owner,Petrol,Manual,FWD,1462 cc,103.26 bhp,19.01 kmpl,4.0,No,7 Seats,1135-1170 kg,,45 Litres,,
556,Jeep Compass,₹9.25 Lakh,Feb 2020,"52,000 Kms",First Owner,,Manual,4X2,1956 cc,170 bhp,17.1 kmpl,4.0,Yes,5 Seats,1537 s kg,178 mm,,60 Litres,
557,Maruti Suzuki Wagon R,₹3.54 Lakh,Jun 2020,"84,442 Kms",First Owner,Petrol,Manual,FWD,1197 cc,81.80 bhp,20.52 kmpl,4.0,No,5 Seats,830-845 kg,,32 Litres,,
558,Renault Triber,₹5.26 Lakh,Mar 2023,"73,686 Kms",First Owner,Petrol,Manual,FWD,999 cc,71.01 bhp,20 kmpl,3.0,,7 Seats,,182 mm,40 Litres,,
559,Mahindra TUV 300,₹4.15 Lakh,May 2016,"81,000 Kms",First Owner,,Manual,RWD,1493 cc,100 bhp,18.49 kmpl,3.0,Yes,7 Seats,1755 kg,184 mm,,60 Litres,
560,Toyota Etios Liva,₹1.50 Lakh,Feb 2011,"63,000 Kms",First Owner,Petrol,Manual,,1197 cc,,18.3 kmpl,4.0,,5 Seats,895 kg,,45 Litres,,
561,Toyota Fortuner,₹13 Lakh,Oct 2015,"93,000 Kms",First Owner,,Manual,FWD,2982 cc,168.5 bhp,13 kmpl,4.0,Yes,7 Seats,1880 kg,220 mm,,80 Litres,
562,Hyundai i20,₹5.30 Lakh,Nov 2020,"76,000 Kms",First Owner,Petrol,Manual,,1197 cc,81.80 bhp,21 kmpl,4.0,No,5 Seats,1105 kg,,37 Litres,,
563,Ford Ecosport,₹4.79 Lakh,Apr 2019,"89,303 Kms",First Owner,,Manual,FWD,1498 cc,98.96 bhp,23 kmpl,4.0,Yes,5 Seats,1280 kg,200 mm,,52 Litres,
564,Renault KWID,₹1.72 Lakh,Oct 2017,"48,412 Kms",First Owner,Petrol,Manual,FWD,999 cc,67 bhp,23.01 kmpl,3.0,No,5 Seats,690 kg,180 mm,28 Litres,,
565,Hyundai Creta,₹5.70 Lakh,Aug 2017,"88,957 Kms",First Owner,,Manual,FWD,1591 cc,121.3 bhp,15.29 kmpl,4.0,No,5 Seats,1300 kg,190 mm,55 Litres,,
566,Mahindra XUV500,₹4.50 Lakh,Apr 2012,"56,000 Kms",First Owner,Diesel,Manual,AWD,2179 cc,140 bhp,15.1 kmpl,4.0,Yes,7 Seats,1635 kg,,,,
567,Nissan Terrano,₹4.25 Lakh,Aug 2014,"75,000 Kms",First Owner,,Manual,FWD,1461 cc,108.5 bhp,19.01 kmpl,4.0,Yes,5 Seats,1390 kg,205 mm,,50 Litres,
568,Mahindra XUV500,₹4.35 Lakh,Jun 2012,"73,000 Kms",Second Owner,Diesel,Manual,FWD,2179 cc,140 bhp,15.1 kmpl,4.0,Yes,7 Seats,1940 kg,,,70 Litres,
569,Honda WR-V,₹4.20 Lakh,Mar 2018,"1,29,947 Kms",Second Owner,,Manual,FWD,1498 cc,98.6 bhp,25.5 kmpl,4.0,Yes,5 Seats,1198 kg,188 mm,,40 Litres,
570,Maruti Suzuki Wagon R,₹2.18 Lakh,Dec 2013,"81,417 Kms",Second Owner,CNG,Manual,FWD,998 cc,58.16 bhp,26.6 km/kg,3.0,No,5 Seats,960 kg,165 mm,,,7 Litres
571,Hyundai i10,₹1.95 Lakh,Apr 2014,"59,160 Kms",Second Owner,Petrol,Manual,FWD,1086 cc,68.05 bhp,19.81 kmpl,4.0,No,5 Seats,860 kg,165 mm,35 Litres,,
572,Maruti Suzuki Alto 800,₹2.22 Lakh,Dec 2019,"40,800 Kms",First Owner,Petrol,Manual,,796 cc,47.33 bhp,22.05 kmpl,3.0,,5 Seats,755 kg,,35 Litres,,
573,Hyundai i10,₹1.90 Lakh,Aug 2011,"65,000 Kms",First Owner,Petrol,Manual,FWD,1197 cc,78.9 bhp,20.36 kmpl,4.0,No,5 Seats,930 kg,165 mm,35 Litres,,
574,Toyota Etios,₹3 Lakh,Feb 2012,"63,000 Kms",Second Owner,Diesel,Manual,,1364 cc,,23.59 kmpl,4.0,,5 Seats,920 kg,,,45 Litres,
575,Volkswagen Polo,₹1.90 Lakh,Jan 2012,"1,04,000 Kms",Second Owner,Petrol,Manual,FWD,1198 cc,73.9 bhp,16.47 kmpl,3.0,No,5 Seats,1030 kg,168 mm,45 Litres,,
576,Hyundai Santro Xing,₹1.75 Lakh,Feb 2010,"73,000 Kms",Second Owner,CNG,Manual,FWD,1086 cc,62.1 bhp,11.88 km/kg,3.0,No,5 Seats,845 kg,164 mm,,,35 Litres
577,Datsun RediGO,₹1.80 Lakh,Mar 2018,"74,000 Kms",First Owner,Petrol,Manual,2WD,999 cc,67 bhp,22.5 kmpl,3.0,No,5 Seats,730 kg,,28 Litres,,
578,Maruti Suzuki Swift,₹2.66 Lakh,Jun 2011,"57,491 Kms",First Owner,Petrol,Manual,,1197 cc,,16.1 kmpl,4.0,Yes,5 Seats,1010 kg,170 mm,,,
579,Hyundai Xcent,₹2.15 Lakh,Sept 2015,"1,10,643 Kms",Second Owner,Petrol,Manual,FWD,1197 cc,82 bhp,19.1 kmpl,4.0,No,5 Seats,1160 kg,165 mm,43 Litres,,
580,Hyundai i10,₹1.78 Lakh,Nov 2012,"71,330 Kms",First Owner,Petrol,Manual,FWD,1086 cc,68.05 bhp,19.81 kmpl,4.0,No,5 Seats,860 kg,165 mm,35 Litres,,
581,Hyundai Creta,₹8.68 Lakh,Dec 2020,"92,638 Kms",Second Owner,Petrol,Automatic,,1353 cc,138.12 bhp,11 kmpl,4.0,Yes,5 Seats,1465 kg,,50 Litres,,
582,Mahindra Bolero Neo,₹7.75 Lakh,Sept 2021,"56,000 Kms",First Owner,,Manual,RWD(with MTT),1493 cc,100 bhp,17.29 kmpl,3.0,Yes,7 Seats,1505 kg,180 mm,,50 Litres,
583,Maruti Suzuki S Cross,₹6.65 Lakh,May 2018,"65,000 Kms",First Owner,,Manual,FWD,1248 cc,88.5 bhp,25.1 kmpl,4.0,Yes,5 Seats,1230 kg,180 mm,,48 Litres,
584,Hyundai Santro,₹4.75 Lakh,Jun 2021,"13,801 Kms",First Owner,Petrol,Automatic,FWD,1086 cc,68.05 bhp,20.3 kmpl,4.0,No,5 Seats,1070 kg,,35 Litres,,
585,Mahindra TUV 300,₹3.95 Lakh,Mar 2016,"40,000 Kms",First Owner,,Manual,RWD,1493 cc,100 bhp,18.49 kmpl,3.0,Yes,7 Seats,1725 kg,184 mm,,60 Litres,
586,Datsun RediGO,₹1.32 Lakh,Aug 2017,"78,773 Kms",Second Owner,Petrol,Manual,2WD,799 cc,53.64 bhp,22.7 kmpl,3.0,No,5 Seats,770 kg,,28 Litres,,
587,Maruti Suzuki Alto 800,₹2.26 Lakh,Jul 2019,"49,491 Kms",First Owner,Petrol,Manual,,796 cc,47.33 bhp,22.05 kmpl,3.0,,5 Seats,755 kg,,35 Litres,,
588,Honda Jazz,₹7.62 Lakh,Aug 2022,"32,995 Kms",First Owner,Petrol,Manual,,1199 cc,88.50 bhp,17.1 kmpl,4.0,,5 Seats,1063 kg,,40 Litres,,
589,Honda Jazz,₹6.51 Lakh,Aug 2021,"52,088 Kms",First Owner,Petrol,Manual,,1199 cc,88.50 bhp,17.1 kmpl,4.0,,5 Seats,1063 kg,,40 Litres,,
590,Ford Fiesta,₹6.31 Lakh,Jul 2021,"1,09,001 Kms",Second Owner,Petrol,Manual,2wd,1499 cc,,17 kmpl,4.0,No,5 Seats,1117 kg,156 mm,43 Litres,,
591,Hyundai Elantra,₹7.35 Lakh,May 2017,"48,000 Kms",First Owner,Petrol,Manual,FWD,1999 cc,149.92 bhp,14.59 kmpl,4.0,No,5 Seats,1240 kg,167 mm,50 Litres,,
592,Mahindra XUV300,₹8.91 Lakh,Jul 2023,"90,859 Kms",First Owner,Petrol,Automatic,FWD,1197 cc,108.62 bhp,16.5 kmpl,3.0,Yes,5 Seats,,,42 Litres,,
593,Hyundai Creta,₹10.90 Lakh,Jun 2023,"69,000 Kms",First Owner,Diesel,Manual,2WD,1493 cc,113.98 bhp,18 kmpl,4.0,Yes,5 Seats,1430 kg,,,50 Litres,
594,Maruti Suzuki Celerio,₹3.25 Lakh,Mar 2015,"73,000 Kms",Second Owner,Petrol,Automatic,FWD,998 cc,67.04 bhp,23.1 kmpl,3.0,No,5 Seats,840 kg,120 mm,35 Litres,,
595,Renault Duster,₹3.61 Lakh,Sept 2018,"77,577 Kms",First Owner,,Manual,FWD,1498 cc,104.5 bhp,14.19 kmpl,4.0,No,5 Seats,1110 kg,205 mm,50 Litres,,
596,Hyundai Verna,₹5.05 Lakh,Aug 2015,"1,04,380 Kms",Third Owner,Petrol,Manual,FWD,1591 cc,121.3 bhp,17.01 kmpl,4.0,No,5 Seats,1198 kg,170 mm,43 Litres,,
597,Tata Tiago,₹4.97 Lakh,Aug 2022,"33,404 Kms",First Owner,Petrol,Automatic,FWD,1199 cc,85 bhp,19 kmpl,3.0,,5 Seats,,170 mm,35 Litres,,
598,Tata Tiago,₹4.01 Lakh,Feb 2023,"19,378 Kms",First Owner,Petrol,Manual,,1199 cc,84.82 bhp,19.01 kmpl,3.0,,5 Seats,,170 mm,35 Litres,,
599,Maruti Suzuki Alto 800,₹1.80 Lakh,Apr 2014,"60,117 Kms",Second Owner,Petrol,Manual,FWD,796 cc,46.3 bhp,19.7 kmpl,3.0,No,5 Seats,705 kg,160 mm,35 Litres,,
600,Renault KWID,₹2.75 Lakh,Oct 2017,"50,000 Kms",First Owner,Petrol,Automatic,FWD,999 cc,67 bhp,23.01 kmpl,3.0,No,5 Seats,750 kg,180 mm,,,
601,Datsun GO,₹1.71 Lakh,Feb 2019,"45,073 Kms",First Owner,Petrol,Manual,FWD,1198 cc,67.05 bhp,19.02 kmpl,3.0,No,5 Seats,886 kg,,35 Litres,,
602,Toyota Innova Crysta,₹16.50 Lakh,Sept 2018,"1,17,000 Kms",First Owner,Diesel,Manual,RWD,2393 cc,147.8 bhp,,4.0,Yes,7 Seats,1855 kg,,,55 Litres,
603,Tata Tigor EV,₹6.90 Lakh,Dec 2021,"38,000 Kms",First Owner,,Automatic,,,73.75 bhp,,,,5 Seats,1235 kg,172 mm,,,
604,Mahindra Scorpio,₹7.70 Lakh,Oct 2016,"59,000 Kms",First Owner,,Manual,RWD,2179 cc,120 bhp,15.4 kmpl,4.0,Yes,7 Seats,1645 kg,180 mm,,,
605,Maruti Suzuki Ertiga,₹3.98 Lakh,Jun 2015,"1,11,486 Kms",Third Owner,Diesel,Manual,FWD,1248 cc,88.76 bhp,20.77 kmpl,4.0,Yes,7 Seats,1235 kg,185 mm,,45 Litres,
606,Mahindra Scorpio,₹4.50 Lakh,Jul 2014,"1,32,000 Kms",Second Owner,,Manual,2 WD,2179 cc,120 bhp,12.05 kmpl,4.0,Yes,8 Seats,1940 kg,180 mm,,60 Litres,
607,Mahindra Scorpio,₹3.85 Lakh,May 2013,"1,64,000 Kms",Second Owner,,Manual,FWD,2523 cc,75 bhp,14 kmpl,4.0,Yes,8 Seats,1870 kg,180 mm,,55 Litres,
608,Mahindra XUV 3XO,₹11.90 Lakh,Jul 2024,"24,000 Kms",First Owner,Petrol,Automatic,FWD,1197 cc,128.73 bhp,18.2 kmpl,3.0,Yes,5 Seats,,,42 Litres,,
609,Mahindra XUV500,₹4.50 Lakh,Oct 2012,"1,29,000 Kms",Second Owner,Diesel,Manual,FWD,2179 cc,140 bhp,15.1 kmpl,4.0,Yes,7 Seats,1940 kg,,,70 Litres,
610,Maruti Suzuki Alto K10,₹4.34 Lakh,Jul 2023,"13,828 Kms",First Owner,Petrol,Manual,FWD,998 cc,65.71 bhp,24.39 kmpl,3.0,,5 Seats,,,27 Litres,,
611,Maruti Suzuki Swift,₹4.66 Lakh,Dec 2018,"41,491 Kms",First Owner,Petrol,Automatic,FWD,1197 cc,88.50 bhp,22.56 kmpl,4.0,,5 Seats,875-905 kg,,37 Litres,,
612,Renault Triber,₹4.34 Lakh,Oct 2021,"45,081 Kms",First Owner,Petrol,Automatic,,999 cc,71.01 bhp,18.2 kmpl,3.0,,7 Seats,947 kg,182 mm,40 Litres,,
613,Maruti Suzuki Ertiga,₹9.15 Lakh,Jun 2022,"62,000 Kms",First Owner,CNG,Manual,2WD,1462 cc,86.63 bhp,26.11 km/kg,4.0,,7 Seats,1250-1255 kg,,,,60 Litres
614,Maruti Suzuki Wagon R,₹2.57 Lakh,Apr 2014,"55,764 Kms",First Owner,Petrol,Manual,,998 cc,65.71 bhp,24.35 kmpl,3.0,,5 Seats,810-835 kg,,32 Litres,,
615,Toyota Fortuner,₹14 Lakh,Mar 2016,"80,000 Kms",First Owner,,Automatic,4WD,2982 cc,168.5 bhp,12.55 kmpl,4.0,Yes,7 Seats,2000 kg,220 mm,,80 Litres,
616,Mahindra XUV700,₹13.62 Lakh,Mar 2022,"39,740 Kms",First Owner,Petrol,Manual,FWD,1999 cc,197 bhp,15 kmpl,4.0,Yes,5 Seats,,,60 Litres,,
617,Hyundai i20,₹5.93 Lakh,Sept 2024,"8,766 Kms",First Owner,Petrol,Manual,FWD,1197 cc,82 bhp,16 kmpl,4.0,,5 Seats,,,37 Litres,,
618,Maruti Suzuki XL6,₹9.75 Lakh,Mar 2021,"49,000 Kms",First Owner,Petrol,Automatic,FWD,1462 cc,103.2 bhp,,4.0,,6 Seats,1190 kg,,45 Litres,,
619,Tata Tiago,₹4.27 Lakh,Apr 2022,"63,254 Kms",First Owner,CNG,Manual,,1199 cc,72 bhp,26.49 km/kg,3.0,,5 Seats,1030 kg,168 mm,,,60 Litres
620,Tata Tiago,₹4.15 Lakh,May 2022,"57,149 Kms",First Owner,CNG,Manual,,1199 cc,72 bhp,26.49 km/kg,3.0,,5 Seats,,168 mm,,,60 Litres
621,Chevrolet Tavera,₹1.15 Lakh,Nov 2006,"2,81,000 Kms",Third Owner,Diesel,Manual,2WD,2499 cc,,12.2 kmpl,4.0,,10 Seats,"1,585 kg",184 mm,,55 Litres,
622,Tata Safari Storme,₹8.25 Lakh,Mar 2019,"84,000 Kms",First Owner,,Manual,RWD,2179 cc,153.86 bhp,14.1 kmpl,4.0,Yes,7 Seats,1570 kg,200 mm,,63 Litres,
623,Tata Nexon EV,₹9.50 Lakh,Apr 2021,"25,000 Kms",First Owner,,Automatic,,,127 bhp,,,,5 Seats,1400 kg,205 mm,,,
624,Volkswagen Vento,₹5.15 Lakh,Sept 2016,"59,967 Kms",Second Owner,Petrol,Automatic,FWD,1197 cc,103.2 bhp,18.19 kmpl,4.0,Yes,5 Seats,1179 kg,163 mm,55 Litres,,
625,Tata Tiago,₹4.18 Lakh,Mar 2022,"74,109 Kms",First Owner,CNG,Manual,,1199 cc,72 bhp,26.49 km/kg,3.0,,5 Seats,1030 kg,168 mm,,,60 Litres
626,Tata Safari Storme,₹4.05 Lakh,Oct 2013,"98,000 Kms",Second Owner,,Manual,FWD,2179 cc,138.1 bhp,14 kmpl,4.0,Yes,7 Seats,2000 kg,200 mm,,55 Litres,
627,Mahindra Thar,₹8.95 Lakh,Dec 2021,"58,423 Kms",First Owner,,Automatic,4X4,1997 cc,150 bhp,8 kmpl,4.0,Yes,4 Seats,1825 kg,226 mm,57 Litres,,
628,BMW 3 Series,₹13.21 Lakh,Jan 2014,"67,000 Kms",First Owner,Diesel,Automatic,RWD,1995 cc,184 bhp,,4.0,Yes,5 Seats,1500 kg,157 mm,,60 Litres,
629,Hyundai Santro Xing,₹1.75 Lakh,Dec 2011,"56,000 Kms",First Owner,Petrol,Manual,,1086 cc,62 bhp,,4.0,No,5 Seats,854 kg,164 mm,35 Litres,,
630,Maruti Suzuki Alto 800,₹2.89 Lakh,Jun 2018,"43,117 Kms",First Owner,Petrol,Manual,FWD,796 cc,46.3 bhp,19.7 kmpl,3.0,No,5 Seats,705 kg,160 mm,35 Litres,,
631,Skoda Superb,₹29.50 Lakh,Sept 2023,"44,000 Kms",First Owner,Petrol,Automatic,FWD,1984 cc,187.74 bhp,15.1 kmpl,4.0,Yes,5 Seats,1579 kg,156 mm,66 Litres,,
632,Maruti Suzuki Alto K10,₹5.18 Lakh,Jun 2024,"12,523 Kms",First Owner,CNG,Manual,FWD,998 cc,55.92 bhp,33.85 km/kg,3.0,,4 Seats,,,,,55 Litres
633,Hyundai Aura,₹5.08 Lakh,Aug 2021,"13,258 Kms",First Owner,Petrol,Manual,,1197 cc,81.86 bhp,20.5 kmpl,4.0,No,5 Seats,1070 kg,,,,
634,Maruti Suzuki Ertiga,₹9.25 Lakh,May 2021,"62,000 Kms",First Owner,Petrol,Automatic,FWD,1462 cc,103.26 bhp,17.99 kmpl,4.0,No,7 Seats,1135-1170 kg,,45 Litres,,
635,BMW 5 Series,₹10.75 Lakh,Jan 2013,"45,000 Kms",Second Owner,Diesel,Automatic,RWD,1995 cc,218 bhp,,4.0,Yes,5 Seats,"1,615 kg",158 mm,,70 Litres,
636,Hyundai Grand i10 Nios,₹4.95 Lakh,May 2021,"71,000 Kms",Second Owner,Petrol,Manual,,1197 cc,81.86 bhp,20.7 kmpl,4.0,No,5 Seats,1100 kg,,37 Litres,,
637,Hyundai Grand i10,₹4.14 Lakh,Jul 2017,"63,264 Kms",First Owner,Petrol,Manual,FWD,1197 cc,81.86 bhp,18.9 kmpl,4.0,No,5 Seats,1120 kg,165 mm,43 Litres,,
638,Skoda Superb,₹5.62 Lakh,Jul 2021,"1,23,883 Kms",Second Owner,Petrol,Manual,FWD,1798 cc,157.8 bhp,13.1 kmpl,4.0,Yes,5 Seats,1533 kg,158 mm,60 Litres,,
639,Tata Tiago,₹3.52 Lakh,2017,"1,05,000 Kms",First Owner,Diesel,Manual,FWD,1047 cc,69 bhp,27.28 kmpl,3.0,Yes,5 Seats,1080 kg,170 mm,,35 Litres,
640,Hyundai Grand i10,₹3.13 Lakh,Dec 2013,"47,200 Kms",First Owner,Petrol,Manual,FWD,1197 cc,81.86 bhp,18.9 kmpl,4.0,No,5 Seats,1120 kg,165 mm,43 Litres,,
641,Renault KWID,₹3.14 Lakh,Feb 2020,"56,959 Kms",First Owner,Petrol,Manual,FWD,999 cc,67 bhp,21.74 kmpl,3.0,No,5 Seats,730 kg,184 mm,28 Litres,,
642,Maruti Suzuki Alto 800,₹2.50 Lakh,Sept 2017,"72,000 Kms",First Owner,Petrol,Manual,FWD,796 cc,47.3 bhp,24.7 kmpl,3.0,No,5 Seats,720 kg,160 mm,35 Litres,,
643,Hyundai Grand i10,₹3.75 Lakh,Oct 2016,"52,680 Kms",First Owner,Petrol,Manual,FWD,1197 cc,81.86 bhp,18.9 kmpl,4.0,No,5 Seats,1120 kg,165 mm,43 Litres,,
644,Honda WR-V,₹5.12 Lakh,Sept 2017,"50,020 Kms",Second Owner,,Manual,FWD,1199 cc,88.7 bhp,17.5 kmpl,4.0,No,5 Seats,1103 kg,188 mm,40 Litres,,
645,Maruti Suzuki Swift Dzire,₹3.26 Lakh,Mar 2013,"83,716 Kms",First Owner,Petrol,Manual,FWD,1197 cc,83.14 bhp,20.85 kmpl,4.0,No,5 Seats,945 kg,170 mm,42 Litres,,
646,Hyundai Grand i10,₹4.62 Lakh,Dec 2016,"42,194 Kms",First Owner,Petrol,Automatic,FWD,1197 cc,82 bhp,18.9 kmpl,4.0,No,5 Seats,935 kg,165 mm,43 Litres,,
647,Hyundai Xcent,₹5.25 Lakh,Jul 2018,"39,140 Kms",First Owner,Petrol,Manual,,,,,4.0,,,1120 kg,,,,
648,Hyundai Grand i10,₹4.31 Lakh,Jul 2017,"75,708 Kms",First Owner,Petrol,Manual,FWD,1197 cc,81.86 bhp,18.9 kmpl,4.0,No,5 Seats,1160 kg,165 mm,43 Litres,,
649,Hyundai Grand i10,₹4 Lakh,Aug 2017,"84,513 Kms",First Owner,Petrol,Manual,FWD,1197 cc,81.86 bhp,18.9 kmpl,4.0,No,5 Seats,1120 kg,165 mm,43 Litres,,
650,Maruti Suzuki Celerio,₹3.60 Lakh,Sept 2018,"50,000 Kms",First Owner,Petrol,Manual,FWD,998 cc,67.04 bhp,23.1 kmpl,3.0,No,5 Seats,825 kg,165 mm,35 Litres,,
651,Ford Fiesta,₹7.37 Lakh,Mar 2021,"62,014 Kms",First Owner,Petrol,Manual,2wd,1499 cc,,17 kmpl,4.0,No,5 Seats,1117 kg,156 mm,43 Litres,,
652,Hyundai Grand i10 Nios,₹6.50 Lakh,Nov 2022,"28,000 Kms",First Owner,Petrol,Manual,,1197 cc,81.86 bhp,20.7 kmpl,4.0,No,5 Seats,1160 kg,,37 Litres,,
653,Maruti Suzuki Swift Dzire,₹6.35 Lakh,Jul 2021,"56,000 Kms",First Owner,Petrol,Manual,,1197 cc,88.50 bhp,22.41 kmpl,4.0,,5 Seats,880-915 kg,,37 Litres,,
654,Maruti Suzuki Ertiga,₹5.66 Lakh,May 2017,"64,066 Kms",First Owner,Diesel,Manual,FWD,1248 cc,88.5 bhp,24.52 kmpl,4.0,Yes,7 Seats,1260 kg,185 mm,,45 Litres,
655,Maruti Suzuki Swift,₹3.48 Lakh,Jun 2014,"48,878 Kms",First Owner,Petrol,Manual,FWD,1197 cc,80.46 bhp,24.8 kmpl,3.0,No,5 Seats,920 kg,163 mm,37 Litres,,
656,Honda City Hybrid,₹19.74 Lakh,Jan 2023,"36,529 Kms",First Owner,Petrol,Automatic,,1498 cc,96.55 bhp,26.5 kmpl,4.0,,5 Seats,1280 kg,,40 Litres,,
657,Volkswagen Virtus,₹10.62 Lakh,Feb 2023,"59,269 Kms",First Owner,Petrol,Manual,FWD,999 cc,113.98 bhp,19.4 kmpl,3.0,Yes,5 Seats,1210 kg,179 mm,45 Litres,,
658,Volkswagen Virtus,₹10.07 Lakh,May 2023,"35,842 Kms",First Owner,Petrol,Manual,FWD,999 cc,113.98 bhp,19.4 kmpl,3.0,Yes,5 Seats,1188 kg,179 mm,45 Litres,,
659,Maruti Suzuki Wagon R,₹2.56 Lakh,Apr 2014,"99,094 Kms",First Owner,Petrol,Manual,,998 cc,65.71 bhp,24.35 kmpl,3.0,,5 Seats,810-835 kg,,32 Litres,,
660,Skoda Slavia,₹7.17 Lakh,Jun 2022,"68,713 Kms",First Owner,Petrol,Manual,FWD,999 cc,113.98 bhp,19.47 kmpl,3.0,Yes,5 Seats,1160-1215 kg,179 mm,45 Litres,,
661,Volkswagen Vento,₹6.22 Lakh,Oct 2020,"1,11,318 Kms",First Owner,Petrol,Automatic,FWD,999 cc,108.62 bhp,16.35 kmpl,4.0,Yes,5 Seats,1175 kg,163 mm,55 Litres,,
662,Hyundai Grand i10 Nios,₹6.11 Lakh,Aug 2020,"27,000 Kms",First Owner,Petrol,Automatic,,1197 cc,81.86 bhp,20.7 kmpl,4.0,No,5 Seats,1100 kg,,37 Litres,,
663,Honda WR-V,₹5 Lakh,Sept 2017,"1,15,388 Kms",First Owner,,Manual,FWD,1199 cc,88.7 bhp,17.5 kmpl,4.0,No,5 Seats,1103 kg,188 mm,40 Litres,,
664,Maruti Suzuki Alto 800,₹2.26 Lakh,Mar 2016,"63,968 Kms",Second Owner,Petrol,Manual,FWD,796 cc,46.3 bhp,19.7 kmpl,3.0,No,5 Seats,705 kg,160 mm,35 Litres,,
665,Honda Brio,₹2.39 Lakh,Dec 2015,"39,551 Kms",First Owner,Petrol,Manual,FWD,1198 cc,86.8 bhp,19.4 kmpl,4.0,No,5 Seats,925 kg,165 mm,35 Litres,,
666,Hyundai EON,₹2.21 Lakh,May 2016,"45,015 Kms",Third Owner,Petrol,Manual,RWD,814 cc,,22 kmpl,3.0,No,5 Seats,910 kg,,32 Litres,,
667,Maruti Suzuki Celerio,₹2.82 Lakh,Aug 2016,"67,753 Kms",Third Owner,Petrol,Manual,FWD,998 cc,67.05 bhp,21.63 kmpl,3.0,No,5 Seats,835 kg,165 mm,35 Litres,,
668,Maruti Suzuki Wagon R,₹2.01 Lakh,Mar 2013,"59,722 Kms",Second Owner,Petrol,Manual,,998 cc,65.71 bhp,24.35 kmpl,3.0,,5 Seats,810-835 kg,,32 Litres,,
669,Honda Brio,₹2.35 Lakh,Jul 2012,"66,000 Kms",First Owner,Petrol,Manual,FWD,1198 cc,86.8 bhp,19.4 kmpl,4.0,No,5 Seats,925 kg,165 mm,35 Litres,,
670,Maruti Suzuki Alto 800,₹2.60 Lakh,Feb 2019,"57,000 Kms",First Owner,Petrol,Manual,FWD,796 cc,47.3 bhp,24.7 kmpl,3.0,No,5 Seats,720 kg,160 mm,35 Litres,,
671,Honda Brio,₹2.10 Lakh,Apr 2012,"67,325 Kms",First Owner,Petrol,Manual,FWD,1198 cc,86.8 bhp,19.4 kmpl,4.0,No,5 Seats,925 kg,165 mm,35 Litres,,
672,Honda Jazz,₹3 Lakh,Jul 2016,"48,000 Kms",Second Owner,Petrol,Manual,FWD,1199 cc,88.7 bhp,18.7 kmpl,4.0,No,5 Seats,1042 kg,165 mm,40 Litres,,
673,Hyundai i20,₹4.91 Lakh,Jul 2018,"63,614 Kms",First Owner,Petrol,Manual,FWD,1197 cc,81.83 bhp,18.6 kmpl,4.0,No,5 Seats,1066 kg,170 mm,45 Litres,,
674,Honda Amaze,₹3.12 Lakh,Oct 2014,"58,096 Kms",First Owner,Petrol,Manual,FWD,1198 cc,86.7 bhp,17.8 kmpl,4.0,No,5 Seats,955 kg,165 mm,35 Litres,,
675,Hyundai Xcent,₹4.69 Lakh,Oct 2019,"23,463 Kms",Second Owner,Petrol,Manual,,,,,4.0,,,1120 kg,,,,
676,Maruti Suzuki Swift Dzire,₹3.08 Lakh,May 2013,"1,10,396 Kms",First Owner,Petrol,Manual,FWD,1197 cc,83.14 bhp,20.85 kmpl,4.0,No,5 Seats,945 kg,170 mm,42 Litres,,
677,Mahindra KUV 100 NXT,₹3.64 Lakh,Jun 2018,"47,618 Kms",First Owner,Petrol,Manual,2WD,1198 cc,82 bhp,18.15 kmpl,3.0,,6 Seats,1170 kg,170 mm,35 Litres,,
678,Hyundai Grand i10,₹4.95 Lakh,May 2018,"62,000 Kms",First Owner,Diesel,Manual,FWD,1186 cc,73.97 bhp,24 kmpl,3.0,No,5 Seats,1100 kg,165 mm,,43 Litres,
679,Kia Carens,₹15.28 Lakh,Mar 2022,"40,784 Kms",First Owner,Diesel,Automatic,FWD,1493 cc,114.41 bhp,,4.0,Yes,6 Seats,,,,45 Litres,
680,Honda Elevate,₹17 Lakh,,"12,979 Kms",,Petrol,Manual,FWD,1498 cc,119 bhp,15.31 kmpl,4.0,,5 Seats,1259 kg,,40 Litres,,
681,Hyundai EON,₹1.89 Lakh,Jan 2018,"39,841 Kms",Second Owner,Petrol,Manual,FWD,814 cc,55.2 bhp,21.1 kmpl,3.0,No,5 Seats,880 kg,170 mm,32 Litres,,
682,Hyundai Grand i10,₹3.69 Lakh,Nov 2015,"68,108 Kms",Second Owner,Petrol,Manual,FWD,1197 cc,81.86 bhp,18.9 kmpl,4.0,No,5 Seats,1060 kg,165 mm,43 Litres,,
683,Ford Ecosport,₹6.73 Lakh,Jul 2021,"1,11,294 Kms",First Owner,,Automatic,FWD,1499 cc,110 bhp,16.5 kmpl,4.0,No,5 Seats,1290 kg,200 mm,52 Litres,,
684,Honda WR-V,₹7 Lakh,Oct 2020,"1,02,907 Kms",First Owner,,Manual,FWD,1498 cc,98.6 bhp,25.5 kmpl,4.0,Yes,5 Seats,1198 kg,188 mm,,40 Litres,
685,Nissan Magnite,₹6.04 Lakh,Jan 2021,"60,170 Kms",First Owner,,Automatic,FWD,999 cc,98.63 bhp,17.4 kmpl,3.0,Yes,5 Seats,,205 mm,40 Litres,,
686,Hyundai Grand i10 Nios,₹6.50 Lakh,Oct 2021,"38,000 Kms",First Owner,Petrol,Automatic,,1197 cc,81.86 bhp,20.7 kmpl,4.0,No,5 Seats,1140 kg,,37 Litres,,
687,Maruti Suzuki Vitara Brezza,₹7.50 Lakh,Jan 2018,"40,000 Kms",First Owner,,Manual,FWD,1248 cc,88.5 bhp,24.3 kmpl,4.0,Yes,5 Seats,1185 kg,198 mm,,48 Litres,
688,Maruti Suzuki Swift Dzire,₹6.25 Lakh,Sept 2018,"45,000 Kms",First Owner,Petrol,Automatic,FWD,1197 cc,81.80 bhp,21.21 kmpl,4.0,No,5 Seats,860-895 kg,163 mm,37 Litres,,
689,Hyundai Tucson,₹28.50 Lakh,Oct 2022,"41,000 Kms",First Owner,Diesel,Automatic,2WD,1997 cc,183.72 bhp,,4.0,Yes,5 Seats,1745 kg,,,54 Litres,
690,Toyota Innova Crysta,₹12.54 Lakh,Oct 2016,"97,968 Kms",First Owner,Diesel,Manual,,2393 cc,147.51 bhp,,4.0,,8 Seats,,,,55 Litres,
691,Maruti Suzuki Celerio,₹2.90 Lakh,Feb 2016,"75,000 Kms",Second Owner,Petrol,Automatic,FWD,998 cc,67.04 bhp,23.1 kmpl,3.0,No,5 Seats,840 kg,120 mm,35 Litres,,
692,Honda Elevate,₹15.18 Lakh,Jan 2023,"24,114 Kms",First Owner,Petrol,Automatic,FWD,1498 cc,119 bhp,16.92 kmpl,4.0,,5 Seats,1213 kg,,40 Litres,,
693,Maruti Suzuki Wagon R,₹2.78 Lakh,Jul 2015,"69,451 Kms",First Owner,Petrol,Manual,,998 cc,65.71 bhp,24.35 kmpl,3.0,,5 Seats,810-835 kg,,32 Litres,,
694,Hyundai Alcazar,₹20.27 Lakh,Jun 2021,"31,008 Kms",First Owner,Diesel,Automatic,,1493 cc,113.42 bhp,18.1 kmpl,4.0,Yes,6 Seats,1770 kg,,,50 Litres,
695,Volkswagen Taigun,₹11.84 Lakh,Oct 2022,"86,513 Kms",First Owner,Petrol,Automatic,,1498 cc,147.51 bhp,17.88 kmpl,4.0,Yes,5 Seats,1312 kg,188 mm,,,
696,Kia Carens,₹13.77 Lakh,Mar 2022,"99,421 Kms",First Owner,Diesel,Automatic,FWD,1493 cc,114.41 bhp,,4.0,Yes,6 Seats,,,,45 Litres,
697,Kia Seltos,₹13.08 Lakh,Jun 2021,"46,552 Kms",First Owner,Petrol,Automatic,FWD,1353 cc,138.08 bhp,16.5 kmpl,4.0,Yes,5 Seats,1535 kg,,50 Litres,,
698,Volkswagen Virtus,₹12.64 Lakh,Jul 2022,"40,824 Kms",Second Owner,Petrol,Automatic,FWD,1498 cc,147.51 bhp,19.62 kmpl,4.0,Yes,5 Seats,1269 kg,179 mm,45 Litres,,
699,Honda Brio,₹1.70 Lakh,Mar 2013,"87,101 Kms",First Owner,Petrol,Manual,FWD,1198 cc,86.8 bhp,19.4 kmpl,4.0,No,5 Seats,925 kg,165 mm,35 Litres,,
700,Maruti Suzuki Alto 800,₹2.25 Lakh,Aug 2015,"59,095 Kms",First Owner,Petrol,Manual,FWD,796 cc,46.3 bhp,19.7 kmpl,3.0,No,5 Seats,705 kg,160 mm,35 Litres,,
701,Maruti Suzuki Wagon R,₹2.15 Lakh,Nov 2013,"99,926 Kms",First Owner,Petrol,Manual,,998 cc,65.71 bhp,24.35 kmpl,3.0,,5 Seats,810-835 kg,,32 Litres,,
702,Maruti Suzuki Alto 800,₹2.25 Lakh,Jun 2015,"34,965 Kms",Second Owner,Petrol,Manual,FWD,796 cc,47.3 bhp,24.7 kmpl,3.0,No,5 Seats,725 kg,160 mm,35 Litres,,
703,Maruti Suzuki Alto 800,₹2.76 Lakh,Apr 2018,"60,564 Kms",First Owner,Petrol,Manual,FWD,796 cc,47.3 bhp,24.7 kmpl,3.0,No,5 Seats,725 kg,160 mm,35 Litres,,
704,Maruti Suzuki Alto 800,₹2.34 Lakh,Dec 2016,"47,238 Kms",Second Owner,Petrol,Manual,FWD,796 cc,46.3 bhp,19.7 kmpl,3.0,No,5 Seats,705 kg,160 mm,35 Litres,,
705,Renault KWID,₹2.35 Lakh,Oct 2017,"65,000 Kms",Second Owner,Petrol,Manual,FWD,999 cc,67 bhp,23.01 kmpl,3.0,No,5 Seats,690 kg,180 mm,28 Litres,,
706,Honda Amaze,₹3 Lakh,Jan 2016,"54,000 Kms",Second Owner,Petrol,Manual,FWD,1198 cc,86.7 bhp,17.8 kmpl,4.0,No,5 Seats,955 kg,165 mm,35 Litres,,
707,Honda Amaze,₹2.70 Lakh,Aug 2015,"1,18,259 Kms",Second Owner,Diesel,Manual,FWD,1498 cc,98.63 bhp,24.7 kmpl,4.0,Yes,5 Seats,1029 kg,,,35 Litres,
708,Honda Amaze,₹3.91 Lakh,Jan 2014,"70,508 Kms",First Owner,Petrol,Manual,FWD,1198 cc,86.7 bhp,17.8 kmpl,4.0,No,5 Seats,955 kg,165 mm,35 Litres,,
709,Honda Amaze,₹3.13 Lakh,Nov 2013,"54,455 Kms",First Owner,Petrol,Manual,FWD,1198 cc,86.7 bhp,17.8 kmpl,4.0,No,5 Seats,955 kg,165 mm,35 Litres,,
710,Honda Amaze,₹3.07 Lakh,Nov 2015,"92,391 Kms",Second Owner,Petrol,Manual,FWD,1199 cc,89 bhp,18.65 kmpl,4.0,,5 Seats,952-986 kg,172 mm,35 Litres,,
711,VX i-VTEC,₹3.56 Lakh,Nov 2013,"39,266 Kms",Second Owner,Petrol,Manual,FWD,1198 cc,86.7 bhp,17.8 kmpl,4.0,No,5 Seats,955 kg,165 mm,35 Litres,,
712,Maruti Suzuki Baleno,₹4.05 Lakh,Nov 2017,"1,17,232 Kms",First Owner,Diesel,Manual,FWD,1248 cc,74 bhp,27.39 kmpl,4.0,Yes,5 Seats,985 kg,170 mm,,37 Litres,
713,Skoda Rapid,₹5.78 Lakh,Aug 2021,"87,562 Kms",Second Owner,Petrol,Manual,FWD,999 cc,108.62 bhp,18.97 kmpl,3.0,Yes,5 Seats,1112-1138 kg,,55 Litres,,
714,Ford Freestyle,₹4.82 Lakh,Jul 2021,"1,16,338 Kms",First Owner,Petrol,Manual,FWD,1194 cc,94.93 bhp,18.5 kmpl,3.0,No,5 Seats,1026-1044 kg,,42 Litres,,
715,Honda Amaze,₹3.95 Lakh,Jul 2014,"44,724 Kms",First Owner,Petrol,Manual,FWD,1198 cc,86.7 bhp,17.8 kmpl,4.0,No,5 Seats,955 kg,165 mm,35 Litres,,
716,Maruti Suzuki Baleno,₹4.67 Lakh,Dec 2018,"94,538 Kms",Second Owner,Petrol,Automatic,FWD,1197 cc,83.1 bhp,21.4 kmpl,4.0,No,5 Seats,935 kg,170 mm,37 Litres,,
717,Honda Amaze,₹3.56 Lakh,Nov 2013,"39,266 Kms",Second Owner,Petrol,Manual,FWD,1198 cc,86.7 bhp,17.8 kmpl,4.0,No,5 Seats,955 kg,165 mm,35 Litres,,
718,Hyundai i20,₹5.40 Lakh,Oct 2016,"62,000 Kms",First Owner,Diesel,Manual,FWD,1396 cc,88.73 bhp,22.54 kmpl,4.0,Yes,5 Seats,1515 kg,170 mm,,45 Litres,
719,Hyundai Grand i10,₹5.25 Lakh,Aug 2019,"61,000 Kms",First Owner,Petrol,Manual,FWD,1197 cc,81.86 bhp,18.9 kmpl,4.0,No,5 Seats,1140 kg,165 mm,43 Litres,,
720,Hyundai i20,₹4.60 Lakh,May 2015,"51,000 Kms",First Owner,Petrol,Manual,FWD,1197 cc,81.83 bhp,18.6 kmpl,4.0,No,5 Seats,1066 kg,170 mm,45 Litres,,
721,Maruti Suzuki Swift Dzire,₹5.21 Lakh,Apr 2019,"67,000 Kms",First Owner,Petrol,Manual,FWD,1197 cc,81.80 bhp,21.21 kmpl,4.0,No,5 Seats,860-895 kg,163 mm,37 Litres,,
722,Honda Jazz,₹3.50 Lakh,2016,"80,000 Kms",First Owner,Petrol,Automatic,FWD,1199 cc,88.7 bhp,19 kmpl,4.0,No,5 Seats,1066 kg,165 mm,40 Litres,,
723,Maruti Suzuki Swift Dzire,₹5.50 Lakh,May 2018,"68,000 Kms",First Owner,Petrol,Automatic,FWD,1197 cc,81.80 bhp,21.21 kmpl,4.0,No,5 Seats,860-895 kg,163 mm,37 Litres,,
724,Maruti Suzuki Swift Dzire,₹5.70 Lakh,2018,"25,000 Kms",First Owner,Petrol,Manual,FWD,1197 cc,81.80 bhp,21.21 kmpl,4.0,No,5 Seats,860-895 kg,163 mm,37 Litres,,
725,Maruti Suzuki Ciaz,₹5.25 Lakh,Mar 2017,"60,000 Kms",First Owner,Petrol,Automatic,FWD,1373 cc,91.1 bhp,19.12 kmpl,4.0,No,5 Seats,1010 kg,170 mm,43 Litres,,
726,Hyundai Xcent Prime,₹3.95 Lakh,Nov 2019,"75,000 Kms",Second Owner,CNG,Manual,,1197 cc,65.39 bhp,,4.0,,5 Seats,1220 kg,,,,65 Litres
727,Maruti Suzuki Baleno,₹4.40 Lakh,Dec 2017,"66,000 Kms",First Owner,Petrol,Automatic,FWD,1197 cc,83.1 bhp,21.4 kmpl,4.0,No,5 Seats,910 kg,170 mm,37 Litres,,
728,Maruti Suzuki Vitara Brezza,₹8.67 Lakh,Jul 2023,"47,587 Kms",Second Owner,Petrol,Manual,FWD,1462 cc,103.26 bhp,17.03 kmpl,4.0,,5 Seats,1110-1130 kg,,48 Litres,,
729,Ford Ecosport,₹7.02 Lakh,Aug 2021,"37,435 Kms",First Owner,Petrol,Manual,FWD,1496 cc,120.69 bhp,15.9 kmpl,3.0,No,5 Seats,1221 kg,,52 Litres,,
730,Ford Ecosport,₹6.13 Lakh,Oct 2020,"76,278 Kms",First Owner,,Manual,FWD,1499 cc,110 bhp,15.8 kmpl,4.0,No,5 Seats,1290 kg,200 mm,52 Litres,,
731,Honda CR-V,₹7.75 Lakh,May 2017,"1,14,633 Kms",Second Owner,Petrol,Manual,,1997 cc,,14 kmpl,4.0,,5 Seats,1527 kg,,45 Litres,,
732,Hyundai i20,₹6.21 Lakh,Aug 2019,"58,000 Kms",First Owner,Petrol,Manual,FWD,1197 cc,81.86 bhp,18.6 kmpl,4.0,No,5 Seats,1140 kg,170 mm,40 Litres,,
733,Maruti Suzuki Baleno,₹6.50 Lakh,Nov 2021,"77,000 Kms",First Owner,Petrol,Manual,FWD,1197 cc,83.1 bhp,21.4 kmpl,4.0,No,5 Seats,880 kg,170 mm,37 Litres,,
734,Hyundai Tucson,₹7.51 Lakh,Mar 2017,"70,000 Kms",First Owner,,Automatic,2WD,1999 cc,152.88 bhp,12.95 kmpl,4.0,No,5 Seats,1497 kg,195 mm,62 Litres,,
735,Tata Curvv,₹13.90 Lakh,Dec 2024,"22,486 Kms",First Owner,,Manual,FWD,1497 cc,116 bhp,15 kmpl,4.0,Yes,5 Seats,,208 mm,,44 Litres,
736,Honda City,₹10.14 Lakh,Mar 2023,"30,869 Kms",Second Owner,Petrol,Manual,,1498 cc,119.35 bhp,18.6 kmpl,4.0,,5 Seats,1107-1153 kg,,40 Litres,,
737,Honda Amaze,₹7.59 Lakh,Apr 2024,"20,395 Kms",First Owner,Petrol,Manual,FWD,1199 cc,89 bhp,18.65 kmpl,4.0,,5 Seats,952-986 kg,172 mm,35 Litres,,
738,Ford Ecosport,₹6.42 Lakh,Jun 2020,"48,973 Kms",Second Owner,,Automatic,FWD,1499 cc,110 bhp,16.5 kmpl,4.0,No,5 Seats,1290 kg,200 mm,52 Litres,,
739,Tata Tigor,₹6.64 Lakh,Jun 2023,"26,071 Kms",First Owner,Petrol,Manual,FWD,1199 cc,84 bhp,20.3 kmpl,3.0,No,5 Seats,1052 kg,170 mm,35 Litres,,
740,Ford Ecosport,₹8.75 Lakh,Feb 2021,"59,000 Kms",First Owner,,Manual,FWD,1498 cc,98.96 bhp,21.7 kmpl,4.0,Yes,5 Seats,1309 kg,200 mm,,52 Litres,
741,Maruti Suzuki Swift Dzire,₹6.25 Lakh,May 2017,"57,000 Kms",First Owner,Diesel,Automatic,FWD,1248 cc,74 bhp,26.59 kmpl,4.0,Yes,5 Seats,1070 kg,170 mm,,42 Litres,
742,Hyundai i20,₹6.25 Lakh,Oct 2020,"55,000 Kms",First Owner,Petrol,Manual,FWD,1197 cc,81.86 bhp,18.6 kmpl,4.0,No,5 Seats,1140 kg,170 mm,40 Litres,,
743,Jeep Compass,₹7.75 Lakh,Sept 2019,"51,000 Kms",First Owner,,Manual,4X2,1956 cc,170 bhp,17.1 kmpl,4.0,Yes,5 Seats,1562 s kg,178 mm,,60 Litres,
744,Jeep Compass,₹6.45 Lakh,2018,"2,11,000 Kms",First Owner,,Manual,4X2,1956 cc,170 bhp,17.1 kmpl,4.0,Yes,5 Seats,1562 s kg,178 mm,,60 Litres,
745,Maruti Suzuki Baleno,₹6.50 Lakh,Jan 2022,"28,000 Kms",First Owner,Petrol,Manual,FWD,1197 cc,81.80 bhp,21.01 kmpl,4.0,No,5 Seats,865-890 kg,170 mm,37 Litres,,
746,Kia Seltos,₹15.99 Lakh,Sept 2023,"32,218 Kms",First Owner,Petrol,Automatic,2WD,1482 cc,157.81 bhp,17.9 kmpl,4.0,Yes,5 Seats,,,50 Litres,,
747,Honda City,₹15.25 Lakh,Jan 2023,"8,873 Kms",First Owner,Petrol,Manual,FWD,1497 cc,117.6 bhp,17.4 kmpl,4.0,No,5 Seats,1088 kg,165 mm,40 Litres,,
748,Honda Elevate,₹17 Lakh,Mar 2024,"27,903 Kms",First Owner,Petrol,Automatic,FWD,1498 cc,119 bhp,16.92 kmpl,4.0,,5 Seats,1213 kg,,,,
749,Hyundai i10,₹2.84 Lakh,Sept 2014,"59,955 Kms",Second Owner,Petrol,Manual,FWD,1086 cc,68.05 bhp,19.81 kmpl,4.0,No,5 Seats,860 kg,165 mm,35 Litres,,
750,Hyundai i10,₹2.51 Lakh,Jun 2015,"70,810 Kms",Second Owner,Petrol,Manual,FWD,1086 cc,68.05 bhp,19.81 kmpl,4.0,No,5 Seats,860 kg,165 mm,35 Litres,,
751,Maruti Suzuki Alto 800,₹2.86 Lakh,Jun 2021,"1,13,595 Kms",First Owner,Petrol,Manual,FWD,796 cc,46.3 bhp,19.7 kmpl,3.0,No,5 Seats,705 kg,160 mm,35 Litres,,
752,Renault KWID,₹2.28 Lakh,Oct 2017,"47,111 Kms",Second Owner,Petrol,Manual,FWD,999 cc,67 bhp,21.74 kmpl,3.0,No,5 Seats,730 kg,184 mm,28 Litres,,
753,Maruti Suzuki Alto 800,₹2.05 Lakh,Apr 2016,"1,23,987 Kms",First Owner,Petrol,Manual,FWD,796 cc,46.3 bhp,19.7 kmpl,3.0,No,5 Seats,705 kg,160 mm,35 Litres,,
754,Maruti Suzuki Alto 800,₹1.99 Lakh,Jul 2017,"1,09,529 Kms",Second Owner,Petrol,Manual,FWD,796 cc,46.3 bhp,19.7 kmpl,3.0,No,5 Seats,705 kg,160 mm,35 Litres,,
755,Honda Amaze,₹2.73 Lakh,Aug 2013,"1,05,352 Kms",First Owner,Petrol,Manual,FWD,1198 cc,86.7 bhp,17.8 kmpl,4.0,No,5 Seats,955 kg,165 mm,35 Litres,,
756,Hyundai i10,₹2.78 Lakh,Apr 2013,"62,833 Kms",First Owner,Petrol,Manual,FWD,1086 cc,68.05 bhp,19.81 kmpl,4.0,No,5 Seats,860 kg,165 mm,35 Litres,,
757,Honda Amaze,₹2.75 Lakh,Jun 2015,"58,000 Kms",Second Owner,Petrol,Manual,FWD,1198 cc,86.7 bhp,18 kmpl,4.0,No,5 Seats,940 kg,165 mm,35 Litres,,
758,Hyundai i10,₹2.85 Lakh,Nov 2015,"68,000 Kms",First Owner,Petrol,Manual,FWD,1086 cc,68.05 bhp,19.81 kmpl,4.0,No,5 Seats,860 kg,165 mm,35 Litres,,
759,Honda WR-V,₹4.85 Lakh,Apr 2018,"1,12,971 Kms",First Owner,,Manual,FWD,1199 cc,88.7 bhp,17.5 kmpl,4.0,No,5 Seats,1103 kg,188 mm,40 Litres,,
760,Honda WR-V,₹4.84 Lakh,Nov 2018,"81,998 Kms",First Owner,,Manual,FWD,1199 cc,88.7 bhp,17.5 kmpl,4.0,No,5 Seats,1103 kg,188 mm,40 Litres,,
761,Hyundai Grand i10,₹3.66 Lakh,May 2018,"22,048 Kms",First Owner,Petrol,Manual,FWD,1197 cc,81.86 bhp,18.9 kmpl,4.0,No,5 Seats,1100 kg,165 mm,43 Litres,,
762,Honda City,₹3.55 Lakh,Sept 2016,"78,000 Kms",Second Owner,Diesel,Manual,FWD,1498 cc,98.6 bhp,26 kmpl,4.0,Yes,5 Seats,1150 kg,165 mm,,40 Litres,
763,Maruti Suzuki Ciaz,₹5.41 Lakh,Sept 2016,"70,000 Kms",First Owner,Diesel,Manual,FWD,1248 cc,88.5 bhp,28.09 kmpl,4.0,Yes,5 Seats,1115 kg,170 mm,,43 Litres,
764,Honda City,₹3.35 Lakh,Jul 2014,"87,000 Kms",Second Owner,Diesel,Manual,FWD,1498 cc,98.6 bhp,26 kmpl,4.0,Yes,5 Seats,1150 kg,165 mm,,40 Litres,
765,Maruti Suzuki Swift Dzire,₹4.50 Lakh,Dec 2018,"92,453 Kms",First Owner,Petrol,Manual,FWD,1197 cc,83.14 bhp,20.85 kmpl,4.0,No,5 Seats,965 kg,170 mm,42 Litres,,
766,Honda WR-V,₹4.80 Lakh,May 2019,"2,06,382 Kms",First Owner,,Manual,FWD,1199 cc,88.7 bhp,17.5 kmpl,4.0,No,5 Seats,1084 kg,188 mm,40 Litres,,
767,Renault KWID,₹3.25 Lakh,Jun 2022,"50,600 Kms",First Owner,Petrol,Manual,,999 cc,67.06 bhp,21.46 kmpl,3.0,,5 Seats,699 kg,184 mm,28 Litres,,
768,Maruti Suzuki Swift,₹4.11 Lakh,Sept 2016,"78,000 Kms",First Owner,Petrol,Manual,FWD,1197 cc,81.80 bhp,21.21 kmpl,4.0,No,5 Seats,855-885 kg,163 mm,37 Litres,,
769,Honda City,₹3.60 Lakh,Jul 2014,"62,000 Kms",Second Owner,Petrol,Manual,FWD,1497 cc,117.3 bhp,17.4 kmpl,4.0,No,5 Seats,1049 kg,165 mm,40 Litres,,
770,Hyundai i20,₹5.51 Lakh,Aug 2017,"59,000 Kms",First Owner,Petrol,Manual,FWD,1197 cc,81.83 bhp,18.6 kmpl,4.0,No,5 Seats,1066 kg,170 mm,45 Litres,,
771,Kia Seltos,₹10.62 Lakh,May 2022,"40,934 Kms",Second Owner,Petrol,Automatic,2WD,1497 cc,113.42 bhp,17.7 kmpl,4.0,No,5 Seats,,,50 Litres,,
772,Honda City,₹14.41 Lakh,Jan 2023,"22,805 Kms",First Owner,Petrol,Manual,FWD,1497 cc,117.6 bhp,17.4 kmpl,4.0,No,5 Seats,1088 kg,165 mm,40 Litres,,
773,Kia Seltos,₹7.56 Lakh,Oct 2020,"46,990 Kms",First Owner,Petrol,Manual,FWD,1353 cc,138.08 bhp,16.5 kmpl,4.0,Yes,5 Seats,1515 kg,,50 Litres,,
774,Hyundai Venue,₹6.42 Lakh,Jun 2019,"82,279 Kms",First Owner,Diesel,Manual,FWD,1498 cc,98.6 bhp,23.7 kmpl,4.0,Yes,5 Seats,1360 kg,,,45 Litres,
775,Kia Sonet,₹8.25 Lakh,Feb 2021,"72,000 Kms",First Owner,Diesel,Manual,FWD,1493 cc,81.86 bhp,18.4 kmpl,4.0,No,5 Seats,1192 kg,,,,
776,Tata Altroz,₹6.30 Lakh,2023,"30,000 Kms",First Owner,Petrol,Manual,FWD,1199 cc,86.79 bhp,19.33 kmpl,3.0,No,5 Seats,,165 mm,37 Litres,,
777,Tata Nexon,₹50.55 Lakh,Jul 2021,"1,21,481 Kms",First Owner,Diesel,Manual,FWD,1497 cc,108.5 bhp,21.5 kmpl,4.0,Yes,5 Seats,1305 kg,,,44 Litres,
778,Maruti Suzuki Alto K10,₹1.87 Lakh,Nov 2016,"79,235 Kms",Second Owner,Petrol,Manual,FWD,998 cc,65.71 bhp,24.39 kmpl,3.0,,5 Seats,,,27 Litres,,
779,Toyota Innova Crysta,₹15.49 Lakh,Nov 2022,"51,797 Kms",First Owner,Petrol,Manual,RWD,2694 cc,163.60 bhp,,4.0,,7 Seats,1730 kg,,65 Litres,,
780,Honda City,₹15.51 Lakh,Jan 2023,"15,001 Kms",First Owner,Petrol,Automatic,FWD,1497 cc,,16.4 kmpl,4.0,No,5 Seats,1085 kg,160 mm,,,
781,Tata Harrier,₹14.50 Lakh,Oct 2021,"63,000 Kms",First Owner,Diesel,Manual,,1956 cc,167.67 bhp,16.35 kmpl,4.0,Yes,5 Seats,1660 kg,,,50 Litres,
782,Maruti Suzuki Alto 800,₹2.46 Lakh,Nov 2017,"48,391 Kms",First Owner,Petrol,Manual,FWD,796 cc,46.3 bhp,19.7 kmpl,3.0,No,5 Seats,705 kg,160 mm,35 Litres,,
783,Renault KWID,₹2.22 Lakh,Mar 2016,"68,567 Kms",First Owner,Petrol,Manual,FWD,799 cc,53.3 bhp,25.17 kmpl,3.0,No,5 Seats,710 kg,180 mm,28 Litres,,
784,Renault KWID,₹2.38 Lakh,Mar 2017,"1,01,618 Kms",First Owner,Petrol,Manual,FWD,799 cc,53.3 bhp,25.17 kmpl,3.0,No,5 Seats,710 kg,180 mm,28 Litres,,
785,Maruti Suzuki Alto 800,₹2.72 Lakh,Sept 2020,"45,605 Kms",Second Owner,Petrol,Manual,FWD,796 cc,46.3 bhp,19.7 kmpl,3.0,No,5 Seats,705 kg,160 mm,35 Litres,,
786,Hyundai i10,₹2.65 Lakh,May 2015,"99,286 Kms",First Owner,Petrol,Manual,FWD,1086 cc,68.05 bhp,19.81 kmpl,4.0,No,5 Seats,860 kg,165 mm,35 Litres,,
787,Hyundai EON,₹1.77 Lakh,Jul 2017,"1,10,624 Kms",First Owner,Petrol,Manual,FWD,814 cc,55.2 bhp,21.1 kmpl,3.0,No,5 Seats,880 kg,170 mm,32 Litres,,
788,Hyundai i20,₹2.34 Lakh,Nov 2012,"42,075 Kms",First Owner,Petrol,Manual,FWD,1197 cc,,17 kmpl,4.0,No,5 Seats,1020 kg,165 mm,45 Litres,,
789,Datsun RediGO,₹1.74 Lakh,Apr 2022,"39,029 Kms",First Owner,Petrol,Manual,FWD,799 cc,53.64 bhp,20.71 kmpl,3.0,No,5 Seats,750 kg,187 mm,28 Litres,,
790,Honda Amaze,₹2.15 Lakh,May 2013,"1,32,088 Kms",First Owner,Diesel,Manual,FWD,1498 cc,98.63 bhp,24.7 kmpl,4.0,Yes,5 Seats,1029 kg,,,35 Litres,
791,Volkswagen Polo,₹2.70 Lakh,Aug 2013,"97,000 Kms",Second Owner,Petrol,Manual,FWD,1198 cc,74 bhp,16.47 kmpl,3.0,No,5 Seats,1049 kg,165 mm,45 Litres,,
792,Maruti Suzuki Swift,₹3.20 Lakh,Apr 2012,"72,677 Kms",First Owner,Petrol,Manual,FWD,1197 cc,81.80 bhp,21.21 kmpl,4.0,No,5 Seats,855-885 kg,163 mm,37 Litres,,
793,Maruti Suzuki Swift,₹3.80 Lakh,May 2016,"1,16,687 Kms",First Owner,Petrol,Manual,FWD,1197 cc,81.80 bhp,21.21 kmpl,4.0,No,5 Seats,855-885 kg,163 mm,37 Litres,,
794,Renault KWID,₹4.58 Lakh,Feb 2025,"21,211 Kms",First Owner,Petrol,Manual,FWD,999 cc,67.06 bhp,21.46 kmpl,3.0,,5 Seats,,184 mm,28 Litres,,
795,Maruti Suzuki Baleno,₹5.19 Lakh,Mar 2019,"79,882 Kms",First Owner,Diesel,Manual,FWD,1248 cc,74 bhp,27.39 kmpl,4.0,Yes,5 Seats,985 kg,170 mm,,37 Litres,
796,Ford Ecosport,₹5.77 Lakh,Feb 2018,"75,722 Kms",First Owner,Petrol,Automatic,FWD,1496 cc,120.69 bhp,14.7 kmpl,3.0,No,5 Seats,1300 kg,,52 Litres,,
797,Hyundai Santro,₹4.52 Lakh,Oct 2019,"51,253 Kms",First Owner,CNG,Manual,FWD,1086 cc,59.17 bhp,30.48 km/kg,4.0,No,5 Seats,1070 kg,,,,60 Litres
798,Ford Ecosport,₹4.60 Lakh,Jul 2016,"1,06,872 Kms",Second Owner,,Manual,FWD,1498 cc,98.59 bhp,22.77 kmpl,4.0,Yes,5 Seats,1240 kg,200 mm,,52 Litres,
799,Maruti Suzuki Swift Dzire,₹5.31 Lakh,Sept 2018,"75,000 Kms",First Owner,Diesel,Manual,FWD,1248 cc,74.02 bhp,28.4 kmpl,4.0,Yes,5 Seats,955-990 kg,163 mm,,37 Litres,
800,Maruti Suzuki Swift Dzire,₹3.45 Lakh,Dec 2015,"66,000 Kms",Second Owner,Petrol,Manual,FWD,1197 cc,83.14 bhp,20.85 kmpl,4.0,No,5 Seats,945 kg,170 mm,42 Litres,,
801,Honda Amaze,₹4.60 Lakh,Feb 2020,"1,08,842 Kms",First Owner,Petrol,Manual,FWD,1199 cc,88.76 bhp,18.6 kmpl,4.0,No,5 Seats,917 kg,,35 Litres,,
802,Honda City,₹5.50 Lakh,Aug 2015,"50,000 Kms",First Owner,Petrol,Manual,FWD,1497 cc,117.3 bhp,17.8 kmpl,4.0,No,5 Seats,1049 kg,165 mm,40 Litres,,
803,Maruti Suzuki Wagon R,₹4.90 Lakh,May 2019,"38,000 Kms",First Owner,Petrol,Automatic,FWD,998 cc,67 bhp,20.51 kmpl,3.0,No,5 Seats,890 kg,165 mm,35 Litres,,
804,Hyundai i20,₹5.95 Lakh,Dec 2017,"60,000 Kms",First Owner,Petrol,Manual,FWD,1197 cc,81.83 bhp,18.6 kmpl,4.0,No,5 Seats,1066 kg,170 mm,45 Litres,,
805,Honda Amaze,₹3.50 Lakh,Mar 2017,"90,481 Kms",Second Owner,Petrol,Automatic,FWD,1199 cc,88.76 bhp,18.3 kmpl,4.0,No,5 Seats,945 kg,,35 Litres,,
806,Volkswagen Virtus,₹8.30 Lakh,Jun 2023,"50,814 Kms",Second Owner,Petrol,Manual,FWD,999 cc,113.98 bhp,19.4 kmpl,3.0,Yes,5 Seats,1210 kg,179 mm,45 Litres,,
807,Skoda Octavia,₹8.37 Lakh,Sept 2015,"1,07,702 Kms",Second Owner,Diesel,Automatic,FWD,1968 cc,141 bhp,19.3 kmpl,4.0,Yes,5 Seats,1395 kg,155 mm,,50 Litres,
808,Skoda Octavia,₹8.29 Lakh,May 2018,"1,47,902 Kms",First Owner,Diesel,Automatic,FWD,1968 cc,141 bhp,19.5 kmpl,4.0,Yes,5 Seats,1395 kg,110 mm,,50 Litres,
809,Hyundai Creta,₹7.65 Lakh,Oct 2017,"65,000 Kms",First Owner,,Manual,FWD,1396 cc,88.7 bhp,21.38 kmpl,4.0,No,5 Seats,1260 kg,190 mm,,55 Litres,
810,Hyundai Verna,₹7.45 Lakh,Aug 2018,"90,000 Kms",Second Owner,Diesel,Automatic,FWD,1582 cc,126.2 bhp,22 kmpl,4.0,Yes,5 Seats,1285 kg,165 mm,,45 Litres,
811,Hyundai Grand i10 Nios,₹6.45 Lakh,Aug 2021,"55,000 Kms",First Owner,CNG,Manual,,1197 cc,68.05 bhp,24 km/kg,4.0,No,5 Seats,1100 kg,,,,60 Litres
812,Honda City,₹15.66 Lakh,Jan 2023,"8,120 Kms",First Owner,Petrol,Automatic,FWD,1497 cc,,16.4 kmpl,4.0,No,5 Seats,1085 kg,160 mm,,,
813,Toyota Innova Crysta,₹18.50 Lakh,Oct 2019,"67,000 Kms",First Owner,Diesel,Manual,RWD,2393 cc,147.51 bhp,,7.0,Yes,7 Seats,1860 kg,,,55 Litres,
814,Tata Harrier,₹14 Lakh,May 2022,"66,992 Kms",First Owner,Diesel,Manual,,1956 cc,167.67 bhp,16.35 kmpl,4.0,Yes,5 Seats,1725 kg,,,50 Litres,
815,Kia Seltos,₹10.52 Lakh,Oct 2022,"37,279 Kms",First Owner,Petrol,Manual,2WD,1497 cc,113.42 bhp,17 kmpl,4.0,No,5 Seats,,,50 Litres,,
816,Honda Elevate,₹14.90 Lakh,Oct 2024,"4,000 Kms",First Owner,Petrol,Automatic,FWD,1498 cc,119 bhp,16.92 kmpl,4.0,,5 Seats,1213 kg,,40 Litres,,
817,Hyundai Verna,₹11.50 Lakh,2024,"25,000 Kms",First Owner,Petrol,Manual,FWD,1497 cc,113.18 bhp,18.6 kmpl,4.0,No,5 Seats,,,45 Litres,,
818,Hyundai Verna,₹10.99 Lakh,Jul 2023,"28,000 Kms",First Owner,Petrol,Automatic,,1497 cc,113.18 bhp,18.45 kmpl,4.0,,5 Seats,1200 kg,,45 Litres,,
819,Toyota Fortuner,₹21.50 Lakh,May 2017,"1,85,000 Kms",First Owner,,Manual,RWD,2694 cc,163.7 bhp,10.01 kmpl,4.0,No,7 Seats,2160 kg,220 mm,80 Litres,,
820,Honda City,₹9.27 Lakh,Jan 2023,"25,224 Kms",First Owner,Petrol,Manual,FWD,1497 cc,,17 kmpl,4.0,No,5 Seats,1100 kg,160 mm,42 Litres,,
821,Hyundai i20,₹8.27 Lakh,Feb 2024,"7,883 Kms",First Owner,Petrol,Manual,FWD,1197 cc,81.83 bhp,18.6 kmpl,4.0,No,5 Seats,1066 kg,170 mm,45 Litres,,
822,Hyundai Creta,₹6.10 Lakh,Feb 2017,"73,000 Kms",Third Owner,,Manual,FWD,1396 cc,88.7 bhp,21.38 kmpl,4.0,No,5 Seats,1260 kg,190 mm,,55 Litres,
823,Hyundai i10,₹2.75 Lakh,2015,"1,31,000 Kms",First Owner,Petrol,Manual,FWD,1086 cc,68.05 bhp,19.81 kmpl,4.0,No,5 Seats,860 kg,165 mm,35 Litres,,
824,Citroen eC3,₹8 Lakh,2023,"70,000 Kms",First Owner,,Automatic,FWD,,56.21 bhp,,,,5 Seats,1316 kg,,,,
825,Skoda Kushaq,₹6.73 Lakh,Jun 2023,"65,390 Kms",First Owner,Petrol,Manual,FWD,999 cc,113.98 bhp,19.76 kmpl,3.0,Yes,5 Seats,1193-1248 kg,,50 Litres,,
826,Hyundai Venue,₹9 Lakh,Aug 2024,"20,200 Kms",First Owner,Petrol,Manual,FWD,998 cc,118.35 bhp,18.27 kmpl,3.0,Yes,5 Seats,1340 kg,,45 Litres,,
827,Hyundai Venue,₹7.90 Lakh,Jun 2019,"55,000 Kms",First Owner,Petrol,Automatic,FWD,998 cc,118.35 bhp,18.15 kmpl,3.0,Yes,5 Seats,1440 kg,,45 Litres,,
828,Hyundai Venue,₹6.99 Lakh,Sept 2019,"68,000 Kms",First Owner,Petrol,Automatic,FWD,998 cc,118.35 bhp,18.15 kmpl,3.0,Yes,5 Seats,1440 kg,,45 Litres,,
829,Hyundai Venue,₹7.25 Lakh,Dec 2019,"50,000 Kms",First Owner,Petrol,Automatic,FWD,998 cc,118.35 bhp,18.15 kmpl,3.0,Yes,5 Seats,1440 kg,,45 Litres,,
830,Hyundai Aura,₹6.15 Lakh,Jul 2021,"46,000 Kms",First Owner,Petrol,Manual,,1197 cc,81.86 bhp,20.5 kmpl,4.0,No,5 Seats,1050 kg,,,,
831,Hyundai Creta,₹7.90 Lakh,Apr 2018,"65,000 Kms",First Owner,Diesel,Manual,FWD,1396 cc,88.7 bhp,22.1 kmpl,4.0,No,5 Seats,1240 kg,,,,
832,Renault KWID,₹2.73 Lakh,Mar 2019,"30,531 Kms",First Owner,Petrol,Manual,FWD,999 cc,67 bhp,21.74 kmpl,3.0,No,5 Seats,730 kg,184 mm,28 Litres,,
833,Renault KWID,₹1.72 Lakh,May 2016,"81,528 Kms",First Owner,Petrol,Manual,,799 cc,53.26 bhp,22.25 kmpl,3.0,,5 Seats,690 kg,184 mm,28 Litres,,
834,Hyundai i20,₹2.54 Lakh,May 2012,"48,311 Kms",First Owner,Petrol,Manual,FWD,1197 cc,,17 kmpl,4.0,No,5 Seats,1020 kg,165 mm,45 Litres,,
835,Hyundai i10,₹2.69 Lakh,Feb 2013,"76,520 Kms",First Owner,Petrol,Manual,FWD,1086 cc,68.05 bhp,19.81 kmpl,4.0,No,5 Seats,860 kg,165 mm,35 Litres,,
836,Renault KWID,₹2.50 Lakh,May 2018,"38,000 Kms",First Owner,Petrol,Manual,FWD,999 cc,67 bhp,23.01 kmpl,3.0,No,5 Seats,710 kg,180 mm,,,
837,Honda Brio,₹2 Lakh,Mar 2015,"59,506 Kms",Second Owner,Petrol,Manual,FWD,1198 cc,86.8 bhp,18.5 kmpl,4.0,No,5 Seats,930 kg,165 mm,35 Litres,,
838,Tata Tiago,₹2.95 Lakh,Jun 2018,"81,000 Kms",Second Owner,Diesel,Manual,FWD,1047 cc,69 bhp,27.28 kmpl,3.0,Yes,5 Seats,1050 kg,165 mm,,35 Litres,
839,Maruti Suzuki Swift,₹3.78 Lakh,Oct 2016,"1,13,064 Kms",First Owner,Diesel,Manual,FWD,1248 cc,74 bhp,28.4 kmpl,4.0,Yes,5 Seats,960 kg,163 mm,,37 Litres,
840,Tata Tigor,₹5.27 Lakh,Apr 2022,"1,16,882 Kms",First Owner,Petrol,Manual,FWD,1199 cc,84 bhp,20.3 kmpl,3.0,No,5 Seats,1052 kg,170 mm,35 Litres,,
841,Ford Figo,₹5.41 Lakh,Nov 2021,"42,433 Kms",First Owner,Petrol,Automatic,FWD,1194 cc,95.48 bhp,16 kmpl,3.0,,5 Seats,1081-1094 kg,,42 Litres,,
842,Hyundai i20,₹5.35 Lakh,Sept 2016,"47,000 Kms",First Owner,Petrol,Manual,FWD,1197 cc,81.83 bhp,18.6 kmpl,4.0,No,5 Seats,1066 kg,170 mm,45 Litres,,
843,i VTEC CVT VX,₹4.80 Lakh,Nov 2015,"35,915 Kms",First Owner,Petrol,Automatic,FWD,1497 cc,117.3 bhp,18 kmpl,4.0,No,5 Seats,1085 kg,165 mm,40 Litres,,
844,Honda Amaze,₹5.60 Lakh,Jul 2020,"37,000 Kms",First Owner,Petrol,Manual,FWD,1199 cc,88.76 bhp,18.6 kmpl,4.0,No,5 Seats,905 kg,,35 Litres,,
845,Maruti Suzuki Wagon R,₹4.70 Lakh,2020,"31,500 Kms",First Owner,Petrol,Automatic,FWD,1197 cc,81.80 bhp,20.52 kmpl,4.0,No,5 Seats,830-845 kg,,32 Litres,,
846,Toyota Innova Crysta,₹12.59 Lakh,Jul 2016,"95,708 Kms",First Owner,Diesel,Manual,,2393 cc,147.51 bhp,,4.0,,8 Seats,,,,55 Litres,
847,Hyundai Verna,₹13.21 Lakh,May 2024,"21,130 Kms",First Owner,Petrol,Manual,FWD,1482 cc,157.57 bhp,20 kmpl,4.0,Yes,5 Seats,,,45 Litres,,
848,Tata Harrier,₹10.40 Lakh,Aug 2021,"77,250 Kms",First Owner,Diesel,Manual,,1956 cc,167.67 bhp,16.35 kmpl,4.0,Yes,5 Seats,1675 kg,,,50 Litres,
849,Volkswagen Taigun,₹14.50 Lakh,Dec 2023,"8,000 Kms",First Owner,,Automatic,FWD,999 cc,113.98 bhp,17.23 kmpl,3.0,Yes,5 Seats,1255 kg,188 mm,50 Litres,,
850,Kia Sonet,₹12.50 Lakh,Mar 2024,"7,000 Kms",First Owner,Diesel,Manual,FWD,1493 cc,114 bhp,24.1 kmpl,4.0,Yes,5 Seats,,,,45 Litres,
851,Kia Seltos,₹12.50 Lakh,2022,"80,000 Kms",First Owner,Diesel,Manual,FWD,1493 cc,113.43 bhp,20.8 kmpl,4.0,Yes,5 Seats,1535 kg,,,50 Litres,
852,Volkswagen Virtus,₹8.76 Lakh,Jun 2023,"86,767 Kms",First Owner,Petrol,Automatic,FWD,999 cc,113.98 bhp,18.12 kmpl,3.0,Yes,5 Seats,1224 kg,179 mm,45 Litres,,
853,Honda City,₹9.19 Lakh,Feb 2023,"49,515 Kms",First Owner,Petrol,Manual,FWD,1497 cc,,17 kmpl,4.0,No,5 Seats,1100 kg,160 mm,42 Litres,,
854,Kia Sonet,₹8.45 Lakh,Oct 2023,"39,918 Kms",First Owner,Petrol,Automatic,FWD,998 cc,118.36 bhp,18.2 kmpl,3.0,Yes,5 Seats,1245 kg,,45 Litres,,
855,Hyundai Venue,₹7.44 Lakh,Aug 2019,"47,446 Kms",First Owner,Diesel,Manual,FWD,1498 cc,98.6 bhp,23.7 kmpl,4.0,Yes,5 Seats,1360 kg,,,45 Litres,
856,Kia Seltos,₹9.29 Lakh,Oct 2020,"70,239 Kms",Second Owner,Petrol,Automatic,FWD,1353 cc,138.08 bhp,16.5 kmpl,4.0,Yes,5 Seats,1535 kg,,50 Litres,,
857,Hyundai Creta,₹7.90 Lakh,Nov 2017,"72,000 Kms",First Owner,,Manual,FWD,1582 cc,126.2 bhp,19.67 kmpl,4.0,Yes,5 Seats,1300 kg,190 mm,,55 Litres,
858,MG Hector Plus,₹15.90 Lakh,Apr 2023,"28,000 Kms",First Owner,Diesel,Manual,,1956 cc,167.67 bhp,16.65 kmpl,4.0,YES,6 Seats,1860 kg,,,60 Litres,
859,Kia Seltos,₹8.50 Lakh,2020,"88,000 Kms",First Owner,Petrol,Manual,FWD,1497 cc,113.43 bhp,16.8 kmpl,4.0,No,5 Seats,1404 kg,,50 Litres,,
860,Hyundai Creta,₹7.40 Lakh,Mar 2016,"1,25,000 Kms",First Owner,,Manual,FWD,1582 cc,126.2 bhp,19.67 kmpl,4.0,Yes,5 Seats,1280 kg,190 mm,,55 Litres,
861,Toyota Innova,₹7 Lakh,Oct 2013,"85,000 Kms",First Owner,Diesel,Manual,RWD,2494 cc,100.6 bhp,,4.0,Yes,7 Seats,1675 kg,176 mm,,55 Litres,
862,Audi Q5,₹55 Lakh,2023,"18,000 Kms",First Owner,Petrol,Automatic,AWD,1984 cc,245.59 bhp,13.47 kmpl,4.0,,5 Seats,1970 kg,,,,
863,Hyundai Creta,₹11.04 Lakh,Apr 2022,"83,875 Kms",Second Owner,Petrol,Automatic,,1397 cc,138.12 bhp,11 kmpl,4.0,Yes,5 Seats,1465 kg,,50 Litres,,
864,Kia Seltos,₹10.12 Lakh,Nov 2019,"1,03,887 Kms",First Owner,Diesel,Automatic,FWD,1493 cc,113.43 bhp,,4.0,Yes,5 Seats,1468 kg,,,50 Litres,
865,Hyundai Verna,₹10.70 Lakh,Jul 2021,"48,402 Kms",First Owner,Petrol,Automatic,,998 cc,118.41 bhp,19.2 kmpl,3.0,Yes,5 Seats,1260 kg,,45 Litres,,
866,Kia Seltos,₹11.50 Lakh,Jul 2023,"39,263 Kms",First Owner,Petrol,Automatic,2WD,1497 cc,113.42 bhp,17.7 kmpl,4.0,No,5 Seats,,,50 Litres,,
867,Hyundai Verna,₹10.89 Lakh,Jun 2021,"41,492 Kms",First Owner,Petrol,Automatic,FWD,1591 cc,121.4 bhp,17.1 kmpl,4.0,No,5 Seats,1198 kg,170 mm,43 Litres,,
868,Toyota Innova Crysta,₹14.28 Lakh,Nov 2019,"75,344 Kms",Second Owner,Diesel,Manual,RWD,2393 cc,147.51 bhp,,4.0,Yes,7 Seats,,,,55 Litres,
869,Mercedes-Benz GLE,₹64.75 Lakh,Nov 2021,"33,000 Kms",First Owner,Diesel,Automatic,AWD,1950 cc,241.38 bhp,,4.0,Yes,5 Seats,2150 kg,200 mm,,93 Litres,
870,Hyundai i10,₹1.85 Lakh,Aug 2010,"65,000 Kms",First Owner,Petrol,Manual,FWD,1086 cc,68.05 bhp,19.81 kmpl,4.0,No,5 Seats,860 kg,165 mm,35 Litres,,
871,Maruti Suzuki Alto 800,₹2.70 Lakh,2020,"37,000 Kms",First Owner,Petrol,Manual,,796 cc,47.33 bhp,22.05 kmpl,3.0,,5 Seats,755 kg,,35 Litres,,
872,Nissan Micra,₹3.43 Lakh,Apr 2016,"65,751 Kms",First Owner,Petrol,Automatic,FWD,1198 cc,75.94 bhp,19.15 kmpl,3.0,No,5 Seats,1100 kg,154 mm,41 Litres,,
873,Hyundai Verna,₹5.35 Lakh,Sept 2016,"63,000 Kms",First Owner,Diesel,Manual,FWD,1582 cc,126.2 bhp,23.9 kmpl,4.0,Yes,5 Seats,1230 kg,165 mm,,43 Litres,
874,Maruti Suzuki Baleno,₹5.40 Lakh,Feb 2021,"54,000 Kms",First Owner,Petrol,Manual,FWD,1197 cc,81.80 bhp,21.01 kmpl,4.0,No,5 Seats,865-890 kg,170 mm,37 Litres,,
875,Ford Ecosport,₹4.99 Lakh,Oct 2018,"42,000 Kms",First Owner,,Automatic,FWD,1497 cc,121.36 bhp,14.8 kmpl,3.0,No,5 Seats,1320 kg,200 mm,52 Litres,,
876,Hyundai Creta,₹7.96 Lakh,Feb 2019,"91,383 Kms",Second Owner,,Automatic,FWD,1591 cc,121.3 bhp,13 kmpl,4.0,No,5 Seats,1280 kg,190 mm,55 Litres,,
877,Nissan Magnite,₹8.22 Lakh,Sept 2023,"19,259 Kms",First Owner,,Automatic,FWD,999 cc,98.63 bhp,17.4 kmpl,,,5 Seats,,,,,
878,Hyundai Verna,₹8.85 Lakh,Jan 2018,"80,000 Kms",First Owner,Diesel,Automatic,FWD,1582 cc,126.2 bhp,22 kmpl,4.0,Yes,5 Seats,1285 kg,165 mm,,45 Litres,
879,Hyundai Creta,₹7.99 Lakh,Apr 2019,"81,000 Kms",First Owner,Diesel,Manual,FWD,1396 cc,88.7 bhp,22.1 kmpl,4.0,No,5 Seats,1200 kg,,,55 Litres,
880,Honda Brio,₹3.16 Lakh,Jul 2015,"43,723 Kms",Second Owner,Petrol,Manual,FWD,1198 cc,86.8 bhp,19.4 kmpl,4.0,No,5 Seats,925 kg,165 mm,35 Litres,,
881,Nissan Magnite,₹8.22 Lakh,Sept 2023,"19,259 Kms",First Owner,,Automatic,FWD,999 cc,98.63 bhp,17.4 kmpl,3.0,Yes,5 Seats,,205 mm,40 Litres,,
882,Hyundai Santro,₹3.93 Lakh,Jul 2019,"72,843 Kms",First Owner,Petrol,Manual,FWD,1086 cc,68.05 bhp,20.3 kmpl,4.0,No,5 Seats,990 kg,,35 Litres,,
883,2.4 GX 8Str,₹12.78 Lakh,Nov 2018,"1,06,885 Kms",First Owner,Diesel,Manual,RWD,2393 cc,147.51 bhp,,4.0,yes,8 Seats,,,,55 Litres,
884,Hyundai Verna,₹10.50 Lakh,Jul 2023,"48,000 Kms",First Owner,Petrol,Automatic,FWD,1497 cc,113.18 bhp,19.6 kmpl,4.0,No,5 Seats,,,45 Litres,,
885,Mercedes-Benz A-Class Limousine,₹35.90 Lakh,2023,"20,000 Kms",Second Owner,Petrol,Automatic,,1332 cc,160.92 bhp,,4.0,Yes,5 Seats,1395 kg,,66 Litres,,
886,Tata Nexon,₹7.83 Lakh,Aug 2022,"31,595 Kms",First Owner,Petrol,Manual,,1199 cc,118.35 bhp,17.33 kmpl,3.0,Yes,5 Seats,,209 mm,44 Litres,,
887,Hyundai Verna,₹8.94 Lakh,Apr 2023,"73,023 Kms",Second Owner,Petrol,Manual,FWD,1482 cc,157.57 bhp,20 kmpl,4.0,Yes,5 Seats,,,45 Litres,,
888,Toyota Innova,₹8.85 Lakh,Mar 2016,"90,000 Kms",First Owner,Diesel,Manual,RWD,2494 cc,100.6 bhp,,4.0,Yes,7 Seats,1675 kg,176 mm,,55 Litres,
889,Renault KWID,₹2.98 Lakh,Dec 2021,"1,01,069 Kms",First Owner,Petrol,Manual,FWD,999 cc,67 bhp,21.74 kmpl,3.0,No,5 Seats,730 kg,184 mm,28 Litres,,
890,Hyundai i10,₹1.94 Lakh,May 2015,"61,054 Kms",Second Owner,Petrol,Manual,FWD,1086 cc,68.05 bhp,19.81 kmpl,4.0,No,5 Seats,860 kg,165 mm,35 Litres,,
891,Maruti Suzuki Alto 800,₹1.81 Lakh,Apr 2013,"1,01,502 Kms",First Owner,Petrol,Manual,FWD,796 cc,46.3 bhp,19.7 kmpl,3.0,No,5 Seats,705 kg,160 mm,35 Litres,,
892,Honda City,₹2.80 Lakh,Feb 2011,"46,680 Kms",First Owner,Petrol,Manual,FWD,1497 cc,,17 kmpl,4.0,No,5 Seats,1100 kg,160 mm,42 Litres,,
893,Hyundai Creta,₹12.61 Lakh,Jun 2022,"69,000 Kms",First Owner,Diesel,Manual,,1493 cc,113.98 bhp,,4.0,Yes,5 Seats,1430 kg,,,50 Litres,
894,Honda City,₹14.80 Lakh,Jan 2023,"9,684 Kms",First Owner,Petrol,Automatic,FWD,1497 cc,,16.4 kmpl,4.0,No,5 Seats,1085 kg,160 mm,,,
895,Honda Amaze,₹4.93 Lakh,Jan 2018,"67,173 Kms",First Owner,Petrol,Automatic,FWD,1199 cc,88.7 bhp,18.1 kmpl,4.0,No,5 Seats,985 kg,165 mm,35 Litres,,
896,Renault Duster,₹3.98 Lakh,Aug 2021,"80,165 Kms",Second Owner,Petrol,Manual,FWD,1498 cc,104.55 bhp,16.42 kmpl,4.0,No,5 Seats,1315 kg,,50 Litres,,
897,Mahindra XUV300,₹5.30 Lakh,Apr 2019,"1,34,003 Kms",First Owner,,Manual,FWD,1197 cc,110 bhp,17 kmpl,3.0,Yes,5 Seats,1435 kg,180 mm,42 Litres,,
898,Honda City,₹3.20 Lakh,Oct 2014,"40,310 Kms",First Owner,Petrol,Automatic,FWD,1497 cc,117.3 bhp,18 kmpl,4.0,No,5 Seats,1065 kg,165 mm,40 Litres,,
899,Honda City,₹3.50 Lakh,Nov 2014,"12,000 Kms",First Owner,Petrol,Manual,,1497 cc,117.60 bhp,17.4 kmpl,4.0,,5 Seats,1063 kg,,40 Litres,,
900,Maruti Suzuki Wagon R,₹3.40 Lakh,May 2017,"78,000 Kms",First Owner,CNG,Manual,FWD,998 cc,58.16 bhp,26.6 km/kg,3.0,No,5 Seats,960 kg,165 mm,,,7 Litres
901,Skoda Rapid,₹4.90 Lakh,Dec 2014,"85,000 Kms",First Owner,Diesel,Automatic,FWD,1498 cc,103.52 bhp,21.66 kmpl,4.0,Yes,5 Seats,1182 kg,168 mm,,55 Litres,
902,Tata Altroz,₹4.99 Lakh,Jul 2021,"75,000 Kms",First Owner,Diesel,Manual,,1497 cc,88.77 bhp,23.64 kmpl,4.0,Yes,5 Seats,1187 kg,165 mm,,37 Litres,
903,Tata Harrier,₹15.90 Lakh,Mar 2022,"38,653 Kms",First Owner,Diesel,Automatic,,1956 cc,167.67 bhp,14.6 kmpl,4.0,Yes,5 Seats,1675 kg,,,50 Litres,
904,Hyundai Venue,₹7.20 Lakh,Dec 2021,"99,350 Kms",First Owner,Petrol,Automatic,FWD,998 cc,118 bhp,18.31 kmpl,3.0,Yes,5 Seats,,,,,
905,Tata Tiago,₹6.08 Lakh,May 2023,"41,417 Kms",First Owner,CNG,Manual,FWD,1199 cc,74.46 bhp,26.49 km/kg,3.0,,5 Seats,,168 mm,,,60 Litres
906,Tata Punch,₹7.14 Lakh,Jul 2022,"20,994 Kms",First Owner,Petrol,Automatic,,1199 cc,86.63 bhp,18.8 kmpl,3.0,,5 Seats,1130 kg,,37 Litres,,
907,Hyundai Verna,₹8.65 Lakh,Sept 2017,"69,000 Kms",First Owner,Diesel,Automatic,FWD,1582 cc,126.2 bhp,22 kmpl,4.0,Yes,5 Seats,1285 kg,165 mm,,45 Litres,
908,Kia Sonet,₹8.90 Lakh,Nov 2020,"76,000 Kms",Second Owner,Diesel,Automatic,FWD,1493 cc,113.43 bhp,,4.0,Yes,5 Seats,kerb weight kg,,,45 Litres,
909,Hyundai Verna,₹11.81 Lakh,Apr 2022,"42,152 Kms",First Owner,Petrol,Automatic,,998 cc,118.41 bhp,19.2 kmpl,3.0,Yes,5 Seats,1260 kg,,45 Litres,,
910,Toyota Fortuner,₹34.50 Lakh,Jan 2024,"22,000 Kms",First Owner,Diesel,Manual,2WD,2755 cc,201.15 bhp,14 kmpl,4.0,Yes,7 Seats,,,,80 Litres,
911,Mercedes-Benz A-Class Limousine,₹33 Lakh,2023,"20,000 Kms",First Owner,Petrol,Automatic,,1332 cc,160.92 bhp,,4.0,Yes,5 Seats,1395 kg,,66 Litres,,
912,Tata Nexon,₹7.80 Lakh,Apr 2023,"12,748 Kms",First Owner,Petrol,Manual,,1199 cc,118.35 bhp,17.33 kmpl,3.0,Yes,5 Seats,1230 kg,209 mm,44 Litres,,
913,Maruti Suzuki Baleno,₹5.35 Lakh,Feb 2020,"54,939 Kms",First Owner,Diesel,Manual,FWD,1248 cc,74 bhp,27.39 kmpl,4.0,Yes,5 Seats,960-985 kg,170 mm,,37 Litres,
914,Maruti Suzuki Baleno,₹5.28 Lakh,Jun 2021,"43,524 Kms",First Owner,Diesel,Manual,FWD,1248 cc,74 bhp,27.39 kmpl,4.0,Yes,5 Seats,960-985 kg,170 mm,,37 Litres,
915,Tata Tiago,₹3.57 Lakh,Feb 2018,"65,249 Kms",First Owner,CNG,Manual,FWD,1199 cc,74.46 bhp,26.49 km/kg,3.0,,5 Seats,,168 mm,,,60 Litres
916,Tata Tiago,₹3.91 Lakh,Jul 2020,"70,635 Kms",First Owner,Petrol,Automatic,FWD,1199 cc,83.83 bhp,23.84 kmpl,3.0,No,5 Seats,1012 kg,170 mm,35 Litres,,
917,Hyundai i20,₹5.51 Lakh,Apr 2021,"50,465 Kms",First Owner,Petrol,Automatic,,998 cc,118.36 bhp,20.28 kmpl,3.0,Yes,5 Seats,1280 kg,,37 Litres,,
918,Maruti Suzuki Wagon R,₹3.50 Lakh,Mar 2017,"63,000 Kms",First Owner,CNG,Manual,FWD,998 cc,58.16 bhp,26.6 km/kg,3.0,No,5 Seats,960 kg,165 mm,,,7 Litres
919,Maruti Suzuki Swift,₹5.15 Lakh,Dec 2016,"41,000 Kms",First Owner,Petrol,Manual,FWD,1197 cc,81.80 bhp,21.21 kmpl,4.0,No,5 Seats,855-885 kg,163 mm,37 Litres,,
920,Maruti Suzuki Swift,₹5.30 Lakh,Jul 2017,"73,000 Kms",First Owner,Petrol,Manual,FWD,1197 cc,81.80 bhp,21.21 kmpl,4.0,No,5 Seats,855-885 kg,163 mm,37 Litres,,
921,Tata Nexon,₹7.96 Lakh,Aug 2023,"21,445 Kms",First Owner,Diesel,Manual,,1497 cc,108.49 bhp,21.19 kmpl,4.0,Yes,5 Seats,1395 kg,209 mm,,44 Litres,
922,Hyundai Venue,₹8.80 Lakh,Apr 2022,"48,902 Kms",First Owner,Petrol,Automatic,FWD,998 cc,118 bhp,18.31 kmpl,3.0,Yes,5 Seats,,,,,
923,Hyundai Venue,₹8.21 Lakh,Feb 2021,"62,111 Kms",First Owner,Petrol,Automatic,FWD,998 cc,118 bhp,18.31 kmpl,3.0,Yes,5 Seats,,,,,
924,Maruti Suzuki Vitara Brezza,₹6.50 Lakh,Aug 2021,"66,000 Kms",First Owner,Petrol,Manual,FWD,1462 cc,103.26 bhp,17.03 kmpl,4.0,,5 Seats,1110-1130 kg,,48 Litres,,
925,Hyundai Creta,₹8.50 Lakh,Mar 2017,"70,000 Kms",First Owner,,Automatic,FWD,1582 cc,126.2 bhp,17.01 kmpl,4.0,Yes,5 Seats,1320 kg,190 mm,,55 Litres,
926,Hyundai Venue,₹8.49 Lakh,Jul 2021,"43,176 Kms",First Owner,Petrol,Automatic,FWD,998 cc,118 bhp,18.31 kmpl,3.0,Yes,5 Seats,,,,,
927,XZ Plus (O) Diesel,₹7.96 Lakh,Aug 2023,"21,445 Kms",First Owner,Diesel,Manual,,1497 cc,108.49 bhp,21.19 kmpl,4.0,Yes,5 Seats,1395 kg,209 mm,,44 Litres,
928,Maruti Suzuki Ertiga,₹9.25 Lakh,Nov 2023,"31,000 Kms",First Owner,Petrol,Manual,2WD,1462 cc,101.65 bhp,20.51 kmpl,4.0,,7 Seats,1150-1205 kg,,45 Litres,,
929,Hyundai Exter,₹7.61 Lakh,May 2024,"34,458 Kms",First Owner,CNG,Manual,FWD,1197 cc,67.72 bhp,27.1 km/kg,4.0,,5 Seats,,,,,60 Litres
930,Tata Tigor,₹7.50 Lakh,Jan 2026,"28,000 Kms",First Owner,CNG,Manual,FWD,1199 cc,74.47 bhp,26.49 km/kg,3.0,,5 Seats,,,,,70 Litres
931,Maruti Suzuki Ertiga,₹9.19 Lakh,Aug 2021,"31,000 Kms",First Owner,Petrol,Manual,FWD,1373 cc,91.1 bhp,17.5 kmpl,4.0,No,7 Seats,1175 kg,185 mm,45 Litres,,
932,Hyundai Creta,₹12.75 Lakh,Jul 2020,"57,000 Kms",First Owner,Diesel,Automatic,FWD,1582 cc,126.2 bhp,17.6 kmpl,4.0,Yes,5 Seats,1340 kg,,,55 Litres,
933,Maruti Suzuki Alto K10,₹4.40 Lakh,Feb 2024,"13,000 Kms",First Owner,Petrol,Manual,FWD,998 cc,65.71 bhp,24.39 kmpl,3.0,,5 Seats,,,27 Litres,,
934,Ford Endeavour,₹17.90 Lakh,Jul 2018,"65,000 Kms",Second Owner,,Automatic,4WD,3198 cc,197 bhp,10.91 kmpl,4.0,Yes,7 Seats,1879 kg,225 mm,,80 Litres,
935,Maruti Suzuki Ertiga,₹9.50 Lakh,Dec 2020,"42,000 Kms",First Owner,Petrol,Manual,FWD,1462 cc,103.26 bhp,19.01 kmpl,4.0,No,7 Seats,1135-1170 kg,,45 Litres,,
936,Maruti Suzuki Ertiga,₹9.50 Lakh,Aug 2020,"56,000 Kms",First Owner,Petrol,Manual,FWD,1373 cc,91.1 bhp,17.5 kmpl,4.0,No,7 Seats,1180 kg,185 mm,45 Litres,,
937,Mahindra XUV700,₹14.57 Lakh,Jan 2023,"73,096 Kms",First Owner,Petrol,Automatic,FWD,1999 cc,197 bhp,13 kmpl,4.0,Yes,5 Seats,,,60 Litres,,
938,Hyundai Creta,₹12.99 Lakh,Jun 2023,"67,000 Kms",First Owner,Diesel,Manual,2WD,1493 cc,113.45 bhp,18 kmpl,4.0,Yes,5 Seats,1565 kg,,,50 Litres,
939,Toyota Fortuner,₹38.90 Lakh,Mar 2023,"33,000 Kms",First Owner,Diesel,Automatic,2WD,2755 cc,201.15 bhp,14 kmpl,4.0,Yes,7 Seats,,,,80 Litres,
940,Mahindra KUV 100,₹2.55 Lakh,Nov 2017,"56,000 Kms",First Owner,,Manual,FWD,1198 cc,82 bhp,18.15 kmpl,3.0,No,6 Seats,1175 kg,170 mm,35 Litres,,
941,Tata Tigor,₹4.57 Lakh,Mar 2022,"1,12,982 Kms",First Owner,CNG,Manual,,1199 cc,72.40 bhp,26.49 km/kg,3.0,,5 Seats,1030 kg,,,,60 Litres
942,Tata Tiago,₹4.71 Lakh,Mar 2022,"93,523 Kms",First Owner,CNG,Manual,FWD,1199 cc,74.46 bhp,26.49 km/kg,3.0,,5 Seats,,168 mm,,,60 Litres
943,Tata Tiago,₹4.69 Lakh,Sept 2022,"89,259 Kms",First Owner,CNG,Manual,FWD,1199 cc,74.46 bhp,26.49 km/kg,3.0,,5 Seats,,168 mm,,,60 Litres
944,Hyundai Creta,₹8.90 Lakh,Feb 2019,"83,000 Kms",First Owner,Diesel,Manual,FWD,1396 cc,88.7 bhp,22.1 kmpl,4.0,No,5 Seats,1200 kg,,,55 Litres,
945,Audi Q5,₹16.50 Lakh,Apr 2014,"92,000 Kms",First Owner,Diesel,Automatic,AWD,1968 cc,174.3 bhp,,4.0,Yes,5 Seats,1830 kg,200 mm,,75 Litres,
946,BMW X4,₹34.75 Lakh,Nov 2020,"55,000 Kms",Second Owner,Diesel,Automatic,4WD,2993 cc,261.50 bhp,,6.0,Twin,5 Seats,1890 kg,,,68 Litres,
947,Tata Tiago EV,₹7.75 Lakh,May 2023,"40,000 Kms",First Owner,,Automatic,FWD,,73.75 bhp,,,,5 Seats,,,,,
948,Maruti Suzuki Swift,₹2.93 Lakh,Aug 2016,"79,967 Kms",First Owner,Petrol,Manual,FWD,1197 cc,88.50 bhp,22.38 kmpl,4.0,,5 Seats,875-905 kg,,37 Litres,,
949,Maruti Suzuki Alto K10,₹99 Thousand,Nov 2010,"56,000 Kms",First Owner,Petrol,Manual,FWD,998 cc,67.1 bhp,20.92 kmpl,3.0,No,5 Seats,760 kg,160 mm,35 Litres,,
950,Mahindra Marazzo,₹5.15 Lakh,Apr 2019,"84,800 Kms",First Owner,Diesel,Manual,FWD,1497 cc,121 bhp,17.3 kmpl,4.0,Yes,7 Seats,1650 s kg,,,45 Litres,
951,Maruti Suzuki Ertiga,₹5.70 Lakh,Jul 2016,"89,744 Kms",Second Owner,Petrol,Manual,FWD,1373 cc,91.1 bhp,17.5 kmpl,4.0,No,7 Seats,1175 kg,185 mm,45 Litres,,
952,Mahindra Bolero Neo,₹6 Lakh,Oct 2022,"80,302 Kms",Second Owner,,Manual,RWD,1493 cc,98.56 bhp,17.29 kmpl,3.0,Yes,7 Seats,,180 mm,,50 Litres,
953,Maruti Suzuki Swift,₹5.11 Lakh,Dec 2021,"46,000 Kms",First Owner,Petrol,Manual,,1197 cc,88.50 bhp,22.38 kmpl,4.0,,5 Seats,875-905 kg,,37 Litres,,
954,Mahindra Thar,₹10.54 Lakh,May 2022,"72,860 Kms",Second Owner,,Automatic,4WD,2184 cc,130.07 bhp,9 kmpl,4.0,Yes,4 Seats,,226 mm,,57 Litres,
955,Mahindra Thar,₹11.90 Lakh,Nov 2022,"90,000 Kms",First Owner,,Automatic,4X4,2184 cc,130 bhp,9 kmpl,4.0,Yes,4 Seats,1755 kg,226 mm,,57 Litres,
956,Maruti Suzuki Swift,₹2.69 Lakh,Jun 2013,"1,08,881 Kms",First Owner,Petrol,Manual,FWD,1197 cc,80.46 bhp,24.8 kmpl,3.0,No,5 Seats,920 kg,163 mm,37 Litres,,
957,Hyundai Verna,₹3.85 Lakh,Apr 2013,"1,15,322 Kms",First Owner,Diesel,Manual,FWD,1582 cc,126.2 bhp,23.9 kmpl,4.0,Yes,5 Seats,1270 kg,165 mm,,43 Litres,
958,Maruti Suzuki Ertiga,₹10.50 Lakh,Aug 2021,"62,000 Kms",First Owner,CNG,Manual,FWD,1462 cc,91.19 bhp,26.08 km/kg,4.0,No,7 Seats,1235 kg,,,,60 Litres
959,Toyota Fortuner,₹14.75 Lakh,Oct 2015,"80,000 Kms",First Owner,,Automatic,FWD,2982 cc,168.5 bhp,12.55 kmpl,4.0,Yes,7 Seats,1880 kg,220 mm,,80 Litres,
960,Toyota Fortuner,₹15.90 Lakh,Apr 2015,"89,000 Kms",First Owner,,Automatic,FWD,2982 cc,168.5 bhp,12.55 kmpl,4.0,Yes,7 Seats,1880 kg,220 mm,,80 Litres,
961,Maruti Suzuki Ertiga,₹10.25 Lakh,Dec 2021,"20,000 Kms",First Owner,CNG,Manual,FWD,1462 cc,91.19 bhp,26.08 km/kg,4.0,No,7 Seats,1235 kg,,,,60 Litres
962,Renault KWID,₹2.67 Lakh,Mar 2018,"35,824 Kms",First Owner,Petrol,Automatic,FWD,999 cc,67 bhp,24.04 kmpl,3.0,No,5 Seats,730 kg,180 mm,28 Litres,,
963,BMW X1,₹14.75 Lakh,Aug 2015,"65,000 Kms",First Owner,,Automatic,RWD,1995 cc,188 bhp,17.05 kmpl,4.0,Yes,5 Seats,1550 kg,179 mm,,63 Litres,
964,BMW X1,₹16.50 Lakh,Jan 2018,"85,000 Kms",First Owner,Diesel,Automatic,FWD,1995 cc,188 bhp,,4.0,Yes,5 Seats,1590 kg,179 mm,,61 Litres,
965,Mahindra TUV 300,₹4.50 Lakh,2016,"87,000 Kms",First Owner,,Manual,RWD,1493 cc,100 bhp,18.49 kmpl,3.0,Yes,7 Seats,1755 kg,184 mm,,60 Litres,
966,Maruti Suzuki Alto 800,₹2.30 Lakh,2019,"1,23,000 Kms",First Owner,Petrol,Manual,,796 cc,47.33 bhp,22.05 kmpl,3.0,,5 Seats,755 kg,,35 Litres,,
967,Hyundai i20,₹3.25 Lakh,2015,"1,00,000 Kms",First Owner,Petrol,Manual,FWD,1197 cc,81.83 bhp,18.6 kmpl,4.0,No,5 Seats,1066 kg,170 mm,45 Litres,,
968,Hyundai Xcent,₹3.80 Lakh,2019,"80,000 Kms",First Owner,Diesel,Manual,FWD,1186 cc,73.97 bhp,25.4 kmpl,3.0,Yes,5 Seats,1080 kg,165 mm,,43 Litres,
969,Tata Tiago,₹3 Lakh,2018,"60,000 Kms",First Owner,Petrol,Manual,FWD,1199 cc,84 bhp,23.84 kmpl,3.0,No,5 Seats,1012 kg,170 mm,35 Litres,,
970,Hyundai i20,₹5.20 Lakh,2017,"2,10,000 Kms",First Owner,Diesel,Manual,FWD,1396 cc,88.73 bhp,22.54 kmpl,4.0,Yes,5 Seats,1515 kg,170 mm,,45 Litres,
971,Hyundai i10,₹2.50 Lakh,2013,"80,000 Kms",Third Owner,Petrol,Manual,FWD,1086 cc,68.05 bhp,19.81 kmpl,4.0,No,5 Seats,860 kg,165 mm,35 Litres,,
972,Skoda Fabia,₹2.50 Lakh,2011,"30,000 Kms",First Owner,Petrol,Manual,Two Wheel Drive,1198 cc,73.9 bhp,16.25 kmpl,3.0,No,5 Seats,1070 kg,158 mm,45 Litres,,
973,Datsun RediGO,₹1.48 Lakh,2017,"70,000 Kms",Second Owner,Petrol,Manual,2WD,999 cc,67 bhp,22.5 kmpl,3.0,No,5 Seats,750 kg,,28 Litres,,
974,Honda Amaze,₹2.50 Lakh,2015,"90,000 Kms",First Owner,Petrol,Manual,FWD,1198 cc,86.7 bhp,18 kmpl,4.0,No,5 Seats,950 kg,165 mm,35 Litres,,
975,Maruti Suzuki Swift Dzire,₹2.50 Lakh,2013,"1,60,000 Kms",First Owner,Petrol,Manual,FWD,1197 cc,85.8 bhp,19.1 kmpl,4.0,No,5 Seats,970 kg,170 mm,42 Litres,,
976,Maruti Suzuki Swift Dzire,₹2.85 Lakh,2014,"90,000 Kms",Third Owner,Petrol,Manual,FWD,1197 cc,85.8 bhp,19.1 kmpl,4.0,No,5 Seats,970 kg,170 mm,42 Litres,,
977,Ford Figo,₹2.99 Lakh,2016,"1,50,000 Kms",Second Owner,Diesel,Manual,FWD,1498 cc,99 bhp,25.83 kmpl,4.0,Yes,5 Seats,1040-1130 kg,174 mm,,40 Litres,
978,Hyundai Santro Xing,₹2.30 Lakh,2011,"1,00,000 Kms",First Owner,Petrol,Manual,,1086 cc,62 bhp,,4.0,No,5 Seats,854 kg,164 mm,35 Litres,,
979,Hyundai i10,₹2.50 Lakh,2014,"70,000 Kms",First Owner,Petrol,Manual,FWD,1086 cc,68.05 bhp,19.81 kmpl,4.0,No,5 Seats,860 kg,165 mm,35 Litres,,
980,Hyundai i10,₹2.30 Lakh,2014,"55,000 Kms",Second Owner,Petrol,Manual,FWD,1197 cc,78.9 bhp,20.36 kmpl,4.0,No,5 Seats,930 kg,165 mm,35 Litres,,
981,Hyundai i10,₹3 Lakh,2015,"1,33,500 Kms",First Owner,Petrol,Manual,FWD,1197 cc,78.9 bhp,20.36 kmpl,4.0,No,5 Seats,1100 kg,165 mm,35 Litres,,
982,Tata Zest,₹2.25 Lakh,2015,"1,50,000 Kms",First Owner,Diesel,Manual,FWD,1248 cc,88.7 bhp,20.65 kmpl,4.0,Yes,5 Seats,1155 kg,170 mm,,44 Litres,
983,Hyundai i10,₹2.60 Lakh,2012,"78,000 Kms",Second Owner,Petrol,Manual,FWD,1197 cc,78.9 bhp,20.36 kmpl,4.0,No,5 Seats,930 kg,165 mm,35 Litres,,
984,Hyundai i10,₹2.25 Lakh,2013,"70,000 Kms",Second Owner,Petrol,Manual,FWD,1197 cc,78.9 bhp,20.36 kmpl,4.0,No,5 Seats,930 kg,165 mm,35 Litres,,
985,Hyundai Grand i10,₹4 Lakh,2017,"90,000 Kms",First Owner,Petrol,Manual,FWD,1197 cc,81.86 bhp,18.9 kmpl,4.0,No,5 Seats,1060 kg,165 mm,43 Litres,,
986,Tata Tiago,₹3.60 Lakh,2020,"80,000 Kms",Second Owner,Petrol,Manual,,1199 cc,84.82 bhp,20.09 kmpl,3.0,,5 Seats,1100 kg,170 mm,35 Litres,,
987,Hyundai Xcent,₹3.21 Lakh,2017,"1,60,000 Kms",First Owner,Diesel,Manual,FWD,1186 cc,73.97 bhp,25.4 kmpl,3.0,Yes,5 Seats,1100 kg,165 mm,,43 Litres,
988,Tata Tiago,₹4.50 Lakh,2017,"90,000 Kms",First Owner,Petrol,Manual,FWD,1199 cc,84 bhp,23.84 kmpl,3.0,No,5 Seats,980 kg,170 mm,35 Litres,,
989,Hyundai i20,₹4.50 Lakh,2015,"90,000 Kms",Second Owner,Petrol,Manual,FWD,1197 cc,81.83 bhp,18.6 kmpl,4.0,No,5 Seats,1066 kg,170 mm,45 Litres,,
990,Hyundai Grand i10,₹3.25 Lakh,2016,"1,50,000 Kms",First Owner,Diesel,Manual,FWD,1120 cc,70 bhp,24 kmpl,3.0,No,5 Seats,1025 kg,165 mm,,43 Litres,
991,Honda City,₹4 Lakh,2015,"80,000 Kms",Second Owner,Petrol,Manual,FWD,1497 cc,117.3 bhp,17.4 kmpl,4.0,No,5 Seats,1042 kg,165 mm,40 Litres,,
992,Hyundai i20,₹6 Lakh,2019,"70,000 Kms",First Owner,Diesel,Manual,FWD,1396 cc,88.76 bhp,22.54 kmpl,4.0,Yes,5 Seats,1160 kg,170 mm,,40 Litres,
993,Honda City,₹5.35 Lakh,2018,"1,50,000 Kms",First Owner,Petrol,Manual,FWD,1497 cc,117.6 bhp,17.4 kmpl,4.0,No,5 Seats,1063 kg,165 mm,40 Litres,,
994,Hyundai i20,₹4.50 Lakh,2014,"55,000 Kms",First Owner,Petrol,Manual,FWD,1197 cc,82.85 bhp,18.5 kmpl,4.0,No,5 Seats,1040 kg,,45 Litres,,
995,Honda Amaze,₹5 Lakh,2019,"40,000 Kms",First Owner,Petrol,Manual,FWD,1199 cc,88.76 bhp,19.5 kmpl,4.0,No,5 Seats,917 kg,170 mm,35 Litres,,
996,Hyundai i10,₹3.51 Lakh,2016,"80,000 Kms",First Owner,Petrol,Manual,FWD,1086 cc,68.05 bhp,19.81 kmpl,4.0,No,5 Seats,860 kg,165 mm,35 Litres,,
997,Hyundai i20,₹3.50 Lakh,2015,"40,000 Kms",First Owner,Petrol,Manual,FWD,1197 cc,81.83 bhp,18.6 kmpl,4.0,No,5 Seats,1066 kg,170 mm,45 Litres,,
998,Hyundai Xcent,₹3.30 Lakh,2014,"57,300 Kms",First Owner,Petrol,Manual,FWD,1197 cc,82 bhp,19.1 kmpl,4.0,No,5 Seats,1160 kg,165 mm,43 Litres,,
999,Honda City,₹8 Lakh,2019,"20,000 Kms",First Owner,Petrol,Automatic,FWD,1497 cc,117.6 bhp,18 kmpl,4.0,No,5 Seats,1100 kg,165 mm,40 Litres,,
1000,Honda Amaze 2nd Gen,₹7.50 Lakh,2022,"30,000 Kms",First Owner,Petrol,Manual,,1199 cc,88.50 bhp,18.6 kmpl,4.0,,5 Seats,907-934 kg,,35 Litres,,
1001,Hyundai Creta,₹7.50 Lakh,2018,"1,21,000 Kms",Second Owner,Petrol,Manual,FWD,1591 cc,121.3 bhp,15.8 kmpl,4.0,No,5 Seats,1260 kg,,55 Litres,,
1002,Tata Safari,₹22 Lakh,2023,"30,000 Kms",First Owner,Diesel,Manual,FWD,1956 cc,167.62 bhp,14 kmpl,4.0,Yes,7 Seats,,,,50 Litres,
1003,Hyundai i10,₹2.50 Lakh,2016,"40,000 Kms",Third Owner,Petrol,Manual,FWD,1086 cc,68.05 bhp,19.81 kmpl,4.0,No,5 Seats,860 kg,165 mm,35 Litres,,
1004,Volkswagen Taigun,₹21 Lakh,2024,"10,000 Kms",First Owner,,Automatic,FWD,1498 cc,147.51 bhp,17.88 kmpl,4.0,Yes,5 Seats,1312 kg,188 mm,50 Litres,,
1005,Jeep Compass,₹12 Lakh,2018,"1,43,000 Kms",First Owner,,Manual,4X2,1956 cc,170.63 bhp,17.1 kmpl,4.0,Yes,5 Seats,1551 s kg,178 mm,,60 Litres,
1006,Kia Seltos,₹11.25 Lakh,2023,"50,000 Kms",Second Owner,Petrol,Automatic,2WD,1497 cc,113.42 bhp,17.7 kmpl,4.0,No,5 Seats,,,50 Litres,,
1007,Toyota Hyryder,₹11.50 Lakh,2023,"70,000 Kms",First Owner,Petrol,Manual,FWD,1462 cc,101.64 bhp,21.12 kmpl,4.0,,5 Seats,1145-1290 kg,,45 Litres,,
1008,Volkswagen Tiguan,₹15 Lakh,2023,"60,000 Kms",First Owner,Petrol,Automatic,AWD,1984 cc,187.74 bhp,12.65 kmpl,4.0,Yes,5 Seats,1703 kg,,60 Litres,,
1009,Maruti Suzuki Alto K10,₹2.50 Lakh,2014,"1,20,000 Kms",Fifth Owner,Petrol,Manual,FWD,998 cc,67.1 bhp,20.92 kmpl,3.0,No,5 Seats,760 kg,160 mm,35 Litres,,
1010,Toyota Etios,₹3 Lakh,2012,"1,90,000 Kms",First Owner,Diesel,Manual,,1364 cc,,23.59 kmpl,4.0,,5 Seats,920 kg,,,45 Litres,
1011,Datsun GO Plus,₹1.65 Lakh,2019,"50,000 Kms",Third Owner,Petrol,Manual,FWD,1198 cc,67 bhp,19.83 kmpl,3.0,No,7 Seats,882 kg,,35 Litres,,
1012,Honda Amaze,₹3 Lakh,2017,"1,60,000 Kms",First Owner,Diesel,Manual,FWD,1498 cc,98.6 bhp,25.8 kmpl,4.0,Yes,5 Seats,1065 kg,165 mm,,35 Litres,
1013,Maruti Suzuki Wagon R,₹2.75 Lakh,2017,"1,00,000 Kms",First Owner,Petrol,Manual,FWD,998 cc,67.04 bhp,20.51 kmpl,3.0,No,5 Seats,885 kg,165 mm,35 Litres,,
1014,Tata Tiago,₹2.80 Lakh,2017,"80,000 Kms",Second Owner,Petrol,Manual,FWD,1199 cc,84 bhp,23.84 kmpl,3.0,No,5 Seats,1012 kg,170 mm,35 Litres,,
1015,Maruti Suzuki Wagon R,₹1.30 Lakh,2012,"1,20,000 Kms",Third Owner,Petrol,Manual,FWD,998 cc,67.1 bhp,18.9 kmpl,3.0,No,5 Seats,870 kg,165 mm,35 Litres,,
1016,Maruti Suzuki Wagon R,₹2.25 Lakh,2014,"1,00,000 Kms",Third Owner,Petrol,Manual,FWD,998 cc,67.04 bhp,20.51 kmpl,3.0,No,5 Seats,885 kg,165 mm,35 Litres,,
1017,Maruti Suzuki Wagon R,₹1.25 Lakh,2012,"1,20,000 Kms",Third Owner,Petrol,Manual,FWD,998 cc,67.1 bhp,18.9 kmpl,3.0,No,5 Seats,885 kg,165 mm,35 Litres,,
1018,Tata Zest,₹2.40 Lakh,2018,"50,000 Kms",First Owner,Petrol,Manual,FWD,1193 cc,88.7 bhp,17.57 kmpl,4.0,Yes,5 Seats,1115 kg,170 mm,44 Litres,,
1019,Renault KWID,₹2.70 Lakh,2018,"40,000 Kms",Second Owner,Petrol,Manual,FWD,999 cc,67 bhp,23.01 kmpl,3.0,No,5 Seats,730 kg,180 mm,28 Litres,,
1020,LXI BS IV,₹2.03 Lakh,2013,"1,00,000 Kms",Second Owner,Petrol,Manual,FWD,998 cc,67.04 bhp,20.51 kmpl,3.0,No,5 Seats,870 kg,165 mm,35 Litres,,
1021,Maruti Suzuki Wagon R,₹2 Lakh,2011,"1,60,000 Kms",Third Owner,Petrol,Manual,FWD,998 cc,67.1 bhp,18.9 kmpl,3.0,No,5 Seats,885 kg,165 mm,35 Litres,,
1022,Nissan Micra,₹2 Lakh,2011,"80,000 Kms",First Owner,Diesel,Manual,Two Whhel Drive,1461 cc,63.1 bhp,23.08 kmpl,4.0,No,5 Seats,1008 kg,,,41 Litres,
1023,Datsun GO Plus,₹1.85 Lakh,2019,"47,200 Kms",Third Owner,Petrol,Manual,FWD,1198 cc,67 bhp,19.83 kmpl,3.0,No,7 Seats,882 kg,,35 Litres,,
1024,Maruti Suzuki Celerio,₹2.50 Lakh,2014,"1,10,000 Kms",First Owner,Petrol,Manual,FWD,998 cc,67.04 bhp,23.1 kmpl,3.0,No,5 Seats,835 kg,120 mm,35 Litres,,
1025,Hyundai EON,₹1.45 Lakh,2012,"70,000 Kms",Third Owner,Petrol,Manual,FWD,814 cc,55.2 bhp,21.1 kmpl,3.0,No,5 Seats,860 kg,170 mm,32 Litres,,
1026,Hyundai Xcent,₹2.75 Lakh,2014,"80,000 Kms",Second Owner,Diesel,Manual,FWD,1120 cc,71 bhp,24.4 kmpl,3.0,Yes,5 Seats,1100 kg,165 mm,,43 Litres,
1027,Maruti Suzuki Swift Dzire,₹2.20 Lakh,2013,"1,50,000 Kms",First Owner,Diesel,Manual,FWD,1248 cc,74 bhp,23.4 kmpl,4.0,Yes,5 Seats,1080 kg,170 mm,,42 Litres,
1028,Toyota Corolla Altis,₹3 Lakh,2009,"1,20,000 Kms",Second Owner,Petrol,Manual,FWD,1798 cc,138.1 bhp,14.53 kmpl,4.0,No,5 Seats,1340 kg,175 mm,55 Litres,,
1029,Maruti Suzuki Wagon R,₹2.40 Lakh,2016,"43,000 Kms",Third Owner,Petrol,Manual,FWD,998 cc,67.04 bhp,20.51 kmpl,3.0,No,5 Seats,885 kg,165 mm,35 Litres,,
1030,Maruti Suzuki Wagon R,₹2.03 Lakh,2013,"1,00,000 Kms",Second Owner,Petrol,Manual,FWD,998 cc,67.04 bhp,20.51 kmpl,3.0,No,5 Seats,870 kg,165 mm,35 Litres,,
1031,Hyundai i10,₹1.25 Lakh,2008,"90,000 Kms",Third Owner,Petrol,Manual,FWD,1197 cc,78.9 bhp,20.36 kmpl,4.0,No,5 Seats,930 kg,165 mm,35 Litres,,
1032,Nissan Micra,₹2.50 Lakh,2012,"90,000 Kms",Second Owner,Petrol,Manual,FWD,1198 cc,75 bhp,18.06 kmpl,3.0,No,5 Seats,940 kg,,41 Litres,,
1033,Hyundai Creta,₹5.30 Lakh,2017,"1,50,000 Kms",First Owner,,Manual,FWD,1591 cc,121.3 bhp,15.29 kmpl,4.0,No,5 Seats,"1,300 kg",190 mm,55 Litres,,
1034,Toyota Etios,₹3.20 Lakh,2011,"70,000 Kms",First Owner,Petrol,Manual,,1496 cc,88.73 bhp,17.6 kmpl,4.0,No,5 Seats,920 kg,,45 Litres,,
1035,Maruti Suzuki Baleno,₹4 Lakh,2016,"1,20,000 Kms",First Owner,Diesel,Manual,FWD,1248 cc,74 bhp,27.39 kmpl,4.0,Yes,5 Seats,985 kg,170 mm,,37 Litres,
1036,Maruti Suzuki Swift Dzire Tour,₹4 Lakh,2018,"1,00,000 Kms",Second Owner,Diesel,Manual,,1248 cc,74.02 bhp,19.95 kmpl,4.0,Yes,5 Seats,945 kg,,,42 Litres,
1037,Honda Amaze,₹4 Lakh,2016,"70,000 Kms",First Owner,Petrol,Manual,FWD,1198 cc,86.7 bhp,17.8 kmpl,4.0,No,5 Seats,955 kg,165 mm,35 Litres,,
1038,Maruti Suzuki Swift Dzire,₹4.20 Lakh,2017,"1,90,000 Kms",First Owner,Diesel,Manual,FWD,1248 cc,74 bhp,26.59 kmpl,4.0,Yes,5 Seats,1045 kg,170 mm,,42 Litres,
1039,Honda Amaze,₹4.70 Lakh,2019,"60,000 Kms",First Owner,Petrol,Manual,FWD,1199 cc,88.76 bhp,19.5 kmpl,4.0,No,5 Seats,921 kg,170 mm,35 Litres,,
1040,Maruti Suzuki Swift Dzire,₹4.55 Lakh,2018,"90,000 Kms",First Owner,Petrol,Manual,FWD,1197 cc,81.80 bhp,21.21 kmpl,4.0,No,5 Seats,860-895 kg,163 mm,37 Litres,,
1041,Hyundai Xcent,₹5.10 Lakh,2018,"28,000 Kms",First Owner,Petrol,Manual,FWD,1197 cc,81.86 bhp,20.14 kmpl,4.0,No,5 Seats,1120 kg,165 mm,43 Litres,,
1042,Maruti Suzuki Swift Dzire,₹3.50 Lakh,2016,"70,000 Kms",Second Owner,Petrol,Manual,FWD,1197 cc,83.14 bhp,20.85 kmpl,4.0,No,5 Seats,945 kg,170 mm,42 Litres,,
1043,Hyundai i20,₹4.50 Lakh,2016,"90,000 Kms",First Owner,Diesel,Manual,FWD,1396 cc,88.73 bhp,22.54 kmpl,4.0,Yes,5 Seats,1515 kg,170 mm,,45 Litres,
1044,Maruti Suzuki Baleno,₹5 Lakh,2017,"1,10,000 Kms",First Owner,Petrol,Manual,FWD,1197 cc,83.1 bhp,21.4 kmpl,4.0,No,5 Seats,880 kg,170 mm,37 Litres,,
1045,Hyundai Verna,₹5.50 Lakh,2017,"30,000 Kms",Second Owner,Petrol,Manual,FWD,1591 cc,121.3 bhp,17.01 kmpl,4.0,No,5 Seats,,165 mm,43 Litres,,
1046,Maruti Suzuki Swift Dzire,₹4.20 Lakh,2016,"1,60,000 Kms",First Owner,Diesel,Manual,FWD,1248 cc,74 bhp,26.59 kmpl,4.0,Yes,5 Seats,1055 kg,170 mm,,42 Litres,
1047,Maruti Suzuki Ignis,₹4 Lakh,2017,"36,500 Kms",First Owner,Petrol,Manual,FWD,1197 cc,81.80 bhp,20.89 kmpl,4.0,No,5 Seats,835 kg,180 mm,32 Litres,,
1048,Hyundai i20,₹3.50 Lakh,2013,"1,00,000 Kms",First Owner,Diesel,Manual,FWD,1396 cc,88.76 bhp,21.9 kmpl,4.0,No,5 Seats,1120 kg,,,45 Litres,
1049,Maruti Suzuki Wagon R,₹3.60 Lakh,2019,"60,000 Kms",Second Owner,Petrol,Automatic,FWD,998 cc,67 bhp,20.51 kmpl,3.0,No,5 Seats,895 kg,165 mm,35 Litres,,
1050,Honda City,₹4.50 Lakh,2016,"1,60,000 Kms",Second Owner,Diesel,Manual,FWD,1498 cc,98.6 bhp,26 kmpl,4.0,Yes,5 Seats,1125 kg,165 mm,,40 Litres,
1051,46+ used cars for sale from ₹2 Lakh in Ahmedabad,,,,,,,,,,,,,,,,,,
1052,Jeep Compass,₹7.50 Lakh,2019,"60,000 Kms",Second Owner,,Manual,4X2,1956 cc,170 bhp,17.1 kmpl,4.0,Yes,5 Seats,1551 s kg,178 mm,,60 Litres,
1053,Skoda Slavia,₹10 Lakh,2023,"30,000 Kms",First Owner,Petrol,Manual,FWD,999 cc,113.98 bhp,19 kmpl,3.0,Yes,5 Seats,1160-1216 kg,145 mm,45 Litres,,
1054,Tata Tigor,₹6.90 Lakh,2022,"80,000 Kms",First Owner,Petrol,Manual,,1199 cc,84.82 bhp,19.28 kmpl,3.0,,5 Seats,1030 kg,,35 Litres,,
1055,Jeep Compass,₹8 Lakh,2018,"1,11,000 Kms",First Owner,,Manual,4X2,1956 cc,170 bhp,17.1 kmpl,4.0,Yes,5 Seats,1562 s kg,178 mm,,60 Litres,
1056,MG Hector,₹20.50 Lakh,2024,"13,000 Kms",First Owner,Petrol,Automatic,FWD,1451 cc,141.04 bhp,12.34 kmpl,4.0,Yes,5 Seats,,,60 Litres,,
1057,MG Hector Plus,₹9.50 Lakh,2020,"70,000 Kms",First Owner,Petrol,Automatic,,1451 cc,141 bhp,11.67 kmpl,4.0,YES,6 Seats,1820 kg,,60 Litres,,
1058,Honda Brio,₹2 Lakh,2013,"88,000 Kms",Third Owner,Petrol,Manual,FWD,1198 cc,86.8 bhp,19.4 kmpl,4.0,No,5 Seats,925 kg,165 mm,35 Litres,,
1059,Toyota Yaris,₹6 Lakh,2018,"50,000 Kms",First Owner,Petrol,Automatic,FWD,1496 cc,105.5 bhp,17.8 kmpl,4.0,No,5 Seats,1135 kg,,42 Litres,,
1060,Maruti Suzuki S Cross,₹5.71 Lakh,2018,"83,000 Kms",First Owner,,Manual,FWD,1248 cc,88.5 bhp,25.1 kmpl,4.0,Yes,5 Seats,1230 kg,180 mm,,48 Litres,
1061,Toyota Fortuner,₹25.50 Lakh,Jan 2023,"56,000 Kms",First Owner,Petrol,Manual,2WD,2694 cc,163.60 bhp,11 kmpl,4.0,No,7 Seats,,,80 Litres,,
1062,Ford Endeavour,₹22 Lakh,2020,"1,20,000 Kms",Second Owner,Diesel,Automatic,RWD,2198 cc,158.2 bhp,14.2 kmpl,4.0,No,7 Seats,2238 kg,,,80 Litres,
1063,Hyundai Grand i10,₹3.72 Lakh,Mar 2017,"40,710 Kms",First Owner,Petrol,Manual,FWD,1197 cc,81.86 bhp,18.9 kmpl,4.0,No,5 Seats,1120 kg,165 mm,43 Litres,,
1064,BMW X3,₹38.50 Lakh,2021,"60,000 Kms",Second Owner,Diesel,Automatic,AWD,1995 cc,187.7 bhp,,4.0,Yes,5 Seats,1690 kg,211 mm,,60 Litres,
1065,Skoda Slavia,₹13.35 Lakh,2025,"7,831 Kms",First Owner,Petrol,Manual,FWD,999 cc,114 bhp,20.32 kmpl,3.0,,5 Seats,1160-1216 kg,179 mm,45 Litres,,
1066,1.4 CRDi S,₹6.80 Lakh,2016,"1,20,000 Kms",First Owner,,Manual,FWD,1396 cc,88.7 bhp,21.38 kmpl,4.0,No,5 Seats,1240 kg,190 mm,,55 Litres,
1067,1.2 Kappa Sportz BSIV,₹3.72 Lakh,Mar 2017,"40,710 Kms",First Owner,Petrol,Manual,FWD,1197 cc,81.86 bhp,18.9 kmpl,4.0,No,5 Seats,1120 kg,165 mm,43 Litres,,
1068,1.2 Kappa Sportz BSIV,₹4.21 Lakh,Mar 2017,"64,322 Kms",First Owner,Petrol,Manual,FWD,1197 cc,81.86 bhp,18.9 kmpl,4.0,No,5 Seats,1120 kg,165 mm,43 Litres,,
1069,Sportz,₹3.45 Lakh,Mar 2016,"72,000 Kms",First Owner,Petrol,Manual,FWD,1197 cc,82 bhp,18.9 kmpl,4.0,No,5 Seats,935 kg,165 mm,43 Litres,,
1070,1.2,₹6.30 Lakh,2022,"80,000 Kms",First Owner,Diesel,Manual,RWD,2523 cc,65.03 bhp,17.2 kmpl,4.0,,2 Seats,1620 kg,,,45 Litres,
1071,4X2,₹25.50 Lakh,Jan 2023,"56,000 Kms",First Owner,Petrol,Manual,2WD,2694 cc,163.60 bhp,11 kmpl,4.0,No,7 Seats,,,80 Litres,,
1072,1.2 Kappa Magna BSIV,₹3.84 Lakh,Jul 2016,"67,763 Kms",First Owner,Petrol,Manual,FWD,1197 cc,81.86 bhp,18.9 kmpl,4.0,No,5 Seats,1100 kg,165 mm,43 Litres,,
1073,Era,₹3.75 Lakh,Nov 2016,"91,000 Kms",First Owner,Petrol,Manual,FWD,1086 cc,68.05 bhp,19.81 kmpl,4.0,No,5 Seats,860 kg,165 mm,35 Litres,,
