car_name,Price,Registration Year,Kms Driven,Ownership,Fuel,Transmission,Drive Type,Engine,Power,Mileage,No. of Cylinders,Turbo Charger,Seats,Kerb Weight,Ground Clearance Unladen,Petrol Fuel Tank Capacity,Diesel Fuel Tank Capacity,CNG Fuel Tank Capacity
Skoda Superb,₹26.65 Lakh,Jan 2021,"54,626 Kms",First Owner,Petrol,Automatic,FWD,1984 cc,187.74 bhp,15.1 kmpl,4.0,Yes,5 Seats,1579 kg,156 mm,66 Litres,,
Kia Seltos,₹10.37 Lakh,Jan 2021,"50,756 Kms",Second Owner,Petrol,Manual,FWD,1353 cc,113.43 bhp,16.8 kmpl,4.0,No,5 Seats,1485 kg,,,,
Maruti Suzuki Grand Vitara,₹12.82 Lakh,Dec 2022,"18,513 Kms",First Owner,Petrol,Automatic,2WD,1462 cc,101.64 bhp,20.58 kmpl,4.0,,5 Seats,1185 - 1210 kg,,45 Litres,,
Maruti Suzuki Grand Vitara,₹11.04 Lakh,May 2023,"38,543 Kms",First Owner,,Manual,FWD,1462 cc,101.64 bhp,21.11 kmpl,4.0,,5 Seats,1140-1185 kg,210 mm,45 Litres,,
Tata Safari,₹23.50 Lakh,2023,"30,000 Kms",First Owner,Diesel,Manual,FWD,1956 cc,167.62 bhp,16.3 kmpl,4.0,Yes,7 Seats,,,,50 Litres,
Volkswagen Vento,₹7.25 Lakh,Aug 2018,"69,000 Kms",First Owner,Petrol,Automatic,FWD,1197 cc,103.2 bhp,18.19 kmpl,4.0,Yes,5 Seats,1179 kg,163 mm,55 Litres,,
Renault Triber,₹6.52 Lakh,May 2022,"22,483 Kms",First Owner,Petrol,Manual,FWD,999 cc,71.01 bhp,20 kmpl,3.0,,7 Seats,,182 mm,40 Litres,,
Mahindra Bolero Power Plus,₹7.21 Lakh,Jun 2019,"1,46,000 Kms",First Owner,,Manual,RWD,1493 cc,70 bhp,16.5 kmpl,3.0,Yes,7 Seats,1450 kg,180 mm,,60 Litres,
Volkswagen Taigun,₹16.25 Lakh,2024,"40,000 Kms",First Owner,,Automatic,FWD,1498 cc,147.51 bhp,17.88 kmpl,4.0,Yes,5 Seats,1312 kg,188 mm,50 Litres,,
Maruti Suzuki Eeco,₹5.75 Lakh,2024,"30,000 Kms",First Owner,Petrol,Manual,RWD,1197 cc,79.65 bhp,19.71 kmpl,4.0,,5 Seats,935 kg,,32 Litres,,
Kia Sonet,₹8 Lakh,2020,"57,000 Kms",Second Owner,Petrol,Manual,FWD,998 cc,118.36 bhp,18.2 kmpl,3.0,Yes,5 Seats,1201 kg,,45 Litres,,
Honda Jazz,₹4.50 Lakh,2016,"81,000 Kms",Second Owner,Petrol,Automatic,FWD,1199 cc,88.7 bhp,19 kmpl,4.0,No,5 Seats,1066 kg,165 mm,40 Litres,,
Tata Xenon XT,₹6.50 Lakh,2017,"65,000 Kms",First Owner,Diesel,Manual,FWD,2956 cc,138.03 bhp,13.49 kmpl,4.0,Yes,5 Seats,1900 kg,200 mm,,65 Litres,
Kia Seltos,₹13.70 Lakh,2023,"13,000 Kms",First Owner,Petrol,Automatic,2WD,1497 cc,113.42 bhp,17.7 kmpl,4.0,No,5 Seats,,,50 Litres,,
12+ used cars for sale from ₹8 Lakh in Bangalore,,,,,,,,,,,,,,,,,,
MG Hector Plus,₹15.85 Lakh,2022,"42,500 Kms",First Owner,Diesel,Manual,,1956 cc,167.67 bhp,16.65 kmpl,4.0,YES,6 Seats,1860 kg,,,60 Litres,
Maruti Suzuki Ertiga,₹10.90 Lakh,2025,"10,000 Kms",First Owner,Petrol,Manual,FWD,1462 cc,101.64 bhp,20.51 kmpl,4.0,,7 Seats,1150-1205 kg,,45 Litres,,
Honda City,₹5.16 Lakh,Mar 2015,"81,795 Kms",First Owner,Petrol,Manual,,1497 cc,117.60 bhp,17.4 kmpl,4.0,,5 Seats,1063 kg,,40 Litres,,
Hyundai i20,₹5.59 Lakh,Apr 2016,"43,375 Kms",First Owner,Petrol,Manual,FWD,1197 cc,81.83 bhp,18.6 kmpl,4.0,No,5 Seats,1066 kg,170 mm,45 Litres,,
Tata Tiago,₹3.75 Lakh,Apr 2018,"30,975 Kms",Second Owner,Petrol,Manual,FWD,1199 cc,84 bhp,23.84 kmpl,3.0,No,5 Seats,1012 kg,170 mm,35 Litres,,
MG Hector,₹13.49 Lakh,Nov 2020,"71,510 Kms",First Owner,,Manual,FWD,1956 cc,167.68 bhp,17.41 kmpl,4.0,Yes,5 Seats,1860 kg,183 mm,,60 Litres,
Maruti Suzuki Ciaz,₹5.40 Lakh,Apr 2018,"1,02,571 Kms",First Owner,Diesel,Automatic,FWD,1248 cc,88.50 bhp,28.09 kmpl,4.0,Yes,5 Seats,1105 kg,170 mm,,43 Litres,
Renault KWID,₹4.22 Lakh,Nov 2019,"26,786 Kms",First Owner,Petrol,Manual,FWD,999 cc,67 bhp,23.01 kmpl,3.0,No,5 Seats,730 kg,180 mm,28 Litres,,
Tata Tiago,₹4.99 Lakh,Oct 2019,"57,000 Kms",First Owner,Petrol,Manual,FWD,1199 cc,84 bhp,23.84 kmpl,3.0,No,5 Seats,1012 kg,170 mm,35 Litres,,
Kia Seltos,₹14.90 Lakh,2023,"21,000 Kms",First Owner,Petrol,Manual,2WD,1497 cc,113.42 bhp,17 kmpl,4.0,No,5 Seats,,,50 Litres,,
Tata Tiago,₹4.55 Lakh,Feb 2019,"47,000 Kms",Second Owner,Petrol,Manual,FWD,1199 cc,84 bhp,23.84 kmpl,3.0,No,5 Seats,1012 kg,170 mm,35 Litres,,
Kia Seltos,₹9.26 Lakh,Oct 2020,"66,242 Kms",First Owner,Petrol,Manual,FWD,1353 cc,138.08 bhp,16.5 kmpl,4.0,Yes,5 Seats,1515 kg,,50 Litres,,
Ford Ecosport,₹6.85 Lakh,Jun 2018,"46,892 Kms",Second Owner,,Manual,FWD,1497 cc,121.31 bhp,17 kmpl,3.0,No,5 Seats,1242 kg,200 mm,52 Litres,,
Mercedes-Benz GLE,₹57.45 Lakh,Jan 2017,"60,150 Kms",First Owner,Petrol,Automatic,AWD,2996 cc,384.87 bhp,,6.0,Yes,5 Seats,2240 kg,232 mm,93 Litres,,
Maruti Suzuki Swift Dzire,₹5.20 Lakh,May 2019,"51,962 Kms",First Owner,Petrol,Manual,FWD,1197 cc,81.80 bhp,21.21 kmpl,4.0,No,5 Seats,860-895 kg,163 mm,37 Litres,,
Hyundai Grand i10,₹3.78 Lakh,Jan 2014,"1,34,418 Kms",First Owner,Petrol,Automatic,FWD,1197 cc,81.86 bhp,18.9 kmpl,4.0,No,5 Seats,1200 kg,165 mm,43 Litres,,
Tata Tiago,₹4.35 Lakh,Nov 2019,"28,000 Kms",First Owner,Petrol,Manual,FWD,1199 cc,84 bhp,23.84 kmpl,3.0,No,5 Seats,940 kg,165 mm,35 Litres,,
Mercedes-Benz E-Class,₹42.50 Lakh,Jan 2024,"79,000 Kms",First Owner,Diesel,Automatic,RWD,1950 cc,191.76 bhp,,4.0,Yes,5 Seats,1735 kg,,,80 Litres,
Kia Seltos,₹12.50 Lakh,Nov 2020,"75,000 Kms",First Owner,Diesel,Manual,FWD,1493 cc,113.43 bhp,20.8 kmpl,4.0,Yes,5 Seats,1475 kg,,,50 Litres,
Kia Seltos,₹10.72 Lakh,Aug 2022,"26,183 Kms",First Owner,Petrol,Manual,FWD,1497 cc,113.43 bhp,16.8 kmpl,4.0,No,5 Seats,1404 kg,,50 Litres,,
Skoda Kushaq,₹10.23 Lakh,Jun 2022,"45,890 Kms",First Owner,,Manual,FWD,999 cc,113.98 bhp,19.2 kmpl,3.0,Yes,5 Seats,1195-1255 kg,188 mm,50 Litres,,
Volvo XC90,₹38 Lakh,Mar 2017,"1,15,000 Kms",Second Owner,,Automatic,AWD,1969 cc,235 bhp,17.2 kmpl,4.0,Yes,7 Seats,2350 kg,238 mm,,68 Litres,
Hyundai Santro Xing,₹2.37 Lakh,2013,"30,000 Kms",Second Owner,Petrol,Manual,,1086 cc,62 bhp,,4.0,No,5 Seats,854 kg,164 mm,35 Litres,,
Mercedes-Benz GLS,₹80 Lakh,2020,"1,00,000 Kms",First Owner,Diesel,Automatic,AWD,2987 cc,258 bhp,,6.0,Yes,7 Seats,2455 kg,,,100 Litres,
Kia Seltos,₹14 Lakh,2021,"10,000 Kms",First Owner,Petrol,Automatic,2WD,1497 cc,113.4 bhp,16.8 kmpl,4.0,No,5 Seats,1355 kg,,50 Litres,,
Jeep Compass,₹25 Lakh,2021,"30,000 Kms",First Owner,Diesel,Automatic,4x4,1956 cc,167.67 bhp,14.9 kmpl,4.0,,5 Seats,1705 kg,,,60 Litres,
Toyota Innova Crysta,₹18.75 Lakh,2016,"1,00,000 Kms",First Owner,Diesel,Automatic,RWD,2755 cc,171.5 bhp,,4.0,Yes,7 Seats,1880 kg,,,55 Litres,
13+ used cars for sale from ₹9.99 Lakh in Bangalore,,,,,,,,,,,,,,,,,,
Kia Seltos,₹10.15 Lakh,Dec 2019,"28,230 Kms",First Owner,Petrol,Manual,FWD,1353 cc,113.43 bhp,16.8 kmpl,4.0,No,5 Seats,1485 kg,,,,
Tata Harrier,₹12.20 Lakh,Nov 2020,"1,02,711 Kms",First Owner,Diesel,Manual,FWD,1956 cc,167.63 bhp,17 kmpl,4.0,Yes,5 Seats,1695 kg,,,50 Litres,
Lexus NX,₹37.50 Lakh,Jul 2019,"82,500 Kms",First Owner,Petrol,Automatic,AWD,2499 cc,194.3 bhp,,4.0,Yes,5 Seats,1785 kg,185 mm,56 Litres,,
Jeep Compass,₹13.85 Lakh,Nov 2017,"70,153 Kms",Second Owner,,Automatic,4X2,1368 cc,160 bhp,16 kmpl,4.0,Yes,5 Seats,1562 s kg,178 mm,60 Litres,,
Kia Carens,₹14.99 Lakh,Jun 2022,"25,697 Kms",First Owner,Petrol,Manual,2WD,1353 cc,138.05 bhp,,4.0,Yes,6 Seats,,,45 Litres,,
Skoda Kushaq,₹13.20 Lakh,Jun 2021,"29,666 Kms",First Owner,,Manual,FWD,1498 cc,147.51 bhp,17.95 kmpl,4.0,Yes,5 Seats,1298 kg,188 mm,50 Litres,,
Volvo XC90,₹43.50 Lakh,Oct 2018,"1,47,139 Kms",First Owner,,Automatic,AWD,1969 cc,235 bhp,17.2 kmpl,4.0,Yes,7 Seats,2250 kg,238 mm,,68 Litres,
Tata Harrier,₹15.99 Lakh,Jun 2021,"34,476 Kms",First Owner,Diesel,Manual,,1956 cc,167.67 bhp,16.35 kmpl,4.0,Yes,5 Seats,1725 kg,,,50 Litres,
Skoda Kushaq,₹16 Lakh,Dec 2023,"45,000 Kms",Second Owner,,Manual,FWD,1498 cc,147.51 bhp,18.6 kmpl,4.0,Yes,5 Seats,1269-1300 kg,188 mm,50 Litres,,
Kia Carens,₹12.10 Lakh,Mar 2022,"23,935 Kms",Second Owner,Diesel,Manual,FWD,1493 cc,114.41 bhp,,4.0,Yes,6 Seats,,,,45 Litres,
Mercedes-Benz GLC,₹48.95 Lakh,Mar 2022,"38,223 Kms",First Owner,Diesel,Automatic,AWD,1950 cc,194 bhp,,4.0,Yes,5 Seats,1745 kg,,,66 Litres,
Kia Seltos,₹10.50 Lakh,Jun 2019,"53,568 Kms",First Owner,Petrol,Automatic,2WD,1497 cc,113.42 bhp,16.8 kmpl,4.0,No,5 Seats,1555 kg,,50 Litres,,
18+ used cars for sale from ₹5 Lakh in Bangalore,,,,,,,,,,,,,,,,,,
Jeep Compass,₹8.22 Lakh,Apr 2018,"77,870 Kms",First Owner,,Automatic,4X2,1368 cc,160 bhp,16 kmpl,4.0,Yes,5 Seats,1562 s kg,178 mm,60 Litres,,
Kia Seltos,₹9.78 Lakh,Dec 2020,"44,276 Kms",Second Owner,Petrol,Manual,FWD,1497 cc,113.43 bhp,16.8 kmpl,4.0,No,5 Seats,1404 kg,,50 Litres,,
Maruti Suzuki S Cross,₹8 Lakh,Jul 2021,"71,241 Kms",First Owner,Petrol,Automatic,FWD,1462 cc,103.25 bhp,18.43 kmpl,4.0,,5 Seats,1130-1170 kg,,48 Litres,,
Volkswagen Taigun,₹9.95 Lakh,Jan 2022,"41,000 Kms",First Owner,Petrol,Manual,,999 cc,113.98 bhp,20.08 kmpl,3.0,Yes,5 Seats,1220 kg,188 mm,50 Litres,,
Skoda Octavia,₹15.90 Lakh,Mar 2018,"57,000 Kms",First Owner,Petrol,Automatic,FWD,1798 cc,178 bhp,15.1 kmpl,4.0,Yes,5 Seats,1376 kg,110 mm,50 Litres,,
Mahindra XUV300,₹9.65 Lakh,Jul 2020,"48,000 Kms",First Owner,Petrol,Manual,,1197 cc,108.62 bhp,16.82 kmpl,3.0,Yes,5 Seats,1450 kg,,42 Litres,,
Ford Ecosport,₹7.53 Lakh,Jul 2021,"78,579 Kms",First Owner,Diesel,Manual,FWD,1498 cc,99.23 bhp,21.7 kmpl,4.0,Yes,5 Seats,1277 kg,,,52 Litres,
MG Astor,₹8.45 Lakh,Jun 2022,"23,169 Kms",First Owner,Petrol,Manual,,1498 cc,108.49 bhp,15.43 kmpl,4.0,No,5 Seats,1450 kg,,48 Litres,,
Lexus ES,₹58.90 Lakh,Mar 2024,"4,500 Kms",First Owner,Petrol,Automatic,RWD,2487 cc,175.67 bhp,,4.0,Yes,5 Seats,,,50 Litres,,
Ford Ecosport,₹9.75 Lakh,Jun 2019,"50,000 Kms",First Owner,,Manual,FWD,1498 cc,98.96 bhp,23 kmpl,4.0,Yes,5 Seats,1300 kg,200 mm,,52 Litres,
Mahindra XUV300,₹7.50 Lakh,Jun 2019,"36,094 Kms",First Owner,,Manual,FWD,1197 cc,110 bhp,17 kmpl,3.0,Yes,5 Seats,1295 kg,180 mm,42 Litres,,
Mahindra XUV300,₹7.45 Lakh,Jun 2019,"1,20,000 Kms",First Owner,Petrol,Manual,,1197 cc,108.62 bhp,16.82 kmpl,3.0,Yes,5 Seats,1430 kg,,42 Litres,,
Jeep Grand Cherokee,₹59.75 Lakh,Jun 2024,"25,000 Kms",First Owner,Petrol,Automatic,4WD,1995 cc,268.27 bhp,,4.0,,5 Seats,2097 kg,,87 Litres,,
Kia Seltos,₹11.75 Lakh,Jun 2020,"26,000 Kms",First Owner,Petrol,Manual,2WD,1353 cc,138 bhp,16.1 kmpl,4.0,Yes,5 Seats,1445 kg,,50 Litres,,
Kia Sonet,₹10.50 Lakh,Jan 2021,"65,000 Kms",First Owner,Diesel,Manual,FWD,1493 cc,98.63 bhp,18.4 kmpl,4.0,Yes,5 Seats,1215 kg,,,45 Litres,
"45+ used cars for sale from ₹60,000 in Bangalore",,,,,,,,,,,,,,,,,,
Honda Jazz,₹3.95 Lakh,Nov 2015,"82,474 Kms",Second Owner,Petrol,Manual,,1199 cc,88.50 bhp,17.1 kmpl,4.0,,5 Seats,1042 kg,,40 Litres,,
Kia Seltos,₹10.09 Lakh,Nov 2021,"26,323 Kms",Second Owner,Petrol,Manual,FWD,1497 cc,113.43 bhp,16.8 kmpl,4.0,No,5 Seats,1404 kg,,50 Litres,,
Kia Seltos,₹9.83 Lakh,Jun 2022,"95,758 Kms",First Owner,Petrol,Manual,FWD,1353 cc,138.08 bhp,16.5 kmpl,4.0,Yes,5 Seats,1515 kg,,50 Litres,,
Hyundai Grand i10,₹6.38 Lakh,Dec 2022,"16,419 Kms",First Owner,Petrol,Manual,FWD,1197 cc,81.86 bhp,18.9 kmpl,4.0,No,5 Seats,1120 kg,165 mm,43 Litres,,
Kia Seltos,₹9.80 Lakh,Sept 2020,"93,096 Kms",Second Owner,Petrol,Manual,FWD,1353 cc,138.08 bhp,16.5 kmpl,4.0,Yes,5 Seats,1515 kg,,50 Litres,,
Hyundai Grand i10,₹3.76 Lakh,Apr 2014,"81,676 Kms",Second Owner,Petrol,Manual,FWD,1197 cc,81.86 bhp,18.9 kmpl,4.0,No,5 Seats,1060 kg,165 mm,43 Litres,,
100+ used cars for sale from ₹2.50 Lakh in Bangalore,,,,,,,,,,,,,,,,,,
Maruti Suzuki Wagon R,₹3.97 Lakh,Oct 2016,"60,559 Kms",First Owner,Petrol,Manual,FWD,1197 cc,81.80 bhp,20.52 kmpl,4.0,No,5 Seats,830-845 kg,,32 Litres,,
Tata Tiago NRG,₹4.11 Lakh,Apr 2019,"74,452 Kms",Second Owner,Petrol,Manual,FWD,1199 cc,83.81 bhp,24 kmpl,3.0,No,5 Seats,1017 kg,180 mm,35 Litres,,
BMW X4,₹51 Lakh,Jun 2021,"34,000 Kms",First Owner,Diesel,Automatic,4WD,2993 cc,261.50 bhp,,6.0,Twin,5 Seats,1890 kg,,,68 Litres,
Kia Seltos,₹11.65 Lakh,Dec 2019,"65,981 Kms",First Owner,Petrol,Manual,FWD,1353 cc,138.08 bhp,16.5 kmpl,4.0,Yes,5 Seats,1515 kg,,50 Litres,,
Kia Seltos,₹10.82 Lakh,Mar 2020,"41,164 Kms",First Owner,Diesel,Manual,FWD,1493 cc,113.43 bhp,20.8 kmpl,4.0,Yes,5 Seats,1535 kg,,,50 Litres,
Honda City,₹11.52 Lakh,Nov 2021,"48,785 Kms",First Owner,Petrol,Manual,,1498 cc,119.35 bhp,18.6 kmpl,4.0,,5 Seats,1107-1153 kg,,40 Litres,,
Hyundai Creta N Line,₹17.75 Lakh,May 2024,"13,000 Kms",Second Owner,Petrol,Manual,FWD,1482 cc,158 bhp,18 kmpl,4.0,Yes,5 Seats,,,50 Litres,,
Kia Carens,₹12.95 Lakh,Apr 2022,"45,090 Kms",First Owner,Diesel,Manual,2WD,1493 cc,113.42 bhp,,4.0,No,7 Seats,1540 kg,,,,
Volkswagen Taigun,₹10.50 Lakh,Dec 2021,"71,000 Kms",Second Owner,Petrol,Automatic,,999 cc,113.98 bhp,18.41 kmpl,3.0,Yes,5 Seats,1285 kg,188 mm,50 Litres,,
Jeep Compass,₹11.75 Lakh,Apr 2018,"46,000 Kms",First Owner,,Automatic,4X2,1368 cc,160 bhp,16 kmpl,4.0,Yes,5 Seats,1562 s kg,178 mm,60 Litres,,
Kia Sonet,₹10.95 Lakh,Nov 2020,"66,000 Kms",First Owner,Diesel,Automatic,FWD,1493 cc,113.43 bhp,,4.0,Yes,5 Seats,kerb weight kg,,,45 Litres,
Ford Ecosport,₹10.50 Lakh,Mar 2021,"41,000 Kms",Second Owner,Diesel,Manual,FWD,1498 cc,99.23 bhp,21.7 kmpl,4.0,Yes,5 Seats,1277 kg,,,52 Litres,
Jeep Compass,₹11.25 Lakh,Dec 2019,"29,000 Kms",First Owner,,Manual,4X2,1956 cc,170 bhp,17.1 kmpl,4.0,Yes,5 Seats,1537 s kg,178 mm,,60 Litres,
Jaguar XF,₹12 Lakh,Jun 2015,"95,000 Kms",Third Owner,Petrol,Automatic,RWD,1999 cc,237.4 bhp,,4.0,Yes,5 Seats,1780 kg,141 mm,68 Litres,,
Skoda Kushaq,₹14.50 Lakh,Jun 2022,"15,645 Kms",First Owner,,Automatic,FWD,999 cc,113.98 bhp,17.2 kmpl,3.0,Yes,5 Seats,1245-1280 kg,188 mm,50 Litres,,
Kia Seltos,₹11.82 Lakh,Jul 2020,"1,21,649 Kms",First Owner,Petrol,Manual,FWD,1353 cc,138.08 bhp,16.5 kmpl,4.0,Yes,5 Seats,1515 kg,,50 Litres,,
Maruti Suzuki Brezza,₹12.32 Lakh,Feb 2024,"24,502 Kms",First Owner,,Manual,FWD,1462 cc,101.64 bhp,19.89 kmpl,4.0,,5 Seats,,198 mm,48 Litres,,
Skoda Kushaq,₹13 Lakh,2022,"60,000 Kms",First Owner,,Manual,FWD,1498 cc,147.51 bhp,17.95 kmpl,4.0,Yes,5 Seats,1298 kg,188 mm,50 Litres,,
Jeep Compass,₹11.75 Lakh,Feb 2020,"50,751 Kms",First Owner,,Manual,4X2,1956 cc,170 bhp,17.1 kmpl,4.0,Yes,5 Seats,1562 s kg,178 mm,,60 Litres,
Skoda Kushaq,₹12.75 Lakh,Jun 2022,"22,424 Kms",First Owner,,Manual,FWD,999 cc,113.98 bhp,19.2 kmpl,3.0,Yes,5 Seats,1195-1255 kg,188 mm,50 Litres,,
MG Astor,₹13.65 Lakh,Jun 2022,"35,473 Kms",First Owner,Petrol,Automatic,,1498 cc,108.49 bhp,14.82 kmpl,4.0,No,5 Seats,1400 kg,,48 Litres,,
MG Hector,₹13 Lakh,2022,"23,000 Kms",First Owner,,Automatic,FWD,1451 cc,141 bhp,9 kmpl,4.0,Yes,5 Seats,1820 kg,192 mm,60 Litres,,
Tata Nexon,₹10.25 Lakh,Jan 2024,"20,000 Kms",First Owner,Petrol,Manual,,1199 cc,118.35 bhp,17.33 kmpl,3.0,Yes,5 Seats,,209 mm,,,
Volkswagen Taigun,₹14.45 Lakh,Jun 2022,"20,334 Kms",First Owner,Petrol,Automatic,,999 cc,113.98 bhp,18.41 kmpl,3.0,Yes,5 Seats,1285 kg,188 mm,50 Litres,,
Kia Sonet,₹10.50 Lakh,Jun 2023,"31,000 Kms",First Owner,Petrol,Automatic,2WD,998 cc,118.35 bhp,18.2 kmpl,3.0,Yes,5 Seats,,,45 Litres,,
Jaguar XF,₹14.50 Lakh,2016,"70,000 Kms",Second Owner,Diesel,Automatic,RWD,2179 cc,187.7 bhp,,4.0,Yes,5 Seats,1780 kg,141 mm,,68 Litres,
Skoda Kushaq,₹14.95 Lakh,Jun 2024,"15,000 Kms",First Owner,Petrol,Automatic,FWD,999 cc,113.98 bhp,18.09 kmpl,3.0,Yes,5 Seats,1245-1284 kg,,50 Litres,,
Volkswagen Virtus,₹13.99 Lakh,Jun 2022,"10,612 Kms",First Owner,Petrol,Automatic,,999 cc,113.98 bhp,18.12 kmpl,3.0,Yes,5 Seats,1245 kg,179 mm,45 Litres,,
Tata Nexon,₹10.70 Lakh,Aug 2022,"11,000 Kms",First Owner,Petrol,Automatic,,1199 cc,118.36 bhp,16.35 kmpl,3.0,Yes,5 Seats,1250 kg,209 mm,44 Litres,,
Lexus ES,₹58.90 Lakh,Jul 2024,"4,500 Kms",First Owner,Petrol,Automatic,RWD,2487 cc,175.67 bhp,,4.0,Yes,5 Seats,,,50 Litres,,
Kia Seltos,₹13.95 Lakh,Nov 2021,"41,000 Kms",First Owner,Diesel,Manual,FWD,1493 cc,113.43 bhp,20.8 kmpl,4.0,Yes,5 Seats,1535 kg,,,50 Litres,
1.4 Limited,₹13 Lakh,Jul 2018,"26,000 Kms",First Owner,,Automatic,4X2,1368 cc,160 bhp,16 kmpl,4.0,Yes,5 Seats,1562 s kg,178 mm,60 Litres,,
MG Astor,₹13.95 Lakh,Jun 2022,"22,789 Kms",First Owner,Petrol,Automatic,,1498 cc,108.49 bhp,14.85 kmpl,4.0,No,5 Seats,1400 kg,,48 Litres,,
Toyota Innova Crysta,₹16.61 Lakh,Jul 2016,"83,000 Kms",First Owner,Diesel,Automatic,RWD,2755 cc,171.5 bhp,,4.0,Yes,8 Seats,1835 kg,,,55 Litres,
Kia Carens,₹11.50 Lakh,Apr 2022,"93,000 Kms",First Owner,Diesel,Manual,2WD,1493 cc,113.42 bhp,,4.0,No,7 Seats,1540 kg,,,,
Tata Nexon,₹12.75 Lakh,Jun 2023,"12,265 Kms",First Owner,,Automatic,FWD,1199 cc,118.27 bhp,17.01 kmpl,3.0,Yes,5 Seats,,208 mm,44 Litres,,
Tata Harrier,₹13.75 Lakh,Aug 2020,"70,000 Kms",First Owner,Diesel,Manual,,1956 cc,167.67 bhp,16.35 kmpl,4.0,Yes,5 Seats,1660 kg,,,50 Litres,
Mini 3 DOOR,₹44.75 Lakh,May 2023,"7,747 Kms",First Owner,Petrol,Automatic,2WD,1998 cc,189.08 bhp,17.33 kmpl,4.0,Yes,4 Seats,1250 kg,146 mm,44 Litres,,
Kia Sonet,₹11.65 Lakh,Oct 2023,"55,000 Kms",First Owner,Diesel,Automatic,2WD,1493 cc,114.41 bhp,,4.0,Yes,5 Seats,,,,45 Litres,
Volkswagen Taigun,₹14 Lakh,May 2023,"67,248 Kms",First Owner,Petrol,Automatic,,999 cc,113.98 bhp,18.41 kmpl,3.0,Yes,5 Seats,1285 kg,188 mm,50 Litres,,
Kia Carens,₹14.75 Lakh,Feb 2022,"45,000 Kms",First Owner,Diesel,Manual,2WD,1497 cc,114.41 bhp,,4.0,Yes,7 Seats,1595 kg,,,45 Litres,
10+ used cars for sale from ₹4.55 Lakh in Bangalore,,,,,,,,,,,,,,,,,,
Skoda Superb,₹13.25 Lakh,Mar 2016,"87,300 Kms",Third Owner,Petrol,Automatic,FWD,1798 cc,177.46 bhp,14.67 kmpl,4.0,Yes,5 Seats,1540 kg,164 mm,66 Litres,,
Mahindra XUV500,₹11.75 Lakh,Jun 2017,"50,000 Kms",First Owner,,Manual,FWD,2179 cc,140 bhp,16 kmpl,4.0,Yes,7 Seats,1655 kg,200 mm,,70 Litres,
Honda City,₹11.95 Lakh,Jun 2021,"42,854 Kms",First Owner,Petrol,Manual,,1498 cc,119.35 bhp,18.6 kmpl,4.0,,5 Seats,1107-1153 kg,,40 Litres,,
MG Hector,₹12.50 Lakh,2022,"41,000 Kms",Second Owner,,Automatic,FWD,1451 cc,141 bhp,9 kmpl,4.0,Yes,5 Seats,1820 kg,192 mm,60 Litres,,
Kia Seltos,₹15.53 Lakh,Feb 2022,"48,983 Kms",First Owner,Diesel,Automatic,FWD,1493 cc,113.43 bhp,18 kmpl,4.0,Yes,5 Seats,1540 kg,,,50 Litres,
Hyundai Creta N Line,₹18.50 Lakh,May 2024,"13,000 Kms",Second Owner,Petrol,Manual,FWD,1482 cc,158 bhp,18 kmpl,4.0,Yes,5 Seats,,,50 Litres,,
Jeep Compass,₹17.95 Lakh,Dec 2021,"29,000 Kms",First Owner,Petrol,Automatic,4x2,1368 cc,160.77 bhp,14.1 kmpl,4.0,,5 Seats,1580 kg,,60 Litres,,
Jeep Compass,₹10.40 Lakh,2019,"1,20,000 Kms",First Owner,,Automatic,4X2,1368 cc,160.77 bhp,16 kmpl,4.0,Yes,5 Seats,1562 s kg,178 mm,60 Litres,,
Kia Seltos,₹16.55 Lakh,Mar 2023,"33,649 Kms",First Owner,Diesel,Automatic,2WD,1493 cc,114.41 bhp,19.1 kmpl,4.0,Yes,5 Seats,,,,50 Litres,
Kia Seltos,₹18.67 Lakh,Dec 2023,"19,067 Kms",First Owner,Diesel,Automatic,2WD,1493 cc,114.41 bhp,19.1 kmpl,4.0,Yes,5 Seats,,,,50 Litres,
Maruti Suzuki XL6,₹11 Lakh,2023,"8,000 Kms",Second Owner,Petrol,Manual,FWD,1462 cc,101.64 bhp,,4.0,,6 Seats,1200 kg,,45 Litres,,
Jeep Compass,₹17.45 Lakh,Jul 2022,"46,000 Kms",First Owner,Petrol,Automatic,4x2,1368 cc,160.77 bhp,14.1 kmpl,4.0,,5 Seats,1530 kg,,60 Litres,,
Jeep Compass,₹17.99 Lakh,Jun 2020,"48,154 Kms",First Owner,,Automatic,4X4,1956 cc,170.63 bhp,16.3 kmpl,4.0,Yes,5 Seats,1641 s kg,178 mm,,,
Kia Carens,₹15.45 Lakh,Jun 2022,"6,538 Kms",First Owner,Petrol,Manual,2WD,1353 cc,138.05 bhp,,4.0,Yes,7 Seats,1560 kg,,45 Litres,,
Mahindra Scorpio N,₹17.50 Lakh,2024,"20,000 Kms",First Owner,Petrol,Manual,RWD,1997 cc,200 bhp,12.17 kmpl,4.0,Yes,7 Seats,,,57 Litres,,
Kia Seltos,₹15.65 Lakh,Nov 2021,"58,216 Kms",First Owner,Diesel,Automatic,FWD,1493 cc,113.43 bhp,18 kmpl,4.0,Yes,5 Seats,1480 kg,,,50 Litres,
Jeep Compass,₹19.75 Lakh,Jul 2022,"36,000 Kms",First Owner,Petrol,Automatic,4x2,1368 cc,160.77 bhp,14.1 kmpl,4.0,,5 Seats,1580 kg,,60 Litres,,
Tata Harrier,₹17.50 Lakh,Oct 2022,"49,212 Kms",First Owner,Diesel,Automatic,,1956 cc,167.67 bhp,14.6 kmpl,4.0,Yes,5 Seats,1700 kg,,,50 Litres,
Jeep Compass,₹15.25 Lakh,2022,"26,400 Kms",First Owner,Diesel,Manual,4x2,1956 cc,167.67 bhp,17.1 kmpl,4.0,,5 Seats,1505 kg,,,60 Litres,
Jeep Compass,₹16.99 Lakh,Jan 2021,"53,105 Kms",Second Owner,,Manual,4X2,1956 cc,170.63 bhp,17.1 kmpl,4.0,Yes,5 Seats,1562 s kg,178 mm,,60 Litres,
Volkswagen Taigun,₹15.60 Lakh,,"18,000 Kms",,Petrol,Automatic,,999 cc,113.98 bhp,18.41 kmpl,3.0,Yes,5 Seats,1285 kg,188 mm,50 Litres,,
Volkswagen Taigun,₹15.70 Lakh,,"17,000 Kms",,Petrol,Automatic,,999 cc,113.98 bhp,18.41 kmpl,3.0,Yes,5 Seats,1285 kg,188 mm,50 Litres,,
Volvo S60,₹32 Lakh,Jun 2021,"70,000 Kms",First Owner,Petrol,Automatic,,1969 cc,190 bhp,,4.0,,5 Seats,1590 kg,,,,
Kia Seltos,₹16.45 Lakh,Mar 2022,"47,340 Kms",First Owner,Diesel,Automatic,FWD,1493 cc,113.43 bhp,18 kmpl,4.0,Yes,5 Seats,1540 kg,,,50 Litres,
Tata Harrier,₹17.45 Lakh,Jun 2022,"53,760 Kms",First Owner,Diesel,Automatic,,1956 cc,167.67 bhp,14.6 kmpl,4.0,Yes,5 Seats,1700 kg,,,50 Litres,
Kia Seltos,₹15.90 Lakh,Nov 2022,"29,009 Kms",First Owner,Diesel,Automatic,FWD,1493 cc,113.43 bhp,,4.0,Yes,5 Seats,1468 kg,,,50 Litres,
Hyundai Tucson,₹20.90 Lakh,Jun 2021,"27,000 Kms",First Owner,Petrol,Automatic,,1999 cc,150.19 bhp,12.95 kmpl,4.0,No,5 Seats,1560 kg,,62 Litres,,
Volkswagen Virtus,₹20 Lakh,,101 Kms,,Petrol,Manual,FWD,1498 cc,147.51 bhp,18.88 kmpl,4.0,Yes,5 Seats,1260 kg,179 mm,45 Litres,,
Jeep Compass Trailhawk,₹17.50 Lakh,Jul 2019,"48,000 Kms",First Owner,Diesel,Automatic,,1956 cc,,16.3 kmpl,4.0,Yes,5 Seats,1585 kg,,,60 Litres,
MG Hector,₹17.95 Lakh,Feb 2021,"14,000 Kms",First Owner,,Manual,FWD,1956 cc,167.68 bhp,13 kmpl,4.0,Yes,5 Seats,1860 kg,192 mm,,60 Litres,
Ford Endeavour,₹28.90 Lakh,Oct 2019,"49,000 Kms",First Owner,,Automatic,RWD,2198 cc,158 bhp,12.62 kmpl,4.0,Yes,7 Seats,1879 kg,225 mm,,80 Litres,
Tata Harrier,₹16 Lakh,Mar 2026,"31,523 Kms",First Owner,Diesel,Manual,,1956 cc,167.67 bhp,16.35 kmpl,4.0,Yes,5 Seats,1660 kg,,,50 Litres,
Volkswagen Tiguan,₹34.75 Lakh,Jun 2023,"16,279 Kms",First Owner,Petrol,Automatic,AWD,1984 cc,187.74 bhp,12.65 kmpl,4.0,Yes,5 Seats,1703 kg,,60 Litres,,
Skoda Superb,₹34.95 Lakh,Dec 2022,"14,705 Kms",Second Owner,Petrol,Automatic,FWD,1984 cc,187.74 bhp,15.1 kmpl,4.0,Yes,5 Seats,1579 kg,156 mm,66 Litres,,
BMW X3,₹21.90 Lakh,Jun 2016,"92,000 Kms",Second Owner,Diesel,Automatic,4WD,1995 cc,190 bhp,,4.0,Yes,5 Seats,1740 kg,211 mm,,67 Litres,
Volkswagen Tiguan,₹36.45 Lakh,Jun 2024,"14,066 Kms",First Owner,Petrol,Automatic,AWD,1984 cc,187.74 bhp,12.65 kmpl,4.0,Yes,5 Seats,1703 kg,,60 Litres,,
Renault KWID,₹2.91 Lakh,Aug 2016,"51,101 Kms",First Owner,Petrol,Manual,FWD,799 cc,53.3 bhp,25.17 kmpl,3.0,No,5 Seats,710 kg,180 mm,28 Litres,,
69+ used cars for sale from ₹1.99 Lakh in Bangalore,,,,,,,,,,,,,,,,,,
BMW X5,₹21.21 Lakh,Jul 2015,"1,03,000 Kms",Second Owner,Diesel,Automatic,AWD,2993 cc,258 bhp,,6.0,Yes,5 Seats,2010 kg,209 mm,,85 Litres,
Renault KWID,₹2.77 Lakh,Dec 2016,"92,907 Kms",Second Owner,Petrol,Automatic,FWD,999 cc,67.06 bhp,22.3 kmpl,3.0,,5 Seats,,184 mm,28 Litres,,
Nissan Micra,₹2.18 Lakh,May 2013,"45,331 Kms",Third Owner,Diesel,Manual,FWD,1461 cc,63.1 bhp,23.08 kmpl,4.0,Yes,5 Seats,1010 kg,150 mm,,41 Litres,
Maruti Suzuki XL6,₹11.30 Lakh,May 2022,"57,843 Kms",First Owner,Petrol,Manual,FWD,1462 cc,101.64 bhp,,4.0,,6 Seats,1200 kg,,45 Litres,,
BMW 3 Series GT,₹24.49 Lakh,Jan 2017,"46,170 Kms",Second Owner,Diesel,Automatic,RWD,1995 cc,188 bhp,,4.0,Yes,5 Seats,1720 kg,165 mm,,60 Litres,
Renault KWID,₹3.74 Lakh,Aug 2019,"17,184 Kms",Second Owner,Petrol,Manual,FWD,999 cc,67 bhp,23.01 kmpl,3.0,No,5 Seats,730 kg,180 mm,28 Litres,,
Kia Seltos,₹13.90 Lakh,2022,"50,000 Kms",First Owner,Petrol,Automatic,FWD,1497 cc,113.43 bhp,,4.0,No,5 Seats,1400 kg,,50 Litres,,
Ford Figo,₹3.71 Lakh,Jun 2018,"67,807 Kms",Third Owner,Petrol,Automatic,FWD,1497 cc,121 bhp,20.4 kmpl,3.0,No,5 Seats,1078 kg,174 mm,42 Litres,,
Honda City,₹5.60 Lakh,May 2016,"1,45,464 Kms",First Owner,Petrol,Manual,,1498 cc,119.35 bhp,18.6 kmpl,4.0,,5 Seats,1107-1153 kg,,40 Litres,,
Hyundai Grand i10,₹4.18 Lakh,Jan 2015,"29,956 Kms",First Owner,Petrol,Manual,FWD,1197 cc,81.86 bhp,18.9 kmpl,4.0,No,5 Seats,1060 kg,165 mm,43 Litres,,
Jeep Compass,₹8.90 Lakh,2019,"1,00,000 Kms",First Owner,,Manual,4X2,1956 cc,170 bhp,17.1 kmpl,4.0,Yes,5 Seats,1562 s kg,178 mm,,60 Litres,
3+ used cars for sale from ₹3.84 Lakh in Bangalore,,,,,,,,,,,,,,,,,,
Maruti Suzuki Alto 800,₹3.35 Lakh,Jul 2020,"29,593 Kms",First Owner,Petrol,Manual,FWD,796 cc,47.3 bhp,24.7 kmpl,3.0,No,5 Seats,725 kg,160 mm,35 Litres,,
56+ used cars for sale from ₹1.50 Lakh in Bangalore,,,,,,,,,,,,,,,,,,
Tata Hexa,₹8.95 Lakh,Nov 2019,"1,54,090 Kms",Second Owner,Diesel,Automatic,AWD,2179 cc,153.86 bhp,,4.0,Yes,7 Seats,1950 kg,200 mm,,60 Litres,
Mahindra XUV500,₹8.27 Lakh,Jul 2015,"89,464 Kms",Second Owner,,Manual,FWD,2179 cc,152.87 bhp,15.1 kmpl,4.0,Yes,7 Seats,1785 kg,200 mm,,70 Litres,
Hyundai EON,₹2.54 Lakh,Jan 2014,"60,360 Kms",First Owner,Petrol,Manual,RWD,814 cc,,22 kmpl,3.0,No,5 Seats,910 kg,,32 Litres,,
Mahindra XUV500,₹9.90 Lakh,2018,"1,60,000 Kms",First Owner,,Manual,FWD,2179 cc,140 bhp,16 kmpl,4.0,Yes,7 Seats,1655 kg,200 mm,,70 Litres,
Renault KWID,₹2.81 Lakh,Apr 2016,"42,766 Kms",Second Owner,Petrol,Manual,FWD,799 cc,53.3 bhp,25.17 kmpl,3.0,No,5 Seats,710 kg,180 mm,28 Litres,,
Hyundai Grand i10,₹4.80 Lakh,Aug 2017,"41,347 Kms",Second Owner,Petrol,Automatic,FWD,1197 cc,81.86 bhp,18.9 kmpl,4.0,No,5 Seats,1200 kg,165 mm,43 Litres,,
Mahindra XUV300,₹8.31 Lakh,Jul 2023,"15,920 Kms",First Owner,Diesel,Manual,FWD,1497 cc,115.05 bhp,,4.0,Yes,5 Seats,,,,42 Litres,
Skoda Superb,₹8.76 Lakh,2012,"40,000 Kms",First Owner,Diesel,Automatic,FWD,1968 cc,138.1 bhp,17.2 kmpl,4.0,Yes,5 Seats,1608 kg,158 mm,,60 Litres,
Hyundai Grand i10,₹4.19 Lakh,Jun 2014,"75,960 Kms",First Owner,Petrol,Manual,FWD,1197 cc,81.86 bhp,18.9 kmpl,4.0,No,5 Seats,1060 kg,165 mm,43 Litres,,
Maruti Suzuki Ciaz,₹4.37 Lakh,Dec 2014,"1,00,236 Kms",Second Owner,Petrol,Manual,FWD,1373 cc,91.1 bhp,20.73 kmpl,4.0,No,5 Seats,1030 kg,170 mm,43 Litres,,
Hyundai Grand i10,₹4.13 Lakh,Jan 2018,"98,671 Kms",First Owner,Petrol,Manual,FWD,1197 cc,81.86 bhp,18.9 kmpl,4.0,No,5 Seats,1120 kg,165 mm,43 Litres,,
Jeep Compass,₹23.75 Lakh,Jul 2023,"40,000 Kms",First Owner,Diesel,Automatic,4x4,1956 cc,167.67 bhp,14.9 kmpl,4.0,,5 Seats,1705 kg,,,60 Litres,
Hyundai Grand i10,₹3.97 Lakh,Oct 2016,"78,830 Kms",Second Owner,Petrol,Manual,FWD,1197 cc,81.86 bhp,18.9 kmpl,4.0,No,5 Seats,1060 kg,165 mm,43 Litres,,
43+ used cars for sale from ₹2.62 Lakh in Bangalore,,,,,,,,,,,,,,,,,,
11+ used cars for sale from ₹4.95 Lakh in Bangalore,,,,,,,,,,,,,,,,,,
Mercedes-Benz E-Class,₹15.90 Lakh,Jan 2014,"95,000 Kms",First Owner,Diesel,Automatic,RWD,2143 cc,204 bhp,13 kmpl,4.0,Yes,5 Seats,1800 kg,,,80 Litres,
Kia Seltos,₹12.95 Lakh,Jan 2020,"40,567 Kms",First Owner,Petrol,Manual,FWD,1353 cc,138.08 bhp,16.5 kmpl,4.0,Yes,5 Seats,1515 kg,,50 Litres,,
Renault Captur,₹7.25 Lakh,Jun 2018,"79,000 Kms",First Owner,Diesel,Manual,,1461 cc,108.45 bhp,20.37 kmpl,4.0,Yes,5 Seats,1325 kg,,,50 Litres,
Hyundai Grand i10,₹5.36 Lakh,Apr 2018,"54,204 Kms",First Owner,Petrol,Automatic,FWD,1197 cc,81.86 bhp,18.9 kmpl,4.0,No,5 Seats,1200 kg,165 mm,43 Litres,,
BMW X3,₹19.50 Lakh,Aug 2017,"1,40,000 Kms",Second Owner,Diesel,Automatic,4WD,1995 cc,190 bhp,,4.0,Yes,5 Seats,1740 kg,211 mm,,67 Litres,
Maruti Suzuki Alto K10,₹3.34 Lakh,Feb 2017,"59,099 Kms",First Owner,Petrol,Manual,FWD,998 cc,67.05 bhp,23.95 kmpl,3.0,No,5 Seats,779 kg,160 mm,35 Litres,,
Nissan Micra,₹4.71 Lakh,Aug 2017,"44,042 Kms",First Owner,Petrol,Automatic,FWD,1198 cc,75.94 bhp,19.15 kmpl,3.0,No,5 Seats,1100 kg,154 mm,41 Litres,,
Honda Amaze,₹4.46 Lakh,Aug 2016,"91,259 Kms",First Owner,Petrol,Manual,FWD,1198 cc,86.7 bhp,17.8 kmpl,4.0,No,5 Seats,955 kg,165 mm,35 Litres,,
Audi Q3,₹16.50 Lakh,Oct 2016,"77,817 Kms",First Owner,Diesel,Automatic,AWD,1968 cc,174.33 bhp,,4.0,Yes,5 Seats,1660 kg,170 mm,,64 Litres,
Hyundai Grand i10,₹3.68 Lakh,Sept 2014,"37,690 Kms",Second Owner,Petrol,Manual,FWD,1197 cc,81.86 bhp,18.9 kmpl,4.0,No,5 Seats,1060 kg,165 mm,43 Litres,,
Honda Brio,₹3.26 Lakh,Apr 2014,"68,613 Kms",Third Owner,Petrol,Manual,FWD,1198 cc,86.8 bhp,19.4 kmpl,4.0,No,5 Seats,925 kg,165 mm,35 Litres,,
Maruti Suzuki Ignis,₹3.99 Lakh,Sept 2018,"72,928 Kms",First Owner,Petrol,Automatic,FWD,1197 cc,81.80 bhp,20.89 kmpl,4.0,No,5 Seats,855 kg,180 mm,32 Litres,,
Audi Q3,₹16.75 Lakh,Jan 2016,"56,000 Kms",Second Owner,Diesel,Automatic,AWD,1968 cc,174.33 bhp,,4.0,Yes,5 Seats,1660 kg,170 mm,,64 Litres,
Maruti Suzuki S Cross,₹5.38 Lakh,Sept 2021,"1,06,825 Kms",First Owner,Petrol,Manual,FWD,1462 cc,103.25 bhp,18.55 kmpl,4.0,,5 Seats,1130-1170 kg,,48 Litres,,
Tata Tigor,₹5.15 Lakh,Sept 2021,"36,219 Kms",First Owner,Petrol,Manual,,1199 cc,84.82 bhp,19.28 kmpl,3.0,,5 Seats,1030 kg,,35 Litres,,
Hyundai i20,₹5.70 Lakh,Sept 2018,"6,952 Kms",First Owner,Diesel,Manual,FWD,1396 cc,88.76 bhp,22.54 kmpl,4.0,Yes,5 Seats,1160 kg,170 mm,,40 Litres,
Mahindra XUV700,₹19 Lakh,2025,"20,000 Kms",First Owner,Petrol,Automatic,FWD,1999 cc,197 bhp,13 kmpl,4.0,Yes,7 Seats,,,60 Litres,,
Honda Jazz,₹4.74 Lakh,Jun 2017,"22,732 Kms",First Owner,Petrol,Automatic,FWD,1199 cc,88.7 bhp,19 kmpl,4.0,No,5 Seats,1066 kg,165 mm,40 Litres,,
Maruti Suzuki Swift Dzire,₹5.47 Lakh,Apr 2019,"37,937 Kms",First Owner,Petrol,Automatic,FWD,1197 cc,81.80 bhp,21.21 kmpl,4.0,No,5 Seats,860-895 kg,163 mm,37 Litres,,
Maruti Suzuki Swift Dzire,₹5.11 Lakh,Apr 2018,"32,619 Kms",First Owner,Petrol,Automatic,FWD,1197 cc,81.80 bhp,21.21 kmpl,4.0,No,5 Seats,860-895 kg,163 mm,37 Litres,,
Tata Nexon,₹10.25 Lakh,2022,"20,000 Kms",First Owner,Petrol,Automatic,,1199 cc,118.36 bhp,16.35 kmpl,3.0,Yes,5 Seats,1230 kg,209 mm,44 Litres,,
Hyundai i10,₹3.24 Lakh,Oct 2014,"43,172 Kms",First Owner,Petrol,Manual,FWD,1086 cc,68.05 bhp,19.81 kmpl,4.0,No,5 Seats,860 kg,165 mm,35 Litres,,
Hyundai Grand i10,₹3.52 Lakh,Feb 2014,"96,409 Kms",First Owner,Petrol,Manual,FWD,1197 cc,81.86 bhp,18.9 kmpl,4.0,No,5 Seats,1100 kg,165 mm,43 Litres,,
Maruti Suzuki Celerio,₹3.83 Lakh,Sept 2016,"62,910 Kms",First Owner,Petrol,Manual,FWD,998 cc,67.05 bhp,21.63 kmpl,3.0,No,5 Seats,835 kg,165 mm,35 Litres,,
Kia Sonet,₹13.50 Lakh,2023,"30,000 Kms",First Owner,Diesel,Automatic,FWD,1493 cc,113.43 bhp,,4.0,Yes,5 Seats,kerb weight kg,,,45 Litres,
Honda Amaze,₹3.89 Lakh,Mar 2017,"58,771 Kms",First Owner,Petrol,Automatic,FWD,1199 cc,88.76 bhp,19 kmpl,4.0,No,5 Seats,945 kg,170 mm,35 Litres,,
Tata Tiago,₹4.39 Lakh,May 2018,"10,694 Kms",First Owner,Petrol,Automatic,FWD,1199 cc,83.83 bhp,23.84 kmpl,3.0,No,5 Seats,1012 kg,170 mm,35 Litres,,
Tata Tigor,₹3.79 Lakh,Feb 2019,"83,225 Kms",First Owner,Petrol,Automatic,FWD,1199 cc,83.81 bhp,20.3 kmpl,3.0,No,5 Seats,1035-1062 kg,170 mm,35 Litres,,
Hyundai Tucson,₹10.75 Lakh,Nov 2016,"56,000 Kms",Second Owner,,Automatic,2WD,1999 cc,152.88 bhp,12.95 kmpl,4.0,No,5 Seats,1497 kg,195 mm,62 Litres,,
Honda Brio,₹3.63 Lakh,May 2016,"1,12,606 Kms",First Owner,Petrol,Automatic,FWD,1198 cc,86.8 bhp,16.5 kmpl,4.0,No,5 Seats,970 kg,165 mm,35 Litres,,
Maruti Suzuki S Cross,₹5.44 Lakh,Nov 2017,"87,034 Kms",Second Owner,,Manual,FWD,1248 cc,88.5 bhp,23.65 kmpl,4.0,Yes,5 Seats,1240 kg,180 mm,,48 Litres,
Maruti Suzuki Ciaz,₹4.58 Lakh,Jan 2017,"52,851 Kms",First Owner,Petrol,Manual,FWD,1373 cc,91.1 bhp,20.73 kmpl,4.0,No,5 Seats,1010 kg,170 mm,43 Litres,,
Force Gurkha,₹16.75 Lakh,2024,"10,000 Kms",First Owner,,Manual,4WD,2596 cc,138 bhp,9.5 kmpl,4.0,Yes,4 Seats,,233 mm,,63.5 Litres,
Maruti Suzuki Ignis,₹3.86 Lakh,Sept 2018,"75,397 Kms",Second Owner,Petrol,Automatic,FWD,1197 cc,81.80 bhp,20.89 kmpl,4.0,No,5 Seats,855 kg,180 mm,32 Litres,,
Kia Seltos,₹5.88 Lakh,Oct 2019,"1,21,642 Kms",Second Owner,Petrol,Manual,FWD,1497 cc,113.43 bhp,16.8 kmpl,4.0,No,5 Seats,1340 kg,,50 Litres,,
Tata Tigor,₹4.07 Lakh,Jul 2021,"51,686 Kms",Second Owner,Petrol,Manual,,1199 cc,84.82 bhp,19.28 kmpl,3.0,,5 Seats,1030 kg,,35 Litres,,
Maruti Suzuki Wagon R,₹6.20 Lakh,2023,"47,000 Kms",First Owner,Petrol,Manual,FWD,1197 cc,88.50 bhp,23.56 kmpl,4.0,,5 Seats,845 kg,,32 Litres,,
Honda Brio,₹3.50 Lakh,Jul 2013,"26,251 Kms",First Owner,Petrol,Manual,FWD,1198 cc,86.8 bhp,19.4 kmpl,4.0,No,5 Seats,925 kg,165 mm,35 Litres,,
Hyundai i20,₹3.75 Lakh,Oct 2010,"95,219 Kms",Fourth Owner,Petrol,Manual,FWD,1197 cc,,17 kmpl,4.0,No,5 Seats,1020 kg,165 mm,45 Litres,,
Hyundai Grand i10,₹5.10 Lakh,Mar 2016,"67,000 Kms",First Owner,Petrol,Automatic,FWD,1197 cc,82 bhp,18.9 kmpl,4.0,No,5 Seats,935 kg,165 mm,43 Litres,,
Mahindra XUV700,₹19.50 Lakh,2022,"40,300 Kms",First Owner,Petrol,Automatic,FWD,1999 cc,197.13 bhp,11 kmpl,4.0,Yes,7 Seats,1850 kg,,60 Litres,,
Ford Ecosport,₹4.25 Lakh,Feb 2015,"95,000 Kms",Second Owner,,Automatic,FWD,1499 cc,110 bhp,16.5 kmpl,4.0,No,5 Seats,1290 kg,200 mm,52 Litres,,
Mahindra TUV 300,₹5.95 Lakh,Jan 2017,"75,000 Kms",First Owner,,Manual,RWD,1493 cc,100 bhp,18.49 kmpl,3.0,Yes,7 Seats,1755 kg,184 mm,,60 Litres,
Tata Bolt,₹3.95 Lakh,Oct 2020,"38,000 Kms",Second Owner,Petrol,Manual,FWD,1193 cc,88.7 bhp,17.57 kmpl,4.0,Yes,5 Seats,1095-1125 kg,165 mm,44 Litres,,
Tata Nexon,₹10 Lakh,2022,"19,500 Kms",First Owner,Petrol,Automatic,,1199 cc,118.36 bhp,16.35 kmpl,3.0,Yes,5 Seats,1250 kg,209 mm,44 Litres,,
Honda Jazz,₹5.95 Lakh,Nov 2015,"62,000 Kms",Second Owner,Petrol,Automatic,FWD,1199 cc,88.7 bhp,19 kmpl,4.0,No,5 Seats,1066 kg,165 mm,40 Litres,,
Honda Amaze,₹3.85 Lakh,Jun 2015,"1,15,868 Kms",First Owner,Diesel,Manual,FWD,1498 cc,98.6 bhp,25.8 kmpl,4.0,Yes,5 Seats,1055 kg,165 mm,,35 Litres,
Hyundai i20,₹3.90 Lakh,Aug 2012,"86,000 Kms",First Owner,Diesel,Manual,,1396 cc,,23 kmpl,4.0,No,5 Seats,1140 kg,165 mm,,45 Litres,
Ford Ecosport,₹6.95 Lakh,2018,"70,000 Kms",First Owner,,Manual,FWD,999 cc,123.24 bhp,18.88 kmpl,3.0,Yes,5 Seats,1200 kg,200 mm,52 Litres,,
Maruti Suzuki Wagon R,₹3.95 Lakh,Mar 2018,"65,000 Kms",First Owner,Petrol,Manual,FWD,998 cc,67.04 bhp,20.51 kmpl,3.0,No,5 Seats,890 kg,165 mm,35 Litres,,
Honda Brio,₹3.55 Lakh,Mar 2014,"42,000 Kms",First Owner,Petrol,Manual,FWD,1198 cc,86.8 bhp,19.4 kmpl,4.0,No,5 Seats,925 kg,165 mm,35 Litres,,
Nissan Micra,₹3.05 Lakh,Sept 2016,"65,000 Kms",First Owner,Petrol,Manual,FWD,1198 cc,63.1 bhp,23.08 kmpl,4.0,Yes,5 Seats,1035 kg,150 mm,,,
Mahindra XUV500,₹11.49 Lakh,2020,"80,000 Kms",Second Owner,,Manual,FWD,2179 cc,152.87 bhp,15.1 kmpl,4.0,Yes,7 Seats,1785 kg,200 mm,,70 Litres,
Mahindra KUV 100,₹3.15 Lakh,Sept 2016,"68,000 Kms",Second Owner,,Manual,FWD,1198 cc,82 bhp,18.15 kmpl,3.0,No,6 Seats,1155 kg,170 mm,35 Litres,,
Hyundai Grand i10,₹3.95 Lakh,Oct 2016,"53,000 Kms",Second Owner,Petrol,Manual,FWD,1197 cc,82 bhp,18.9 kmpl,4.0,No,5 Seats,935 kg,165 mm,43 Litres,,
Maruti Suzuki Celerio,₹4.75 Lakh,Jul 2018,"30,000 Kms",First Owner,Petrol,Automatic,FWD,998 cc,67.04 bhp,23.1 kmpl,3.0,No,5 Seats,847 kg,165 mm,35 Litres,,
Honda City,₹8.60 Lakh,2018,"60,000 Kms",First Owner,Petrol,Manual,FWD,1497 cc,117.6 bhp,17.4 kmpl,4.0,No,5 Seats,1061 kg,165 mm,40 Litres,,
Maruti Suzuki Wagon R,₹3.25 Lakh,May 2014,"40,000 Kms",First Owner,Petrol,Manual,FWD,998 cc,67.04 bhp,20.51 kmpl,3.0,No,5 Seats,885 kg,165 mm,35 Litres,,
Hyundai Xcent,₹3.85 Lakh,May 2017,"95,623 Kms",Second Owner,Petrol,Manual,FWD,1197 cc,82 bhp,19.1 kmpl,4.0,No,5 Seats,1140 kg,165 mm,43 Litres,,
Volkswagen Vento,₹5.60 Lakh,Apr 2015,"31,600 Kms",First Owner,Petrol,Manual,FWD,1598 cc,103.2 bhp,16.09 kmpl,4.0,No,5 Seats,1142 kg,163 mm,55 Litres,,
Mercedes-Benz GLA Class,₹14.50 Lakh,May 2015,"80,000 Kms",Third Owner,Diesel,Automatic,AWD,2143 cc,136 bhp,,4.0,Yes,5 Seats,1585 kg,183 mm,,50 Litres,
Hyundai Grand i10,₹3.95 Lakh,Sept 2014,"99,224 Kms",First Owner,Petrol,Manual,FWD,1197 cc,82 bhp,18.9 kmpl,4.0,No,5 Seats,935 kg,165 mm,43 Litres,,
Hyundai Grand i10,₹4.65 Lakh,Nov 2016,"36,120 Kms",First Owner,Petrol,Manual,FWD,1197 cc,82 bhp,18.9 kmpl,4.0,No,5 Seats,935 kg,165 mm,43 Litres,,
Maruti Suzuki Swift Dzire,₹5.70 Lakh,May 2017,"71,452 Kms",First Owner,Petrol,Automatic,FWD,1197 cc,81.80 bhp,21.21 kmpl,4.0,No,5 Seats,860-895 kg,163 mm,37 Litres,,
Tata Nexon,₹9.50 Lakh,2022,"20,000 Kms",First Owner,Petrol,Automatic,,1199 cc,118.35 bhp,17.05 kmpl,3.0,NO,5 Seats,1310 kg,209 mm,44 Litres,,
Honda Jazz,₹4.95 Lakh,Dec 2015,"60,000 Kms",First Owner,Petrol,Manual,FWD,1199 cc,88.7 bhp,18.7 kmpl,4.0,No,5 Seats,1044 kg,165 mm,40 Litres,,
Honda Brio,₹4.75 Lakh,Jan 2014,"63,500 Kms",First Owner,Petrol,Automatic,FWD,1198 cc,86.8 bhp,16.5 kmpl,4.0,No,5 Seats,970 kg,165 mm,35 Litres,,
Ford Aspire,₹4.49 Lakh,Nov 2018,"48,500 Kms",First Owner,Petrol,Manual,FWD,1196 cc,86.8 bhp,18.16 kmpl,4.0,Yes,5 Seats,995-1015 kg,174 mm,42 Litres,,
Mahindra XUV500,₹6.95 Lakh,May 2013,"74,000 Kms",First Owner,Diesel,Manual,AWD,2179 cc,140 bhp,15.1 kmpl,4.0,Yes,7 Seats,1635 kg,,,,
Hyundai Grand i10,₹4.25 Lakh,Feb 2026,"45,220 Kms",Second Owner,Petrol,Manual,FWD,1197 cc,82 bhp,18.9 kmpl,4.0,No,5 Seats,935 kg,165 mm,43 Litres,,
Honda Brio,₹3.65 Lakh,Jan 2015,"73,000 Kms",Second Owner,Petrol,Manual,FWD,1198 cc,86.8 bhp,19.4 kmpl,4.0,No,5 Seats,925 kg,165 mm,35 Litres,,
Maruti Suzuki Celerio,₹4.65 Lakh,Mar 2016,"31,000 Kms",First Owner,Petrol,Automatic,FWD,998 cc,67.04 bhp,23.1 kmpl,3.0,No,5 Seats,840 kg,120 mm,35 Litres,,
Hyundai i20,₹8.51 Lakh,2024,"20,000 Kms",First Owner,Petrol,Automatic,FWD,1197 cc,87 bhp,20 kmpl,4.0,,5 Seats,,,37 Litres,,
Hyundai Grand i10,₹4.50 Lakh,Aug 2016,"36,589 Kms",First Owner,Petrol,Automatic,FWD,1197 cc,82 bhp,18.9 kmpl,4.0,No,5 Seats,935 kg,165 mm,43 Litres,,
Maruti Suzuki Swift Dzire,₹5.55 Lakh,Aug 2017,"38,000 Kms",First Owner,Petrol,Automatic,FWD,1197 cc,81.80 bhp,21.21 kmpl,4.0,No,5 Seats,860-895 kg,163 mm,37 Litres,,
Maruti Suzuki Celerio,₹4.04 Lakh,Jul 2017,"91,625 Kms",First Owner,Petrol,Manual,FWD,998 cc,67.05 bhp,21.63 kmpl,3.0,No,5 Seats,835 kg,165 mm,35 Litres,,
Toyota Glanza,₹8.95 Lakh,Oct 2024,"10,000 Kms",First Owner,Petrol,Manual,FWD,1197 cc,88.50 bhp,22.35 kmpl,4.0,,5 Seats,920-955 kg,,37 Litres,,
Maruti Suzuki Swift Dzire,₹5.10 Lakh,Feb 2020,"52,101 Kms",First Owner,Petrol,Automatic,,1197 cc,88.50 bhp,22.61 kmpl,4.0,,5 Seats,880-915 kg,,37 Litres,,
Hyundai Grand i10,₹3.02 Lakh,Aug 2014,"85,786 Kms",First Owner,Petrol,Manual,FWD,1197 cc,82 bhp,18.9 kmpl,4.0,No,5 Seats,935 kg,165 mm,43 Litres,,
Renault Triber,₹4.66 Lakh,Feb 2021,"30,572 Kms",First Owner,Petrol,Manual,,999 cc,71.01 bhp,20 kmpl,3.0,,7 Seats,947 kg,182 mm,40 Litres,,
Hyundai Verna,₹8.50 Lakh,2019,"27,000 Kms",Second Owner,Petrol,Automatic,FWD,1591 cc,121.3 bhp,17 kmpl,4.0,No,5 Seats,1238 kg,165 mm,45 Litres,,
Honda Amaze,₹3.34 Lakh,Aug 2017,"91,927 Kms",Second Owner,Petrol,Manual,FWD,1199 cc,88.76 bhp,19.5 kmpl,4.0,No,5 Seats,917 kg,170 mm,35 Litres,,
Hyundai i20,₹5.69 Lakh,Feb 2017,"53,024 Kms",First Owner,Petrol,Manual,FWD,1197 cc,81.83 bhp,18.6 kmpl,4.0,No,5 Seats,1066 kg,170 mm,45 Litres,,
Maruti Suzuki Alto K10,₹3.07 Lakh,Sept 2015,"61,633 Kms",First Owner,Petrol,Manual,FWD,998 cc,67.05 bhp,23.95 kmpl,3.0,No,5 Seats,779 kg,160 mm,35 Litres,,
Tata Nexon,₹7.20 Lakh,2021,"40,000 Kms",First Owner,Petrol,Manual,,1199 cc,118.36 bhp,17.57 kmpl,3.0,Yes,5 Seats,1195 kg,209 mm,44 Litres,,
Hyundai Sonata,₹4.95 Lakh,Aug 2013,"1,42,000 Kms",Second Owner,Petrol,Automatic,FWD,2359 cc,198.25 bhp,12.37 kmpl,4.0,No,5 Seats,2080 kg,155 mm,70 Litres,,
Hyundai Creta,₹14.50 Lakh,2023,"20,000 Kms",First Owner,Petrol,Manual,2WD,1497 cc,113.18 bhp,17 kmpl,4.0,No,5 Seats,1430 kg,,50 Litres,,
Volkswagen Polo,₹8.50 Lakh,Nov 2017,"68,000 Kms",First Owner,Petrol,Automatic,FWD,1197 cc,103.5 bhp,17.21 kmpl,4.0,Yes,5 Seats,1109 kg,165 mm,45 Litres,,
Maruti Suzuki Alto K10,₹3.33 Lakh,Sept 2017,"66,597 Kms",First Owner,Petrol,Manual,FWD,998 cc,67.05 bhp,23.95 kmpl,3.0,No,5 Seats,779 kg,160 mm,35 Litres,,
Nissan Magnite,₹7.80 Lakh,2025,"12,000 Kms",First Owner,,Automatic,FWD,999 cc,71 bhp,19.7 kmpl,3.0,No,5 Seats,1019 kg,205 mm,40 Litres,,
Maruti Suzuki Wagon R,₹3.86 Lakh,Sept 2016,"97,868 Kms",First Owner,Petrol,Manual,FWD,1197 cc,81.80 bhp,20.52 kmpl,4.0,No,5 Seats,830-845 kg,,32 Litres,,
Hyundai i10,₹1.60 Lakh,2008,"1,05,000 Kms",Second Owner,Petrol,Manual,FWD,1086 cc,68.05 bhp,19.81 kmpl,4.0,No,5 Seats,860 kg,165 mm,35 Litres,,
Renault Triber,₹5.50 Lakh,Mar 2023,"61,438 Kms",First Owner,Petrol,Automatic,,999 cc,71.01 bhp,18.2 kmpl,3.0,,7 Seats,947 kg,182 mm,40 Litres,,
Hyundai i20,₹5.05 Lakh,Oct 2018,"78,780 Kms",Second Owner,Petrol,Automatic,FWD,1197 cc,81.86 bhp,17.4 kmpl,4.0,No,5 Seats,1054-1093 kg,170 mm,40 Litres,,
Ford Figo,₹1.60 Lakh,2011,"50,000 Kms",First Owner,Petrol,Manual,Front Wheel Drive,1196 cc,70 bhp,15.6 kmpl,4.0,No,5 Seats,1060 kg,168 mm,45 Litres,,
Honda Jazz,₹4.04 Lakh,Jan 2017,"66,170 Kms",First Owner,Petrol,Automatic,FWD,1199 cc,88.7 bhp,19 kmpl,4.0,No,5 Seats,1066 kg,165 mm,40 Litres,,
Honda Brio,₹3.58 Lakh,Jan 2016,"93,508 Kms",Second Owner,Petrol,Manual,FWD,1198 cc,86.8 bhp,19.4 kmpl,4.0,No,5 Seats,925 kg,165 mm,35 Litres,,
Hyundai i20,₹4.85 Lakh,Oct 2019,"72,151 Kms",Second Owner,Petrol,Manual,FWD,1197 cc,81.86 bhp,18.6 kmpl,4.0,No,5 Seats,1160 kg,170 mm,40 Litres,,
Maruti Suzuki SX4,₹1 Lakh,2010,"1,50,000 Kms",First Owner,Petrol,Manual,FWD,1586 cc,103.3 bhp,15.5 kmpl,4.0,No,5 Seats,1170 kg,170 mm,50 Litres,,
Honda Brio,₹3.74 Lakh,Mar 2015,"76,596 Kms",Third Owner,Petrol,Automatic,FWD,1198 cc,86.8 bhp,16.5 kmpl,4.0,No,5 Seats,970 kg,165 mm,35 Litres,,
Honda Brio,₹3.68 Lakh,Jul 2014,"70,717 Kms",First Owner,Petrol,Manual,FWD,1198 cc,86.8 bhp,19.4 kmpl,4.0,No,5 Seats,925 kg,165 mm,35 Litres,,
Hyundai i20,₹5.43 Lakh,Aug 2017,"1,06,379 Kms",First Owner,Petrol,Manual,FWD,1197 cc,81.83 bhp,18.6 kmpl,4.0,No,5 Seats,1066 kg,170 mm,45 Litres,,
MG ZS EV,₹14.99 Lakh,Jul 2023,"44,000 Kms",First Owner,,Automatic,FWD,,174.33 bhp,,,,5 Seats,,,,,
Maruti Suzuki Wagon R,₹3.08 Lakh,Apr 2013,"71,913 Kms",Second Owner,Petrol,Manual,FWD,998 cc,65.71 bhp,24.35 kmpl,3.0,,5 Seats,825 kg,,32 Litres,,
Hyundai Grand i10,₹3.92 Lakh,Feb 2014,"76,808 Kms",Second Owner,Petrol,Automatic,FWD,1197 cc,81.86 bhp,18.9 kmpl,4.0,No,5 Seats,1200 kg,165 mm,43 Litres,,
Maruti Suzuki Alto 800,₹3.31 Lakh,Jun 2018,"35,119 Kms",First Owner,Petrol,Manual,FWD,796 cc,47.3 bhp,24.7 kmpl,3.0,No,5 Seats,725 kg,160 mm,35 Litres,,
24+ used cars for sale from ₹3.50 Lakh in Bangalore,,,,,,,,,,,,,,,,,,
Hyundai Grand i10,₹4.75 Lakh,Jan 2016,"76,000 Kms",Second Owner,Petrol,Manual,FWD,1197 cc,82 bhp,18.9 kmpl,4.0,No,5 Seats,935 kg,165 mm,43 Litres,,
Honda Brio,₹3.75 Lakh,Oct 2014,"74,938 Kms",Second Owner,Petrol,Manual,FWD,1198 cc,86.8 bhp,19.4 kmpl,4.0,No,5 Seats,925 kg,165 mm,35 Litres,,
Hyundai Grand i10,₹4.15 Lakh,Jan 2014,"1,23,000 Kms",Second Owner,Petrol,Manual,FWD,1197 cc,82 bhp,18.9 kmpl,4.0,No,5 Seats,935 kg,165 mm,43 Litres,,
Skoda Rapid,₹4.50 Lakh,2015,"90,000 Kms",First Owner,Diesel,Automatic,FWD,1498 cc,103.6 bhp,21.66 kmpl,4.0,Yes,5 Seats,1182 kg,168 mm,,55 Litres,
Honda Jazz,₹4.89 Lakh,Apr 2019,"69,356 Kms",First Owner,Petrol,Manual,FWD,1199 cc,88.7 bhp,18.2 kmpl,4.0,No,5 Seats,1044 kg,165 mm,40 Litres,,
Maruti Suzuki Alto 800,₹3.06 Lakh,Aug 2015,"1,33,407 Kms",First Owner,Petrol,Manual,FWD,796 cc,47.3 bhp,24.7 kmpl,3.0,No,5 Seats,725 kg,160 mm,35 Litres,,
Maruti Suzuki Swift Dzire,₹3.78 Lakh,Mar 2017,"1,19,730 Kms",Third Owner,Diesel,Automatic,FWD,1248 cc,74 bhp,26.59 kmpl,4.0,Yes,5 Seats,1070 kg,170 mm,,42 Litres,
Maruti Suzuki Swift Dzire,₹3.20 Lakh,2012,"1,37,000 Kms",Third Owner,Diesel,Manual,FWD,1248 cc,74 bhp,23.4 kmpl,4.0,Yes,5 Seats,1060 kg,170 mm,,42 Litres,
Maruti Suzuki Swift,₹3.50 Lakh,2012,"1,50,000 Kms",Second Owner,Diesel,Manual,FWD,1248 cc,74 bhp,22.9 kmpl,4.0,Yes,5 Seats,1060 kg,170 mm,,43 Litres,
Toyota Innova Crysta,₹17.50 Lakh,2018,"1,20,000 Kms",Second Owner,Diesel,Manual,RWD,2393 cc,147.8 bhp,,4.0,Yes,8 Seats,1810 kg,178 mm,,55 Litres,
Tata Nano,₹1.35 Lakh,2014,"58,000 Kms",Third Owner,Petrol,Manual,RWD,624 cc,37.5 bhp,25.4 kmpl,2.0,No,5 Seats,710 kg,180 mm,25 Litres,,
Mahindra KUV 100,₹3.78 Lakh,Sept 2018,"83,476 Kms",First Owner,,Manual,FWD,1198 cc,82 bhp,18.15 kmpl,3.0,No,6 Seats,1195 kg,170 mm,35 Litres,,
Maruti Suzuki Celerio,₹3.13 Lakh,Mar 2015,"50,793 Kms",Second Owner,Petrol,Automatic,FWD,998 cc,67.77 bhp,26.68 kmpl,3.0,,5 Seats,815 kg,,32 Litres,,
Audi A6,₹4.50 Lakh,2009,"1,00,000 Kms",Second Owner,Diesel,Automatic,FWD,2698 cc,,,6.0,Yes,5 Seats,1655 kg,118 mm,,70 Litres,
Renault KWID,₹3.22 Lakh,Oct 2017,"57,685 Kms",Second Owner,Petrol,Manual,FWD,999 cc,67 bhp,23.01 kmpl,3.0,No,5 Seats,730 kg,180 mm,28 Litres,,
Tata Tiago,₹4.02 Lakh,Jul 2016,"51,407 Kms",First Owner,Petrol,Manual,FWD,1199 cc,84 bhp,23.84 kmpl,3.0,No,5 Seats,1012 kg,170 mm,35 Litres,,
Maruti Suzuki Ignis,₹5.50 Lakh,2022,"40,000 Kms",First Owner,Petrol,Manual,,1197 cc,81.80 bhp,20.89 kmpl,4.0,,5 Seats,840-865 kg,,32 Litres,,
Ford Ecosport,₹5.99 Lakh,Oct 2019,"76,453 Kms",First Owner,,Manual,FWD,1497 cc,121.36 bhp,17 kmpl,3.0,No,5 Seats,1225 kg,200 mm,52 Litres,,
Volkswagen Ameo,₹4.05 Lakh,Nov 2016,"75,233 Kms",First Owner,Petrol,Manual,FWD,1198 cc,73.75 bhp,17 kmpl,3.0,No,5 Seats,1069 kg,163 mm,45 Litres,,
Honda City,₹2 Lakh,2007,"1,45,000 Kms",First Owner,Petrol,Manual,,1497 cc,,17.7 kmpl,4.0,No,5 Seats,1060 kg,160 mm,42 Litres,,
Honda Amaze,₹4.42 Lakh,Jan 2019,"65,207 Kms",Second Owner,Petrol,Automatic,FWD,1199 cc,88.76 bhp,19 kmpl,4.0,No,5 Seats,945 kg,170 mm,35 Litres,,
Hyundai i20 Active,₹4.50 Lakh,2016,"45,000 Kms",First Owner,Petrol,Manual,FWD,1197 cc,81.86 bhp,17.19 kmpl,4.0,No,5 Seats,1020 kg,190 mm,45 Litres,,
Hyundai i20,₹5.67 Lakh,2019,"20,000 Kms",Third Owner,Petrol,Automatic,FWD,1197 cc,81.86 bhp,17.4 kmpl,4.0,No,5 Seats,1054-1093 kg,170 mm,40 Litres,,
Hyundai Grand i10,₹4.08 Lakh,May 2014,"48,457 Kms",Second Owner,Petrol,Automatic,FWD,1197 cc,81.86 bhp,18.9 kmpl,4.0,No,5 Seats,1200 kg,165 mm,43 Litres,,
Maruti Suzuki Celerio,₹3.79 Lakh,Nov 2019,"60,279 Kms",First Owner,Petrol,Automatic,FWD,998 cc,67.04 bhp,23.1 kmpl,3.0,No,5 Seats,845 kg,165 mm,35 Litres,,
Maruti Suzuki Wagon R,₹3.22 Lakh,Jan 2018,"62,170 Kms",First Owner,Petrol,Automatic,FWD,998 cc,67 bhp,20.51 kmpl,3.0,No,5 Seats,890 kg,165 mm,35 Litres,,
Honda City,₹4 Lakh,2015,"96,000 Kms",First Owner,Petrol,Manual,FWD,1497 cc,117.3 bhp,17.8 kmpl,4.0,No,5 Seats,1029 kg,165 mm,40 Litres,,
Honda Amaze,₹4.07 Lakh,Mar 2014,"97,388 Kms",First Owner,Petrol,Manual,FWD,1198 cc,86.7 bhp,17.8 kmpl,4.0,No,5 Seats,955 kg,165 mm,35 Litres,,
27+ used cars for sale from ₹3.87 Lakh in Bangalore,,,,,,,,,,,,,,,,,,
Renault Triber,₹4.65 Lakh,Oct 2021,"79,688 Kms",First Owner,Petrol,Automatic,,999 cc,71.01 bhp,18.2 kmpl,3.0,,7 Seats,947 kg,182 mm,40 Litres,,
Hyundai i20,₹4.70 Lakh,2016,"82,000 Kms",Second Owner,Petrol,Manual,FWD,1197 cc,81.83 bhp,18.6 kmpl,4.0,No,5 Seats,1066 kg,170 mm,45 Litres,,
Maruti Suzuki Swift Dzire,₹4 Lakh,2014,"1,20,000 Kms",First Owner,Petrol,Manual,FWD,1197 cc,85.8 bhp,19.1 kmpl,4.0,No,5 Seats,990 kg,170 mm,42 Litres,,
Maruti Suzuki Alto K10,₹3.17 Lakh,Aug 2016,"29,670 Kms",First Owner,Petrol,Automatic,FWD,998 cc,67.05 bhp,23.95 kmpl,3.0,No,5 Seats,784 kg,160 mm,35 Litres,,
14+ used cars for sale from ₹6.40 Lakh in Bangalore,,,,,,,,,,,,,,,,,,
Volkswagen Vento,₹5 Lakh,2014,"92,030 Kms",First Owner,Petrol,Automatic,FWD,1197 cc,103.6 bhp,16.93 kmpl,4.0,Yes,5 Seats,1178 kg,168 mm,55 Litres,,
Maruti Suzuki Wagon R,₹4.98 Lakh,Sept 2022,"53,244 Kms",Second Owner,Petrol,Manual,,1197 cc,88.50 bhp,23.56 kmpl,4.0,,5 Seats,835-850 kg,,32 Litres,,
Maruti Suzuki Wagon R,₹4.21 Lakh,Oct 2020,"85,586 Kms",First Owner,Petrol,Manual,FWD,998 cc,67.05 bhp,21.79 kmpl,3.0,No,5 Seats,805-825 kg,,32 Litres,,
Honda Jazz,₹3.94 Lakh,Oct 2016,"74,335 Kms",First Owner,Petrol,Manual,FWD,1199 cc,88.7 bhp,18.7 kmpl,4.0,No,5 Seats,1044 kg,165 mm,40 Litres,,
Renault Duster,₹4.50 Lakh,2014,"1,20,000 Kms",Second Owner,,Manual,FWD,1461 cc,108.45 bhp,19.01 kmpl,4.0,Yes,5 Seats,1220 kg,205 mm,,50 Litres,
Honda Amaze,₹5.19 Lakh,Feb 2019,"65,565 Kms",First Owner,Petrol,Automatic,FWD,1199 cc,88.76 bhp,19 kmpl,4.0,No,5 Seats,942 kg,170 mm,35 Litres,,
Hyundai i20,₹3.28 Lakh,Jun 2014,"70,783 Kms",First Owner,Petrol,Manual,FWD,1197 cc,82.85 bhp,18.5 kmpl,4.0,No,5 Seats,1040 kg,,45 Litres,,
Hyundai Grand i10,₹4.70 Lakh,2019,"60,000 Kms",Second Owner,Petrol,Manual,FWD,1197 cc,81.86 bhp,18.9 kmpl,4.0,No,5 Seats,1120 kg,165 mm,43 Litres,,
MG Comet EV,₹7.75 Lakh,Jun 2024,"9,000 Kms",First Owner,,Automatic,RWD,,41.42 bhp,,,,4 Seats,,,,,
Maruti Suzuki Celerio,₹3.69 Lakh,Apr 2015,"64,800 Kms",Second Owner,Petrol,Automatic,FWD,998 cc,67.04 bhp,23.1 kmpl,3.0,No,5 Seats,840 kg,120 mm,35 Litres,,
Honda Civic,₹4.45 Lakh,Jul 2008,"40,000 Kms",Second Owner,Petrol,Automatic,FWD,1799 cc,130 bhp,12.9 kmpl,4.0,No,5 Seats,1210 kg,170 mm,50 Litres,,
Hyundai i20,₹5.85 Lakh,Feb 2020,"34,700 Kms",Second Owner,Petrol,Manual,FWD,1197 cc,81.86 bhp,18.6 kmpl,4.0,No,5 Seats,1120 kg,170 mm,40 Litres,,
Mercedes-Benz GLE,₹67.75 Lakh,Mar 2022,"27,976 Kms",Second Owner,Diesel,Automatic,AWD,1950 cc,241.38 bhp,,4.0,Yes,5 Seats,2150 kg,200 mm,,93 Litres,
Hyundai Grand i10,₹5.65 Lakh,Oct 2017,"86,000 Kms",First Owner,Petrol,Manual,FWD,1197 cc,82 bhp,18.9 kmpl,4.0,No,5 Seats,935 kg,165 mm,43 Litres,,
Hyundai i20,₹3.75 Lakh,Nov 2012,"71,000 Kms",Second Owner,Petrol,Manual,,1197 cc,,18.5 kmpl,4.0,No,5 Seats,1020 kg,165 mm,45 Litres,,
Kia Seltos,₹18.95 Lakh,Jan 2024,"24,860 Kms",First Owner,Diesel,Automatic,2WD,1493 cc,114.41 bhp,19.1 kmpl,4.0,Yes,5 Seats,,,,50 Litres,
Maruti Suzuki Wagon R,₹3.25 Lakh,Feb 2017,"68,523 Kms",Second Owner,Petrol,Automatic,FWD,998 cc,67 bhp,20.51 kmpl,3.0,No,5 Seats,890 kg,165 mm,35 Litres,,
Honda Jazz,₹5.75 Lakh,Feb 2019,"63,195 Kms",Second Owner,Petrol,Manual,FWD,1199 cc,88.7 bhp,18.7 kmpl,4.0,No,5 Seats,1042 kg,165 mm,40 Litres,,
Maruti Suzuki Celerio,₹4.45 Lakh,Apr 2019,"67,498 Kms",Second Owner,Petrol,Automatic,FWD,998 cc,67.05 bhp,21.63 kmpl,3.0,No,5 Seats,850 kg,165 mm,35 Litres,,
Honda Amaze,₹3.55 Lakh,Jun 2014,"82,058 Kms",Second Owner,Petrol,Manual,FWD,1198 cc,86.7 bhp,18 kmpl,4.0,No,5 Seats,950 kg,165 mm,35 Litres,,
Hyundai Grand i10,₹3.65 Lakh,Nov 2017,"64,000 Kms",First Owner,Petrol,Manual,FWD,1197 cc,82 bhp,18.9 kmpl,4.0,No,5 Seats,935 kg,165 mm,43 Litres,,
Hyundai i10,₹4.25 Lakh,Jan 2014,"60,000 Kms",First Owner,Petrol,Manual,FWD,1086 cc,68.05 bhp,19.81 kmpl,4.0,No,5 Seats,860 kg,165 mm,35 Litres,,
Maruti Suzuki Celerio,₹4.85 Lakh,Oct 2018,"68,856 Kms",First Owner,Petrol,Automatic,FWD,998 cc,67.04 bhp,23.1 kmpl,3.0,No,5 Seats,850 kg,165 mm,35 Litres,,
Mahindra XUV 3XO,₹16.21 Lakh,2024,"4,000 Kms",First Owner,Petrol,Automatic,FWD,1197 cc,128.73 bhp,18.2 kmpl,3.0,Yes,5 Seats,,,42 Litres,,
MG ZS EV,₹14.50 Lakh,2023,"50,000 Kms",Second Owner,,Automatic,FWD,,174.33 bhp,,,,5 Seats,,,,,
40+ used cars for sale from ₹3 Lakh in Bangalore,,,,,,,,,,,,,,,,,,
Maruti Suzuki Ignis,₹4 Lakh,Mar 2026,"1,12,134 Kms",First Owner,Petrol,Automatic,FWD,1197 cc,81.80 bhp,20.89 kmpl,4.0,No,5 Seats,855 kg,180 mm,32 Litres,,
Mitsubishi Outlander,₹4.95 Lakh,Mar 2011,"89,000 Kms",Second Owner,Petrol,Automatic,All Wheel Drive,2360 cc,,11.3 kmpl,4.0,Yes,5 Seats,1615 kg,215 mm,88 Litres,,
Hyundai i10,₹3.45 Lakh,Apr 2012,"52,000 Kms",Second Owner,Petrol,Manual,FWD,1197 cc,78.9 bhp,20.36 kmpl,4.0,No,5 Seats,960 kg,165 mm,35 Litres,,
Hyundai Grand i10,₹5.25 Lakh,May 2016,"56,000 Kms",First Owner,Petrol,Manual,FWD,1197 cc,82 bhp,18.9 kmpl,4.0,No,5 Seats,935 kg,165 mm,43 Litres,,
Ford Ecosport,₹5.45 Lakh,Jul 2015,"1,24,000 Kms",First Owner,,Manual,FWD,1498 cc,98.59 bhp,22.77 kmpl,4.0,Yes,5 Seats,1240 kg,200 mm,,52 Litres,
Hyundai i20,₹5.85 Lakh,Oct 2017,"47,000 Kms",Second Owner,Petrol,Manual,FWD,1197 cc,81.83 bhp,18.6 kmpl,4.0,No,5 Seats,1066 kg,170 mm,45 Litres,,
Maruti Suzuki Celerio,₹3.60 Lakh,Jan 2016,"67,000 Kms",Second Owner,Petrol,Automatic,FWD,998 cc,67.04 bhp,23.1 kmpl,3.0,No,5 Seats,840 kg,120 mm,35 Litres,,
Hyundai Grand i10,₹4.50 Lakh,Feb 2017,"82,000 Kms",First Owner,Petrol,Manual,FWD,1197 cc,82 bhp,18.9 kmpl,4.0,No,5 Seats,935 kg,165 mm,43 Litres,,
Hyundai Grand i10,₹4.45 Lakh,Apr 2014,"40,458 Kms",First Owner,Petrol,Manual,FWD,1197 cc,81.86 bhp,18.9 kmpl,4.0,No,5 Seats,1060 kg,165 mm,43 Litres,,
Maruti Suzuki Wagon R,₹5.40 Lakh,Jul 2021,"44,000 Kms",Second Owner,Petrol,Manual,FWD,998 cc,67.05 bhp,21.79 kmpl,3.0,No,5 Seats,805-825 kg,,32 Litres,,
Tata Tiago,₹4.65 Lakh,Jun 2017,"43,620 Kms",First Owner,Petrol,Automatic,FWD,1199 cc,83.83 bhp,23.84 kmpl,3.0,No,5 Seats,1012 kg,170 mm,35 Litres,,
Maruti Suzuki Swift Dzire,₹3.82 Lakh,Oct 2018,"17,499 Kms",Second Owner,Petrol,Manual,FWD,1197 cc,81.80 bhp,21.21 kmpl,4.0,No,5 Seats,860-895 kg,163 mm,37 Litres,,
10+ used cars for sale from ₹9.60 Lakh in Bangalore,,,,,,,,,,,,,,,,,,
Honda Jazz,₹4.87 Lakh,Jan 2017,"67,482 Kms",First Owner,Petrol,Manual,,1199 cc,88.50 bhp,17.1 kmpl,4.0,,5 Seats,1042 kg,,40 Litres,,
Honda Brio,₹3.75 Lakh,Sept 2015,"47,150 Kms",First Owner,Petrol,Manual,FWD,1198 cc,86.8 bhp,19.4 kmpl,4.0,No,5 Seats,925 kg,165 mm,35 Litres,,
Honda Brio,₹3.97 Lakh,Sept 2015,"78,042 Kms",First Owner,Petrol,Manual,FWD,1198 cc,86.8 bhp,19.4 kmpl,4.0,No,5 Seats,925 kg,165 mm,35 Litres,,
Maruti Suzuki Ignis,₹4.45 Lakh,Apr 2018,"61,771 Kms",Second Owner,Petrol,Automatic,FWD,1197 cc,81.80 bhp,20.89 kmpl,4.0,No,5 Seats,855 kg,180 mm,32 Litres,,
Ford Ecosport,₹4.25 Lakh,Mar 2015,"68,397 Kms",First Owner,,Manual,FWD,1499 cc,110 bhp,15.8 kmpl,4.0,No,5 Seats,1290 kg,200 mm,52 Litres,,
Ford Ecosport,₹3.92 Lakh,Mar 2015,"65,643 Kms",Third Owner,,Manual,FWD,1499 cc,110 bhp,15.8 kmpl,4.0,No,5 Seats,1290 kg,200 mm,52 Litres,,
Hyundai i20 Active,₹4.95 Lakh,May 2016,"61,000 Kms",Second Owner,Petrol,Manual,FWD,1197 cc,81.86 bhp,17.19 kmpl,4.0,No,5 Seats,1040 kg,190 mm,45 Litres,,
1+ used cars for sale from ₹25.50 Lakh in Bangalore,,,,,,,,,,,,,,,,,,
Jeep Compass,₹22.95 Lakh,Jun 2021,"42,476 Kms",First Owner,Diesel,Automatic,4x4,1956 cc,167.67 bhp,14.9 kmpl,4.0,Yes,5 Seats,1660 kg,,,60 Litres,
Jeep Compass,₹27.50 Lakh,Feb 2026,"18,000 Kms",First Owner,Diesel,Automatic,4x4,1956 cc,167.67 bhp,14.9 kmpl,4.0,Yes,5 Seats,1660 kg,,,60 Litres,
Tata Harrier,₹23.85 Lakh,Jun 2024,"22,213 Kms",First Owner,Diesel,Automatic,FWD,1956 cc,167.62 bhp,16.8 kmpl,4.0,Yes,5 Seats,,,,50 Litres,
Skoda Octavia,₹22.95 Lakh,Jun 2021,"35,494 Kms",First Owner,Petrol,Automatic,FWD,1984 cc,187.74 bhp,15.81 kmpl,4.0,Yes,5 Seats,1430 kg,137 mm,50 Litres,,
Toyota Fortuner,₹12.75 Lakh,Mar 2026,"1,56,000 Kms",Second Owner,,Manual,FWD,2982 cc,168.5 bhp,13 kmpl,4.0,Yes,7 Seats,1880 kg,220 mm,,80 Litres,
Toyota Innova Crysta,₹21.45 Lakh,Nov 2021,"1,37,000 Kms",Second Owner,Diesel,Automatic,RWD,2393 cc,148 bhp,,4.0,Yes,7 Seats,1870 kg,,,55 Litres,
Hyundai Creta,₹15.70 Lakh,Aug 2022,"24,563 Kms",First Owner,Diesel,Manual,,1493 cc,113.45 bhp,18 kmpl,4.0,Yes,5 Seats,1585 kg,,,50 Litres,
Toyota Innova Hycross,₹32.45 Lakh,Mar 2024,"17,000 Kms",First Owner,Petrol,Automatic,FWD,1987 cc,183.72 bhp,,4.0,,7 Seats,,,52 Litres,,
Toyota Innova Crysta,₹18.25 Lakh,Aug 2016,"84,000 Kms",First Owner,Diesel,Manual,RWD,2393 cc,147.8 bhp,,7.0,Yes,7 Seats,1820 kg,,,55 Litres,
Hyundai i20,₹2.90 Lakh,Mar 2011,"80,000 Kms",Third Owner,Petrol,Automatic,FWD,1396 cc,,15 kmpl,4.0,No,5 Seats,1050 kg,165 mm,45 Litres,,
Maruti Suzuki Vitara Brezza,₹8.75 Lakh,May 2018,"98,401 Kms",First Owner,,Manual,FWD,1248 cc,88.5 bhp,24.3 kmpl,4.0,Yes,5 Seats,1200 kg,198 mm,,48 Litres,
Tata Punch EV,₹8.99 Lakh,Mar 2024,"19,000 Kms",First Owner,,Automatic,FWD,,120.69 bhp,,,,5 Seats,,190 mm,,,
Kia Sonet,₹12.30 Lakh,Feb 2023,"1,453 Kms",First Owner,Petrol,Automatic,FWD,998 cc,118.36 bhp,,3.0,Yes,5 Seats,1304 kg,,45 Litres,,
Maruti Suzuki Ertiga,₹9 Lakh,Nov 2016,"89,000 Kms",First Owner,Diesel,Manual,FWD,1248 cc,88.5 bhp,24.52 kmpl,4.0,Yes,7 Seats,1265 kg,185 mm,,45 Litres,
Hyundai Verna,₹10.50 Lakh,Apr 2018,"67,000 Kms",First Owner,Petrol,Manual,FWD,1591 cc,121.3 bhp,17 kmpl,4.0,No,5 Seats,1248 kg,165 mm,45 Litres,,
Hyundai Creta,₹7.87 Lakh,Mar 2018,"83,108 Kms",First Owner,,Manual,FWD,1396 cc,88.7 bhp,21.38 kmpl,4.0,No,5 Seats,1260 kg,190 mm,,55 Litres,
Maruti Suzuki Grand Vitara,₹14.85 Lakh,Mar 2023,"27,465 Kms",First Owner,,Automatic,FWD,1490 cc,91.18 bhp,27.97 kmpl,3.0,,5 Seats,1260-1275 kg,210 mm,45 Litres,,
Mercedes-Benz CLA,₹21.50 Lakh,Jan 2018,"42,000 Kms",Second Owner,Diesel,Automatic,FWD,2143 cc,136 bhp,,4.0,Yes,5 Seats,1570 kg,160 mm,,56 Litres,
Jaguar XE,₹25 Lakh,Sept 2017,"35,000 Kms",First Owner,Petrol,Automatic,RWD,1999 cc,246.74 bhp,,4.0,Yes,5 Seats,1650 kg,,68 Litres,,
Maruti Suzuki Wagon R,₹4.85 Lakh,Jan 2018,"45,000 Kms",Second Owner,Petrol,Automatic,FWD,998 cc,67 bhp,20.51 kmpl,3.0,No,5 Seats,890 kg,165 mm,35 Litres,,
Mahindra Thar,₹14.70 Lakh,Oct 2024,"11,000 Kms",First Owner,,Automatic,4WD,1997 cc,150.19 bhp,8 kmpl,4.0,Yes,4 Seats,,226 mm,57 Litres,,
Renault Duster,₹5.75 Lakh,May 2013,"62,000 Kms",Second Owner,,Manual,FWD,1461 cc,108.45 bhp,19.01 kmpl,4.0,Yes,5 Seats,1240 kg,205 mm,,50 Litres,
Chevrolet Cruze,₹4.25 Lakh,May 2011,"74,000 Kms",Third Owner,Diesel,Manual,,1991 cc,147.9 bhp,18.3 kmpl,4.0,No,5 Seats,1520 kg,165 mm,,60 Litres,
Maruti Suzuki Alto K10,₹2.62 Lakh,Jul 2013,"70,024 Kms",First Owner,Petrol,Manual,FWD,998 cc,67.05 bhp,23.95 kmpl,3.0,No,5 Seats,779 kg,160 mm,35 Litres,,
Datsun RediGO,₹2.36 Lakh,Sept 2017,"32,751 Kms",Second Owner,Petrol,Manual,FWD,799 cc,53.64 bhp,20.71 kmpl,3.0,No,5 Seats,770 kg,187 mm,28 Litres,,
Maruti Suzuki Wagon R,₹3.85 Lakh,Apr 2016,"35,873 Kms",Second Owner,Petrol,Manual,FWD,1197 cc,81.80 bhp,20.52 kmpl,4.0,No,5 Seats,830-845 kg,,32 Litres,,
Hyundai Verna,₹12.32 Lakh,Sept 2022,"32,669 Kms",First Owner,Diesel,Manual,,1493 cc,113.45 bhp,25 kmpl,4.0,Yes,5 Seats,1240 kg,,,45 Litres,
Renault KWID,₹2.95 Lakh,Feb 2016,"63,296 Kms",First Owner,Petrol,Manual,FWD,799 cc,53.3 bhp,25.17 kmpl,3.0,No,5 Seats,710 kg,180 mm,28 Litres,,
Kia Seltos,₹7.52 Lakh,Sept 2022,"44,730 Kms",First Owner,Petrol,Manual,2WD,1497 cc,113.42 bhp,17 kmpl,4.0,No,5 Seats,,,50 Litres,,
Honda Amaze 2nd Gen,₹3.84 Lakh,Jul 2016,"1,47,041 Kms",First Owner,Petrol,Manual,FWD,1199 cc,88.50 bhp,18.6 kmpl,4.0,,5 Seats,920 kg,,35 Litres,,
Hyundai Grand i10,₹3.87 Lakh,Aug 2017,"50,734 Kms",Second Owner,Petrol,Manual,FWD,1197 cc,81.86 bhp,18.9 kmpl,4.0,No,5 Seats,1100 kg,165 mm,43 Litres,,
Mahindra KUV 100 NXT,₹3.87 Lakh,Feb 2017,"91,524 Kms",First Owner,Petrol,Manual,2WD,1198 cc,82 bhp,18.15 kmpl,3.0,,6 Seats,1135 kg,170 mm,35 Litres,,
Maruti Suzuki Alto 800,₹3.33 Lakh,Aug 2021,"22,577 Kms",First Owner,Petrol,Manual,FWD,796 cc,46.3 bhp,19.7 kmpl,3.0,No,5 Seats,705 kg,160 mm,35 Litres,,
63+ used cars for sale from ₹3.80 Lakh in Bangalore,,,,,,,,,,,,,,,,,,
Honda Brio,₹2.95 Lakh,Aug 2013,"60,320 Kms",Second Owner,Petrol,Manual,FWD,1198 cc,86.8 bhp,19.4 kmpl,4.0,No,5 Seats,925 kg,165 mm,35 Litres,,
Hyundai Venue,₹8.96 Lakh,Sept 2020,"31,585 Kms",First Owner,Petrol,Automatic,FWD,998 cc,118 bhp,18.31 kmpl,3.0,Yes,5 Seats,,,,,
Hyundai i20,₹5.52 Lakh,Jun 2017,"98,101 Kms",First Owner,Petrol,Manual,FWD,1197 cc,81.83 bhp,18.6 kmpl,4.0,No,5 Seats,1066 kg,170 mm,45 Litres,,
Maruti Suzuki Ertiga,₹7.45 Lakh,Jul 2018,"67,315 Kms",Second Owner,Petrol,Automatic,FWD,1462 cc,103.26 bhp,17.99 kmpl,4.0,No,7 Seats,1135-1170 kg,,45 Litres,,
Hyundai i10,₹2.62 Lakh,Feb 2012,"45,943 Kms",Second Owner,Petrol,Manual,FWD,1086 cc,68.05 bhp,19.81 kmpl,4.0,No,5 Seats,900 kg,165 mm,35 Litres,,
35+ used cars for sale from ₹2.91 Lakh in Bangalore,,,,,,,,,,,,,,,,,,
Hyundai Grand i10,₹4.59 Lakh,May 2017,"65,732 Kms",First Owner,Petrol,Manual,FWD,1197 cc,81.86 bhp,18.9 kmpl,4.0,No,5 Seats,1120 kg,165 mm,43 Litres,,
Maruti Suzuki Alto 800,₹3.84 Lakh,Mar 2022,"28,224 Kms",First Owner,Petrol,Manual,FWD,796 cc,47.33 bhp,22.05 kmpl,3.0,,5 Seats,762 kg,,35 Litres,,
Mahindra XUV500,₹8.51 Lakh,Oct 2015,"1,09,274 Kms",First Owner,,Manual,FWD,2179 cc,152.87 bhp,15.1 kmpl,4.0,Yes,7 Seats,1785 kg,200 mm,,70 Litres,
Renault Triber,₹5.85 Lakh,Mar 2021,"34,637 Kms",First Owner,Petrol,Automatic,,999 cc,71.01 bhp,18.2 kmpl,3.0,,7 Seats,947 kg,182 mm,40 Litres,,
Hyundai i20,₹5.19 Lakh,Oct 2016,"49,920 Kms",Second Owner,Petrol,Manual,FWD,1197 cc,81.83 bhp,18.6 kmpl,4.0,No,5 Seats,1066 kg,170 mm,45 Litres,,
Renault KWID,₹2.94 Lakh,Oct 2017,"37,707 Kms",First Owner,Petrol,Manual,FWD,999 cc,67 bhp,23.01 kmpl,3.0,No,5 Seats,710 kg,180 mm,,,
MG Astor,₹8.29 Lakh,Jan 2023,"18,690 Kms",First Owner,Petrol,Manual,,1498 cc,108.49 bhp,15.43 kmpl,4.0,No,5 Seats,1450 kg,,48 Litres,,
Maruti Suzuki S Cross,₹5.90 Lakh,Feb 2018,"1,13,361 Kms",First Owner,,Manual,FWD,1248 cc,88.5 bhp,25.1 kmpl,4.0,Yes,5 Seats,1230 kg,180 mm,,48 Litres,
Hyundai Creta,₹7.60 Lakh,Nov 2017,"94,137 Kms",First Owner,,Automatic,FWD,1591 cc,121.3 bhp,13 kmpl,4.0,No,5 Seats,1280 kg,190 mm,55 Litres,,
Kia Sonet,₹7.12 Lakh,Nov 2020,"66,365 Kms",Second Owner,Petrol,Manual,FWD,998 cc,118.36 bhp,18.2 kmpl,3.0,Yes,5 Seats,1210 kg,,45 Litres,,
Hyundai Venue,₹9.09 Lakh,Feb 2022,"39,418 Kms",First Owner,Diesel,Manual,FWD,1493 cc,98.6 bhp,23.7 kmpl,4.0,Yes,5 Seats,1220 kg,,,45 Litres,
Toyota Corolla Altis,₹6.04 Lakh,May 2015,"85,878 Kms",First Owner,Petrol,Manual,FWD,1798 cc,138.03 bhp,14.28 kmpl,4.0,No,5 Seats,1200 kg,175 mm,55 Litres,,
Hyundai i20,₹7.42 Lakh,Sept 2019,"25,237 Kms",First Owner,Petrol,Automatic,FWD,1197 cc,81.86 bhp,17.4 kmpl,4.0,No,5 Seats,1054-1093 kg,170 mm,40 Litres,,
Renault KWID,₹2.59 Lakh,Sept 2017,"40,348 Kms",First Owner,Petrol,Manual,FWD,999 cc,67 bhp,23.01 kmpl,3.0,No,5 Seats,730 kg,180 mm,28 Litres,,
Hyundai EON,₹2.15 Lakh,Jan 2016,"2,630 Kms",First Owner,Petrol,Manual,FWD,814 cc,55.2 bhp,21.1 kmpl,3.0,No,5 Seats,860 kg,170 mm,32 Litres,,
Maruti Suzuki Alto K10,₹2.64 Lakh,Jan 2016,"89,211 Kms",Second Owner,Petrol,Manual,FWD,998 cc,67.05 bhp,23.95 kmpl,3.0,No,5 Seats,779 kg,160 mm,35 Litres,,
Hyundai EON,₹2.49 Lakh,Dec 2016,"46,131 Kms",First Owner,Petrol,Manual,FWD,814 cc,55.2 bhp,21.1 kmpl,3.0,No,5 Seats,880 kg,170 mm,32 Litres,,
Maruti Suzuki Alto 800,₹2.25 Lakh,Feb 2016,"74,026 Kms",First Owner,Petrol,Manual,FWD,796 cc,47.33 bhp,22.05 kmpl,3.0,,5 Seats,762 kg,,35 Litres,,
Maruti Suzuki Alto 800,₹2.78 Lakh,Mar 2016,"1,11,548 Kms",First Owner,Petrol,Manual,FWD,796 cc,46.3 bhp,19.7 kmpl,3.0,No,5 Seats,705 kg,160 mm,35 Litres,,
Renault KWID,₹2.66 Lakh,Mar 2017,"41,182 Kms",First Owner,Petrol,Manual,FWD,999 cc,67 bhp,23.01 kmpl,3.0,No,5 Seats,710 kg,180 mm,,,
Fiat Punto,₹2.75 Lakh,Mar 2013,"52,830 Kms",First Owner,Petrol,Manual,FWD,1172 cc,67 bhp,15.7 kmpl,4.0,No,5 Seats,920 kg,195 mm,45 Litres,,
Maruti Suzuki Zen Estilo,₹2.20 Lakh,Mar 2011,"47,125 Kms",First Owner,Petrol,Manual,FWD,998 cc,67.1 bhp,19 kmpl,3.0,No,5 Seats,865 kg,165 mm,35 Litres,,
Maruti Suzuki Alto K10,₹2.62 Lakh,Nov 2013,"71,197 Kms",First Owner,Petrol,Manual,FWD,998 cc,67.05 bhp,23.95 kmpl,3.0,No,5 Seats,779 kg,160 mm,35 Litres,,
Maruti Suzuki Alto 800,₹2.59 Lakh,Aug 2013,"17,175 Kms",First Owner,Petrol,Manual,FWD,796 cc,46.3 bhp,19.7 kmpl,3.0,No,5 Seats,705 kg,160 mm,35 Litres,,
Nissan Micra,₹2.10 Lakh,Aug 2013,"35,121 Kms",First Owner,Petrol,Manual,FWD,1198 cc,75 bhp,18.44 kmpl,3.0,No,5 Seats,1060 kg,154 mm,41 Litres,,
143+ used cars for sale from ₹1.65 Lakh in Bangalore,,,,,,,,,,,,,,,,,,
Datsun RediGO,₹2.25 Lakh,Dec 2016,"70,809 Kms",First Owner,Petrol,Manual,FWD,799 cc,53.64 bhp,20.71 kmpl,3.0,No,5 Seats,770 kg,187 mm,28 Litres,,
Hyundai i20,₹2.80 Lakh,Aug 2013,"38,164 Kms",First Owner,Petrol,Manual,FWD,1197 cc,82.85 bhp,18.6 kmpl,4.0,No,5 Seats,980 kg,170 mm,45 Litres,,
Datsun RediGO,₹2.25 Lakh,Oct 2017,"52,003 Kms",Second Owner,Petrol,Manual,FWD,799 cc,53.64 bhp,20.71 kmpl,3.0,No,5 Seats,770 kg,187 mm,28 Litres,,
Maruti Suzuki Alto 800,₹2.42 Lakh,Jan 2015,"73,110 Kms",Second Owner,Petrol,Manual,FWD,796 cc,46.3 bhp,19.7 kmpl,3.0,No,5 Seats,705 kg,160 mm,35 Litres,,
Hyundai EON,₹2.87 Lakh,Dec 2016,"76,145 Kms",First Owner,Petrol,Manual,FWD,814 cc,55.2 bhp,21.1 kmpl,3.0,No,5 Seats,880 kg,,32 Litres,,
Hyundai i10,₹2.65 Lakh,Mar 2012,"99,000 Kms",Second Owner,Petrol,Manual,FWD,1197 cc,78.9 bhp,20.36 kmpl,4.0,No,5 Seats,960 kg,165 mm,35 Litres,,
Datsun RediGO,₹2.15 Lakh,Sept 2016,"54,000 Kms",Second Owner,Petrol,Manual,2WD,799 cc,53.64 bhp,22.7 kmpl,3.0,No,5 Seats,700 kg,,28 Litres,,
Hyundai EON,₹2.90 Lakh,Aug 2013,"38,000 Kms",Second Owner,Petrol,Manual,FWD,814 cc,55.2 bhp,21.1 kmpl,3.0,No,5 Seats,910 kg,170 mm,32 Litres,,
Fiat Punto,₹2.10 Lakh,Feb 2026,"95,000 Kms",Second Owner,Diesel,Manual,FWD,1248 cc,75 bhp,20.3 kmpl,4.0,Yes,5 Seats,980 kg,185 mm,,45 Litres,
Hyundai i20,₹2.45 Lakh,Apr 2010,"87,000 Kms",Fourth Owner,Diesel,Manual,,1396 cc,,23 kmpl,4.0,No,5 Seats,1100 kg,165 mm,,45 Litres,
Kia Seltos,₹12.68 Lakh,Nov 2019,"65,225 Kms",First Owner,Diesel,Automatic,2WD,1493 cc,114.41 bhp,19.1 kmpl,4.0,Yes,5 Seats,,,,50 Litres,
Volvo XC90,₹53.75 Lakh,Apr 2021,"1,49,593 Kms",Second Owner,,Automatic,AWD,1969 cc,235 bhp,17.2 kmpl,4.0,Yes,7 Seats,2350 kg,238 mm,,68 Litres,
MG Gloster,₹31.95 Lakh,Feb 2023,"41,275 Kms",First Owner,Diesel,Automatic,4WD,1996 cc,212.55 bhp,10 kmpl,4.0,Twin,6 Seats,,,,75 Litres,
Maserati Ghibli,₹79 Lakh,Aug 2021,"6,000 Kms",Second Owner,Petrol,Automatic,RWD,1999 cc,325.48 bhp,,4.0,,5 Seats,1940 kg,,80 Litres,,
Jeep Grand Cherokee,₹59.75 Lakh,Apr 2024,"25,000 Kms",First Owner,Petrol,Automatic,4WD,1995 cc,268.27 bhp,,4.0,,5 Seats,2097 kg,,87 Litres,,
Kia Seltos,₹14.42 Lakh,Mar 2020,"15,663 Kms",First Owner,Diesel,Automatic,2WD,1493 cc,114.41 bhp,19.1 kmpl,4.0,Yes,5 Seats,,,,50 Litres,
Maruti Suzuki Celerio,₹3.44 Lakh,Jul 2015,"1,02,869 Kms",Second Owner,Petrol,Manual,FWD,998 cc,67.05 bhp,21.63 kmpl,3.0,No,5 Seats,835 kg,165 mm,35 Litres,,
Renault Captur,₹4.11 Lakh,Aug 2017,"1,13,571 Kms",First Owner,Petrol,Manual,FWD,1498 cc,104.55 bhp,13.87 kmpl,4.0,Yes,5 Seats,1295 kg,,50 Litres,,
Mahindra XUV300,₹6.12 Lakh,Feb 2021,"1,22,525 Kms",First Owner,Petrol,Manual,,1197 cc,108.62 bhp,16.82 kmpl,3.0,Yes,5 Seats,1450 kg,,42 Litres,,
Ford Ecosport,₹8.25 Lakh,Nov 2018,"77,000 Kms",First Owner,,Manual,FWD,1497 cc,121.36 bhp,17 kmpl,3.0,No,5 Seats,1274 kg,200 mm,52 Litres,,
Honda Jazz,₹6.30 Lakh,Jul 2016,"23,000 Kms",First Owner,Petrol,Manual,FWD,1199 cc,88.7 bhp,18.7 kmpl,4.0,No,5 Seats,1044 kg,165 mm,40 Litres,,
Hyundai i20,₹6.10 Lakh,May 2017,"30,000 Kms",First Owner,Petrol,Manual,FWD,1197 cc,81.83 bhp,18.6 kmpl,4.0,No,5 Seats,1066 kg,170 mm,45 Litres,,
Mahindra XUV500,₹8.90 Lakh,Jan 2018,"1,24,000 Kms",First Owner,,Manual,FWD,2179 cc,140 bhp,16 kmpl,4.0,Yes,7 Seats,1655 kg,200 mm,,70 Litres,
Kia Sonet,₹9 Lakh,Nov 2020,"52,300 Kms",First Owner,Diesel,Manual,FWD,1493 cc,98.63 bhp,18.4 kmpl,4.0,Yes,5 Seats,1215 kg,,,45 Litres,
Mahindra XUV300,₹7.95 Lakh,May 2019,"63,000 Kms",First Owner,,Manual,FWD,1197 cc,110 bhp,17 kmpl,3.0,Yes,5 Seats,1295 kg,180 mm,42 Litres,,
Hyundai i20,₹8.75 Lakh,Nov 2021,"24,693 Kms",Second Owner,Petrol,Manual,,998 cc,118.36 bhp,20 kmpl,3.0,Yes,5 Seats,1240 kg,,37 Litres,,
Mahindra XUV500,₹9.95 Lakh,Jul 2015,"64,185 Kms",Second Owner,,Manual,FWD,2179 cc,140 bhp,16 kmpl,4.0,Yes,7 Seats,1655 kg,200 mm,,70 Litres,
Hyundai i20,₹7.50 Lakh,Aug 2019,"57,603 Kms",First Owner,Petrol,Manual,FWD,1197 cc,81.86 bhp,18.6 kmpl,4.0,No,5 Seats,1140 kg,170 mm,40 Litres,,
Mahindra XUV300,₹8.25 Lakh,Jun 2021,"16,500 Kms",First Owner,Petrol,Manual,,1197 cc,108.62 bhp,16.82 kmpl,3.0,Yes,5 Seats,1450 kg,,42 Litres,,
Mahindra XUV300,₹7.49 Lakh,Nov 2021,"27,500 Kms",Second Owner,,Manual,FWD,1197 cc,108.6 bhp,17 kmpl,3.0,Yes,5 Seats,1295 kg,180 mm,42 Litres,,
Mahindra XUV300,₹9.60 Lakh,Sept 2020,"45,000 Kms",First Owner,,Manual,FWD,1497 cc,115 bhp,20 kmpl,4.0,Yes,5 Seats,1495 kg,180 mm,,42 Litres,
Honda WR-V,₹7.35 Lakh,Jul 2017,"60,000 Kms",First Owner,,Manual,FWD,1498 cc,98.6 bhp,25.5 kmpl,4.0,Yes,5 Seats,1198 kg,188 mm,,40 Litres,
Volkswagen Taigun,₹9.95 Lakh,May 2022,"1,40,239 Kms",First Owner,Petrol,Automatic,,1498 cc,147.51 bhp,17.88 kmpl,4.0,Yes,5 Seats,1312 kg,188 mm,,,
Toyota Urban Cruiser EBELLA,₹8.75 Lakh,Nov 2022,"50,212 Kms",First Owner,Petrol,Manual,,1462 cc,103.26 bhp,17.03 kmpl,4.0,,5 Seats,1115-1130 kg,,48 Litres,,
Hyundai i20,₹6.65 Lakh,Nov 2018,"55,900 Kms",First Owner,Petrol,Manual,FWD,1197 cc,81.83 bhp,18.6 kmpl,4.0,No,5 Seats,1066 kg,170 mm,45 Litres,,
Mahindra XUV500,₹8.85 Lakh,Apr 2016,"75,000 Kms",Second Owner,,Manual,FWD,1997 cc,140 bhp,16 kmpl,4.0,Yes,7 Seats,1915 kg,200 mm,,70 Litres,
Kia Sonet,₹9.50 Lakh,Jun 2023,"27,357 Kms",First Owner,Diesel,Manual,FWD,1493 cc,81.86 bhp,18.4 kmpl,4.0,No,5 Seats,1192 kg,,,,
Hyundai Venue,₹7.80 Lakh,Jun 2021,"57,813 Kms",First Owner,Petrol,Manual,FWD,1197 cc,81.86 bhp,17.52 kmpl,4.0,No,5 Seats,1100 kg,,45 Litres,,
Tata Nexon,₹7.45 Lakh,Mar 2020,"42,000 Kms",Second Owner,Petrol,Manual,FWD,1198 cc,108.5 bhp,17 kmpl,3.0,Yes,5 Seats,1252 kg,,44 Litres,,
Hyundai i20,₹6.95 Lakh,Nov 2018,"69,000 Kms",First Owner,Petrol,Automatic,FWD,1197 cc,81.86 bhp,17.4 kmpl,4.0,No,5 Seats,1054-1093 kg,170 mm,40 Litres,,
Mahindra TUV 300,₹6.75 Lakh,Jan 2016,"57,100 Kms",First Owner,,Manual,RWD,1493 cc,100 bhp,18.49 kmpl,3.0,Yes,7 Seats,1755 kg,184 mm,,60 Litres,
Mahindra XUV300,₹7.45 Lakh,May 2019,"60,000 Kms",Second Owner,,Manual,FWD,1497 cc,115 bhp,20 kmpl,4.0,Yes,5 Seats,1495 kg,180 mm,,42 Litres,
Mahindra Bolero Neo,₹9.75 Lakh,May 2023,"31,000 Kms",First Owner,,Manual,RWD(with MTT),1493 cc,100 bhp,17.29 kmpl,3.0,Yes,7 Seats,1250 kg,180 mm,,50 Litres,
Tata Tiago,₹6.25 Lakh,Aug 2022,"30,000 Kms",First Owner,Petrol,Manual,,1199 cc,84.82 bhp,19.01 kmpl,3.0,,5 Seats,982 kg,170 mm,35 Litres,,
Hyundai Venue,₹8.32 Lakh,Jan 2021,"98,968 Kms",First Owner,Diesel,Manual,FWD,1493 cc,114 bhp,24.2 kmpl,4.0,Yes,5 Seats,,,,45 Litres,
Honda City,₹7.30 Lakh,Oct 2018,"33,999 Kms",Second Owner,Diesel,Manual,FWD,1498 cc,97.9 bhp,25.6 kmpl,4.0,Yes,5 Seats,1170 kg,165 mm,,40 Litres,
Ford Ecosport,₹7.13 Lakh,Mar 2019,"1,01,218 Kms",First Owner,Petrol,Manual,FWD,1496 cc,120.69 bhp,15.9 kmpl,3.0,No,5 Seats,1225 kg,,52 Litres,,
2+ used cars for sale from ₹6.80 Lakh in Bangalore,,,,,,,,,,,,,,,,,,
Ford Ecosport,₹6.41 Lakh,Jun 2019,"56,377 Kms",Third Owner,Petrol,Manual,FWD,1496 cc,120.69 bhp,15.9 kmpl,3.0,No,5 Seats,1225 kg,,52 Litres,,
Ford Ecosport,₹7.88 Lakh,Sept 2021,"35,117 Kms",Second Owner,Petrol,Automatic,FWD,1496 cc,120.69 bhp,14.7 kmpl,3.0,No,5 Seats,1300 kg,,52 Litres,,
Hyundai Venue,₹7.57 Lakh,Jan 2021,"24,019 Kms",First Owner,Petrol,Manual,FWD,998 cc,118.35 bhp,18 kmpl,3.0,Yes,5 Seats,1300 kg,,45 Litres,,
Volkswagen Vento,₹6.81 Lakh,Mar 2019,"65,279 Kms",Second Owner,Petrol,Automatic,FWD,1197 cc,103.2 bhp,18.19 kmpl,4.0,Yes,5 Seats,1179 kg,163 mm,55 Litres,,
Ford Ecosport,₹8.88 Lakh,Jun 2020,"31,929 Kms",First Owner,Petrol,Automatic,FWD,1496 cc,120.69 bhp,14.7 kmpl,3.0,No,5 Seats,1300 kg,,52 Litres,,
Mahindra XUV500,₹8.82 Lakh,Jun 2017,"1,21,399 Kms",First Owner,Diesel,Manual,FWD,2179 cc,152.87 bhp,,4.0,Yes,7 Seats,1595 kg,200 mm,,70 Litres,
Mahindra XUV300,₹7.14 Lakh,Jul 2021,"1,10,613 Kms",First Owner,Petrol,Manual,,1197 cc,108.62 bhp,16.82 kmpl,3.0,Yes,5 Seats,1450 kg,,42 Litres,,
Jeep Compass,₹9.57 Lakh,May 2018,"76,986 Kms",Second Owner,,Manual,4X4,1956 cc,170 bhp,16.3 kmpl,4.0,Yes,5 Seats,1641 s kg,178 mm,,60 Litres,
Nissan Terrano,₹7.95 Lakh,May 2020,"1,41,000 Kms",First Owner,,Manual,FWD,1461 cc,83.14 bhp,19.87 kmpl,4.0,Yes,5 Seats,1405 kg,205 mm,,,
Hyundai i20,₹7.50 Lakh,Jun 2018,"78,000 Kms",First Owner,Petrol,Manual,FWD,1197 cc,81.83 bhp,18.6 kmpl,4.0,No,5 Seats,1066 kg,170 mm,45 Litres,,
Mahindra XUV300,₹8.15 Lakh,Jul 2021,"59,338 Kms",Second Owner,Petrol,Automatic,,1197 cc,108.62 bhp,16.5 kmpl,3.0,Yes,5 Seats,1450 kg,,42 Litres,,
Maruti Suzuki XL6,₹9.44 Lakh,Feb 2021,"38,916 Kms",First Owner,Petrol,Manual,FWD,1462 cc,103.2 bhp,19.01 kmpl,4.0,,6 Seats,1180 kg,,45 Litres,,
Tata Nexon,₹8.30 Lakh,Sept 2020,"60,307 Kms",Second Owner,Diesel,Manual,FWD,1497 cc,108.5 bhp,21.5 kmpl,4.0,Yes,5 Seats,1305 kg,,,44 Litres,
Hyundai Venue,₹9.95 Lakh,Feb 2022,"51,000 Kms",First Owner,Diesel,Manual,FWD,1493 cc,98.6 bhp,23.7 kmpl,4.0,Yes,5 Seats,1220 kg,,,45 Litres,
Jeep Compass,₹9.75 Lakh,Nov 2019,"1,26,000 Kms",First Owner,,Manual,4X2,1956 cc,170 bhp,17.1 kmpl,4.0,Yes,5 Seats,1537 s kg,178 mm,,60 Litres,
Honda City,₹6.45 Lakh,May 2014,"89,000 Kms",First Owner,Diesel,Manual,FWD,1498 cc,98.6 bhp,25.1 kmpl,4.0,Yes,5 Seats,1165 kg,165 mm,,40 Litres,
Tata Hexa,₹8.45 Lakh,Oct 2019,"1,69,000 Kms",First Owner,,Manual,4WD,2179 cc,153.86 bhp,17.6 kmpl,4.0,Yes,7 Seats,1975 kg,200 mm,,60 Litres,
GL,₹2.37 Lakh,2013,"30,000 Kms",Second Owner,Petrol,Manual,,1086 cc,62 bhp,,4.0,No,5 Seats,854 kg,164 mm,35 Litres,,
Hyundai i20,₹6.99 Lakh,Apr 2019,"35,636 Kms",Second Owner,Diesel,Manual,FWD,1396 cc,88.76 bhp,22.54 kmpl,4.0,No,5 Seats,1180 kg,170 mm,,40 Litres,
Hyundai Exter,₹7.25 Lakh,Jul 2023,"39,143 Kms",First Owner,Petrol,Manual,FWD,1197 cc,81.8 bhp,19.4 kmpl,4.0,,5 Seats,,,37 Litres,,
Tata Tiago,₹7.45 Lakh,Mar 2023,"38,000 Kms",First Owner,Petrol,Manual,FWD,1199 cc,85 bhp,19.01 kmpl,3.0,,5 Seats,,170 mm,35 Litres,,
Tata Nexon,₹7.99 Lakh,Jun 2021,"25,347 Kms",Second Owner,Petrol,Manual,,1199 cc,118.35 bhp,17.33 kmpl,3.0,NO,5 Seats,1345 kg,209 mm,44 Litres,,
Hyundai Venue,₹6.75 Lakh,Jun 2020,"14,973 Kms",First Owner,Petrol,Manual,FWD,1197 cc,81.86 bhp,17.52 kmpl,4.0,No,5 Seats,1060 kg,,45 Litres,,
Maruti Suzuki Ciaz,₹6.70 Lakh,Mar 2016,"62,000 Kms",First Owner,Diesel,Manual,FWD,1248 cc,88.5 bhp,26.21 kmpl,4.0,Yes,5 Seats,1105 kg,170 mm,,43 Litres,
Hyundai Venue,₹7.85 Lakh,Jan 2022,"35,500 Kms",First Owner,Petrol,Manual,FWD,1197 cc,81.86 bhp,17.52 kmpl,4.0,No,5 Seats,1100 kg,,45 Litres,,
Maruti Suzuki Ciaz,₹6.99 Lakh,Jun 2019,"50,000 Kms",First Owner,Diesel,Manual,FWD,1498 cc,93.87 bhp,26.82 kmpl,4.0,Yes,5 Seats,1065 kg,170 mm,,43 Litres,
Honda Jazz,₹6.75 Lakh,Oct 2018,"48,000 Kms",First Owner,Petrol,Automatic,FWD,1199 cc,88.7 bhp,18.2 kmpl,4.0,No,5 Seats,1066 kg,165 mm,40 Litres,,
Kia Sonet,₹8.95 Lakh,Apr 2021,"52,000 Kms",First Owner,Diesel,Manual,FWD,1493 cc,98.63 bhp,18.4 kmpl,4.0,Yes,5 Seats,1215 kg,,,45 Litres,
Tata Tigor,₹6.95 Lakh,Mar 2021,710 Kms,First Owner,Petrol,Manual,,1199 cc,84.82 bhp,19.28 kmpl,3.0,,5 Seats,1030 kg,,35 Litres,,
Hyundai Tucson,₹17.99 Lakh,Jun 2019,"35,330 Kms",First Owner,,Automatic,2WD,1999 cc,152.88 bhp,12.95 kmpl,4.0,No,5 Seats,1537 kg,195 mm,62 Litres,,
Kia Sonet,₹15 Lakh,Jul 2025,"6,500 Kms",First Owner,Diesel,Automatic,FWD,1493 cc,114 bhp,19 kmpl,4.0,Yes,5 Seats,,,,45 Litres,
Renault KWID,₹4.50 Lakh,Jun 2021,"18,641 Kms",First Owner,Petrol,Automatic,FWD,999 cc,67 bhp,22 kmpl,3.0,No,5 Seats,750 kg,184 mm,28 Litres,,
Audi S5 Sportback,₹72.50 Lakh,Jun 2023,"7,180 Kms",First Owner,Petrol,Automatic,AWD,2994 cc,348.66 bhp,,6.0,Yes,5 Seats,1760 kg,,58 Litres,,
Toyota Innova Crysta,₹19.75 Lakh,Jul 2018,"1,23,000 Kms",First Owner,Diesel,Automatic,RWD,2755 cc,171.5 bhp,,4.0,Yes,7 Seats,1880 kg,,,55 Litres,
Skoda Octavia,₹24.50 Lakh,Jun 2021,"28,097 Kms",First Owner,Petrol,Automatic,FWD,1984 cc,187.74 bhp,15.81 kmpl,4.0,Yes,5 Seats,1459 kg,137 mm,50 Litres,,
Honda City,₹3.25 Lakh,Nov 2012,"58,162 Kms",First Owner,Petrol,Manual,FWD,1497 cc,116.3 bhp,16.8 kmpl,4.0,No,5 Seats,1095 kg,165 mm,42 Litres,,
Maruti Suzuki Ertiga,₹6.50 Lakh,Jan 2013,"95,000 Kms",First Owner,Diesel,Manual,FWD,1248 cc,88.8 bhp,20.77 kmpl,4.0,Yes,7 Seats,1235 kg,185 mm,,45 Litres,
Audi A4,₹14.14 Lakh,Jun 2014,"48,667 Kms",Second Owner,Diesel,Automatic,FWD,1968 cc,174.33 bhp,17.11 kmpl,4.0,Yes,5 Seats,1595 kg,165 mm,,63 Litres,
Mahindra XUV700,₹15.54 Lakh,Nov 2022,"28,301 Kms",First Owner,Petrol,Automatic,FWD,1999 cc,197 bhp,13 kmpl,4.0,Yes,5 Seats,,,60 Litres,,
98+ used cars for sale from ₹1.50 Lakh in Bangalore,,,,,,,,,,,,,,,,,,
Honda Amaze,₹4.17 Lakh,Jul 2014,"81,812 Kms",First Owner,Petrol,Manual,FWD,1198 cc,86.7 bhp,17.8 kmpl,4.0,No,5 Seats,955 kg,165 mm,35 Litres,,
Renault KWID,₹3.18 Lakh,Aug 2016,"36,784 Kms",First Owner,Petrol,Automatic,FWD,999 cc,67 bhp,24.04 kmpl,3.0,No,5 Seats,730 kg,180 mm,28 Litres,,
Renault KWID,₹2.82 Lakh,Jan 2018,"19,648 Kms",Third Owner,Petrol,Manual,FWD,999 cc,67 bhp,21.74 kmpl,3.0,No,5 Seats,730 kg,184 mm,28 Litres,,
Hyundai EON,₹2.16 Lakh,Jul 2014,"67,639 Kms",Second Owner,Petrol,Manual,FWD,814 cc,55.2 bhp,21.1 kmpl,3.0,No,5 Seats,880 kg,,32 Litres,,
Honda Amaze,₹2.82 Lakh,Sept 2014,"1,22,986 Kms",Third Owner,Petrol,Manual,FWD,1198 cc,86.7 bhp,17.8 kmpl,4.0,No,5 Seats,955 kg,165 mm,35 Litres,,
34+ used cars for sale from ₹1.75 Lakh in Bangalore,,,,,,,,,,,,,,,,,,
Hyundai Verna,₹6.74 Lakh,Sept 2018,"47,804 Kms",First Owner,Petrol,Automatic,,1591 cc,121.3 bhp,17 kmpl,4.0,No,5 Seats,1218 kg,165 mm,45 Litres,,
Kia Seltos,₹9.98 Lakh,Feb 2020,"90,565 Kms",First Owner,Petrol,Automatic,FWD,1353 cc,138.08 bhp,16.5 kmpl,4.0,Yes,5 Seats,1535 kg,,50 Litres,,
Hyundai i20,₹8.79 Lakh,May 2024,"17,915 Kms",First Owner,Petrol,Automatic,FWD,1197 cc,87 bhp,20 kmpl,4.0,,5 Seats,,,37 Litres,,
Renault Duster,₹6.95 Lakh,Aug 2019,"45,163 Kms",First Owner,Diesel,Manual,FWD,1461 cc,84 bhp,19.87 kmpl,4.0,No,5 Seats,1335 kg,,,50 Litres,
Hyundai i10,₹2.70 Lakh,Oct 2012,"72,999 Kms",Second Owner,Petrol,Automatic,FWD,1197 cc,78.9 bhp,16.95 kmpl,4.0,No,5 Seats,990 kg,165 mm,35 Litres,,
Ford Endeavour,₹10.50 Lakh,Aug 2013,"41,000 Kms",Second Owner,,Automatic,FWD,2953 cc,153.86 bhp,11.4 kmpl,4.0,Yes,7 Seats,2014 kg,210 mm,,71 Litres,
Hyundai Tucson,₹23.95 Lakh,Jun 2023,"18,588 Kms",First Owner,Petrol,Automatic,FWD,1999 cc,153.81 bhp,13 kmpl,4.0,No,5 Seats,,,54 Litres,,
Maruti Suzuki Grand Vitara,₹12 Lakh,Apr 2023,"47,526 Kms",First Owner,,Automatic,FWD,1462 cc,101.64 bhp,20.58 kmpl,4.0,,5 Seats,1180-1285 kg,210 mm,45 Litres,,
Hyundai i20,₹4.05 Lakh,Apr 2015,"1,27,892 Kms",First Owner,Petrol,Manual,FWD,1197 cc,81.83 bhp,18.6 kmpl,4.0,No,5 Seats,1066 kg,170 mm,45 Litres,,
Mahindra XUV500,₹9.36 Lakh,Jun 2018,"95,179 Kms",Second Owner,,Manual,FWD,2179 cc,152.87 bhp,15.1 kmpl,4.0,Yes,7 Seats,1785 kg,200 mm,,70 Litres,
MG Hector Plus,₹16.19 Lakh,Jan 2022,"25,600 Kms",First Owner,Petrol,Automatic,,1451 cc,141 bhp,16.56 kmpl,4.0,YES,6 Seats,1820 kg,,60 Litres,,
Toyota Innova Crysta,₹17.25 Lakh,Mar 2018,"1,44,000 Kms",First Owner,Diesel,Manual,RWD,2393 cc,147.8 bhp,,7.0,Yes,8 Seats,1825 kg,,,55 Litres,
Volkswagen Taigun,₹17.50 Lakh,,200 Kms,,,Manual,FWD,999 cc,113.98 bhp,19.2 kmpl,3.0,Yes,5 Seats,1255 kg,188 mm,50 Litres,,
Mahindra XUV700,₹15.10 Lakh,Nov 2022,"28,300 Kms",First Owner,Petrol,Automatic,FWD,1999 cc,197.13 bhp,11 kmpl,4.0,Yes,5 Seats,1795 kg,,60 Litres,,
Toyota Innova Crysta,₹18.50 Lakh,Feb 2019,"1,84,000 Kms",First Owner,Diesel,Manual,RWD,2393 cc,147.8 bhp,,7.0,Yes,7 Seats,1820 kg,,,55 Litres,
Jeep Compass,₹19.95 Lakh,Jun 2022,"27,641 Kms",First Owner,Petrol,Automatic,4x2,1368 cc,160.77 bhp,14.1 kmpl,4.0,,5 Seats,1580 kg,,60 Litres,,
Hyundai Alcazar,₹16.45 Lakh,Jun 2022,"44,277 Kms",First Owner,Diesel,Manual,,1493 cc,113.42 bhp,,4.0,Yes,7 Seats,1770 kg,,,50 Litres,
Tata Harrier,₹18.26 Lakh,Aug 2023,"44,000 Kms",First Owner,Diesel,Automatic,,1956 cc,167.67 bhp,14.6 kmpl,4.0,Yes,5 Seats,1700 kg,,,50 Litres,
Kia Carens,₹15.50 Lakh,Apr 2022,"23,000 Kms",First Owner,Petrol,Automatic,2WD,1353 cc,138.05 bhp,,4.0,Yes,6 Seats,1630 kg,,45 Litres,,
Kia Seltos,₹17.50 Lakh,Aug 2024,"7,443 Kms",First Owner,Petrol,Manual,2WD,1497 cc,113.42 bhp,17 kmpl,4.0,No,5 Seats,,,50 Litres,,
Skoda Octavia,₹15.75 Lakh,Jun 2018,"57,122 Kms",First Owner,Petrol,Automatic,FWD,1798 cc,178 bhp,15.1 kmpl,4.0,Yes,5 Seats,1376 kg,110 mm,50 Litres,,
Toyota Innova Crysta,₹17.35 Lakh,Feb 2026,"16,00,000 Kms",First Owner,Diesel,Manual,RWD,2393 cc,147.8 bhp,,7.0,Yes,7 Seats,1820 kg,,,55 Litres,
Toyota Innova Crysta,₹16.20 Lakh,Oct 2016,"16,00,000 Kms",First Owner,Diesel,Manual,RWD,2393 cc,147.8 bhp,,7.0,Yes,8 Seats,1825 kg,,,55 Litres,
MG Hector,₹16.45 Lakh,Jun 2022,"34,000 Kms",First Owner,,Automatic,FWD,1451 cc,141 bhp,9 kmpl,4.0,Yes,5 Seats,1820 kg,192 mm,60 Litres,,
Jeep Compass,₹18.95 Lakh,Jun 2022,"22,156 Kms",First Owner,Petrol,Automatic,4x2,1368 cc,160.77 bhp,14.1 kmpl,4.0,,5 Seats,1530 kg,,60 Litres,,
Mahindra XUV700,₹18.75 Lakh,Jun 2023,"36,359 Kms",First Owner,Petrol,Automatic,FWD,1999 cc,197 bhp,13 kmpl,4.0,Yes,5 Seats,,,60 Litres,,
28+ used cars for sale from ₹9.80 Lakh in Bangalore,,,,,,,,,,,,,,,,,,
Mahindra XUV300,₹9.50 Lakh,Jun 2022,"16,644 Kms",First Owner,Diesel,Manual,,1497 cc,115.05 bhp,20.1 kmpl,4.0,Yes,5 Seats,1460 kg,,,42 Litres,
Hyundai i20,₹8.50 Lakh,Mar 2025,"11,000 Kms",First Owner,Petrol,Manual,FWD,1197 cc,82 bhp,16 kmpl,4.0,,5 Seats,,,37 Litres,,
Maruti Suzuki Brezza,₹7.35 Lakh,Jan 2023,"55,000 Kms",First Owner,Petrol,Manual,,1462 cc,101.65 bhp,20.15 kmpl,4.0,,5 Seats,1110 kg,,48 Litres,,
Volkswagen Taigun,₹12.54 Lakh,Apr 2022,"43,451 Kms",Second Owner,,Automatic,FWD,999 cc,113.98 bhp,17.23 kmpl,3.0,Yes,5 Seats,1255 kg,188 mm,50 Litres,,
Kia Seltos,₹10.80 Lakh,Feb 2021,"93,973 Kms",First Owner,Diesel,Automatic,FWD,1493 cc,113.43 bhp,18 kmpl,4.0,Yes,5 Seats,1540 kg,,,50 Litres,
MG Hector,₹12.98 Lakh,Sept 2021,"73,601 Kms",First Owner,Petrol,Manual,FWD,1451 cc,141 bhp,13.79 kmpl,4.0,Yes,5 Seats,,,60 Litres,,
Skoda Kushaq,₹12.98 Lakh,May 2022,"71,198 Kms",First Owner,Petrol,Manual,FWD,999 cc,113.98 bhp,19.76 kmpl,3.0,Yes,5 Seats,1193-1248 kg,,50 Litres,,
Volkswagen Taigun,₹11.63 Lakh,Jan 2022,"1,10,635 Kms",First Owner,,Automatic,FWD,999 cc,113.98 bhp,17.23 kmpl,3.0,Yes,5 Seats,1255 kg,188 mm,50 Litres,,
Maruti Suzuki FRONX,₹12.25 Lakh,Aug 2024,"16,214 Kms",First Owner,Petrol,Automatic,FWD,998 cc,98.69 bhp,20.01 kmpl,3.0,Yes,5 Seats,1055-1060 kg,,37 Litres,,
Kia Seltos,₹10.02 Lakh,Mar 2020,"87,771 Kms",First Owner,Petrol,Automatic,FWD,1353 cc,138.08 bhp,16.5 kmpl,4.0,Yes,5 Seats,1535 kg,,50 Litres,,
Maruti Suzuki FRONX,₹12.30 Lakh,Aug 2024,"9,394 Kms",First Owner,Petrol,Automatic,FWD,998 cc,98.69 bhp,20.01 kmpl,3.0,Yes,5 Seats,1055-1060 kg,,37 Litres,,
Kia Carens,₹10.88 Lakh,Aug 2022,"13,692 Kms",First Owner,Petrol,Manual,FWD,1482 cc,157.81 bhp,,4.0,Yes,7 Seats,,,45 Litres,,
Honda City,₹10.82 Lakh,Sept 2023,"24,814 Kms",First Owner,Petrol,Manual,FWD,1498 cc,119.35 bhp,17.8 kmpl,4.0,,5 Seats,1107 kg,,,,
Kia Sonet,₹10.92 Lakh,Jan 2024,"57,732 Kms",First Owner,Diesel,Automatic,2WD,1493 cc,114.41 bhp,,4.0,Yes,5 Seats,,,,45 Litres,
Honda City,₹10.62 Lakh,Sept 2021,"90,820 Kms",First Owner,Petrol,Manual,,1498 cc,119.35 bhp,18.6 kmpl,4.0,,5 Seats,1107-1153 kg,,40 Litres,,
MG Hector,₹11.95 Lakh,Nov 2019,"77,000 Kms",Second Owner,,Automatic,FWD,1451 cc,141 bhp,13.96 kmpl,4.0,Yes,5 Seats,1800 kg,183 mm,60 Litres,,
Kia Sonet,₹10.45 Lakh,Dec 2020,"47,961 Kms",First Owner,Petrol,Automatic,FWD,998 cc,118.36 bhp,18.3 kmpl,3.0,Yes,5 Seats,1525 kg,,45 Litres,,
MG Astor,₹12.75 Lakh,Jun 2022,"15,940 Kms",First Owner,Petrol,Automatic,,1498 cc,108.49 bhp,14.82 kmpl,4.0,No,5 Seats,1400 kg,,48 Litres,,
Jeep Compass,₹12.75 Lakh,Jan 2021,"67,000 Kms",First Owner,,Manual,4X2,1956 cc,170 bhp,17.1 kmpl,4.0,Yes,5 Seats,1537 s kg,178 mm,,60 Litres,
Kia Seltos,₹12.09 Lakh,Mar 2021,"64,216 Kms",First Owner,Diesel,Automatic,FWD,1493 cc,113.43 bhp,18 kmpl,4.0,Yes,5 Seats,1540 kg,,,50 Litres,
Volkswagen Virtus,₹11.39 Lakh,May 2024,"55,130 Kms",First Owner,Petrol,Automatic,FWD,999 cc,113.98 bhp,18.12 kmpl,3.0,Yes,5 Seats,1224 kg,179 mm,45 Litres,,
Kia Seltos,₹10.65 Lakh,Mar 2021,"49,612 Kms",First Owner,Petrol,Automatic,2WD,1353 cc,138 bhp,16.2 kmpl,4.0,Yes,5 Seats,1505 kg,,50 Litres,,
MG Hector,₹10.50 Lakh,Aug 2021,"68,243 Kms",First Owner,,Automatic,FWD,1451 cc,141 bhp,9 kmpl,4.0,Yes,5 Seats,1820 kg,192 mm,60 Litres,,
Kia Seltos,₹10.49 Lakh,Mar 2022,"28,286 Kms",First Owner,Petrol,Manual,FWD,1497 cc,113.43 bhp,16.8 kmpl,4.0,No,5 Seats,1404 kg,,50 Litres,,
Volkswagen Taigun,₹11.55 Lakh,Feb 2022,"92,717 Kms",Second Owner,,Automatic,FWD,999 cc,113.98 bhp,17.23 kmpl,3.0,Yes,5 Seats,1255 kg,188 mm,50 Litres,,
Kia Seltos,₹10.45 Lakh,Apr 2021,"41,430 Kms",First Owner,Petrol,Automatic,FWD,1497 cc,113.43 bhp,,4.0,No,5 Seats,1400 kg,,50 Litres,,
Kia Seltos,₹13.41 Lakh,Feb 2021,"1,05,592 Kms",First Owner,Diesel,Automatic,2WD,1493 cc,114.41 bhp,19.1 kmpl,4.0,Yes,5 Seats,,,,50 Litres,
Kia Seltos,₹10.99 Lakh,Aug 2020,"60,000 Kms",First Owner,Petrol,Manual,FWD,1353 cc,138.08 bhp,16.5 kmpl,4.0,Yes,5 Seats,1515 kg,,50 Litres,,
Jeep Compass,₹10.50 Lakh,Jan 2018,"60,000 Kms",Second Owner,,Manual,4X2,1956 cc,170 bhp,17.1 kmpl,4.0,Yes,5 Seats,1562 s kg,178 mm,,60 Litres,
Maruti Suzuki XL6,₹12.70 Lakh,Nov 2024,"19,000 Kms",First Owner,Petrol,Manual,FWD,1462 cc,101.64 bhp,20.97 kmpl,4.0,,6 Seats,1200 kg,,45 Litres,,
Maruti Suzuki Ertiga,₹10.65 Lakh,Jul 2021,"50,000 Kms",First Owner,Petrol,Manual,FWD,1462 cc,103.26 bhp,19.01 kmpl,4.0,No,7 Seats,1135-1170 kg,,45 Litres,,
Mahindra Bolero Neo,₹10.25 Lakh,Feb 2022,"28,000 Kms",First Owner,,Manual,RWD(with MTT),1493 cc,100 bhp,17.29 kmpl,3.0,Yes,7 Seats,1250 kg,180 mm,,50 Litres,
Volkswagen Taigun,₹10.75 Lakh,Aug 2022,"40,000 Kms",First Owner,Petrol,Manual,,999 cc,113.98 bhp,20.08 kmpl,3.0,Yes,5 Seats,1220 kg,188 mm,50 Litres,,
Kia Seltos,₹12.99 Lakh,Jun 2020,"27,502 Kms",First Owner,Diesel,Automatic,2WD,1493 cc,113.42 bhp,17.8 kmpl,4.0,Yes,5 Seats,1495 kg,,,50 Litres,
8+ used cars for sale from ₹8 Lakh in Bangalore,,,,,,,,,,,,,,,,,,
Hyundai i20,₹10.70 Lakh,Oct 2022,"37,000 Kms",First Owner,Diesel,Manual,,1493 cc,98.63 bhp,25 kmpl,4.0,Yes,5 Seats,1200 kg,,,37 Litres,
Kia Seltos,₹12.50 Lakh,Nov 2020,"74,556 Kms",First Owner,Diesel,Automatic,2WD,1493 cc,113.42 bhp,17.8 kmpl,4.0,Yes,5 Seats,1495 kg,,,50 Litres,
MG Astor,₹11.99 Lakh,Jun 2022,"36,717 Kms",First Owner,Petrol,Automatic,,1498 cc,108.49 bhp,14.82 kmpl,4.0,No,5 Seats,1450 kg,,48 Litres,,
Maruti Suzuki Grand Vitara,₹13.50 Lakh,Oct 2022,"11,452 Kms",First Owner,Petrol,Manual,2WD,1462 cc,101.64 bhp,21.11 kmpl,4.0,,5 Seats,1150 - 1185 kg,,45 Litres,,
Kia Seltos,₹14.90 Lakh,Feb 2022,"49,000 Kms",First Owner,Diesel,Automatic,FWD,1493 cc,113.43 bhp,18 kmpl,4.0,Yes,5 Seats,1540 kg,,,50 Litres,
Volkswagen Taigun,₹13.10 Lakh,May 2023,"67,247 Kms",First Owner,,Automatic,FWD,999 cc,113.98 bhp,17.23 kmpl,3.0,Yes,5 Seats,1255 kg,188 mm,50 Litres,,
Volkswagen Taigun,₹12.99 Lakh,Jun 2023,"32,991 Kms",First Owner,,Automatic,FWD,999 cc,114 bhp,17.23 kmpl,3.0,Yes,5 Seats,1256 kg,188 mm,50 Litres,,
Kia Seltos,₹13.99 Lakh,Jun 2025,"12,078 Kms",First Owner,Petrol,Manual,2WD,1497 cc,113.42 bhp,17 kmpl,4.0,No,5 Seats,,,50 Litres,,
Volkswagen Taigun,₹14.99 Lakh,Jun 2025,"14,166 Kms",First Owner,,Automatic,FWD,999 cc,114 bhp,18.15 kmpl,3.0,Yes,5 Seats,1259 kg,188 mm,50 Litres,,
Skoda Slavia,₹13.90 Lakh,Jun 2024,"9,855 Kms",First Owner,Petrol,Manual,FWD,999 cc,114 bhp,20.32 kmpl,3.0,,5 Seats,1160-1216 kg,179 mm,45 Litres,,
Kia Sonet,₹10.45 Lakh,Jul 2021,"43,000 Kms",First Owner,Petrol,Automatic,FWD,998 cc,118.36 bhp,18.3 kmpl,3.0,Yes,5 Seats,1505 kg,,45 Litres,,
Maruti Suzuki Grand Vitara,₹11.50 Lakh,Sept 2024,"9,000 Kms",First Owner,,Manual,FWD,1462 cc,101.64 bhp,21.11 kmpl,4.0,,5 Seats,1140-1185 kg,210 mm,45 Litres,,
Skoda Slavia,₹13.99 Lakh,Jun 2022,"39,371 Kms",First Owner,Petrol,Automatic,FWD,999 cc,113.98 bhp,18.07 kmpl,3.0,Yes,5 Seats,1210-1240 kg,179 mm,45 Litres,,
MG Astor,₹12.95 Lakh,Jun 2022,"26,537 Kms",First Owner,Petrol,Automatic,,1349 cc,138.08 bhp,14.34 kmpl,3.0,Yes,5 Seats,1500 kg,,45 Litres,,
Kia Sonet,₹10.65 Lakh,Nov 2020,"22,616 Kms",First Owner,Petrol,Automatic,FWD,998 cc,118.36 bhp,18.3 kmpl,3.0,Yes,5 Seats,1525 kg,,45 Litres,,
Kia Seltos,₹11.90 Lakh,Oct 2020,"47,000 Kms",First Owner,Petrol,Automatic,2WD,1497 cc,113.42 bhp,16.8 kmpl,4.0,No,5 Seats,1555 kg,,50 Litres,,
Volkswagen Taigun,₹11.95 Lakh,Sept 2023,"17,540 Kms",First Owner,Petrol,Manual,,999 cc,113.98 bhp,20.08 kmpl,3.0,Yes,5 Seats,1220 kg,188 mm,50 Litres,,
Kia Seltos,₹12.95 Lakh,May 2023,"36,000 Kms",First Owner,Petrol,Manual,2WD,1497 cc,113.42 bhp,17 kmpl,4.0,No,5 Seats,,,50 Litres,,
Kia Sonet,₹10.65 Lakh,Jun 2020,"41,794 Kms",First Owner,Diesel,Automatic,FWD,1493 cc,113.43 bhp,,4.0,Yes,5 Seats,kerb weight kg,,,45 Litres,
MG Hector,₹12.90 Lakh,Jun 2021,"33,191 Kms",First Owner,,Automatic,FWD,1451 cc,141 bhp,9 kmpl,4.0,Yes,5 Seats,1820 kg,192 mm,60 Litres,,
Mercedes-Benz S-Class,₹44.95 Lakh,Apr 2016,"44,850 Kms",First Owner,Diesel,Automatic,RWD,2987 cc,254.79 bhp,,6.0,Yes,5 Seats,2132 kg,146 mm,,70 Litres,
Land Rover Range Rover Velar,₹34.99 Lakh,Nov 2018,"33,794 Kms",First Owner,Petrol,Automatic,AWD,1997 cc,247 bhp,,4.0,Yes,5 Seats,1874 kg,,63 Litres,,
Toyota Innova Crysta,₹22.60 Lakh,Jun 2020,"68,000 Kms",First Owner,Diesel,Manual,RWD,2393 cc,148 bhp,,4.0,Yes,8 Seats,1885 kg,,,55 Litres,
Mahindra XUV700,₹21.15 Lakh,Apr 2022,"58,883 Kms",First Owner,Diesel,Automatic,FWD,2198 cc,182.38 bhp,17.19 kmpl,4.0,Yes,7 Seats,1890 kg,,,60 Litres,
Mahindra XUV700,₹22.50 Lakh,Jan 2023,"61,200 Kms",First Owner,Diesel,Automatic,FWD,2198 cc,182 bhp,16.57 kmpl,4.0,Yes,7 Seats,,,,60 Litres,
Jeep Compass,₹21.41 Lakh,Dec 2022,"38,000 Kms",First Owner,Diesel,Automatic,4WD,1956 cc,168 bhp,14.9 kmpl,4.0,Yes,5 Seats,,,,60 Litres,
Mahindra Scorpio N,₹21.03 Lakh,Oct 2022,"51,565 Kms",First Owner,Diesel,Automatic,4WD,2198 cc,172.45 bhp,15.42 kmpl,4.0,Yes,7 Seats,,,,,
Volvo S90,₹25.50 Lakh,Aug 2017,"77,000 Kms",Second Owner,Diesel,Automatic,FWD,1969 cc,190 bhp,,4.0,Yes,5 Seats,2962 kg,152 mm,,55 Litres,
Ford Endeavour,₹23.50 Lakh,Jul 2016,"95,000 Kms",Second Owner,,Automatic,4WD,3198 cc,197 bhp,10.91 kmpl,4.0,Yes,7 Seats,1879 kg,225 mm,,80 Litres,
Toyota Innova Crysta,₹20.75 Lakh,Nov 2022,"5,772 Kms",First Owner,Petrol,Manual,RWD,2694 cc,163.60 bhp,,4.0,,7 Seats,1730 kg,,65 Litres,,
Hyundai i20,₹4.81 Lakh,Oct 2015,"93,802 Kms",First Owner,Petrol,Manual,FWD,1197 cc,81.83 bhp,18.6 kmpl,4.0,No,5 Seats,1066 kg,170 mm,45 Litres,,
Ford Ecosport,₹4.21 Lakh,Jul 2014,"54,050 Kms",First Owner,,Automatic,FWD,1499 cc,110 bhp,16.5 kmpl,4.0,No,5 Seats,1290 kg,200 mm,52 Litres,,
BMW 5 Series,₹34 Lakh,Dec 2018,"72,000 Kms",Second Owner,Diesel,Automatic,RWD,2993 cc,261.49 bhp,,6.0,Twin,5 Seats,1715 kg,,,66 Litres,
Toyota Innova Crysta,₹23 Lakh,Oct 2020,"1,00,000 Kms",First Owner,Diesel,Manual,RWD,2393 cc,147.51 bhp,,4.0,Yes,7 Seats,1920 kg,,,55 Litres,
Hyundai Creta,₹15.40 Lakh,Aug 2022,"29,119 Kms",First Owner,Petrol,Automatic,,1353 cc,138.12 bhp,16.8 kmpl,4.0,Yes,5 Seats,1475 kg,,50 Litres,,
Hyundai Exter,₹8.50 Lakh,Jan 2025,"6,000 Kms",First Owner,Petrol,Manual,FWD,1197 cc,81.8 bhp,19.4 kmpl,4.0,,5 Seats,,,37 Litres,,
Tata Altroz,₹7.45 Lakh,Jun 2023,"11,424 Kms",First Owner,Petrol,Automatic,,1199 cc,86.83 bhp,18.5 kmpl,3.0,No,5 Seats,1177 kg,165 mm,,,
Mercedes-Benz CLA,₹19.75 Lakh,Jun 2016,"34,263 Kms",First Owner,Diesel,Automatic,FWD,2143 cc,136 bhp,,4.0,Yes,5 Seats,1570 kg,160 mm,,56 Litres,
Mercedes-Benz GLA,₹39.50 Lakh,Jan 2023,"45,000 Kms",First Owner,Diesel,Automatic,AWD,1950 cc,187.74 bhp,,4.0,Yes,5 Seats,1675 kg,,,,
Toyota Fortuner,₹38 Lakh,Jan 2024,"4,80,000 Kms",First Owner,Diesel,Manual,2WD,2755 cc,201.15 bhp,14 kmpl,4.0,Yes,7 Seats,,,,80 Litres,
Toyota Fortuner,₹28.50 Lakh,Mar 2026,"60,000 Kms",First Owner,,Manual,RWD,2755 cc,174.5 bhp,14.24 kmpl,4.0,Yes,7 Seats,2360 kg,220 mm,,80 Litres,
Mercedes-Benz GLC,₹44 Lakh,May 2022,"63,000 Kms",First Owner,Diesel,Automatic,AWD,1950 cc,194 bhp,,4.0,Yes,5 Seats,1745 kg,,,66 Litres,
Volkswagen Polo,₹11.75 Lakh,Sept 2021,"14,000 Kms",First Owner,Petrol,Automatic,FWD,999 cc,108.62 bhp,16.47 kmpl,3.0,Yes,5 Seats,1093 kg,165 mm,45 Litres,,
Toyota Innova Crysta,₹19.50 Lakh,Aug 2017,"1,17,000 Kms",First Owner,Diesel,Automatic,RWD,2755 cc,171.5 bhp,,4.0,Yes,7 Seats,1880 kg,,,55 Litres,
Toyota Innova Crysta,₹28.45 Lakh,Jun 2022,"41,000 Kms",Second Owner,Diesel,Automatic,RWD,2393 cc,148 bhp,,4.0,Yes,7 Seats,1920 kg,,,55 Litres,
Hyundai Verna,₹8.20 Lakh,May 2018,"80,000 Kms",First Owner,Diesel,Manual,FWD,1582 cc,126.2 bhp,22 kmpl,4.0,Yes,5 Seats,1275 kg,165 mm,,45 Litres,
38+ used cars for sale from ₹6.35 Lakh in Bangalore,,,,,,,,,,,,,,,,,,
Hyundai EON,₹2.28 Lakh,Jan 2014,"28,628 Kms",Second Owner,Petrol,Manual,FWD,814 cc,55.2 bhp,21.1 kmpl,3.0,No,5 Seats,880 kg,,32 Litres,,
Honda Jazz,₹5.99 Lakh,Jun 2018,"37,108 Kms",Second Owner,Petrol,Automatic,FWD,1199 cc,88.7 bhp,18.2 kmpl,4.0,No,5 Seats,1064 kg,165 mm,40 Litres,,
Renault KWID,₹2.99 Lakh,Dec 2019,"64,070 Kms",First Owner,Petrol,Manual,,799 cc,53.26 bhp,22.25 kmpl,3.0,,5 Seats,690 kg,184 mm,28 Litres,,
Honda Amaze,₹3.69 Lakh,Jun 2014,"41,176 Kms",Third Owner,Petrol,Manual,FWD,1198 cc,86.7 bhp,17.8 kmpl,4.0,No,5 Seats,955 kg,165 mm,35 Litres,,
Mahindra XUV500,₹7.90 Lakh,Jul 2016,"1,21,582 Kms",First Owner,Diesel,Manual,FWD,2179 cc,152.87 bhp,,4.0,Yes,7 Seats,1595 kg,200 mm,,70 Litres,
Maruti Suzuki Ertiga,₹5.99 Lakh,Mar 2016,"1,07,774 Kms",First Owner,Petrol,Manual,2WD,1462 cc,101.65 bhp,20.51 kmpl,4.0,,7 Seats,1150-1205 kg,,45 Litres,,
Renault KWID,₹3.71 Lakh,Aug 2022,"35,929 Kms",Third Owner,Petrol,Automatic,,999 cc,67.06 bhp,22.3 kmpl,3.0,,5 Seats,699 kg,184 mm,28 Litres,,
Maruti Suzuki Swift,₹5.16 Lakh,Aug 2019,"23,490 Kms",First Owner,Petrol,Manual,FWD,1197 cc,88.50 bhp,22.38 kmpl,4.0,,5 Seats,875-905 kg,,37 Litres,,
Mahindra XUV500,₹9.25 Lakh,Jun 2017,"69,936 Kms",First Owner,,Automatic,FWD,1997 cc,140 bhp,16 kmpl,4.0,Yes,7 Seats,1980 kg,200 mm,,70 Litres,
Tata Tiago,₹4 Lakh,Aug 2016,"71,071 Kms",First Owner,Petrol,Manual,FWD,1199 cc,84 bhp,23.84 kmpl,3.0,No,5 Seats,1012 kg,170 mm,35 Litres,,
Honda Amaze,₹3.69 Lakh,Feb 2014,"66,239 Kms",First Owner,Petrol,Manual,FWD,1198 cc,86.7 bhp,18 kmpl,4.0,No,5 Seats,950 kg,165 mm,35 Litres,,
Honda City,₹5.56 Lakh,May 2015,"1,16,725 Kms",First Owner,Petrol,Manual,,1498 cc,119.35 bhp,18.6 kmpl,4.0,,5 Seats,1107-1153 kg,,40 Litres,,
Maruti Suzuki Ertiga,₹7.90 Lakh,May 2019,"42,989 Kms",First Owner,Petrol,Automatic,FWD,1462 cc,103.26 bhp,17.99 kmpl,4.0,No,7 Seats,1135-1170 kg,,45 Litres,,
Renault KWID,₹2.90 Lakh,May 2017,"43,633 Kms",Second Owner,Petrol,Automatic,FWD,999 cc,67 bhp,24.04 kmpl,3.0,No,5 Seats,730 kg,180 mm,28 Litres,,
Maruti Suzuki Alto 800,₹2.92 Lakh,Jul 2016,"35,935 Kms",Second Owner,Petrol,Manual,FWD,796 cc,47.3 bhp,24.7 kmpl,3.0,No,5 Seats,725 kg,160 mm,35 Litres,,
Datsun RediGO,₹2.37 Lakh,Apr 2019,"49,872 Kms",Third Owner,Petrol,Manual,2WD,799 cc,53.64 bhp,22.7 kmpl,3.0,No,5 Seats,730 kg,,28 Litres,,
Renault KWID,₹2.42 Lakh,Sept 2016,"47,674 Kms",First Owner,Petrol,Manual,FWD,999 cc,67 bhp,23.01 kmpl,3.0,No,5 Seats,710 kg,180 mm,,,
Maruti Suzuki Alto 800,₹2.33 Lakh,Dec 2016,"76,954 Kms",First Owner,Petrol,Manual,FWD,796 cc,47.33 bhp,22.05 kmpl,3.0,,5 Seats,762 kg,,35 Litres,,
Hyundai EON,₹2.93 Lakh,Apr 2014,"41,401 Kms",First Owner,Petrol,Manual,FWD,814 cc,55.2 bhp,21.1 kmpl,3.0,No,5 Seats,910 kg,170 mm,32 Litres,,
Maruti Suzuki Alto K10,₹2.52 Lakh,Jun 2015,"89,284 Kms",Second Owner,Petrol,Manual,FWD,998 cc,67.05 bhp,23.95 kmpl,3.0,No,5 Seats,779 kg,160 mm,35 Litres,,
Renault KWID,₹2.54 Lakh,Sept 2017,"39,554 Kms",Second Owner,Petrol,Manual,FWD,999 cc,67 bhp,23.01 kmpl,3.0,No,5 Seats,730 kg,180 mm,28 Litres,,
Hyundai i20,₹2.40 Lakh,Mar 2011,"83,050 Kms",Third Owner,Petrol,Manual,FWD,1197 cc,,17 kmpl,4.0,No,5 Seats,1020 kg,165 mm,45 Litres,,
Ford Figo,₹2.19 Lakh,Jul 2012,"73,807 Kms",Third Owner,Petrol,Manual,FWD,1194 cc,94.93 bhp,20.4 kmpl,3.0,No,5 Seats,980 kg,174 mm,42 Litres,,
Maruti Suzuki Alto 800,₹2.94 Lakh,Mar 2015,"38,667 Kms",First Owner,Petrol,Manual,FWD,796 cc,46.3 bhp,19.7 kmpl,3.0,No,5 Seats,705 kg,160 mm,35 Litres,,
Hyundai i10,₹2.99 Lakh,Oct 2016,"73,753 Kms",First Owner,Petrol,Manual,FWD,1086 cc,68.05 bhp,19.81 kmpl,4.0,No,5 Seats,860 kg,165 mm,35 Litres,,
Hyundai i20,₹2.48 Lakh,Jun 2010,"71,684 Kms",First Owner,Petrol,Manual,FWD,1197 cc,,17 kmpl,4.0,No,5 Seats,1020 kg,165 mm,45 Litres,,
Hyundai i10,₹2.43 Lakh,Jan 2014,"63,256 Kms",Third Owner,Petrol,Manual,FWD,1086 cc,68.05 bhp,19.81 kmpl,4.0,No,5 Seats,900 kg,165 mm,35 Litres,,
Hyundai i20,₹2.61 Lakh,Jul 2011,"74,129 Kms",Second Owner,Petrol,Manual,FWD,1197 cc,,17 kmpl,4.0,No,5 Seats,1020 kg,165 mm,45 Litres,,
38+ used cars for sale from ₹1.90 Lakh in Bangalore,,,,,,,,,,,,,,,,,,
Renault KWID,₹2.72 Lakh,Oct 2016,"25,724 Kms",First Owner,Petrol,Manual,FWD,999 cc,67 bhp,23.01 kmpl,3.0,No,5 Seats,710 kg,180 mm,,,
Maruti Suzuki Alto 800,₹2.16 Lakh,May 2013,"1,00,097 Kms",Second Owner,Petrol,Manual,FWD,796 cc,46.3 bhp,19.7 kmpl,3.0,No,5 Seats,705 kg,160 mm,35 Litres,,
Maruti Suzuki Alto K10,₹2.77 Lakh,Jul 2014,"77,381 Kms",First Owner,Petrol,Manual,FWD,998 cc,67.05 bhp,23.95 kmpl,3.0,No,5 Seats,779 kg,160 mm,35 Litres,,
Hyundai i10,₹2.20 Lakh,May 2013,"99,481 Kms",First Owner,Petrol,Manual,FWD,1197 cc,78.9 bhp,20.36 kmpl,4.0,No,5 Seats,930 kg,165 mm,35 Litres,,
Honda Brio,₹2.13 Lakh,Apr 2013,"74,627 Kms",Second Owner,Petrol,Manual,FWD,1198 cc,86.8 bhp,19.4 kmpl,4.0,No,5 Seats,925 kg,165 mm,35 Litres,,
Hyundai i20,₹2.37 Lakh,Jun 2013,"1,14,467 Kms",Third Owner,Petrol,Manual,FWD,1197 cc,82.85 bhp,18.5 kmpl,4.0,No,5 Seats,1060 kg,,45 Litres,,
Honda Brio,₹2.95 Lakh,Oct 2013,"92,432 Kms",Second Owner,Petrol,Manual,FWD,1198 cc,86.8 bhp,19.4 kmpl,4.0,No,5 Seats,925 kg,165 mm,35 Litres,,
Datsun GO,₹2.95 Lakh,Jun 2018,"68,548 Kms",First Owner,Petrol,Manual,FWD,1198 cc,67 bhp,20.63 kmpl,3.0,No,5 Seats,1070 kg,170 mm,35 Litres,,
Hyundai EON,₹2.55 Lakh,Feb 2018,"81,583 Kms",First Owner,Petrol,Manual,FWD,814 cc,55.2 bhp,21.1 kmpl,3.0,No,5 Seats,910 kg,170 mm,32 Litres,,
Maruti Suzuki Alto 800,₹2.87 Lakh,Mar 2016,"32,085 Kms",Second Owner,Petrol,Manual,FWD,796 cc,46.3 bhp,19.7 kmpl,3.0,No,5 Seats,705 kg,160 mm,35 Litres,,
Maruti Suzuki Alto 800,₹2.52 Lakh,Mar 2014,"50,040 Kms",Second Owner,Petrol,Manual,FWD,796 cc,46.3 bhp,19.7 kmpl,3.0,No,5 Seats,705 kg,160 mm,35 Litres,,
Hyundai i10,₹2.71 Lakh,May 2013,"33,759 Kms",Second Owner,Petrol,Manual,FWD,1086 cc,68.05 bhp,19.81 kmpl,4.0,No,5 Seats,900 kg,165 mm,35 Litres,,
Renault KWID,₹2.13 Lakh,Sept 2017,"1,12,993 Kms",Second Owner,Petrol,Manual,FWD,999 cc,67 bhp,23.01 kmpl,3.0,No,5 Seats,730 kg,180 mm,28 Litres,,
Hyundai i20,₹2.55 Lakh,Jan 2013,"88,320 Kms",Second Owner,Diesel,Manual,FWD,1396 cc,88.76 bhp,21.9 kmpl,4.0,No,5 Seats,1140 kg,,,45 Litres,
Hyundai i20,₹2.84 Lakh,Jul 2012,"80,846 Kms",First Owner,Petrol,Manual,FWD,1197 cc,,17 kmpl,4.0,No,5 Seats,1020 kg,165 mm,45 Litres,,
Sportz Petrol,₹2.48 Lakh,Jun 2010,"71,684 Kms",First Owner,Petrol,Manual,FWD,1197 cc,,17 kmpl,4.0,No,5 Seats,1020 kg,165 mm,45 Litres,,
Maruti Suzuki Alto 800,₹2.25 Lakh,Jul 2013,"78,402 Kms",First Owner,Petrol,Manual,FWD,796 cc,46.3 bhp,19.7 kmpl,3.0,No,5 Seats,705 kg,160 mm,35 Litres,,
Hyundai Grand i10,₹2.67 Lakh,Dec 2013,"63,054 Kms",Second Owner,Diesel,Manual,FWD,1120 cc,70 bhp,24 kmpl,3.0,No,5 Seats,1025 kg,165 mm,,43 Litres,
Hyundai Grand i10,₹2.87 Lakh,Oct 2017,"36,128 Kms",Third Owner,Petrol,Manual,FWD,1197 cc,81.86 bhp,18.9 kmpl,4.0,No,5 Seats,1100 kg,165 mm,43 Litres,,
Toyota Etios Liva,₹2.81 Lakh,Feb 2013,"98,845 Kms",Second Owner,Petrol,Manual,FWD,1197 cc,78.9 bhp,17.71 kmpl,4.0,No,5 Seats,930 kg,170 mm,45 Litres,,
Maruti Suzuki Alto 800,₹2.37 Lakh,Jun 2012,"31,814 Kms",First Owner,Petrol,Manual,FWD,796 cc,47.3 bhp,24.7 kmpl,3.0,No,5 Seats,755 kg,160 mm,35 Litres,,
Hyundai i20,₹2.70 Lakh,Jul 2011,"49,426 Kms",First Owner,Petrol,Manual,FWD,1197 cc,,17 kmpl,4.0,No,5 Seats,1020 kg,165 mm,45 Litres,,
Maruti Suzuki Alto 800,₹2.71 Lakh,Dec 2014,"46,840 Kms",First Owner,Petrol,Manual,FWD,796 cc,46.3 bhp,19.7 kmpl,3.0,No,5 Seats,705 kg,160 mm,35 Litres,,
Hyundai EON,₹2.36 Lakh,Mar 2013,"51,154 Kms",First Owner,Petrol,Manual,FWD,814 cc,55.2 bhp,21.1 kmpl,3.0,No,5 Seats,880 kg,,32 Litres,,
Maruti Suzuki Alto 800,₹2.84 Lakh,Sept 2017,"67,279 Kms",First Owner,Petrol,Manual,FWD,796 cc,46.3 bhp,19.7 kmpl,3.0,No,5 Seats,705 kg,160 mm,35 Litres,,
Chevrolet Sail Hatchback,₹2.11 Lakh,Jun 2015,"83,959 Kms",Second Owner,Petrol,Manual,FWD,1199 cc,82.5 bhp,18.2 kmpl,4.0,No,5 Seats,1065 kg,174 mm,42 Litres,,
Hyundai i20,₹2.99 Lakh,Jul 2012,"1,29,000 Kms",Second Owner,Diesel,Manual,,1396 cc,,21.9 kmpl,4.0,No,5 Seats,1120 kg,165 mm,,45 Litres,
Renault Pulse,₹2.55 Lakh,Mar 2012,"78,000 Kms",First Owner,Diesel,Manual,FWD,1461 cc,63.12 bhp,23.08 kmpl,4.0,Yes,5 Seats,1080 kg,,,41 Litres,
Ford Figo,₹2.70 Lakh,Dec 2011,"78,000 Kms",Second Owner,Petrol,Manual,Front Wheel Drive,1196 cc,70 bhp,15.6 kmpl,4.0,No,5 Seats,1090 kg,168 mm,45 Litres,,
Hyundai i10,₹2.25 Lakh,Jan 2026,"1,25,000 Kms",Second Owner,Petrol,Manual,FWD,1086 cc,68.05 bhp,19.81 kmpl,4.0,No,5 Seats,860 kg,165 mm,35 Litres,,
Hyundai Santro Xing,₹2.55 Lakh,May 2012,"78,378 Kms",First Owner,Petrol,Manual,,1086 cc,62 bhp,,4.0,No,5 Seats,854 kg,164 mm,35 Litres,,
Fiat Punto,₹2.25 Lakh,Oct 2012,"68,000 Kms",Second Owner,Petrol,Manual,FWD,1172 cc,67 bhp,15.7 kmpl,4.0,No,5 Seats,1090 kg,195 mm,45 Litres,,
Renault KWID,₹2.74 Lakh,Apr 2016,"77,869 Kms",First Owner,Petrol,Manual,FWD,799 cc,53.3 bhp,25.17 kmpl,3.0,No,5 Seats,710 kg,180 mm,28 Litres,,
Maruti Suzuki Celerio,₹2.98 Lakh,May 2016,"95,692 Kms",Second Owner,Petrol,Automatic,FWD,998 cc,67.77 bhp,26.68 kmpl,3.0,,5 Seats,815 kg,,32 Litres,,
Mahindra XUV 3XO,₹13.50 Lakh,Jun 2024,"15,464 Kms",First Owner,Petrol,Automatic,FWD,1197 cc,128.73 bhp,18.2 kmpl,3.0,Yes,5 Seats,,,42 Litres,,
Mercedes-Benz S-Class,₹34.50 Lakh,Mar 2016,"69,000 Kms",Third Owner,Diesel,Automatic,RWD,2987 cc,254.79 bhp,,6.0,Yes,5 Seats,2132 kg,146 mm,,70 Litres,
Ford Endeavour,₹31.50 Lakh,Aug 2020,"52,000 Kms",First Owner,Diesel,Automatic,RWD,2198 cc,158.2 bhp,14.2 kmpl,4.0,No,7 Seats,2238 kg,,,80 Litres,
Volvo S60,₹32 Lakh,Mar 2026,"70,000 Kms",First Owner,Petrol,Automatic,,1969 cc,190 bhp,,4.0,,5 Seats,1590 kg,,,,
Mercedes-Benz AMG C43,₹75 Lakh,Mar 2020,"18,000 Kms",First Owner,Petrol,Automatic,,2996 cc,,,6.0,Yes,5 Seats,1725 kg,,,,
Skoda Kodiaq,₹32.50 Lakh,Jul 2022,"50,000 Kms",First Owner,,Automatic,4WD,1984 cc,187.74 bhp,12.78 kmpl,4.0,Yes,7 Seats,1793 kg,192 mm,60 Litres,,
Volvo S90,₹34 Lakh,Jun 2018,"39,454 Kms",Second Owner,Diesel,Automatic,FWD,1969 cc,190 bhp,,4.0,Yes,5 Seats,2962 kg,152 mm,,55 Litres,
Ford Endeavour,₹31 Lakh,Nov 2020,"72,000 Kms",First Owner,Diesel,Automatic,4WD,3198 cc,197 bhp,14.2 kmpl,4.0,No,7 Seats,2394 kg,,,80 Litres,
Honda Jazz,₹4.19 Lakh,Nov 2017,"56,139 Kms",First Owner,Petrol,Automatic,FWD,1199 cc,88.7 bhp,19 kmpl,4.0,No,5 Seats,1066 kg,165 mm,40 Litres,,
Hyundai Xcent,₹5.02 Lakh,Jul 2017,"51,441 Kms",First Owner,Petrol,Manual,,,,,4.0,,,1120 kg,,,,
Honda City,₹3.75 Lakh,Feb 2016,"1,29,337 Kms",Third Owner,Petrol,Automatic,FWD,1497 cc,117.3 bhp,18 kmpl,4.0,No,5 Seats,1085 kg,165 mm,40 Litres,,
Hyundai Grand i10,₹6 Lakh,Oct 2018,"63,613 Kms",First Owner,CNG,Automatic,FWD,1197 cc,82 bhp,25 km/kg,4.0,No,5 Seats,935 kg,165 mm,,,10 Litres
Hyundai i10,₹3.34 Lakh,Dec 2016,"40,057 Kms",Second Owner,Petrol,Manual,FWD,1086 cc,68.05 bhp,19.81 kmpl,4.0,No,5 Seats,860 kg,165 mm,35 Litres,,
Maruti Suzuki Swift Dzire,₹4.37 Lakh,Mar 2018,"66,202 Kms",First Owner,Petrol,Manual,FWD,1197 cc,81.80 bhp,21.21 kmpl,4.0,No,5 Seats,860-895 kg,163 mm,37 Litres,,
Ford Aspire,₹5.31 Lakh,May 2020,"54,613 Kms",First Owner,Petrol,Manual,FWD,1196 cc,86.8 bhp,18.16 kmpl,4.0,Yes,5 Seats,995-1015 kg,174 mm,42 Litres,,
Hyundai Grand i10,₹5.99 Lakh,Apr 2019,"38,143 Kms",First Owner,Petrol,Automatic,FWD,1197 cc,81.86 bhp,18.9 kmpl,4.0,No,5 Seats,1200 kg,165 mm,43 Litres,,
Volkswagen Vento,₹3.27 Lakh,Sept 2014,"64,278 Kms",Second Owner,Petrol,Manual,FWD,1598 cc,103.6 bhp,15.04 kmpl,4.0,No,5 Seats,1121 kg,168 mm,55 Litres,,
Maruti Suzuki Swift Dzire,₹4.66 Lakh,Sept 2018,"41,090 Kms",First Owner,Petrol,Automatic,FWD,1197 cc,81.80 bhp,21.21 kmpl,4.0,No,5 Seats,860-895 kg,163 mm,37 Litres,,
Toyota Etios Liva,₹3.84 Lakh,Jul 2015,"38,768 Kms",First Owner,Petrol,Manual,FWD,1197 cc,78.9 bhp,17.71 kmpl,4.0,No,5 Seats,915 kg,170 mm,45 Litres,,
Hyundai Grand i10,₹4.07 Lakh,May 2014,"43,762 Kms",First Owner,Petrol,Automatic,FWD,1197 cc,81.86 bhp,18.9 kmpl,4.0,No,5 Seats,1200 kg,165 mm,43 Litres,,
Maruti Suzuki Celerio,₹3.05 Lakh,Apr 2015,"95,863 Kms",Second Owner,Petrol,Automatic,FWD,998 cc,67.77 bhp,26.68 kmpl,3.0,,5 Seats,815 kg,,32 Litres,,
Maruti Suzuki Ciaz,₹5.60 Lakh,Aug 2017,"63,233 Kms",Second Owner,Diesel,Manual,,1248 cc,88.5 bhp,,4.0,Yes,,1065 kg,,,,
Hyundai i20,₹3.30 Lakh,Jul 2014,"75,389 Kms",First Owner,Diesel,Manual,FWD,1396 cc,88.76 bhp,21.9 kmpl,4.0,No,5 Seats,1140 kg,,,45 Litres,
Maruti Suzuki Celerio,₹3.62 Lakh,Apr 2016,"1,24,545 Kms",First Owner,Petrol,Automatic,FWD,998 cc,67.77 bhp,26.68 kmpl,3.0,,5 Seats,815 kg,,32 Litres,,
Ford Figo,₹5.89 Lakh,Jul 2016,"86,348 Kms",First Owner,Diesel,Manual,FWD,1498 cc,99.23 bhp,25.5 kmpl,4.0,Yes,5 Seats,1020 kg,174 mm,,40 Litres,
Honda City,₹5.13 Lakh,Apr 2015,"57,421 Kms",First Owner,Petrol,Automatic,FWD,1497 cc,117.3 bhp,18 kmpl,4.0,No,5 Seats,1085 kg,165 mm,40 Litres,,
Honda City,₹4.52 Lakh,May 2014,"1,30,969 Kms",Second Owner,Petrol,Manual,,1497 cc,117.60 bhp,17.4 kmpl,4.0,,5 Seats,1063 kg,,40 Litres,,
Renault Triber,₹5.45 Lakh,Aug 2022,"26,307 Kms",Second Owner,Petrol,Automatic,,999 cc,71.01 bhp,18.2 kmpl,3.0,,7 Seats,947 kg,182 mm,40 Litres,,
Tata Tiago,₹4.95 Lakh,Sept 2020,"1,25,942 Kms",First Owner,Petrol,Automatic,FWD,1199 cc,83.83 bhp,23.84 kmpl,3.0,No,5 Seats,1012 kg,170 mm,35 Litres,,
Skoda Octavia,₹5.80 Lakh,Sept 2015,"85,509 Kms",Third Owner,Petrol,Automatic,FWD,1798 cc,177.5 bhp,14.7 kmpl,4.0,Yes,5 Seats,1376 kg,155 mm,50 Litres,,
Honda BR-V,₹5.45 Lakh,Jul 2016,"69,403 Kms",Second Owner,,Manual,FWD,1497 cc,117.3 bhp,15.4 kmpl,4.0,No,7 Seats,1235 kg,210 mm,42 Litres,,
Ford Ecosport,₹4.69 Lakh,Dec 2016,"66,575 Kms",First Owner,,Manual,FWD,999 cc,123.24 bhp,18.88 kmpl,3.0,Yes,5 Seats,1200 kg,200 mm,52 Litres,,
Hyundai Xcent,₹4.91 Lakh,Aug 2017,"38,855 Kms",First Owner,Petrol,Manual,,,,,4.0,,,1120 kg,,,,
13+ used cars for sale from ₹1 Lakh in Bangalore,,,,,,,,,,,,,,,,,,
Hyundai i20,₹5.76 Lakh,Mar 2019,"52,570 Kms",First Owner,Petrol,Manual,FWD,1197 cc,81.86 bhp,18.6 kmpl,4.0,No,5 Seats,1140 kg,170 mm,40 Litres,,
Honda City,₹5.04 Lakh,Mar 2015,"66,803 Kms",First Owner,Petrol,Manual,FWD,1497 cc,117.3 bhp,17.4 kmpl,4.0,No,5 Seats,1065 kg,165 mm,40 Litres,,
Hyundai Grand i10 Nios,₹3.68 Lakh,Mar 2020,"1,33,572 Kms",Second Owner,Petrol,Automatic,,1197 cc,81.86 bhp,20.7 kmpl,4.0,No,5 Seats,1140 kg,,37 Litres,,
Maruti Suzuki Swift Dzire,₹4.99 Lakh,Mar 2018,"38,259 Kms",First Owner,Petrol,Automatic,FWD,1197 cc,81.80 bhp,21.21 kmpl,4.0,No,5 Seats,860-895 kg,163 mm,37 Litres,,
Tata Tiago,₹4.43 Lakh,Feb 2021,"42,655 Kms",Second Owner,Petrol,Manual,,1199 cc,84.82 bhp,19.01 kmpl,3.0,,5 Seats,982 kg,170 mm,35 Litres,,
Hyundai i20,₹4.98 Lakh,Mar 2017,"1,21,063 Kms",First Owner,Petrol,Manual,FWD,1197 cc,81.83 bhp,18.6 kmpl,4.0,No,5 Seats,1066 kg,170 mm,45 Litres,,
Honda Amaze,₹4.09 Lakh,Mar 2014,"58,695 Kms",Second Owner,Petrol,Manual,FWD,1198 cc,86.7 bhp,17.8 kmpl,4.0,No,5 Seats,955 kg,165 mm,35 Litres,,
Hyundai i20,₹3.11 Lakh,Sept 2013,"90,033 Kms",Second Owner,Petrol,Manual,FWD,1197 cc,,17 kmpl,4.0,No,5 Seats,1020 kg,165 mm,45 Litres,,
Hyundai Xcent,₹4.22 Lakh,Sept 2015,"64,233 Kms",First Owner,Petrol,Manual,FWD,1197 cc,81.86 bhp,19.1 kmpl,4.0,No,5 Seats,1180 kg,165 mm,43 Litres,,
Honda Jazz,₹3.47 Lakh,May 2016,"85,080 Kms",First Owner,Petrol,Manual,FWD,1199 cc,88.7 bhp,18.7 kmpl,4.0,No,5 Seats,1044 kg,165 mm,40 Litres,,
61+ used cars for sale from ₹3.10 Lakh in Bangalore,,,,,,,,,,,,,,,,,,
Honda Amaze,₹5.48 Lakh,Jun 2019,"1,17,653 Kms",First Owner,Petrol,Manual,FWD,1199 cc,89 bhp,18.65 kmpl,4.0,,5 Seats,952-986 kg,172 mm,35 Litres,,
Maruti Suzuki Ritz,₹3.53 Lakh,Jul 2013,"47,529 Kms",First Owner,Petrol,Manual,FWD,1197 cc,85.80 bhp,18.5 kmpl,4.0,No,5 Seats,1015 kg,170 mm,43 Litres,,
Honda Amaze,₹4.88 Lakh,Feb 2019,"1,31,503 Kms",First Owner,Diesel,Manual,FWD,1498 cc,98.63 bhp,27.4 kmpl,4.0,Yes,5 Seats,1021 kg,170 mm,,35 Litres,
Maruti Suzuki Swift Dzire,₹5.26 Lakh,May 2022,"25,110 Kms",Second Owner,Petrol,Manual,,1197 cc,88.50 bhp,22.41 kmpl,4.0,,5 Seats,880-915 kg,,37 Litres,,
Honda City,₹5.84 Lakh,Feb 2017,"47,156 Kms",Second Owner,Petrol,Manual,FWD,1497 cc,117.3 bhp,17.8 kmpl,4.0,No,5 Seats,1065 kg,165 mm,40 Litres,,
Hyundai Grand i10,₹5.26 Lakh,Aug 2018,"35,479 Kms",Second Owner,Petrol,Automatic,FWD,1197 cc,81.86 bhp,18.9 kmpl,4.0,No,5 Seats,1200 kg,165 mm,43 Litres,,
Honda City,₹4.43 Lakh,Jul 2014,"79,085 Kms",Second Owner,Petrol,Manual,FWD,1497 cc,117.3 bhp,17.4 kmpl,4.0,No,5 Seats,1065 kg,165 mm,40 Litres,,
Honda Jazz,₹4.97 Lakh,May 2018,"48,358 Kms",First Owner,Petrol,Automatic,FWD,1199 cc,88.7 bhp,18.2 kmpl,4.0,No,5 Seats,1064 kg,165 mm,40 Litres,,
Tata Nexon,₹5.75 Lakh,May 2018,"75,000 Kms",Third Owner,Petrol,Manual,FWD,1198 cc,108.5 bhp,17 kmpl,3.0,Yes,5 Seats,1252 kg,,44 Litres,,
Mahindra TUV 300,₹4.99 Lakh,Feb 2016,"1,05,000 Kms",Third Owner,,Manual,RWD,1493 cc,100 bhp,18.49 kmpl,3.0,Yes,7 Seats,1755 kg,184 mm,,60 Litres,
Volkswagen Jetta,₹5.25 Lakh,Jul 2012,"1,14,000 Kms",Second Owner,Diesel,Manual,FWD,1968 cc,138.1 bhp,19.33 kmpl,4.0,Yes,5 Seats,1445 kg,159 mm,,55 Litres,
Hyundai i20,₹5.87 Lakh,Oct 2018,"49,782 Kms",First Owner,Petrol,Manual,FWD,1197 cc,81.83 bhp,18.6 kmpl,4.0,No,5 Seats,1066 kg,170 mm,45 Litres,,
Honda WR-V,₹5.87 Lakh,Aug 2018,"70,050 Kms",Second Owner,,Manual,FWD,1498 cc,98.6 bhp,25.5 kmpl,4.0,Yes,5 Seats,1198 kg,188 mm,,40 Litres,
Maruti Suzuki Swift Dzire,₹4.90 Lakh,Mar 2019,"1,08,041 Kms",First Owner,Diesel,Automatic,FWD,1248 cc,74.02 bhp,28.4 kmpl,4.0,Yes,5 Seats,955-990 kg,163 mm,,37 Litres,
Hyundai Xcent,₹4.45 Lakh,Nov 2014,"74,985 Kms",First Owner,Petrol,Automatic,FWD,1197 cc,82 bhp,19.1 kmpl,4.0,No,5 Seats,1180 kg,165 mm,43 Litres,,
Renault Triber,₹5.30 Lakh,Dec 2020,"53,720 Kms",First Owner,Petrol,Manual,FWD,999 cc,71.01 bhp,20 kmpl,3.0,,7 Seats,,182 mm,40 Litres,,
Maruti Suzuki Ciaz,₹5.55 Lakh,Jun 2018,"62,351 Kms",Second Owner,Diesel,Manual,FWD,1248 cc,88.5 bhp,28.09 kmpl,4.0,Yes,5 Seats,1135 kg,170 mm,,43 Litres,
Renault KWID,₹3.16 Lakh,Feb 2017,"97,286 Kms",First Owner,Petrol,Automatic,FWD,999 cc,67.06 bhp,22.3 kmpl,3.0,,5 Seats,,184 mm,28 Litres,,
Maruti Suzuki Celerio,₹4.21 Lakh,Feb 2020,"22,358 Kms",First Owner,Petrol,Automatic,FWD,998 cc,67.77 bhp,26 kmpl,3.0,,5 Seats,820 kg,,32 Litres,,
Volkswagen Vento,₹3.15 Lakh,Apr 2014,"1,14,202 Kms",First Owner,Petrol,Manual,FWD,1598 cc,103.6 bhp,15.04 kmpl,4.0,No,5 Seats,1121 kg,168 mm,55 Litres,,
Hyundai i10,₹3.09 Lakh,Oct 2016,"53,631 Kms",First Owner,Petrol,Manual,FWD,1086 cc,68.05 bhp,19.81 kmpl,4.0,No,5 Seats,860 kg,165 mm,35 Litres,,
Hyundai Xcent,₹3.02 Lakh,Dec 2014,"72,288 Kms",Second Owner,Petrol,Manual,FWD,1197 cc,82 bhp,19.1 kmpl,4.0,No,5 Seats,1100 kg,165 mm,43 Litres,,
Honda Amaze,₹3.71 Lakh,Dec 2014,"1,26,539 Kms",First Owner,Petrol,Manual,FWD,1198 cc,86.7 bhp,17.8 kmpl,4.0,No,5 Seats,955 kg,165 mm,35 Litres,,
Honda Jazz,₹4.65 Lakh,Dec 2016,"69,856 Kms",Second Owner,Petrol,Manual,FWD,1199 cc,88.7 bhp,18.7 kmpl,4.0,No,5 Seats,1044 kg,165 mm,40 Litres,,
Maruti Suzuki Ciaz,₹5.30 Lakh,Apr 2016,"63,529 Kms",Second Owner,Petrol,Manual,FWD,1373 cc,91.1 bhp,20.73 kmpl,4.0,No,5 Seats,1010 kg,170 mm,43 Litres,,
Hyundai i20 Active,₹5.50 Lakh,Jun 2015,"42,377 Kms",First Owner,Petrol,Manual,FWD,1197 cc,81.86 bhp,17.19 kmpl,4.0,No,5 Seats,1020 kg,190 mm,45 Litres,,
Hyundai i20,₹5.45 Lakh,Jan 2017,"78,000 Kms",First Owner,Petrol,Manual,FWD,1197 cc,81.83 bhp,18.6 kmpl,4.0,No,5 Seats,1066 kg,170 mm,45 Litres,,
Tata Tiago,₹3.25 Lakh,Oct 2016,"79,000 Kms",Third Owner,Diesel,Manual,FWD,1047 cc,69 bhp,27.28 kmpl,3.0,Yes,5 Seats,1060 kg,170 mm,,35 Litres,
Ford Ecosport,₹4.21 Lakh,Jul 2015,"78,884 Kms",Second Owner,,Manual,FWD,1499 cc,110 bhp,15.8 kmpl,4.0,No,5 Seats,1290 kg,200 mm,52 Litres,,
81+ used cars for sale from ₹2.21 Lakh in Bangalore,,,,,,,,,,,,,,,,,,
Renault Triber,₹5.06 Lakh,Aug 2021,"89,782 Kms",First Owner,Petrol,Manual,FWD,999 cc,71.01 bhp,20 kmpl,3.0,,7 Seats,,182 mm,40 Litres,,
Volkswagen Vento,₹4.90 Lakh,May 2017,"1,43,327 Kms",Second Owner,Petrol,Manual,FWD,1598 cc,103.5 bhp,16.09 kmpl,4.0,No,5 Seats,1145 kg,163 mm,55 Litres,,
Honda Jazz,₹4.42 Lakh,Nov 2016,"1,20,743 Kms",First Owner,Petrol,Manual,,1199 cc,88.50 bhp,17.1 kmpl,4.0,,5 Seats,1042 kg,,40 Litres,,
Hyundai i20,₹5.42 Lakh,Jan 2019,"56,939 Kms",First Owner,Petrol,Manual,FWD,1197 cc,81.83 bhp,18.6 kmpl,4.0,No,5 Seats,1066 kg,170 mm,45 Litres,,
Hyundai i20,₹4.75 Lakh,Oct 2016,"43,949 Kms",First Owner,Petrol,Manual,FWD,1197 cc,81.83 bhp,18.6 kmpl,4.0,No,5 Seats,1066 kg,170 mm,45 Litres,,
Maruti Suzuki Swift,₹5.31 Lakh,Dec 2018,"1,13,838 Kms",First Owner,Petrol,Automatic,FWD,1197 cc,88.50 bhp,22.56 kmpl,4.0,,5 Seats,875-905 kg,,37 Litres,,
Hyundai Grand i10,₹4.35 Lakh,Oct 2016,"79,000 Kms",Second Owner,Petrol,Manual,FWD,1197 cc,82 bhp,18.9 kmpl,4.0,No,5 Seats,935 kg,165 mm,43 Litres,,
Hyundai i10,₹3.29 Lakh,Jul 2012,"38,995 Kms",Second Owner,Petrol,Manual,FWD,1086 cc,68.05 bhp,19.81 kmpl,4.0,No,5 Seats,860 kg,165 mm,35 Litres,,
Maruti Suzuki Celerio,₹5.40 Lakh,May 2023,"41,080 Kms",Second Owner,Petrol,Manual,FWD,998 cc,67.77 bhp,25.24 kmpl,3.0,,5 Seats,810 kg,,32 Litres,,
Hyundai i20,₹4 Lakh,Jul 2012,"94,000 Kms",First Owner,Petrol,Manual,,1197 cc,,17 kmpl,4.0,No,5 Seats,1100 kg,165 mm,45 Litres,,
Hyundai i10,₹3.25 Lakh,Jan 2012,"70,000 Kms",Third Owner,Petrol,Automatic,FWD,1197 cc,78.9 bhp,16.95 kmpl,4.0,No,5 Seats,990 kg,165 mm,35 Litres,,
Renault KWID,₹3.45 Lakh,Jun 2016,"55,202 Kms",Second Owner,Petrol,Automatic,FWD,999 cc,67 bhp,24.04 kmpl,3.0,No,5 Seats,730 kg,180 mm,28 Litres,,
Honda Jazz,₹4.25 Lakh,Jun 2016,"47,063 Kms",First Owner,Petrol,Automatic,FWD,1199 cc,88.7 bhp,18.2 kmpl,4.0,No,5 Seats,1066 kg,165 mm,40 Litres,,
Honda WR-V,₹5.75 Lakh,Dec 2017,"1,13,000 Kms",First Owner,,Manual,FWD,1498 cc,98.6 bhp,25.5 kmpl,4.0,Yes,5 Seats,1198 kg,188 mm,,40 Litres,
Honda Amaze,₹4.49 Lakh,Jun 2015,"42,950 Kms",First Owner,Petrol,Manual,FWD,1198 cc,86.7 bhp,18 kmpl,4.0,No,5 Seats,950 kg,165 mm,35 Litres,,
Renault KWID,₹3.25 Lakh,Jan 2018,"76,000 Kms",Second Owner,Petrol,Manual,FWD,999 cc,67 bhp,23.01 kmpl,3.0,No,5 Seats,710 kg,180 mm,,,
Honda Brio,₹3.45 Lakh,Jan 2014,"80,000 Kms",Third Owner,Petrol,Automatic,FWD,1198 cc,86.8 bhp,16.5 kmpl,4.0,No,5 Seats,970 kg,165 mm,35 Litres,,
Hyundai i20,₹5.55 Lakh,Oct 2018,"98,000 Kms",First Owner,Petrol,Automatic,FWD,1197 cc,81.86 bhp,17.4 kmpl,4.0,No,5 Seats,1054-1093 kg,170 mm,40 Litres,,
Honda Jazz,₹6 Lakh,Sept 2018,"24,814 Kms",Second Owner,Petrol,Automatic,FWD,1199 cc,88.7 bhp,18.2 kmpl,4.0,No,5 Seats,1066 kg,165 mm,40 Litres,,
Honda City,₹3.10 Lakh,Mar 2026,"72,000 Kms",First Owner,Petrol,Manual,FWD,1497 cc,,17 kmpl,4.0,No,5 Seats,1100 kg,160 mm,42 Litres,,
Mahindra Bolero,₹3.85 Lakh,Aug 2011,"1,00,000 Kms",First Owner,,Manual,RWD,2523 cc,62.1 bhp,15.96 kmpl,4.0,Yes,7 Seats,1430 kg,180 mm,,60 Litres,
Mahindra TUV 300,₹3.95 Lakh,Oct 2016,"1,09,000 Kms",First Owner,,Manual,RWD,1493 cc,100 bhp,18.49 kmpl,3.0,Yes,7 Seats,1735 kg,184 mm,,60 Litres,
Honda Brio,₹3.75 Lakh,Dec 2013,"1,29,634 Kms",First Owner,Petrol,Manual,FWD,1198 cc,86.8 bhp,19.4 kmpl,4.0,No,5 Seats,925 kg,165 mm,35 Litres,,
Maruti Suzuki Grand Vitara,₹17.97 Lakh,Aug 2023,"49,014 Kms",First Owner,,Automatic,FWD,1490 cc,91.18 bhp,27.97 kmpl,3.0,,5 Seats,1290-1295 kg,210 mm,45 Litres,,
Maruti Suzuki Grand Vitara,₹15.99 Lakh,Aug 2024,"33,782 Kms",First Owner,,Automatic,FWD,1490 cc,91.18 bhp,27.97 kmpl,3.0,,5 Seats,1290-1295 kg,210 mm,45 Litres,,
Maruti Suzuki Grand Vitara,₹17.46 Lakh,Jul 2023,"26,997 Kms",First Owner,,Automatic,FWD,1490 cc,91.18 bhp,27.97 kmpl,3.0,,5 Seats,1290-1295 kg,210 mm,45 Litres,,
Tata Safari,₹16.70 Lakh,Jul 2022,"40,505 Kms",Second Owner,Diesel,Automatic,,1956 cc,167.67 bhp,14.08 kmpl,4.0,Yes,7 Seats,1825 kg,,,50 Litres,
Tata Harrier,₹17.99 Lakh,Mar 2023,"31,691 Kms",First Owner,Diesel,Automatic,,1956 cc,167.67 bhp,14.6 kmpl,4.0,Yes,5 Seats,1675 kg,,,50 Litres,
Hyundai Alcazar,₹16.75 Lakh,Jun 2024,"20,000 Kms",First Owner,Petrol,Manual,FWD,1482 cc,157.57 bhp,18.8 kmpl,4.0,Yes,7 Seats,,,50 Litres,,
Toyota Innova Crysta,₹18.75 Lakh,Nov 2020,"1,01,000 Kms",First Owner,Diesel,Manual,RWD,2393 cc,147.51 bhp,,4.0,Yes,7 Seats,1840 kg,178 mm,,55 Litres,
Toyota Innova Crysta,₹20 Lakh,Jul 2020,"1,60,000 Kms",First Owner,Diesel,Manual,RWD,2393 cc,147.51 bhp,,7.0,Yes,7 Seats,1860 kg,,,55 Litres,
MG Hector Plus,₹17.99 Lakh,Jun 2023,"26,702 Kms",First Owner,Petrol,Automatic,FWD,1451 cc,141.04 bhp,12.34 kmpl,4.0,YES,7 Seats,,,60 Litres,,
Jaguar XF,₹16.20 Lakh,Aug 2013,"78,000 Kms",First Owner,Diesel,Automatic,RWD,2179 cc,187.7 bhp,,4.0,Yes,5 Seats,1780 kg,,,68 Litres,
Skoda Slavia,₹17.45 Lakh,Jun 2024,"25,264 Kms",First Owner,Petrol,Automatic,FWD,1498 cc,147.51 bhp,19.36 kmpl,4.0,Yes,5 Seats,1246-1277 kg,145 mm,45 Litres,,
Jeep Compass,₹18.99 Lakh,Aug 2021,"62,000 Kms",First Owner,Diesel,Automatic,4WD,1956 cc,168 bhp,14.9 kmpl,4.0,Yes,5 Seats,,,,60 Litres,
Toyota Innova Crysta,₹15.75 Lakh,Dec 2017,"1,60,000 Kms",Second Owner,Diesel,Manual,RWD,2393 cc,147.8 bhp,,4.0,Yes,7 Seats,1805 kg,178 mm,,55 Litres,
Toyota Innova Crysta,₹17.75 Lakh,Dec 2018,"1,06,000 Kms",Second Owner,Diesel,Manual,RWD,2393 cc,147.8 bhp,,7.0,Yes,8 Seats,1825 kg,,,55 Litres,
Jeep Compass,₹18.99 Lakh,Jul 2021,"62,000 Kms",First Owner,Diesel,Automatic,4x4,1956 cc,167.67 bhp,14.9 kmpl,4.0,,5 Seats,1705 kg,,,60 Litres,
Toyota Innova Crysta,₹18.90 Lakh,Aug 2019,"62,000 Kms",First Owner,Diesel,Manual,RWD,2393 cc,147.8 bhp,,4.0,Yes,8 Seats,1815 kg,,,55 Litres,
Toyota Innova Crysta,₹19.25 Lakh,Mar 2017,"1,35,000 Kms",First Owner,Diesel,Manual,RWD,2393 cc,147.8 bhp,,4.0,Yes,7 Seats,1805 kg,178 mm,,55 Litres,
Land Rover Freelander 2,₹16.50 Lakh,Mar 2014,"1,15,000 Kms",Second Owner,Diesel,Automatic,4WD,2179 cc,147.51 bhp,,4.0,Yes,5 Seats,,210 mm,,68 Litres,
Volkswagen T-Roc,₹19.90 Lakh,Jun 2020,"56,793 Kms",First Owner,Petrol,Automatic,FWD,1498 cc,147.94 bhp,18.4 kmpl,4.0,Yes,5 Seats,1350 kg,,59 Litres,,
Mercedes-Benz C-Class,₹19.75 Lakh,Feb 2017,"63,000 Kms",First Owner,Diesel,Automatic,RWD,2143 cc,170 bhp,,4.0,Yes,5 Seats,1655 kg,157 mm,,66 Litres,
Renault Duster,₹8.20 Lakh,Mar 2026,"65,000 Kms",First Owner,,Manual,FWD,1461 cc,83.8 bhp,19.87 kmpl,4.0,Yes,5 Seats,1200 kg,205 mm,,50 Litres,
Maruti Suzuki Wagon R,₹3.18 Lakh,Jan 2015,"64,970 Kms",First Owner,Petrol,Manual,FWD,998 cc,65.71 bhp,24.35 kmpl,3.0,,5 Seats,825 kg,,32 Litres,,
Mahindra XUV700,₹19.85 Lakh,May 2022,"27,579 Kms",First Owner,Petrol,Automatic,FWD,1999 cc,197.13 bhp,11 kmpl,4.0,Yes,7 Seats,1850 kg,,60 Litres,,
Datsun RediGO,₹2.48 Lakh,Aug 2016,"25,318 Kms",First Owner,Petrol,Manual,FWD,799 cc,53.64 bhp,20.71 kmpl,3.0,No,5 Seats,770 kg,187 mm,28 Litres,,
Hyundai Verna,₹4.22 Lakh,Feb 2015,"87,542 Kms",Third Owner,Petrol,Automatic,FWD,1591 cc,121.3 bhp,17.01 kmpl,4.0,No,5 Seats,,165 mm,43 Litres,,
Hyundai i20,₹5.41 Lakh,Mar 2016,"56,039 Kms",First Owner,Petrol,Manual,FWD,1197 cc,81.83 bhp,18.6 kmpl,4.0,No,5 Seats,1066 kg,170 mm,45 Litres,,
Maruti Suzuki Baleno,₹5.58 Lakh,Aug 2018,"45,110 Kms",Second Owner,Petrol,Automatic,FWD,1197 cc,88.50 bhp,22.94 kmpl,4.0,No,5 Seats,940-960 kg,,37 Litres,,
Maruti Suzuki Baleno,₹6.11 Lakh,Aug 2021,"42,498 Kms",Second Owner,Diesel,Manual,FWD,1248 cc,74 bhp,27.39 kmpl,4.0,Yes,5 Seats,960-985 kg,170 mm,,37 Litres,
Honda City,₹5.09 Lakh,Nov 2014,"85,423 Kms",First Owner,Diesel,Manual,,1498 cc,97.89 bhp,24.1 kmpl,4.0,,5 Seats,1191-1217 kg,,,40 Litres,
Honda City,₹5.34 Lakh,Mar 2015,"74,417 Kms",First Owner,Petrol,Manual,,1497 cc,117.60 bhp,17.4 kmpl,4.0,,5 Seats,1063 kg,,40 Litres,,
Volkswagen Polo,₹4.27 Lakh,Jun 2015,"79,238 Kms",Third Owner,Diesel,Manual,FWD,1498 cc,108.5 bhp,21.49 kmpl,4.0,Yes,5 Seats,1153 kg,165 mm,,45 Litres,
Honda City,₹4.77 Lakh,Mar 2014,"1,02,279 Kms",First Owner,Petrol,Manual,FWD,1497 cc,116.3 bhp,16.8 kmpl,4.0,No,5 Seats,1095 kg,165 mm,42 Litres,,
Mahindra Scorpio N,₹21.73 Lakh,Feb 2023,"29,366 Kms",First Owner,Diesel,Automatic,4WD,2198 cc,172.45 bhp,15.42 kmpl,4.0,Yes,7 Seats,,,,,
Mahindra Scorpio N,₹20.74 Lakh,Nov 2022,"59,116 Kms",First Owner,Diesel,Automatic,4WD,2198 cc,172.45 bhp,15.42 kmpl,4.0,Yes,7 Seats,,,,,
Mercedes-Benz C-Class,₹22.50 Lakh,Jul 2017,"79,000 Kms",First Owner,Diesel,Automatic,RWD,2143 cc,170 bhp,,4.0,Yes,5 Seats,1655 kg,157 mm,,66 Litres,
Ford Endeavour,₹29 Lakh,Jan 2021,"1,41,000 Kms",First Owner,Diesel,Automatic,RWD,2198 cc,158.2 bhp,14.2 kmpl,4.0,No,7 Seats,2238 kg,,,80 Litres,
Honda Amaze 2nd Gen,₹6.95 Lakh,Mar 2023,"23,455 Kms",First Owner,Petrol,Automatic,FWD,1199 cc,88.50 bhp,18.3 kmpl,4.0,,5 Seats,957 kg,,35 Litres,,
Mahindra XUV500,₹8.55 Lakh,May 2019,"90,668 Kms",First Owner,,Manual,FWD,2179 cc,152.87 bhp,15.1 kmpl,4.0,Yes,7 Seats,1625 kg,200 mm,,70 Litres,
Tata Nexon,₹7.42 Lakh,Apr 2022,"43,290 Kms",Second Owner,,Manual,3,1199 cc,118.36 bhp,17.57 kmpl,3.0,Yes,5 Seats,1375 kg,209 mm,44 Litres,,
Tata Altroz,₹6.82 Lakh,Sept 2021,"98,589 Kms",First Owner,Diesel,Manual,FWD,1497 cc,88.76 bhp,23.64 kmpl,4.0,Yes,5 Seats,,165 mm,,37 Litres,
Hyundai Venue,₹6.34 Lakh,Oct 2020,"97,784 Kms",First Owner,Petrol,Manual,FWD,998 cc,118.35 bhp,18 kmpl,3.0,Yes,5 Seats,1300 kg,,45 Litres,,
Hyundai Venue,₹8.87 Lakh,Feb 2022,"46,039 Kms",First Owner,Diesel,Manual,FWD,1498 cc,98.6 bhp,23.7 kmpl,4.0,Yes,5 Seats,1360 kg,,,45 Litres,
Renault Kiger,₹6.30 Lakh,Nov 2021,"37,187 Kms",First Owner,,Automatic,FWD,999 cc,71 bhp,19.03 kmpl,3.0,No,5 Seats,,205 mm,40 Litres,,
Maruti Suzuki Ciaz,₹8.47 Lakh,Oct 2020,"50,798 Kms",First Owner,Petrol,Automatic,FWD,1373 cc,91.1 bhp,19.12 kmpl,4.0,No,5 Seats,1030 kg,170 mm,43 Litres,,
Hyundai Venue,₹6.52 Lakh,Jan 2022,"39,844 Kms",Second Owner,Petrol,Manual,FWD,998 cc,118.35 bhp,18 kmpl,3.0,Yes,5 Seats,1340 kg,,45 Litres,,
Hyundai i20,₹6.15 Lakh,Aug 2018,"41,669 Kms",First Owner,Petrol,Manual,FWD,1197 cc,81.83 bhp,18.6 kmpl,4.0,No,5 Seats,1066 kg,170 mm,45 Litres,,
Hyundai i20,₹7.18 Lakh,Jul 2022,"67,753 Kms",First Owner,Petrol,Manual,,1197 cc,81.80 bhp,21 kmpl,4.0,No,5 Seats,1120 kg,,37 Litres,,
Hyundai Venue,₹9.25 Lakh,Jun 2022,"19,000 Kms",First Owner,Petrol,Manual,,1197 cc,81.80 bhp,16 kmpl,4.0,No,5 Seats,1148 kg,,45 Litres,,
Mahindra XUV500,₹9.25 Lakh,Apr 2016,"70,000 Kms",Second Owner,,Manual,FWD,2179 cc,140 bhp,16 kmpl,4.0,Yes,7 Seats,1655 kg,200 mm,,70 Litres,
Skoda Rapid,₹7.20 Lakh,Jul 2018,"90,000 Kms",First Owner,Petrol,Manual,FWD,1598 cc,103.2 bhp,14.3 kmpl,4.0,No,5 Seats,1137 kg,163 mm,55 Litres,,
Volkswagen Polo,₹7.75 Lakh,Jul 2017,"53,000 Kms",Second Owner,Petrol,Automatic,FWD,1197 cc,103.5 bhp,17.21 kmpl,4.0,Yes,5 Seats,1109 kg,165 mm,45 Litres,,
Honda City,₹7.25 Lakh,Apr 2017,"93,000 Kms",First Owner,Petrol,Manual,FWD,1497 cc,117.3 bhp,17.8 kmpl,4.0,No,5 Seats,1049 kg,165 mm,40 Litres,,
Tata Nexon,₹6.49 Lakh,Sept 2019,"49,101 Kms",Second Owner,Petrol,Automatic,FWD,1198 cc,108.5 bhp,17 kmpl,3.0,Yes,5 Seats,1252 kg,,44 Litres,,
Maruti Suzuki Ertiga,₹8.85 Lakh,May 2016,"80,000 Kms",First Owner,Diesel,Manual,FWD,1248 cc,88.5 bhp,24.52 kmpl,4.0,Yes,7 Seats,1265 kg,185 mm,,45 Litres,
Maruti Suzuki Swift,₹7.75 Lakh,Jan 2023,"25,000 Kms",Second Owner,Petrol,Manual,FWD,1197 cc,88.50 bhp,22.38 kmpl,4.0,,5 Seats,875-905 kg,,37 Litres,,
Tata Nexon,₹7.49 Lakh,Oct 2020,"17,771 Kms",First Owner,Petrol,Manual,FWD,1198 cc,108.5 bhp,17 kmpl,3.0,Yes,5 Seats,1252 kg,,44 Litres,,
Honda City,₹6.25 Lakh,Oct 2015,"1,00,827 Kms",First Owner,Diesel,Manual,FWD,1498 cc,98.6 bhp,25.1 kmpl,4.0,Yes,5 Seats,1165 kg,165 mm,,40 Litres,
Mahindra XUV500,₹9.95 Lakh,Feb 2018,"97,000 Kms",Third Owner,,Manual,FWD,2179 cc,140 bhp,16 kmpl,4.0,Yes,7 Seats,1655 kg,200 mm,,70 Litres,
Tata Altroz,₹6.85 Lakh,Aug 2020,"39,000 Kms",First Owner,Petrol,Manual,,1199 cc,86.83 bhp,19.33 kmpl,3.0,No,5 Seats,1025 kg,165 mm,37 Litres,,
Maruti Suzuki Vitara Brezza,₹8.65 Lakh,Oct 2017,"44,470 Kms",First Owner,,Manual,FWD,1248 cc,88.5 bhp,24.3 kmpl,4.0,Yes,5 Seats,1200 kg,198 mm,,48 Litres,
Tata Nexon,₹7.25 Lakh,Sept 2020,"39,149 Kms",First Owner,Petrol,Manual,,1199 cc,118.35 bhp,17.33 kmpl,3.0,Yes,5 Seats,1230 kg,209 mm,44 Litres,,
Hyundai Exter,₹8.35 Lakh,Sept 2023,"18,000 Kms",First Owner,Petrol,Manual,FWD,1197 cc,81.8 bhp,19.4 kmpl,4.0,,5 Seats,,,37 Litres,,
Kia Sonet,₹9.50 Lakh,Jul 2024,"30,000 Kms",First Owner,Petrol,Manual,FWD,1197 cc,81.8 bhp,18.4 kmpl,4.0,No,5 Seats,,,45 Litres,,
Renault Duster,₹6.25 Lakh,Mar 2013,"11,030 Kms",Second Owner,,Manual,FWD,1461 cc,108.45 bhp,19.01 kmpl,4.0,Yes,5 Seats,1240 kg,205 mm,,50 Litres,
Mahindra XUV500,₹9.85 Lakh,Apr 2019,"1,18,000 Kms",First Owner,,Manual,FWD,2179 cc,138 bhp,16 kmpl,4.0,Yes,7 Seats,1785 kg,200 mm,,70 Litres,
Maruti Suzuki Ertiga,₹6.75 Lakh,Nov 2017,"1,29,000 Kms",First Owner,Petrol,Manual,FWD,1373 cc,91.1 bhp,17.5 kmpl,4.0,No,7 Seats,1175 kg,185 mm,45 Litres,,
Hyundai Grand i10 Nios,₹6.15 Lakh,Oct 2021,"31,000 Kms",Second Owner,Petrol,Manual,,1197 cc,81.86 bhp,20.7 kmpl,4.0,No,5 Seats,1160 kg,,37 Litres,,
Kia Sonet,₹8.99 Lakh,Jun 2020,"42,200 Kms",First Owner,Petrol,Automatic,FWD,998 cc,118.36 bhp,18.3 kmpl,3.0,Yes,5 Seats,1505 kg,,45 Litres,,
Tata Nexon,₹6.75 Lakh,Jan 2020,"29,000 Kms",First Owner,Petrol,Manual,FWD,1198 cc,108.5 bhp,17 kmpl,3.0,Yes,5 Seats,1252 kg,,44 Litres,,
Mahindra XUV500,₹9.75 Lakh,Mar 2016,"62,000 Kms",Second Owner,,Automatic,FWD,2179 cc,140 bhp,16 kmpl,4.0,Yes,7 Seats,1960 kg,200 mm,,70 Litres,
Mahindra XUV300,₹8.95 Lakh,Nov 2022,"65,000 Kms",First Owner,Petrol,Manual,,1197 cc,108.62 bhp,16.82 kmpl,3.0,Yes,5 Seats,1430 kg,,42 Litres,,
Volkswagen Vento,₹6.75 Lakh,Aug 2018,"72,000 Kms",First Owner,Petrol,Manual,FWD,1598 cc,103.2 bhp,16.09 kmpl,4.0,No,5 Seats,1145 kg,163 mm,55 Litres,,
Maruti Suzuki Vitara Brezza,₹8.75 Lakh,Apr 2018,"75,000 Kms",First Owner,,Manual,FWD,1248 cc,88.5 bhp,24.3 kmpl,4.0,Yes,5 Seats,1190 kg,198 mm,,48 Litres,
Hyundai Venue,₹9.55 Lakh,Feb 2020,"31,000 Kms",First Owner,Petrol,Automatic,FWD,998 cc,118.35 bhp,18.15 kmpl,3.0,Yes,5 Seats,1440 kg,,45 Litres,,
Tata Altroz,₹8 Lakh,Mar 2023,"59,738 Kms",First Owner,Diesel,Manual,FWD,1497 cc,88.76 bhp,23.64 kmpl,4.0,Yes,5 Seats,,165 mm,,37 Litres,
Hyundai Venue,₹8.05 Lakh,Nov 2021,"40,062 Kms",First Owner,Petrol,Automatic,FWD,998 cc,118.35 bhp,18.15 kmpl,3.0,Yes,5 Seats,1440 kg,,45 Litres,,
Ford Ecosport,₹6.64 Lakh,Nov 2016,"37,551 Kms",First Owner,,Automatic,FWD,1499 cc,110 bhp,16.5 kmpl,4.0,No,5 Seats,1290 kg,200 mm,52 Litres,,
Renault Triber,₹6.21 Lakh,Apr 2022,"45,357 Kms",First Owner,Petrol,Automatic,FWD,999 cc,71.01 bhp,18.2 kmpl,3.0,,7 Seats,,182 mm,40 Litres,,
Tata Altroz,₹6.40 Lakh,Nov 2022,"63,714 Kms",First Owner,Petrol,Manual,,1199 cc,86.83 bhp,19.33 kmpl,3.0,No,5 Seats,1030 kg,165 mm,37 Litres,,
Hyundai Venue,₹7.77 Lakh,Jul 2019,"1,22,310 Kms",First Owner,Petrol,Manual,FWD,1197 cc,82 bhp,20.36 kmpl,4.0,No,5 Seats,,,45 Litres,,
102+ used cars for sale from ₹5.88 Lakh in Bangalore,,,,,,,,,,,,,,,,,,
Maruti Suzuki Swift,₹6.07 Lakh,Nov 2019,"79,209 Kms",Second Owner,Diesel,Manual,FWD,1248 cc,74 bhp,28.4 kmpl,4.0,Yes,5 Seats,960 kg,163 mm,,37 Litres,
MG Hector,₹9.89 Lakh,Jan 2020,"73,759 Kms",First Owner,,Automatic,FWD,1451 cc,141 bhp,13.96 kmpl,4.0,Yes,5 Seats,1800 kg,183 mm,60 Litres,,
Kia Sonet,₹7.92 Lakh,Aug 2021,"54,901 Kms",First Owner,Diesel,Manual,FWD,1493 cc,98.63 bhp,18.4 kmpl,4.0,Yes,5 Seats,1215 kg,,,45 Litres,
Hyundai Venue,₹6.58 Lakh,Jun 2019,"64,336 Kms",Second Owner,Petrol,Manual,FWD,998 cc,118.35 bhp,18.27 kmpl,3.0,Yes,5 Seats,1340 kg,,45 Litres,,
Maruti Suzuki Ertiga,₹6.15 Lakh,Oct 2017,"89,995 Kms",Second Owner,Petrol,Automatic,FWD,1462 cc,103.26 bhp,17.99 kmpl,4.0,No,7 Seats,1135-1170 kg,,45 Litres,,
Hyundai Venue,₹8.15 Lakh,Aug 2020,"44,006 Kms",First Owner,Diesel,Manual,FWD,1493 cc,98.6 bhp,23.7 kmpl,4.0,Yes,5 Seats,1220 kg,,,45 Litres,
Honda BR-V,₹7.40 Lakh,Oct 2019,"71,589 Kms",First Owner,,Automatic,FWD,1497 cc,117.3 bhp,15.4 kmpl,4.0,No,7 Seats,1238 kg,210 mm,42 Litres,,
Maruti Suzuki Swift Dzire,₹7.15 Lakh,Jul 2022,"26,859 Kms",First Owner,CNG,Manual,,1197 cc,76.43 bhp,31.12 km/kg,4.0,,5 Seats,990-995 kg,,,,55 Litres
Volkswagen Vento,₹6.43 Lakh,Sept 2017,"82,670 Kms",First Owner,Petrol,Automatic,FWD,1197 cc,103.2 bhp,18.19 kmpl,4.0,Yes,5 Seats,1179 kg,163 mm,55 Litres,,
Kia Seltos,₹8.70 Lakh,Sept 2020,"84,794 Kms",Second Owner,Diesel,Automatic,2WD,1493 cc,113.42 bhp,17.8 kmpl,4.0,Yes,5 Seats,1495 kg,,,50 Litres,
Kia Sonet,₹7.35 Lakh,Oct 2020,"35,000 Kms",First Owner,Petrol,Manual,FWD,1197 cc,81.86 bhp,18.4 kmpl,4.0,No,5 Seats,1192 kg,,45 Litres,,
Maruti Suzuki Swift,₹6.05 Lakh,Sept 2016,"50,000 Kms",First Owner,Diesel,Manual,FWD,1248 cc,74 bhp,25.2 kmpl,4.0,Yes,5 Seats,965 kg,163 mm,,42 Litres,
62+ used cars for sale from ₹3.80 Lakh in Bangalore,,,,,,,,,,,,,,,,,,
Ford Ecosport,₹7.25 Lakh,Jun 2018,"69,580 Kms",First Owner,,Manual,FWD,1497 cc,121.31 bhp,17 kmpl,3.0,No,5 Seats,1242 kg,200 mm,52 Litres,,
Honda WR-V,₹6.99 Lakh,Jun 2018,"40,340 Kms",First Owner,,Manual,FWD,1199 cc,88.7 bhp,17.5 kmpl,4.0,No,5 Seats,1103 kg,188 mm,40 Litres,,
Volkswagen Polo,₹6.99 Lakh,Jun 2020,"44,787 Kms",First Owner,Petrol,Manual,FWD,999 cc,75.10 bhp,17.74 kmpl,3.0,No,5 Seats,1030 kg,165 mm,45 Litres,,
Mahindra XUV500,₹7.45 Lakh,Jan 2015,"74,000 Kms",Second Owner,Diesel,Manual,AWD,2179 cc,140 bhp,15.1 kmpl,4.0,Yes,7 Seats,1635 kg,,,,
Maruti Suzuki Vitara Brezza,₹8.75 Lakh,Jan 2018,"51,000 Kms",First Owner,,Manual,FWD,1248 cc,88.5 bhp,24.3 kmpl,4.0,Yes,5 Seats,1200 kg,198 mm,,48 Litres,
Honda Jazz,₹6.25 Lakh,Jan 2020,"33,038 Kms",First Owner,Petrol,Automatic,FWD,1199 cc,88.7 bhp,18.2 kmpl,4.0,No,5 Seats,1066 kg,165 mm,40 Litres,,
Toyota Urban Cruiser EBELLA,₹8.25 Lakh,Jan 2022,"12,000 Kms",First Owner,Petrol,Manual,,1462 cc,103.26 bhp,17.03 kmpl,4.0,,5 Seats,1115-1130 kg,,48 Litres,,
Tata Nexon,₹6.99 Lakh,Jun 2018,"53,609 Kms",First Owner,Diesel,Automatic,FWD,1497 cc,108.5 bhp,21.5 kmpl,4.0,Yes,5 Seats,1305 kg,,,44 Litres,
Maruti Suzuki Ciaz,₹9.32 Lakh,May 2024,"39,801 Kms",First Owner,Petrol,Manual,FWD,1373 cc,91.1 bhp,20.73 kmpl,4.0,No,5 Seats,1030 kg,170 mm,43 Litres,,
Mahindra XUV500,₹9.06 Lakh,Sept 2016,"72,178 Kms",Second Owner,,Automatic,FWD,1997 cc,140 bhp,16 kmpl,4.0,Yes,7 Seats,1960 kg,200 mm,,70 Litres,
113+ used cars for sale from ₹1.80 Lakh in Bangalore,,,,,,,,,,,,,,,,,,
Hyundai i20,₹9.49 Lakh,Nov 2023,"57,871 Kms",First Owner,Petrol,Automatic,,998 cc,118.36 bhp,20.28 kmpl,3.0,Yes,5 Seats,1260 kg,,37 Litres,,
Hyundai i20,₹6.80 Lakh,Oct 2017,"77,000 Kms",First Owner,Diesel,Manual,FWD,1396 cc,88.73 bhp,22.54 kmpl,4.0,Yes,5 Seats,1515 kg,170 mm,,45 Litres,
Maruti Suzuki S Cross,₹9.40 Lakh,Mar 2021,"23,000 Kms",First Owner,Petrol,Automatic,FWD,1462 cc,103.25 bhp,18.43 kmpl,4.0,,5 Seats,1130-1170 kg,,48 Litres,,
Maruti Suzuki Vitara Brezza,₹8.75 Lakh,Jan 2018,"96,000 Kms",First Owner,,Manual,FWD,1248 cc,88.5 bhp,24.3 kmpl,4.0,Yes,5 Seats,1200 kg,198 mm,,48 Litres,
MG Astor,₹8.25 Lakh,May 2024,"13,000 Kms",First Owner,Petrol,Manual,FWD,1498 cc,108.49 bhp,15.43 kmpl,4.0,No,5 Seats,,,48 Litres,,
Maruti Suzuki XL6,₹9.65 Lakh,Jun 2020,"71,253 Kms",First Owner,Petrol,Automatic,FWD,1462 cc,103.2 bhp,,4.0,,6 Seats,1190 kg,,45 Litres,,
Volkswagen Jetta,₹8.95 Lakh,Apr 2015,"2,19,000 Kms",Second Owner,Diesel,Automatic,FWD,1968 cc,138.03 bhp,16.96 kmpl,4.0,Yes,5 Seats,1439 kg,159 mm,,55 Litres,
Mercedes-Benz GLC,₹49.75 Lakh,Mar 2022,"38,434 Kms",First Owner,Diesel,Automatic,AWD,1950 cc,194 bhp,,4.0,Yes,5 Seats,1745 kg,,,66 Litres,
Mercedes-Benz GLC,₹51.75 Lakh,Mar 2022,"31,000 Kms",First Owner,Diesel,Automatic,AWD,1950 cc,194 bhp,,4.0,Yes,5 Seats,1745 kg,,,66 Litres,
BMW X5,₹36 Lakh,Jan 2018,"72,000 Kms",Third Owner,Diesel,Automatic,4WD,2993 cc,258 bhp,,6.0,Yes,5 Seats,2060 kg,209 mm,,85 Litres,
Mercedes-Benz E-Class,₹42.50 Lakh,Feb 2022,"79,000 Kms",First Owner,Diesel,Automatic,RWD,1950 cc,191.76 bhp,,4.0,Yes,5 Seats,1735 kg,,,80 Litres,
Mercedes-Benz GLA,₹42 Lakh,Mar 2023,"30,000 Kms",First Owner,Diesel,Automatic,2WD,1950 cc,187.74 bhp,,4.0,Yes,5 Seats,1605 kg,,,50 Litres,
Mercedes-Benz GLC,₹49.99 Lakh,Mar 2022,"31,472 Kms",First Owner,Diesel,Automatic,AWD,1950 cc,194 bhp,,4.0,Yes,5 Seats,1745 kg,,,66 Litres,
Mercedes-Benz GLS,₹43.50 Lakh,Jun 2016,"55,000 Kms",First Owner,Diesel,Automatic,AWD,2987 cc,258 bhp,,6.0,Yes,7 Seats,2455 kg,,,100 Litres,
19+ used cars for sale from ₹6 Lakh in Bangalore,,,,,,,,,,,,,,,,,,
Mercedes-Benz GLC,₹42.50 Lakh,Aug 2020,"37,191 Kms",First Owner,Diesel,Automatic,AWD,1950 cc,194 bhp,,4.0,Yes,5 Seats,1745 kg,,,66 Litres,
Mercedes-Benz GLC,₹42 Lakh,Jun 2020,"51,000 Kms",Second Owner,Diesel,Automatic,AWD,1950 cc,194 bhp,,4.0,Yes,5 Seats,1745 kg,,,66 Litres,
Mercedes-Benz GLC,₹53 Lakh,Jul 2018,"51,000 Kms",Second Owner,Petrol,Automatic,AWD,2996 cc,362 bhp,,4.0,Yes,5 Seats,1855 kg,,65 Litres,,
BMW 3 Series Long Wheelbase,₹55.50 Lakh,Jun 2024,"12,000 Kms",First Owner,Diesel,Automatic,RWD,1995 cc,187.74 bhp,,4.0,,5 Seats,1640 kg,,,,
BMW X5,₹38.99 Lakh,Feb 2017,"63,000 Kms",Second Owner,Diesel,Automatic,4WD,2993 cc,258 bhp,,6.0,Yes,5 Seats,2060 kg,209 mm,,85 Litres,
Honda Brio,₹2.50 Lakh,May 2012,"1,08,169 Kms",Second Owner,Petrol,Manual,FWD,1198 cc,86.8 bhp,19.4 kmpl,4.0,No,5 Seats,925 kg,165 mm,35 Litres,,
Ford Figo,₹2.28 Lakh,May 2011,"89,471 Kms",First Owner,Petrol,Manual,FWD,1194 cc,94.93 bhp,20.4 kmpl,3.0,No,5 Seats,980 kg,174 mm,42 Litres,,
Ford Figo,₹2.54 Lakh,Oct 2012,"83,554 Kms",First Owner,Petrol,Manual,FWD,1194 cc,94.93 bhp,20.4 kmpl,3.0,No,5 Seats,980 kg,174 mm,42 Litres,,
Honda Brio,₹2.58 Lakh,Apr 2012,"76,775 Kms",Second Owner,Petrol,Manual,FWD,1198 cc,86.8 bhp,19.4 kmpl,4.0,No,5 Seats,925 kg,165 mm,35 Litres,,
Hyundai i20,₹2.78 Lakh,May 2011,"72,469 Kms",Second Owner,Petrol,Manual,FWD,1197 cc,,17 kmpl,4.0,No,5 Seats,1020 kg,165 mm,45 Litres,,
Hyundai i10,₹2.58 Lakh,Aug 2011,"74,151 Kms",First Owner,Petrol,Manual,FWD,1197 cc,78.9 bhp,20.36 kmpl,4.0,No,5 Seats,930 kg,165 mm,35 Litres,,
Hyundai i20,₹2.74 Lakh,Jul 2012,"58,327 Kms",First Owner,Petrol,Manual,FWD,1197 cc,,17 kmpl,4.0,No,5 Seats,1020 kg,165 mm,45 Litres,,
Honda Brio,₹2.98 Lakh,Mar 2016,"1,01,243 Kms",Second Owner,Petrol,Automatic,FWD,1198 cc,86.8 bhp,16.5 kmpl,4.0,No,5 Seats,970 kg,165 mm,35 Litres,,
Hyundai i10,₹2.61 Lakh,Aug 2011,"74,115 Kms",First Owner,Petrol,Manual,FWD,1197 cc,78.9 bhp,20.36 kmpl,4.0,No,5 Seats,930 kg,165 mm,35 Litres,,
Hyundai i10,₹2.60 Lakh,Jan 2014,"57,988 Kms",Third Owner,Petrol,Manual,FWD,1086 cc,68.05 bhp,19.81 kmpl,4.0,No,5 Seats,860 kg,165 mm,35 Litres,,
Hyundai EON,₹2.19 Lakh,Jan 2018,"69,349 Kms",Second Owner,Petrol,Manual,FWD,814 cc,55.2 bhp,21.1 kmpl,3.0,No,5 Seats,910 kg,170 mm,32 Litres,,
Maruti Suzuki Alto 800,₹2.25 Lakh,Jun 2013,"46,863 Kms",Second Owner,Petrol,Manual,FWD,796 cc,46.3 bhp,19.7 kmpl,3.0,No,5 Seats,705 kg,160 mm,35 Litres,,
Hyundai i20,₹2.50 Lakh,Jun 2012,"94,019 Kms",Second Owner,Petrol,Manual,FWD,1197 cc,,17 kmpl,4.0,No,5 Seats,1020 kg,165 mm,45 Litres,,
Maruti Suzuki Celerio,₹2.62 Lakh,Feb 2016,"70,811 Kms",Second Owner,Petrol,Automatic,FWD,998 cc,67.77 bhp,26.68 kmpl,3.0,,5 Seats,815 kg,,32 Litres,,
Hyundai i10,₹2.26 Lakh,May 2011,"43,858 Kms",Second Owner,Petrol,Manual,FWD,1086 cc,68.05 bhp,19.81 kmpl,4.0,No,5 Seats,900 kg,165 mm,35 Litres,,
Hyundai i20,₹2.29 Lakh,Sept 2012,"1,45,492 Kms",Third Owner,Diesel,Manual,FWD,1396 cc,88.76 bhp,21.9 kmpl,4.0,No,5 Seats,1140 kg,,,45 Litres,
Ford Figo,₹2.20 Lakh,Jan 2012,"64,835 Kms",Second Owner,Petrol,Manual,FWD,1194 cc,94.93 bhp,20.4 kmpl,3.0,No,5 Seats,980 kg,174 mm,42 Litres,,
Renault KWID,₹2.44 Lakh,Feb 2017,"38,949 Kms",Third Owner,Petrol,Automatic,FWD,999 cc,67 bhp,24.04 kmpl,3.0,No,5 Seats,730 kg,180 mm,28 Litres,,
Hyundai i10,₹2.57 Lakh,Jun 2012,"89,460 Kms",First Owner,Petrol,Manual,FWD,1086 cc,68.05 bhp,19.81 kmpl,4.0,No,5 Seats,900 kg,165 mm,35 Litres,,
Hyundai i10,₹2.48 Lakh,Nov 2011,"46,453 Kms",First Owner,Petrol,Manual,FWD,1086 cc,68.05 bhp,19.81 kmpl,4.0,No,5 Seats,900 kg,165 mm,35 Litres,,
Renault KWID,₹2.94 Lakh,Oct 2018,"32,655 Kms",Second Owner,Petrol,Automatic,FWD,999 cc,67 bhp,24.04 kmpl,3.0,No,5 Seats,730 kg,180 mm,28 Litres,,
Renault KWID,₹2.75 Lakh,Jun 2018,"58,890 Kms",Second Owner,Petrol,Automatic,FWD,999 cc,67 bhp,24.04 kmpl,3.0,No,5 Seats,725 kg,184 mm,28 Litres,,
Maruti Suzuki Alto 800,₹2.17 Lakh,Sept 2013,"74,833 Kms",Second Owner,Petrol,Manual,FWD,796 cc,46.3 bhp,19.7 kmpl,3.0,No,5 Seats,705 kg,160 mm,35 Litres,,
Hyundai EON,₹2.37 Lakh,Mar 2013,"18,266 Kms",First Owner,Petrol,Manual,FWD,814 cc,55.2 bhp,21.1 kmpl,3.0,No,5 Seats,840 kg,170 mm,32 Litres,,
Hyundai i20,₹2.50 Lakh,Apr 2011,"89,406 Kms",Second Owner,Petrol,Manual,FWD,1197 cc,,17 kmpl,4.0,No,5 Seats,1020 kg,165 mm,45 Litres,,
Hyundai i10,₹2.25 Lakh,Jun 2013,"85,268 Kms",First Owner,Petrol,Manual,FWD,1197 cc,78.9 bhp,20.36 kmpl,4.0,No,5 Seats,960 kg,165 mm,35 Litres,,
Hyundai i10,₹2.16 Lakh,Dec 2014,"48,561 Kms",Second Owner,Petrol,Manual,FWD,1086 cc,68.05 bhp,19.81 kmpl,4.0,No,5 Seats,860 kg,165 mm,35 Litres,,
Maruti Suzuki Wagon R,₹2.25 Lakh,Dec 2014,"1,08,140 Kms",Second Owner,Petrol,Manual,FWD,998 cc,67.04 bhp,20.51 kmpl,3.0,No,5 Seats,885 kg,165 mm,35 Litres,,
Hyundai i20,₹2.23 Lakh,May 2010,"94,177 Kms",First Owner,Petrol,Manual,FWD,1197 cc,81.86 bhp,18.6 kmpl,4.0,No,5 Seats,1100 kg,170 mm,40 Litres,,
Honda Brio,₹2.03 Lakh,Jun 2013,"1,11,069 Kms",Second Owner,Petrol,Manual,FWD,1198 cc,86.8 bhp,19.4 kmpl,4.0,No,5 Seats,925 kg,165 mm,35 Litres,,
Maruti Suzuki Alto 800,₹2.22 Lakh,Mar 2013,"50,007 Kms",Second Owner,Petrol,Manual,FWD,796 cc,46.3 bhp,19.7 kmpl,3.0,No,5 Seats,705 kg,160 mm,35 Litres,,
Hyundai i10,₹2.82 Lakh,Oct 2014,"83,743 Kms",Third Owner,Petrol,Manual,FWD,1086 cc,68.05 bhp,19.81 kmpl,4.0,No,5 Seats,860 kg,165 mm,35 Litres,,
Maruti Suzuki Celerio,₹2.75 Lakh,Apr 2016,"1,07,997 Kms",First Owner,Petrol,Manual,FWD,998 cc,67.77 bhp,25.24 kmpl,3.0,,5 Seats,810 kg,,32 Litres,,
Hyundai i10,₹2.58 Lakh,Sept 2012,"70,120 Kms",Second Owner,Petrol,Manual,FWD,1197 cc,78.9 bhp,20.36 kmpl,4.0,No,5 Seats,930 kg,165 mm,35 Litres,,
Hyundai i10,₹2.25 Lakh,Nov 2012,"99,000 Kms",First Owner,Petrol,Manual,FWD,1197 cc,78.9 bhp,20.36 kmpl,4.0,No,5 Seats,930 kg,165 mm,35 Litres,,
Hyundai i10,₹2.75 Lakh,Mar 2011,"80,500 Kms",First Owner,Petrol,Manual,FWD,1197 cc,78.9 bhp,20.36 kmpl,4.0,No,5 Seats,960 kg,165 mm,35 Litres,,
Hyundai i10,₹2.75 Lakh,Sept 2009,"59,000 Kms",Second Owner,Petrol,Manual,FWD,1197 cc,78.9 bhp,20.36 kmpl,4.0,No,5 Seats,930 kg,165 mm,35 Litres,,
Maruti Suzuki XL6,₹11.75 Lakh,Sept 2022,"72,049 Kms",First Owner,Petrol,Automatic,FWD,1462 cc,101.64 bhp,,4.0,,6 Seats,1225 kg,,45 Litres,,
Maruti Suzuki Ertiga,₹10.93 Lakh,Nov 2019,"86,626 Kms",First Owner,Diesel,Manual,FWD,1498 cc,93.87 bhp,24.2 kmpl,4.0,Yes,7 Seats,1225 kg,,,45 Litres,
37+ used cars for sale from ₹9.95 Lakh in Bangalore,,,,,,,,,,,,,,,,,,
Skoda Octavia,₹10.58 Lakh,Mar 2019,"1,12,805 Kms",First Owner,Petrol,Automatic,FWD,1798 cc,178 bhp,15.1 kmpl,4.0,Yes,5 Seats,1376 kg,110 mm,50 Litres,,
Mahindra XUV500,₹10.45 Lakh,Nov 2018,"97,358 Kms",First Owner,,Manual,FWD,2179 cc,152.87 bhp,15.1 kmpl,4.0,Yes,7 Seats,1675 kg,200 mm,,70 Litres,
Maruti Suzuki Vitara Brezza,₹10.47 Lakh,Sept 2022,"42,433 Kms",First Owner,Petrol,Manual,FWD,1462 cc,103.26 bhp,17.03 kmpl,4.0,,5 Seats,1110-1130 kg,,48 Litres,,
Hyundai i20,₹10.26 Lakh,Sept 2023,"20,197 Kms",First Owner,Petrol,Automatic,,998 cc,118.36 bhp,20.28 kmpl,3.0,Yes,5 Seats,1260 kg,,37 Litres,,
Volkswagen Taigun,₹12.56 Lakh,Apr 2022,"31,368 Kms",First Owner,,Manual,FWD,999 cc,113.98 bhp,19.2 kmpl,3.0,Yes,5 Seats,1255 kg,188 mm,50 Litres,,
Maruti Suzuki Grand Vitara,₹11.86 Lakh,Oct 2022,"20,941 Kms",First Owner,Petrol,Manual,2WD,1462 cc,101.64 bhp,21.11 kmpl,4.0,,5 Seats,1150 - 1185 kg,,45 Litres,,
Volkswagen Taigun,₹13.85 Lakh,Feb 2023,"17,119 Kms",First Owner,,Automatic,FWD,999 cc,114 bhp,17.23 kmpl,3.0,Yes,5 Seats,1256 kg,188 mm,50 Litres,,
Maruti Suzuki Grand Vitara,₹12 Lakh,Apr 2023,"40,852 Kms",First Owner,,Manual,FWD,1462 cc,101.64 bhp,21.11 kmpl,4.0,,5 Seats,1140-1185 kg,210 mm,45 Litres,,
Maruti Suzuki Grand Vitara,₹12.75 Lakh,Oct 2022,"37,452 Kms",First Owner,Petrol,Manual,2WD,1462 cc,101.64 bhp,21.11 kmpl,4.0,,5 Seats,1150 - 1185 kg,,45 Litres,,
Maruti Suzuki Ertiga,₹12.25 Lakh,Apr 2019,"60,000 Kms",First Owner,Diesel,Manual,FWD,1248 cc,88.50 bhp,25.47 kmpl,4.0,Yes,7 Seats,1245 kg,,,45 Litres,
MG Hector,₹13.99 Lakh,Jun 2021,"14,000 Kms",Second Owner,,Automatic,FWD,1451 cc,141 bhp,9 kmpl,4.0,Yes,5 Seats,1820 kg,192 mm,60 Litres,,
Mahindra XUV500,₹10.49 Lakh,Aug 2017,"70,788 Kms",First Owner,,Automatic,FWD,2179 cc,140 bhp,16 kmpl,4.0,Yes,7 Seats,2020 kg,200 mm,,70 Litres,
Kia Seltos,₹11.65 Lakh,Jan 2021,"32,000 Kms",First Owner,Petrol,Manual,FWD,1497 cc,113.43 bhp,16.8 kmpl,4.0,No,5 Seats,1404 kg,,50 Litres,,
MG Hector,₹13.45 Lakh,Aug 2021,"63,000 Kms",First Owner,,Manual,FWD,1451 cc,141 bhp,10 kmpl,4.0,Yes,5 Seats,1545 kg,192 mm,60 Litres,,
Skoda Slavia,₹13.75 Lakh,Jun 2023,"16,106 Kms",First Owner,Petrol,Manual,FWD,999 cc,113.98 bhp,19 kmpl,3.0,Yes,5 Seats,1160-1216 kg,145 mm,45 Litres,,
Volkswagen Taigun,₹11.45 Lakh,Nov 2021,"51,000 Kms",First Owner,Petrol,Manual,,999 cc,113.98 bhp,20.08 kmpl,3.0,Yes,5 Seats,1255 kg,188 mm,50 Litres,,
9+ used cars for sale from ₹9 Lakh in Bangalore,,,,,,,,,,,,,,,,,,
Maruti Suzuki XL6,₹10.01 Lakh,Aug 2022,"63,393 Kms",First Owner,Petrol,Automatic,FWD,1462 cc,101.64 bhp,,4.0,,6 Seats,1225 kg,,45 Litres,,
69+ used cars for sale from ₹5.50 Lakh in Bangalore,,,,,,,,,,,,,,,,,,
Honda City,₹13.60 Lakh,Apr 2023,"32,147 Kms",First Owner,Petrol,Automatic,FWD,1498 cc,119.35 bhp,18.4 kmpl,4.0,,5 Seats,1153 kg,,,,
Honda City,₹11.84 Lakh,Dec 2022,"34,083 Kms",First Owner,Petrol,Manual,,1498 cc,119.35 bhp,18.6 kmpl,4.0,,5 Seats,1107-1153 kg,,40 Litres,,
Skoda Slavia,₹14.75 Lakh,Jan 2022,"36,000 Kms",First Owner,Petrol,Automatic,FWD,1498 cc,147.52 bhp,18.41 kmpl,4.0,Yes,5 Seats,1278 kg,179 mm,45 Litres,,
Honda Elevate,₹15 Lakh,Jan 2023,"20,293 Kms",First Owner,Petrol,Automatic,FWD,1498 cc,119 bhp,16.92 kmpl,4.0,,5 Seats,1213 kg,,40 Litres,,
Honda City,₹11.99 Lakh,Jun 2020,"13,645 Kms",First Owner,Petrol,Automatic,,1498 cc,119.35 bhp,18.3 kmpl,4.0,,5 Seats,1107-1153 kg,,40 Litres,,
Honda City,₹11.80 Lakh,Apr 2024,"8,586 Kms",First Owner,Petrol,Manual,FWD,1498 cc,119.35 bhp,17.8 kmpl,4.0,,5 Seats,1107 kg,,40 Litres,,
Kia Seltos,₹13.45 Lakh,Jun 2023,"46,705 Kms",First Owner,Petrol,Manual,2WD,1497 cc,113.42 bhp,17 kmpl,4.0,No,5 Seats,,,50 Litres,,
MG Hector,₹13.50 Lakh,Nov 2019,"47,000 Kms",First Owner,,Automatic,FWD,1451 cc,141 bhp,13.96 kmpl,4.0,Yes,5 Seats,1800 kg,183 mm,60 Litres,,
Maruti Suzuki Grand Vitara,₹10.95 Lakh,Oct 2024,"6,000 Kms",First Owner,,Manual,FWD,1462 cc,101.64 bhp,21.11 kmpl,4.0,,5 Seats,1140-1185 kg,210 mm,45 Litres,,
Hyundai Grand i10,₹4.08 Lakh,Apr 2015,"79,805 Kms",First Owner,Petrol,Manual,FWD,1197 cc,81.86 bhp,18.9 kmpl,4.0,No,5 Seats,1060 kg,165 mm,43 Litres,,
Hyundai Grand i10,₹4.60 Lakh,Aug 2016,"1,11,842 Kms",First Owner,Petrol,Automatic,FWD,1197 cc,82 bhp,18.9 kmpl,4.0,No,5 Seats,935 kg,165 mm,43 Litres,,
Hyundai Grand i10,₹4.58 Lakh,May 2017,"1,12,554 Kms",First Owner,Petrol,Manual,FWD,1197 cc,81.86 bhp,18.9 kmpl,4.0,No,5 Seats,1060 kg,165 mm,43 Litres,,
Maruti Suzuki Celerio,₹3.44 Lakh,Apr 2017,"74,860 Kms",Third Owner,Petrol,Manual,FWD,998 cc,67.05 bhp,21.63 kmpl,3.0,No,5 Seats,835 kg,165 mm,35 Litres,,
Maruti Suzuki S Cross,₹8 Lakh,Mar 2022,"70,425 Kms",First Owner,Petrol,Manual,FWD,1462 cc,103.25 bhp,18.55 kmpl,4.0,,5 Seats,1130-1170 kg,,48 Litres,,
Hyundai Santro Xing,₹3.40 Lakh,Mar 2014,"12,000 Kms",First Owner,Petrol,Manual,FWD,1086 cc,62.1 bhp,17.92 kmpl,3.0,No,5 Seats,825 kg,,35 Litres,,
Tata Zest,₹3.55 Lakh,Feb 2015,"33,000 Kms",Second Owner,Petrol,Manual,FWD,1193 cc,88.7 bhp,17.57 kmpl,4.0,Yes,5 Seats,1115 kg,170 mm,44 Litres,,
Renault Triber,₹5.60 Lakh,Dec 2019,"78,000 Kms",Second Owner,Petrol,Manual,FWD,999 cc,72 bhp,20 kmpl,3.0,No,7 Seats,947 kg,182 mm,40 Litres,,
Kia Seltos,₹13.85 Lakh,Jun 2022,"51,325 Kms",First Owner,Petrol,Automatic,FWD,1353 cc,138.08 bhp,16.5 kmpl,4.0,Yes,5 Seats,1535 kg,,50 Litres,,
Honda Jazz,₹4.80 Lakh,Aug 2016,"97,020 Kms",First Owner,Petrol,Automatic,FWD,1199 cc,88.7 bhp,19 kmpl,4.0,No,5 Seats,1066 kg,165 mm,40 Litres,,
Maruti Suzuki S Cross,₹6.95 Lakh,Mar 2016,"49,000 Kms",First Owner,,Manual,FWD,1248 cc,88.5 bhp,23.65 kmpl,4.0,Yes,5 Seats,1240 kg,180 mm,,48 Litres,
Hyundai Venue N Line,₹12.70 Lakh,Jan 2023,"31,000 Kms",First Owner,Petrol,Automatic,FWD,998 cc,118.41 bhp,18 kmpl,3.0,YES,5 Seats,,,45 Litres,,
Skoda Kushaq,₹13.99 Lakh,Jun 2022,"27,400 Kms",First Owner,,Automatic,FWD,999 cc,113.98 bhp,17.2 kmpl,3.0,Yes,5 Seats,1245-1280 kg,188 mm,50 Litres,,
Maruti Suzuki Celerio,₹4 Lakh,Jan 2017,"61,253 Kms",First Owner,Petrol,Manual,FWD,998 cc,67.04 bhp,23.1 kmpl,3.0,No,5 Seats,835 kg,120 mm,35 Litres,,
Maruti Suzuki S Cross,₹7.99 Lakh,Jun 2020,"30,515 Kms",Second Owner,Petrol,Manual,FWD,1462 cc,103.25 bhp,18.55 kmpl,4.0,,5 Seats,1130-1170 kg,,48 Litres,,
Maruti Suzuki S Cross,₹5.85 Lakh,Jan 2016,"68,000 Kms",Second Owner,,Manual,FWD,1248 cc,88.5 bhp,23.65 kmpl,4.0,Yes,5 Seats,1230 kg,180 mm,,48 Litres,
Ford Ecosport,₹5.25 Lakh,Feb 2016,"42,000 Kms",Second Owner,,Manual,FWD,999 cc,123.37 bhp,18.88 kmpl,3.0,Yes,5 Seats,1290 kg,200 mm,52 Litres,,
Kia Seltos,₹14.25 Lakh,Jun 2022,"23,936 Kms",First Owner,Petrol,Automatic,FWD,1497 cc,113.43 bhp,,4.0,No,5 Seats,1400 kg,,50 Litres,,
Honda Jazz,₹4.80 Lakh,Aug 2016,"59,912 Kms",First Owner,Petrol,Automatic,FWD,1199 cc,88.7 bhp,19 kmpl,4.0,No,5 Seats,1066 kg,165 mm,40 Litres,,
Maruti Suzuki S Cross,₹7.50 Lakh,Apr 2022,"81,430 Kms",Second Owner,Petrol,Manual,FWD,1462 cc,103.25 bhp,18.55 kmpl,4.0,,5 Seats,1130-1170 kg,,48 Litres,,
Maruti Suzuki Celerio,₹3.35 Lakh,Apr 2015,"85,236 Kms",First Owner,Petrol,Manual,FWD,998 cc,67.04 bhp,23.1 kmpl,3.0,No,5 Seats,835 kg,120 mm,35 Litres,,
Hyundai Grand i10,₹3.99 Lakh,Jun 2013,"27,393 Kms",First Owner,Petrol,Manual,FWD,1197 cc,82 bhp,18.9 kmpl,4.0,No,5 Seats,935 kg,165 mm,43 Litres,,
Renault Triber,₹5.90 Lakh,Oct 2019,"22,000 Kms",First Owner,Petrol,Manual,FWD,999 cc,72 bhp,20 kmpl,3.0,No,7 Seats,947 kg,182 mm,40 Litres,,
Ford Ecosport,₹5.50 Lakh,Mar 2014,"72,800 Kms",Second Owner,,Manual,FWD,1499 cc,110 bhp,15.8 kmpl,4.0,No,5 Seats,1290 kg,200 mm,52 Litres,,
Nissan Terrano,₹6.75 Lakh,Jan 2016,"1,11,000 Kms",Second Owner,,Manual,FWD,1461 cc,83.8 bhp,20.45 kmpl,4.0,Yes,5 Seats,1330 kg,205 mm,,50 Litres,
Maruti Suzuki Alto K10,₹3.45 Lakh,Jun 2019,"53,000 Kms",Second Owner,Petrol,Manual,FWD,998 cc,67.05 bhp,23.95 kmpl,3.0,No,5 Seats,784 kg,160 mm,35 Litres,,
Ford Ecosport,₹6.70 Lakh,Nov 2017,"28,500 Kms",Second Owner,,Manual,FWD,1497 cc,121.31 bhp,17 kmpl,3.0,No,5 Seats,1242 kg,200 mm,52 Litres,,
Maruti Suzuki Wagon R,₹4.35 Lakh,Sept 2017,"60,000 Kms",Second Owner,Petrol,Automatic,FWD,998 cc,67 bhp,20.51 kmpl,3.0,No,5 Seats,895 kg,165 mm,35 Litres,,
Renault Koleos,₹6.75 Lakh,Oct 2014,"1,06,000 Kms",Second Owner,,Manual,4WD,1995 cc,170.6 bhp,16.26 kmpl,4.0,Yes,5 Seats,1750 kg,206 mm,,65 Litres,
Volkswagen Vento,₹5.45 Lakh,Feb 2014,"79,000 Kms",First Owner,Petrol,Automatic,FWD,1197 cc,103.2 bhp,16.93 kmpl,4.0,Yes,5 Seats,1174 kg,168 mm,55 Litres,,
Kia Seltos,₹16.99 Lakh,Nov 2023,"45,000 Kms",First Owner,Diesel,Automatic,2WD,1493 cc,114.41 bhp,19.1 kmpl,4.0,Yes,5 Seats,,,,50 Litres,
Kia Seltos,₹8.45 Lakh,Jun 2020,"68,000 Kms",Second Owner,Petrol,Manual,FWD,1497 cc,113.43 bhp,16.8 kmpl,4.0,No,5 Seats,1340 kg,,50 Litres,,
Volkswagen Vento,₹5.75 Lakh,Jan 2026,"1,20,000 Kms",Second Owner,Diesel,Manual,FWD,1498 cc,108.6 bhp,22.27 kmpl,4.0,Yes,5 Seats,1216 kg,163 mm,,55 Litres,
Honda Jazz,₹4.75 Lakh,Oct 2017,"1,11,800 Kms",Third Owner,Petrol,Manual,FWD,1199 cc,88.7 bhp,18.7 kmpl,4.0,No,5 Seats,1042 kg,165 mm,40 Litres,,
Hyundai Grand i10,₹4.01 Lakh,Jan 2018,"72,981 Kms",First Owner,Petrol,Manual,FWD,1197 cc,81.86 bhp,18.9 kmpl,4.0,No,5 Seats,1060 kg,165 mm,43 Litres,,
Maruti Suzuki Celerio X,₹3.36 Lakh,Nov 2018,"96,056 Kms",First Owner,Petrol,Automatic,FWD,998 cc,67 bhp,21.63 kmpl,3.0,No,5 Seats,850 kg,165 mm,35 Litres,,
Hyundai Grand i10,₹3.89 Lakh,Mar 2014,"34,078 Kms",First Owner,Petrol,Manual,FWD,1197 cc,81.86 bhp,18.9 kmpl,4.0,No,5 Seats,1100 kg,165 mm,43 Litres,,
Hyundai Grand i10,₹4.08 Lakh,Apr 2015,"90,361 Kms",Second Owner,Petrol,Manual,FWD,1197 cc,81.86 bhp,18.9 kmpl,4.0,No,5 Seats,1060 kg,165 mm,43 Litres,,
Tata Zest,₹3.66 Lakh,May 2016,"1,15,756 Kms",Second Owner,Petrol,Manual,FWD,1193 cc,88.7 bhp,17.57 kmpl,4.0,Yes,5 Seats,1115 kg,170 mm,44 Litres,,
Hyundai Grand i10,₹3.86 Lakh,Jun 2015,"95,032 Kms",First Owner,Petrol,Manual,FWD,1197 cc,81.86 bhp,18.9 kmpl,4.0,No,5 Seats,1120 kg,165 mm,43 Litres,,
Tata Tiago,₹4.41 Lakh,Apr 2018,"70,072 Kms",First Owner,Petrol,Manual,FWD,1199 cc,84 bhp,23.84 kmpl,3.0,No,5 Seats,1012 kg,170 mm,35 Litres,,
99+ used cars for sale from ₹2.50 Lakh in Bangalore,,,,,,,,,,,,,,,,,,
Tata Zest,₹3.74 Lakh,Aug 2016,"1,05,927 Kms",Second Owner,Petrol,Manual,FWD,1193 cc,88.7 bhp,17.57 kmpl,4.0,Yes,5 Seats,1115 kg,170 mm,44 Litres,,
Honda Jazz,₹4.23 Lakh,Jan 2016,"1,11,785 Kms",Second Owner,Petrol,Automatic,FWD,1199 cc,88.7 bhp,19 kmpl,4.0,No,5 Seats,1066 kg,165 mm,40 Litres,,
Kia Seltos,₹10.45 Lakh,May 2022,"53,156 Kms",Second Owner,Petrol,Manual,FWD,1353 cc,138.08 bhp,16.5 kmpl,4.0,Yes,5 Seats,1515 kg,,50 Litres,,
Hyundai Grand i10,₹4.41 Lakh,Dec 2017,"53,320 Kms",First Owner,Petrol,Manual,FWD,1197 cc,81.86 bhp,18.9 kmpl,4.0,No,5 Seats,1100 kg,165 mm,43 Litres,,
Hyundai Grand i10,₹3.85 Lakh,Dec 2018,"1,08,422 Kms",First Owner,Petrol,Manual,FWD,1197 cc,81.86 bhp,18.9 kmpl,4.0,No,5 Seats,1100 kg,165 mm,43 Litres,,
Hyundai i20,₹5.39 Lakh,Aug 2015,"1,11,912 Kms",First Owner,Diesel,Manual,FWD,1396 cc,88.73 bhp,22.54 kmpl,4.0,Yes,5 Seats,1515 kg,170 mm,,45 Litres,
Ford Aspire,₹3.29 Lakh,Jan 2016,"1,14,608 Kms",Second Owner,Petrol,Manual,FWD,1196 cc,86.8 bhp,18.16 kmpl,4.0,Yes,5 Seats,995-1015 kg,174 mm,42 Litres,,
Honda City,₹3.73 Lakh,Mar 2012,"83,001 Kms",Second Owner,Petrol,Automatic,FWD,1497 cc,,16.8 kmpl,4.0,No,5 Seats,1155 kg,160 mm,42 Litres,,
Hyundai Grand i10,₹4.24 Lakh,Jan 2019,"1,10,383 Kms",First Owner,Petrol,Manual,FWD,1197 cc,81.86 bhp,18.9 kmpl,4.0,No,5 Seats,1100 kg,165 mm,43 Litres,,
Hyundai Grand i10,₹4.48 Lakh,Mar 2017,"1,08,848 Kms",First Owner,Petrol,Manual,FWD,1197 cc,81.86 bhp,18.9 kmpl,4.0,No,5 Seats,1060 kg,165 mm,43 Litres,,
Hyundai Grand i10,₹4.32 Lakh,Dec 2017,"82,436 Kms",Second Owner,Petrol,Automatic,FWD,1197 cc,81.86 bhp,18.9 kmpl,4.0,No,5 Seats,1200 kg,165 mm,43 Litres,,
Honda Jazz,₹4.83 Lakh,Oct 2015,"88,001 Kms",First Owner,Petrol,Automatic,FWD,1199 cc,88.7 bhp,19 kmpl,4.0,No,5 Seats,1066 kg,165 mm,40 Litres,,
Kia Seltos,₹14.71 Lakh,Apr 2022,"43,706 Kms",First Owner,Diesel,Manual,FWD,1493 cc,113.43 bhp,20.8 kmpl,4.0,Yes,5 Seats,1535 kg,,,50 Litres,
Hyundai Grand i10,₹3.45 Lakh,Feb 2014,"1,01,277 Kms",First Owner,Petrol,Manual,FWD,1197 cc,81.86 bhp,18.9 kmpl,4.0,No,5 Seats,1100 kg,165 mm,43 Litres,,
Tata Zest,₹4.03 Lakh,Apr 2017,"81,757 Kms",Second Owner,Petrol,Manual,FWD,1193 cc,88.7 bhp,17.57 kmpl,4.0,Yes,5 Seats,1115 kg,170 mm,44 Litres,,
Kia Seltos,₹13.35 Lakh,Apr 2022,"1,03,532 Kms",First Owner,Diesel,Manual,FWD,1493 cc,113.43 bhp,20.8 kmpl,4.0,Yes,5 Seats,1535 kg,,,50 Litres,
Maruti Suzuki S Cross,₹5.01 Lakh,Feb 2017,"94,366 Kms",Second Owner,,Manual,FWD,1248 cc,88.5 bhp,23.65 kmpl,4.0,Yes,5 Seats,1230 kg,180 mm,,48 Litres,
Volkswagen Vento,₹5.29 Lakh,Aug 2017,"84,972 Kms",First Owner,Petrol,Automatic,FWD,1197 cc,103.2 bhp,18.19 kmpl,4.0,Yes,5 Seats,1179 kg,163 mm,55 Litres,,
Hyundai Grand i10,₹4.13 Lakh,May 2016,"35,994 Kms",Second Owner,Petrol,Manual,FWD,1197 cc,81.86 bhp,18.9 kmpl,4.0,No,5 Seats,1120 kg,165 mm,43 Litres,,
Hyundai Grand i10,₹3.42 Lakh,Apr 2014,"1,31,661 Kms",First Owner,Petrol,Manual,FWD,1197 cc,81.86 bhp,18.9 kmpl,4.0,No,5 Seats,1100 kg,165 mm,43 Litres,,
Hyundai Grand i10,₹4.06 Lakh,Feb 2018,"55,945 Kms",Second Owner,Petrol,Manual,FWD,1197 cc,81.86 bhp,18.9 kmpl,4.0,No,5 Seats,1100 kg,165 mm,43 Litres,,
Hyundai Grand i10,₹3.78 Lakh,Jul 2015,"59,516 Kms",Second Owner,Petrol,Manual,FWD,1197 cc,81.86 bhp,18.9 kmpl,4.0,No,5 Seats,1120 kg,165 mm,43 Litres,,
18+ used cars for sale from ₹3.68 Lakh in Bangalore,,,,,,,,,,,,,,,,,,
Kia Seltos,₹10.35 Lakh,Jan 2020,"70,127 Kms",First Owner,Petrol,Automatic,FWD,1353 cc,138.08 bhp,16.5 kmpl,4.0,Yes,5 Seats,1535 kg,,50 Litres,,
Volkswagen Ameo,₹3.65 Lakh,Aug 2016,"55,453 Kms",Second Owner,Petrol,Manual,FWD,1198 cc,73.75 bhp,17 kmpl,3.0,No,5 Seats,1069 kg,163 mm,45 Litres,,
Renault Triber,₹3.87 Lakh,Feb 2020,"84,521 Kms",Third Owner,Petrol,Manual,FWD,999 cc,71.01 bhp,20 kmpl,3.0,,7 Seats,,182 mm,40 Litres,,
Tata Zest,₹3.09 Lakh,Jan 2015,"86,702 Kms",First Owner,Petrol,Manual,FWD,1193 cc,88.7 bhp,17.57 kmpl,4.0,Yes,5 Seats,1115 kg,170 mm,44 Litres,,
Volkswagen Vento,₹3.27 Lakh,Mar 2013,"94,141 Kms",Second Owner,Petrol,Automatic,FWD,1598 cc,103.6 bhp,14.4 kmpl,4.0,No,5 Seats,1180 kg,168 mm,55 Litres,,
Honda Jazz,₹4.18 Lakh,Mar 2018,"88,389 Kms",Second Owner,Petrol,Automatic,FWD,1199 cc,88.7 bhp,19 kmpl,4.0,No,5 Seats,1066 kg,165 mm,40 Litres,,
Kia Seltos,₹9.31 Lakh,Aug 2020,"76,601 Kms",First Owner,Petrol,Manual,FWD,1497 cc,113.43 bhp,16.8 kmpl,4.0,No,5 Seats,1404 kg,,50 Litres,,
Maruti Suzuki Wagon R,₹3.26 Lakh,Aug 2016,"61,519 Kms",First Owner,Petrol,Automatic,FWD,998 cc,67 bhp,20.51 kmpl,3.0,No,5 Seats,890 kg,165 mm,35 Litres,,
Kia Seltos,₹8.96 Lakh,Oct 2020,"80,017 Kms",First Owner,Petrol,Manual,FWD,1497 cc,113.43 bhp,16.8 kmpl,4.0,No,5 Seats,1404 kg,,50 Litres,,
Skoda Kushaq,₹9.36 Lakh,Sept 2021,"47,450 Kms",First Owner,,Manual,FWD,999 cc,113.98 bhp,19.2 kmpl,3.0,Yes,5 Seats,1195-1255 kg,188 mm,50 Litres,,
Hyundai Grand i10,₹3.36 Lakh,Feb 2017,"36,850 Kms",Second Owner,Petrol,Manual,FWD,1197 cc,82 bhp,18.9 kmpl,4.0,No,5 Seats,935 kg,165 mm,43 Litres,,
Honda Jazz,₹4.08 Lakh,Apr 2019,"1,09,295 Kms",Second Owner,Petrol,Manual,FWD,1199 cc,88.7 bhp,18.2 kmpl,4.0,No,5 Seats,1044 kg,165 mm,40 Litres,,
Maruti Suzuki Ignis,₹3.42 Lakh,May 2017,"56,874 Kms",Third Owner,Petrol,Automatic,FWD,1197 cc,81.80 bhp,20.89 kmpl,4.0,No,5 Seats,855 kg,180 mm,32 Litres,,
Mahindra Bolero Neo,₹8.90 Lakh,Oct 2023,"9,734 Kms",First Owner,,Manual,RWD,1493 cc,98.56 bhp,17.29 kmpl,3.0,Yes,7 Seats,,180 mm,,50 Litres,
Kia Seltos,₹10.40 Lakh,Nov 2019,"44,937 Kms",Second Owner,Petrol,Automatic,FWD,1353 cc,138.08 bhp,16.5 kmpl,4.0,Yes,5 Seats,1535 kg,,50 Litres,,
Volkswagen Vento,₹5.09 Lakh,Sept 2015,"63,138 Kms",First Owner,Petrol,Automatic,FWD,1197 cc,103.2 bhp,16.93 kmpl,4.0,Yes,5 Seats,1174 kg,168 mm,55 Litres,,
Kia Seltos,₹8.68 Lakh,Nov 2021,"69,318 Kms",First Owner,Petrol,Manual,FWD,1497 cc,113.43 bhp,16.8 kmpl,4.0,No,5 Seats,1485 kg,,50 Litres,,
Hyundai Grand i10,₹3.23 Lakh,Jan 2014,"51,631 Kms",Second Owner,Petrol,Manual,FWD,1197 cc,82 bhp,18.9 kmpl,4.0,No,5 Seats,935 kg,165 mm,43 Litres,,
Hyundai i20,₹4.80 Lakh,Mar 2016,"93,830 Kms",Third Owner,Petrol,Manual,FWD,1197 cc,81.83 bhp,18.6 kmpl,4.0,No,5 Seats,1066 kg,170 mm,45 Litres,,
Hyundai Grand i10,₹4.03 Lakh,Sept 2016,"63,796 Kms",Second Owner,Petrol,Automatic,FWD,1197 cc,82 bhp,18.9 kmpl,4.0,No,5 Seats,935 kg,165 mm,43 Litres,,
Kia Seltos,₹11.81 Lakh,Oct 2019,"71,129 Kms",First Owner,Petrol,Automatic,FWD,1353 cc,138.08 bhp,16.5 kmpl,4.0,Yes,5 Seats,1535 kg,,50 Litres,,
Hyundai Grand i10,₹3.17 Lakh,Feb 2015,"74,697 Kms",First Owner,Petrol,Manual,FWD,1197 cc,82 bhp,18.9 kmpl,4.0,No,5 Seats,935 kg,165 mm,43 Litres,,
Mercedes-Benz C-Class,₹31.21 Lakh,Oct 2021,"48,190 Kms",First Owner,Petrol,Automatic,RWD,1950 cc,201.15 bhp,,4.0,Yes,5 Seats,1655 kg,157 mm,66 Litres,,
Toyota Vellfire,₹1.07 Crore,Jul 2023,"9,200 Kms",First Owner,Petrol,Automatic,AWD,2487 cc,190.42 bhp,,4.0,,7 Seats,,,60 Litres,,
Mercedes-Benz GLC,₹35.75 Lakh,Mar 2026,"1,34,168 Kms",First Owner,Diesel,Automatic,AWD,1950 cc,194 bhp,,4.0,Yes,5 Seats,1745 kg,,,66 Litres,
Mercedes-Benz GLE,₹35 Lakh,Jul 2018,"1,35,000 Kms",First Owner,,Automatic,AWD,2143 cc,201.15 bhp,17.9 kmpl,4.0,Yes,5 Seats,2150 kg,200 mm,,93 Litres,
Audi Q7,₹35 Lakh,Jan 2017,"1,30,000 Kms",Second Owner,,Automatic,AWD,2967 cc,245 bhp,14.75 kmpl,4.0,Yes,7 Seats,2330 kg,205 mm,,85 Litres,
Mercedes-Benz GLC,₹49.75 Lakh,Oct 2022,"45,193 Kms",First Owner,Diesel,Automatic,AWD,1950 cc,194 bhp,,4.0,Yes,5 Seats,1745 kg,,,66 Litres,
Mercedes-Benz GLC,₹49.99 Lakh,Oct 2022,"45,126 Kms",First Owner,Diesel,Automatic,AWD,1950 cc,194 bhp,,4.0,Yes,5 Seats,1745 kg,,,66 Litres,
Mercedes-Benz GLC,₹48.95 Lakh,Jan 2022,"45,000 Kms",First Owner,Diesel,Automatic,AWD,1950 cc,194 bhp,,4.0,Yes,5 Seats,1745 kg,,,66 Litres,
BMW M Series,₹33.94 Lakh,Jul 2023,"19,844 Kms",First Owner,Petrol,Automatic,RWD,4395 cc,558 bhp,,8.0,Yes,4 Seats,2020 kg,107 mm,80 Litres,,
BMW X5,₹38.99 Lakh,Aug 2017,"63,000 Kms",Second Owner,Diesel,Automatic,4WD,2993 cc,258 bhp,,6.0,Yes,5 Seats,2060 kg,209 mm,,85 Litres,
Mahindra Scorpio N,₹19.70 Lakh,Jan 2023,"33,034 Kms",First Owner,Diesel,Automatic,RWD,2198 cc,172.45 bhp,15.42 kmpl,4.0,Yes,7 Seats,,,,,
Used Cars in Bangalore With Search Options,,,,,,,,,,,,,,,,,,
Tata Safari,₹17.85 Lakh,Apr 2021,"62,153 Kms",First Owner,Diesel,Automatic,,1956 cc,167.67 bhp,14.08 kmpl,4.0,Yes,7 Seats,1825 kg,,,50 Litres,
Kia Seltos,₹19.45 Lakh,Oct 2024,"5,756 Kms",First Owner,Petrol,Automatic,2WD,1482 cc,157.81 bhp,17.9 kmpl,4.0,Yes,5 Seats,,,50 Litres,,
Kia Seltos,₹19.45 Lakh,Sept 2024,"17,133 Kms",First Owner,Petrol,Automatic,2WD,1482 cc,157.81 bhp,17.9 kmpl,4.0,Yes,5 Seats,,,50 Litres,,
MG Hector,₹15.95 Lakh,Mar 2022,"34,870 Kms",First Owner,,Automatic,FWD,1451 cc,141 bhp,9 kmpl,4.0,Yes,5 Seats,1820 kg,192 mm,60 Litres,,
Maruti Suzuki Grand Vitara,₹16.25 Lakh,Mar 2023,"41,256 Kms",First Owner,Petrol,Automatic,2WD,1490 cc,91.18 bhp,27.97 kmpl,3.0,,5 Seats,1290 - 1295 kg,,45 Litres,,
Skoda Octavia,₹15.90 Lakh,Jul 2018,"57,000 Kms",First Owner,Petrol,Automatic,FWD,1798 cc,178 bhp,15.1 kmpl,4.0,Yes,5 Seats,1376 kg,110 mm,50 Litres,,
Volkswagen Taigun,₹16.99 Lakh,Jun 2025,"2,257 Kms",First Owner,,Automatic,FWD,999 cc,114 bhp,17.23 kmpl,3.0,Yes,5 Seats,1285 kg,188 mm,50 Litres,,
Land Rover Discovery Sport,₹20 Lakh,Jan 2016,"1,27,000 Kms",Second Owner,Diesel,Automatic,4WD,1999 cc,148.31 bhp,,4.0,Yes,7 Seats,1775 kg,212 mm,,65 Litres,
Maruti Suzuki Grand Vitara,₹16.99 Lakh,Jun 2023,"28,084 Kms",First Owner,,Automatic,FWD,1490 cc,91.18 bhp,27.97 kmpl,3.0,,5 Seats,1260-1275 kg,210 mm,45 Litres,,
Audi Q7,₹18.50 Lakh,Jun 2014,"94,000 Kms",Third Owner,Diesel,Automatic,AWD,2967 cc,241.4 bhp,,6.0,Yes,7 Seats,2345 kg,205 mm,,100 Litres,
Toyota Innova Crysta,₹16 Lakh,Dec 2016,"1,09,374 Kms",First Owner,Diesel,Automatic,RWD,2755 cc,171.5 bhp,,4.0,Yes,7 Seats,1830 kg,,,55 Litres,
Toyota Innova Crysta,₹16.25 Lakh,Sept 2016,"2,12,171 Kms",First Owner,Diesel,Automatic,RWD,2755 cc,171.5 bhp,,4.0,Yes,7 Seats,1880 kg,,,55 Litres,
Toyota Innova Crysta,₹18.75 Lakh,May 2016,"1,02,708 Kms",First Owner,Diesel,Automatic,RWD,2755 cc,171.5 bhp,,4.0,Yes,7 Seats,1880 kg,,,55 Litres,
Toyota Innova Crysta,₹18.75 Lakh,Sept 2017,"77,096 Kms",Second Owner,Diesel,Automatic,RWD,2755 cc,171.5 bhp,,4.0,Yes,7 Seats,1880 kg,,,55 Litres,
Toyota Innova Crysta,₹18.50 Lakh,Mar 2017,"75,000 Kms",Second Owner,Diesel,Manual,RWD,2393 cc,147.8 bhp,,4.0,Yes,7 Seats,1855 kg,,,55 Litres,
Mercedes-Benz E-Class,₹21.75 Lakh,Aug 2016,"42,628 Kms",First Owner,Diesel,Automatic,RWD,2143 cc,204 bhp,,4.0,Yes,5 Seats,1800 kg,123 mm,,80 Litres,
Mahindra XUV700,₹21 Lakh,Mar 2022,"33,700 Kms",First Owner,Petrol,Manual,FWD,1999 cc,197.13 bhp,13 kmpl,4.0,Yes,7 Seats,1855 kg,,60 Litres,,
Mahindra XUV700,₹21.50 Lakh,Jun 2023,"61,537 Kms",Second Owner,Diesel,Manual,FWD,2198 cc,182 bhp,17 kmpl,4.0,Yes,7 Seats,,,,60 Litres,
Mercedes-Benz E-Class,₹21.75 Lakh,Mar 2016,"42,000 Kms",First Owner,Diesel,Automatic,RWD,2143 cc,204 bhp,,4.0,Yes,5 Seats,1800 kg,123 mm,,80 Litres,
Mercedes-Benz C-Class,₹30 Lakh,Feb 2021,"68,000 Kms",First Owner,Diesel,Automatic,RWD,1950 cc,194 bhp,,4.0,Yes,5 Seats,1655 kg,157 mm,,66 Litres,
Toyota Innova Crysta,₹20.95 Lakh,Oct 2022,"30,920 Kms",Second Owner,Petrol,Automatic,RWD,2694 cc,163.60 bhp,,4.0,,7 Seats,1790 kg,,65 Litres,,
Ford Figo,₹2.65 Lakh,Feb 2012,"50,033 Kms",First Owner,Petrol,Manual,FWD,1194 cc,94.93 bhp,20.4 kmpl,3.0,No,5 Seats,980 kg,174 mm,42 Litres,,
Renault KWID,₹2.21 Lakh,May 2017,"1,05,301 Kms",First Owner,Petrol,Automatic,FWD,999 cc,67 bhp,24.04 kmpl,3.0,No,5 Seats,730 kg,180 mm,28 Litres,,
Ford Figo,₹2.61 Lakh,Feb 2012,"63,077 Kms",First Owner,Petrol,Manual,FWD,1194 cc,94.93 bhp,20.4 kmpl,3.0,No,5 Seats,980 kg,174 mm,42 Litres,,
Renault KWID,₹2.51 Lakh,Oct 2018,"40,966 Kms",Second Owner,Petrol,Manual,FWD,799 cc,53.3 bhp,25.17 kmpl,3.0,No,5 Seats,710 kg,180 mm,28 Litres,,
Ford Figo,₹2.34 Lakh,Apr 2011,"58,874 Kms",Second Owner,Petrol,Manual,FWD,1194 cc,94.93 bhp,20.4 kmpl,3.0,No,5 Seats,980 kg,174 mm,42 Litres,,
Ford Figo,₹2.54 Lakh,Jun 2011,"41,971 Kms",First Owner,Petrol,Manual,FWD,1194 cc,94.93 bhp,20.4 kmpl,3.0,No,5 Seats,980 kg,174 mm,42 Litres,,
Hyundai i10,₹2.17 Lakh,Apr 2011,"1,20,172 Kms",First Owner,Petrol,Manual,FWD,1197 cc,78.9 bhp,20.36 kmpl,4.0,No,5 Seats,930 kg,165 mm,35 Litres,,
Hyundai i10,₹2.99 Lakh,Mar 2014,"1,40,000 Kms",First Owner,Petrol,Manual,FWD,1086 cc,68.05 bhp,19.81 kmpl,4.0,No,5 Seats,900 kg,165 mm,35 Litres,,
Honda Brio,₹2.19 Lakh,Mar 2013,"62,317 Kms",First Owner,Petrol,Manual,FWD,1198 cc,86.8 bhp,19.4 kmpl,4.0,No,5 Seats,925 kg,165 mm,35 Litres,,
Hyundai i10,₹2.85 Lakh,Aug 2012,"79,547 Kms",First Owner,Petrol,Manual,FWD,1197 cc,78.9 bhp,20.36 kmpl,4.0,No,5 Seats,930 kg,165 mm,35 Litres,,
Renault KWID,₹2.73 Lakh,Nov 2021,"21,616 Kms",Third Owner,Petrol,Manual,,799 cc,53.26 bhp,22.25 kmpl,3.0,,5 Seats,690 kg,184 mm,28 Litres,,
Renault KWID,₹2.33 Lakh,Dec 2016,"43,085 Kms",Second Owner,Petrol,Automatic,FWD,999 cc,67 bhp,24.04 kmpl,3.0,No,5 Seats,730 kg,180 mm,28 Litres,,
Maruti Suzuki Wagon R,₹2.30 Lakh,Mar 2013,"1,00,092 Kms",First Owner,Petrol,Manual,FWD,998 cc,67.1 bhp,18.9 kmpl,3.0,No,5 Seats,885 kg,165 mm,35 Litres,,
Honda City,₹2.82 Lakh,Dec 2012,"80,063 Kms",Second Owner,Petrol,Manual,FWD,1497 cc,116.4 bhp,16.8 kmpl,4.0,No,5 Seats,1100 kg,165 mm,42 Litres,,
Hyundai i10,₹2.81 Lakh,Aug 2013,"1,31,752 Kms",First Owner,Petrol,Manual,FWD,1197 cc,78.9 bhp,20.36 kmpl,4.0,No,5 Seats,930 kg,165 mm,35 Litres,,
Hyundai i10,₹2.57 Lakh,Oct 2011,"76,203 Kms",First Owner,Petrol,Manual,FWD,1197 cc,78.9 bhp,20.36 kmpl,4.0,No,5 Seats,930 kg,165 mm,35 Litres,,
Maruti Suzuki Swift,₹2.83 Lakh,Mar 2013,"1,33,984 Kms",Second Owner,Diesel,Manual,FWD,1248 cc,74 bhp,22.9 kmpl,4.0,Yes,5 Seats,1060 kg,170 mm,,43 Litres,
Hyundai Grand i10,₹2.87 Lakh,Mar 2015,"91,425 Kms",Second Owner,Petrol,Automatic,FWD,1197 cc,82 bhp,18.9 kmpl,4.0,No,5 Seats,935 kg,165 mm,43 Litres,,
Hyundai i10,₹2.65 Lakh,Jun 2013,"55,385 Kms",Third Owner,Petrol,Automatic,FWD,1197 cc,78.9 bhp,16.95 kmpl,4.0,No,5 Seats,990 kg,165 mm,35 Litres,,
Honda Brio,₹2.30 Lakh,May 2013,"39,047 Kms",First Owner,Petrol,Manual,FWD,1198 cc,86.8 bhp,19.4 kmpl,4.0,No,5 Seats,915 kg,165 mm,35 Litres,,
Tata Tiago,₹2.91 Lakh,Jan 2018,"82,116 Kms",Second Owner,Petrol,Automatic,FWD,1199 cc,84 bhp,23.84 kmpl,3.0,No,5 Seats,980 kg,170 mm,35 Litres,,
Mahindra KUV 100,₹2.30 Lakh,May 2017,"91,957 Kms",First Owner,,Manual,FWD,1198 cc,82 bhp,18.15 kmpl,3.0,No,6 Seats,1155 kg,170 mm,35 Litres,,
Ford Figo,₹2.32 Lakh,Nov 2012,"66,486 Kms",Second Owner,Petrol,Manual,FWD,1194 cc,94.93 bhp,20.4 kmpl,3.0,No,5 Seats,980 kg,174 mm,42 Litres,,
Audi Q3,₹36.52 Lakh,Jan 2023,"26,432 Kms",First Owner,Petrol,Automatic,AWD,1984 cc,187.74 bhp,10.14 kmpl,4.0,,5 Seats,1700 kg,,62 Litres,,
Mercedes-Benz GLC,₹38.45 Lakh,Mar 2020,"43,808 Kms",First Owner,Petrol,Automatic,AWD,1991 cc,197 bhp,,4.0,No,5 Seats,1585 kg,,66 Litres,,
BMW X3,₹59.75 Lakh,May 2023,"39,000 Kms",First Owner,Diesel,Automatic,4WD,1995 cc,187.74 bhp,,4.0,Twin,5 Seats,1865 kg,,,65 Litres,
Toyota Vellfire,₹1.07 Crore,Feb 2023,"9,200 Kms",First Owner,Petrol,Automatic,AWD,2487 cc,190.42 bhp,,4.0,,7 Seats,,,60 Litres,,
BMW 3 Series Long Wheelbase,₹68.90 Lakh,Nov 2025,111 Kms,First Owner,Petrol,Automatic,RWD,1998 cc,254.79 bhp,,4.0,,5 Seats,1645 kg,,,,
Honda Amaze,₹3.62 Lakh,Mar 2014,"47,398 Kms",First Owner,Petrol,Manual,FWD,1198 cc,86.7 bhp,17.8 kmpl,4.0,No,5 Seats,955 kg,165 mm,35 Litres,,
Hyundai Grand i10,₹4.20 Lakh,Apr 2016,"73,704 Kms",Second Owner,Diesel,Manual,FWD,1186 cc,73.97 bhp,24 kmpl,3.0,No,5 Seats,1100 kg,165 mm,,43 Litres,
Maruti Suzuki Baleno,₹4.70 Lakh,Nov 2018,"70,196 Kms",Second Owner,Petrol,Automatic,FWD,1197 cc,83.1 bhp,21.4 kmpl,4.0,No,5 Seats,935 kg,170 mm,37 Litres,,
Hyundai i20,₹4.18 Lakh,May 2016,"1,13,689 Kms",Second Owner,Diesel,Manual,FWD,1396 cc,88.73 bhp,22.54 kmpl,4.0,Yes,5 Seats,1515 kg,170 mm,,45 Litres,
Maruti Suzuki Baleno,₹5.40 Lakh,Jun 2016,"73,817 Kms",First Owner,Petrol,Automatic,FWD,1197 cc,88.50 bhp,22.94 kmpl,4.0,No,5 Seats,940-960 kg,,37 Litres,,
Hyundai Grand i10,₹4.30 Lakh,Jun 2018,"40,145 Kms",First Owner,Petrol,Automatic,FWD,1197 cc,81.86 bhp,18.9 kmpl,4.0,No,5 Seats,1200 kg,165 mm,43 Litres,,
Volkswagen Polo,₹4.72 Lakh,Aug 2015,"1,04,241 Kms",Second Owner,Petrol,Manual,FWD,1198 cc,73.9 bhp,16.47 kmpl,3.0,No,5 Seats,1055 kg,168 mm,45 Litres,,
Maruti Suzuki Baleno,₹5.26 Lakh,Jun 2016,"50,896 Kms",First Owner,Diesel,Manual,FWD,1248 cc,74 bhp,27.39 kmpl,4.0,Yes,5 Seats,960-985 kg,170 mm,,37 Litres,
Hyundai i20,₹4.18 Lakh,Jan 2014,"1,18,367 Kms",First Owner,Diesel,Manual,FWD,1396 cc,88.73 bhp,22.54 kmpl,4.0,Yes,5 Seats,1515 kg,170 mm,,45 Litres,
Volkswagen Polo,₹4.60 Lakh,Jun 2015,"1,24,416 Kms",First Owner,Petrol,Manual,FWD,1198 cc,73.9 bhp,16.47 kmpl,3.0,No,5 Seats,1030 kg,168 mm,45 Litres,,
Maruti Suzuki Baleno,₹5.50 Lakh,Feb 2017,"60,000 Kms",First Owner,Petrol,Manual,FWD,1197 cc,83.1 bhp,21.4 kmpl,4.0,No,5 Seats,865 kg,170 mm,37 Litres,,
Renault Pulse,₹4.50 Lakh,Apr 2015,"56,000 Kms",Second Owner,Diesel,Manual,FWD,1461 cc,63.1 bhp,23.08 kmpl,4.0,Yes,5 Seats,1080 kg,154 mm,,41 Litres,
Skoda Rapid,₹5.95 Lakh,Mar 2016,"58,000 Kms",First Owner,Petrol,Manual,FWD,1598 cc,103.6 bhp,15 kmpl,4.0,No,5 Seats,1145 kg,168 mm,55 Litres,,
Volkswagen Vento,₹4.55 Lakh,Jan 2013,"47,000 Kms",First Owner,Petrol,Manual,FWD,1598 cc,103.6 bhp,15.04 kmpl,4.0,No,5 Seats,1121 kg,168 mm,55 Litres,,
Hyundai i10,₹3.45 Lakh,Jun 2013,"86,035 Kms",First Owner,Petrol,Manual,FWD,1197 cc,78.9 bhp,20.36 kmpl,4.0,No,5 Seats,960 kg,165 mm,35 Litres,,
Honda City,₹5.59 Lakh,Mar 2015,"63,244 Kms",First Owner,Petrol,Manual,FWD,1497 cc,117.3 bhp,17.8 kmpl,4.0,No,5 Seats,1049 kg,165 mm,40 Litres,,
Honda City,₹5.90 Lakh,May 2014,"63,000 Kms",First Owner,Petrol,Manual,FWD,1497 cc,117.3 bhp,17.4 kmpl,4.0,No,5 Seats,1065 kg,165 mm,40 Litres,,
Honda City,₹3.35 Lakh,May 2011,"99,000 Kms",First Owner,Petrol,Manual,FWD,1497 cc,116.3 bhp,16.8 kmpl,4.0,No,5 Seats,1095 kg,165 mm,42 Litres,,
Volkswagen Polo,₹5.25 Lakh,Aug 2015,"1,08,000 Kms",First Owner,Petrol,Manual,FWD,1198 cc,74 bhp,16.47 kmpl,3.0,No,5 Seats,1053 kg,165 mm,45 Litres,,
Maruti Suzuki Swift,₹5.99 Lakh,Jan 2021,"48,000 Kms",Second Owner,Petrol,Manual,FWD,1197 cc,81.80 bhp,21.21 kmpl,4.0,No,5 Seats,855-885 kg,163 mm,37 Litres,,
Maruti Suzuki Baleno,₹5.65 Lakh,Jun 2016,"70,000 Kms",Second Owner,Diesel,Manual,FWD,1248 cc,74 bhp,27.39 kmpl,4.0,Yes,5 Seats,985 kg,170 mm,,37 Litres,
Honda City,₹5.25 Lakh,Jun 2017,"67,000 Kms",Third Owner,Petrol,Automatic,FWD,1497 cc,117.3 bhp,18 kmpl,4.0,No,5 Seats,1085 kg,165 mm,40 Litres,,
Maruti Suzuki Baleno,₹5.50 Lakh,Sept 2017,"77,000 Kms",First Owner,Petrol,Manual,FWD,1197 cc,83.1 bhp,21.4 kmpl,4.0,No,5 Seats,890 kg,170 mm,37 Litres,,
Volkswagen Polo,₹4.99 Lakh,Mar 2016,"1,38,000 Kms",First Owner,Petrol,Manual,FWD,1199 cc,74 bhp,16.2 kmpl,3.0,No,5 Seats,1044 kg,165 mm,45 Litres,,
Volkswagen Polo,₹3.95 Lakh,Nov 2012,"87,000 Kms",Second Owner,Petrol,Manual,FWD,1198 cc,73.9 bhp,16.47 kmpl,3.0,No,5 Seats,1055 kg,168 mm,45 Litres,,
Volkswagen Polo,₹3.25 Lakh,Mar 2012,"72,000 Kms",Second Owner,Petrol,Manual,FWD,1198 cc,73.9 bhp,16.47 kmpl,3.0,No,5 Seats,1030 kg,168 mm,45 Litres,,
Maruti Suzuki Ertiga,₹5.75 Lakh,Apr 2013,"64,000 Kms",First Owner,Diesel,Manual,FWD,1248 cc,88.8 bhp,20.77 kmpl,4.0,Yes,7 Seats,1235 kg,185 mm,,45 Litres,
Toyota Etios Liva,₹3.15 Lakh,Oct 2013,"68,000 Kms",Second Owner,Petrol,Manual,FWD,1197 cc,78.9 bhp,17.71 kmpl,4.0,No,5 Seats,930 kg,170 mm,45 Litres,,
Hyundai i20,₹4.42 Lakh,Feb 2017,"83,185 Kms",Second Owner,Petrol,Manual,FWD,1197 cc,81.83 bhp,18.6 kmpl,4.0,No,5 Seats,1066 kg,170 mm,45 Litres,,
Honda City,₹3.64 Lakh,Aug 2013,"88,100 Kms",Second Owner,Petrol,Manual,FWD,1497 cc,116.3 bhp,16.8 kmpl,4.0,No,5 Seats,1095 kg,165 mm,42 Litres,,
Honda City,₹4.13 Lakh,Jun 2014,"78,218 Kms",First Owner,Petrol,Manual,FWD,1497 cc,117.3 bhp,17.4 kmpl,4.0,No,5 Seats,1042 kg,165 mm,40 Litres,,
Maruti Suzuki Swift,₹5.27 Lakh,Sept 2021,"25,384 Kms",Third Owner,Petrol,Manual,FWD,1197 cc,88.50 bhp,22.38 kmpl,4.0,,5 Seats,875-905 kg,,37 Litres,,
Hyundai Grand i10,₹3.56 Lakh,Nov 2013,"81,410 Kms",Second Owner,Diesel,Manual,FWD,1186 cc,73.97 bhp,24 kmpl,3.0,No,5 Seats,1100 kg,165 mm,,43 Litres,
Volkswagen Polo,₹4.76 Lakh,Mar 2016,"1,01,346 Kms",First Owner,Petrol,Manual,FWD,1198 cc,73.9 bhp,16.47 kmpl,3.0,No,5 Seats,1030 kg,168 mm,45 Litres,,
Hyundai Grand i10,₹4.37 Lakh,Nov 2017,"17,014 Kms",First Owner,Petrol,Automatic,FWD,1197 cc,81.86 bhp,18.9 kmpl,4.0,No,5 Seats,1100 kg,165 mm,43 Litres,,
Honda City,₹5.60 Lakh,Aug 2016,"96,664 Kms",First Owner,Petrol,Manual,,1497 cc,117.60 bhp,17.4 kmpl,4.0,,5 Seats,1063 kg,,40 Litres,,
Tata Tiago,₹3.22 Lakh,Feb 2018,"66,664 Kms",Second Owner,Petrol,Automatic,FWD,1199 cc,84 bhp,23.84 kmpl,3.0,No,5 Seats,980 kg,170 mm,35 Litres,,
Maruti Suzuki Baleno,₹5.08 Lakh,Jun 2018,"88,778 Kms",First Owner,Petrol,Automatic,FWD,1197 cc,83.1 bhp,21.4 kmpl,4.0,No,5 Seats,935 kg,170 mm,37 Litres,,
Tata Tigor,₹5.28 Lakh,Mar 2021,"38,776 Kms",Second Owner,Petrol,Automatic,,1199 cc,84.82 bhp,19.6 kmpl,3.0,,5 Seats,1032 kg,,35 Litres,,
Volkswagen Polo,₹4.66 Lakh,Aug 2014,"1,06,949 Kms",First Owner,Petrol,Manual,FWD,1198 cc,73.9 bhp,16.47 kmpl,3.0,No,5 Seats,1055 kg,168 mm,45 Litres,,
Volkswagen Polo,₹5.96 Lakh,Aug 2019,"38,824 Kms",Second Owner,Petrol,Manual,FWD,999 cc,75 bhp,18.78 kmpl,3.0,No,5 Seats,1044 kg,165 mm,45 Litres,,
Hyundai Grand i10,₹3.68 Lakh,Apr 2016,"46,393 Kms",First Owner,Petrol,Automatic,FWD,1197 cc,82 bhp,18.9 kmpl,4.0,No,5 Seats,935 kg,165 mm,43 Litres,,
Maruti Suzuki Ertiga,₹5.60 Lakh,Apr 2018,"62,699 Kms",Second Owner,Petrol,Manual,2WD,1462 cc,101.65 bhp,20.51 kmpl,4.0,,7 Seats,1150-1205 kg,,45 Litres,,
Tata Nexon,₹5.50 Lakh,Sept 2018,"1,48,849 Kms",First Owner,Diesel,Automatic,FWD,1497 cc,108.5 bhp,21.5 kmpl,4.0,Yes,5 Seats,1305 kg,,,44 Litres,
Maruti Suzuki Baleno,₹5.65 Lakh,Feb 2018,"88,391 Kms",Second Owner,Diesel,Manual,FWD,1248 cc,74 bhp,27.39 kmpl,4.0,Yes,5 Seats,985 kg,170 mm,,37 Litres,
Volkswagen Polo,₹4.95 Lakh,Oct 2017,"1,10,827 Kms",Third Owner,Petrol,Automatic,FWD,1197 cc,103.5 bhp,17.21 kmpl,4.0,Yes,5 Seats,1109 kg,165 mm,45 Litres,,
Renault KWID,₹3.33 Lakh,Nov 2017,"41,182 Kms",Second Owner,Petrol,Automatic,FWD,999 cc,67 bhp,22 kmpl,3.0,No,5 Seats,750 kg,184 mm,28 Litres,,
Honda Amaze,₹3.89 Lakh,Jun 2014,"66,780 Kms",Second Owner,Petrol,Manual,FWD,1198 cc,86.7 bhp,17.8 kmpl,4.0,No,5 Seats,955 kg,165 mm,35 Litres,,
Honda City,₹4.65 Lakh,Jun 2016,"1,04,442 Kms",Second Owner,Petrol,Manual,FWD,1497 cc,117.3 bhp,17.8 kmpl,4.0,No,5 Seats,1049 kg,165 mm,40 Litres,,
Maruti Suzuki Ertiga,₹4.78 Lakh,Aug 2013,"70,274 Kms",First Owner,Petrol,Manual,2WD,1462 cc,101.65 bhp,20.51 kmpl,4.0,,7 Seats,1150-1205 kg,,45 Litres,,
Mahindra TUV 300,₹5.30 Lakh,Sept 2017,"83,049 Kms",First Owner,,Automatic,RWD,1493 cc,100 bhp,18.49 kmpl,3.0,Yes,7 Seats,1765 kg,184 mm,,60 Litres,
Maruti Suzuki Baleno,₹5.61 Lakh,May 2017,"63,043 Kms",First Owner,Diesel,Manual,FWD,1248 cc,74 bhp,27.39 kmpl,4.0,Yes,5 Seats,960-985 kg,170 mm,,37 Litres,
Volkswagen Polo,₹5 Lakh,Jun 2016,"87,722 Kms",Second Owner,Petrol,Manual,FWD,1198 cc,73.9 bhp,16.47 kmpl,3.0,No,5 Seats,1055 kg,168 mm,45 Litres,,
Volkswagen Polo,₹5.13 Lakh,Nov 2014,"37,760 Kms",First Owner,Petrol,Manual,FWD,1198 cc,73.9 bhp,16.47 kmpl,3.0,No,5 Seats,1055 kg,168 mm,45 Litres,,
Skoda Rapid,₹3.65 Lakh,Jan 2013,"92,991 Kms",Third Owner,Diesel,Manual,FWD,1598 cc,103.5 bhp,20.5 kmpl,4.0,Yes,5 Seats,1205 kg,168 mm,,55 Litres,
Honda City,₹5.45 Lakh,Mar 2015,"84,972 Kms",First Owner,Petrol,Manual,FWD,1497 cc,116.3 bhp,16.8 kmpl,4.0,No,5 Seats,1095 kg,165 mm,42 Litres,,
Hyundai Grand i10,₹5.30 Lakh,Nov 2018,"28,023 Kms",First Owner,Petrol,Automatic,FWD,1197 cc,81.86 bhp,18.9 kmpl,4.0,No,5 Seats,1200 kg,165 mm,43 Litres,,
Maruti Suzuki Ertiga,₹4.25 Lakh,May 2013,"1,14,102 Kms",First Owner,Petrol,Manual,2WD,1462 cc,101.65 bhp,20.51 kmpl,4.0,,7 Seats,1150-1205 kg,,45 Litres,,
Maruti Suzuki Wagon R,₹3.97 Lakh,Jun 2022,"85,913 Kms",First Owner,Petrol,Manual,,998 cc,65.71 bhp,24.35 kmpl,3.0,,5 Seats,810-835 kg,,32 Litres,,
Ford Ecosport,₹4.75 Lakh,May 2015,"66,000 Kms",Second Owner,,Automatic,FWD,1499 cc,110 bhp,16.5 kmpl,4.0,No,5 Seats,1290 kg,200 mm,52 Litres,,
Maruti Suzuki Baleno,₹5.90 Lakh,May 2017,"32,000 Kms",Second Owner,Petrol,Manual,FWD,1197 cc,83.1 bhp,21.4 kmpl,4.0,No,5 Seats,890 kg,170 mm,37 Litres,,
Maruti Suzuki Swift Dzire,₹5.95 Lakh,Jul 2021,"86,045 Kms",First Owner,Petrol,Manual,,1197 cc,88.50 bhp,22.41 kmpl,4.0,,5 Seats,880-915 kg,,37 Litres,,
Honda Brio,₹4.35 Lakh,Dec 2013,"36,000 Kms",First Owner,Petrol,Automatic,FWD,1198 cc,86.8 bhp,16.5 kmpl,4.0,No,5 Seats,970 kg,165 mm,35 Litres,,
Skoda Rapid,₹5.75 Lakh,Jan 2016,"72,000 Kms",First Owner,Diesel,Manual,FWD,1498 cc,103.52 bhp,21.14 kmpl,4.0,Yes,5 Seats,1206 kg,168 mm,,55 Litres,
Fiat Punto,₹4.45 Lakh,Jan 2014,"44,875 Kms",First Owner,Diesel,Manual,FWD,1248 cc,75 bhp,20.3 kmpl,4.0,Yes,5 Seats,1130 kg,185 mm,,45 Litres,
Volkswagen Polo,₹3.65 Lakh,Jan 2011,"73,500 Kms",First Owner,Petrol,Manual,FWD,1198 cc,73.9 bhp,17.24 kmpl,3.0,No,5 Seats,1055 kg,168 mm,45 Litres,,
Maruti Suzuki Alto K10,₹4.58 Lakh,May 2024,"40,253 Kms",First Owner,Petrol,Manual,FWD,998 cc,65.71 bhp,24.39 kmpl,3.0,,5 Seats,,,27 Litres,,
Honda City,₹3.01 Lakh,Sept 2013,"1,01,378 Kms",Second Owner,Petrol,Manual,FWD,1497 cc,116.3 bhp,16.8 kmpl,4.0,No,5 Seats,1095 kg,165 mm,42 Litres,,
Honda City,₹3.71 Lakh,Feb 2016,"87,668 Kms",Second Owner,Petrol,Manual,FWD,1497 cc,117.3 bhp,17.8 kmpl,4.0,No,5 Seats,1049 kg,165 mm,40 Litres,,
Honda Amaze,₹4.45 Lakh,May 2015,"77,000 Kms",First Owner,Diesel,Manual,FWD,1498 cc,98.6 bhp,25.8 kmpl,4.0,Yes,5 Seats,1060 kg,165 mm,,35 Litres,
Honda Jazz,₹5.55 Lakh,May 2017,"51,000 Kms",First Owner,Petrol,Manual,FWD,1199 cc,88.7 bhp,18.7 kmpl,4.0,No,5 Seats,1044 kg,165 mm,40 Litres,,
Honda City,₹6 Lakh,Sept 2016,"80,000 Kms",First Owner,Petrol,Manual,FWD,1497 cc,117.3 bhp,17.8 kmpl,4.0,No,5 Seats,1065 kg,165 mm,40 Litres,,
Toyota Corolla Altis,₹5.25 Lakh,Aug 2013,"1,07,000 Kms",First Owner,Diesel,Manual,FWD,1364 cc,87.2 bhp,21.43 kmpl,4.0,Yes,5 Seats,1340 kg,175 mm,,50 Litres,
Ford Figo,₹4.20 Lakh,Jan 2016,"1,25,000 Kms",Second Owner,Diesel,Manual,FWD,1498 cc,99 bhp,24.29 kmpl,4.0,Yes,5 Seats,1040-1130 kg,174 mm,,40 Litres,
Volkswagen Polo,₹3.95 Lakh,Feb 2012,"57,000 Kms",First Owner,Petrol,Manual,,1598 cc,103.5 bhp,15.26 kmpl,4.0,No,5 Seats,1240 kg,168 mm,45 Litres,,
Honda Jazz,₹5.50 Lakh,Jun 2017,"33,193 Kms",First Owner,Petrol,Automatic,FWD,1199 cc,88.7 bhp,18.2 kmpl,4.0,No,5 Seats,1064 kg,165 mm,40 Litres,,
Maruti Suzuki Ertiga,₹5.15 Lakh,Dec 2012,"1,21,000 Kms",First Owner,Diesel,Manual,FWD,1248 cc,88.76 bhp,20.77 kmpl,4.0,Yes,7 Seats,1235 kg,185 mm,,45 Litres,
Volkswagen Polo,₹3.65 Lakh,Mar 2026,"76,000 Kms",First Owner,Petrol,Manual,,1598 cc,103.5 bhp,15.26 kmpl,4.0,No,5 Seats,1055 kg,168 mm,45 Litres,,
Volkswagen Polo,₹3.25 Lakh,Jan 2013,"92,000 Kms",Second Owner,Petrol,Manual,FWD,1198 cc,73.9 bhp,16.47 kmpl,3.0,No,5 Seats,1030 kg,168 mm,45 Litres,,
Maruti Suzuki Baleno,₹5.35 Lakh,Feb 2016,"71,256 Kms",First Owner,Diesel,Manual,FWD,1248 cc,74 bhp,27.39 kmpl,4.0,Yes,5 Seats,970 kg,170 mm,,37 Litres,
Maruti Suzuki Baleno,₹5.45 Lakh,Jun 2016,"31,580 Kms",Second Owner,Petrol,Manual,FWD,1197 cc,83.1 bhp,21.4 kmpl,4.0,No,5 Seats,870 kg,170 mm,37 Litres,,
Ford Ecosport,₹4.49 Lakh,Jun 2016,"77,417 Kms",Second Owner,,Automatic,FWD,1499 cc,110.4 bhp,15.63 kmpl,4.0,No,5 Seats,1250 kg,200 mm,52 Litres,,
Volkswagen Polo,₹4.26 Lakh,May 2014,"55,415 Kms",First Owner,Petrol,Manual,FWD,1198 cc,73.9 bhp,16.47 kmpl,3.0,No,5 Seats,1030 kg,168 mm,45 Litres,,
Maruti Suzuki Swift,₹4.61 Lakh,Dec 2018,"79,375 Kms",First Owner,Petrol,Automatic,FWD,1197 cc,88.50 bhp,22.56 kmpl,4.0,,5 Seats,875-905 kg,,37 Litres,,
Maruti Suzuki Baleno,₹5.36 Lakh,Aug 2017,"61,018 Kms",First Owner,Diesel,Manual,FWD,1248 cc,74 bhp,27.39 kmpl,4.0,Yes,5 Seats,985 kg,170 mm,,37 Litres,
Hyundai Santro,₹3.26 Lakh,Jul 2019,"80,445 Kms",Second Owner,Petrol,Automatic,FWD,1086 cc,68 bhp,20.3 kmpl,4.0,No,5 Seats,1050 kg,,35 Litres,,
Hyundai i20,₹5.40 Lakh,Jun 2016,"44,174 Kms",First Owner,Petrol,Manual,FWD,1197 cc,81.83 bhp,18.6 kmpl,4.0,No,5 Seats,1066 kg,170 mm,45 Litres,,
Honda City,₹5.11 Lakh,Dec 2014,"1,22,105 Kms",Second Owner,Petrol,Manual,,1498 cc,119.35 bhp,18.6 kmpl,4.0,,5 Seats,1107-1153 kg,,40 Litres,,
Maruti Suzuki Baleno,₹5.86 Lakh,Mar 2016,"93,059 Kms",First Owner,Diesel,Manual,FWD,1248 cc,74 bhp,27.39 kmpl,4.0,Yes,5 Seats,985 kg,170 mm,,37 Litres,
Toyota Etios Liva,₹3.01 Lakh,May 2013,"61,478 Kms",First Owner,Petrol,Manual,FWD,1197 cc,78.9 bhp,17.71 kmpl,4.0,No,5 Seats,930 kg,170 mm,45 Litres,,
Volkswagen Vento,₹4.51 Lakh,Mar 2015,"47,507 Kms",First Owner,Petrol,Manual,FWD,1598 cc,103.6 bhp,15.04 kmpl,4.0,No,5 Seats,1121 kg,168 mm,55 Litres,,
Honda City,₹3.65 Lakh,Feb 2011,"91,000 Kms",Second Owner,Petrol,Manual,FWD,1497 cc,,17 kmpl,4.0,No,5 Seats,1100 kg,160 mm,42 Litres,,
Nissan Micra,₹3.69 Lakh,Nov 2013,"54,961 Kms",First Owner,Diesel,Manual,FWD,1461 cc,63.1 bhp,23.08 kmpl,4.0,Yes,5 Seats,1010 kg,150 mm,,41 Litres,
Ford Figo,₹3.25 Lakh,Nov 2015,"68,000 Kms",First Owner,Diesel,Manual,FWD,1399 cc,68.1 bhp,20 kmpl,4.0,No,5 Seats,1105 kg,168 mm,,45 Litres,
Mahindra XUV500,₹5.90 Lakh,Feb 2013,"86,000 Kms",Second Owner,Diesel,Manual,AWD,2179 cc,140 bhp,15.1 kmpl,4.0,Yes,7 Seats,1635 kg,,,,
Toyota Corolla Altis,₹5.50 Lakh,Jun 2012,"1,50,000 Kms",First Owner,Diesel,Manual,FWD,1364 cc,87.2 bhp,21.43 kmpl,4.0,Yes,5 Seats,1340 kg,175 mm,,50 Litres,
Skoda Rapid,₹4.98 Lakh,Jan 2015,"80,900 Kms",Second Owner,Diesel,Automatic,FWD,1498 cc,103.6 bhp,21.66 kmpl,4.0,Yes,5 Seats,1182 kg,168 mm,,55 Litres,
Skoda Rapid,₹4.85 Lakh,Mar 2016,"58,729 Kms",First Owner,Petrol,Manual,FWD,1598 cc,103.52 bhp,15 kmpl,4.0,No,5 Seats,1145 kg,168 mm,55 Litres,,
Nissan Magnite,₹5.75 Lakh,Feb 2022,"47,000 Kms",First Owner,Petrol,Manual,,999 cc,71.02 bhp,18.75 kmpl,3.0,No,5 Seats,939 kg,205 mm,40 Litres,,
Skoda Slavia,₹11.20 Lakh,Oct 2022,"56,690 Kms",First Owner,Petrol,Automatic,FWD,999 cc,113.98 bhp,18.07 kmpl,3.0,Yes,5 Seats,1210-1240 kg,179 mm,45 Litres,,
Hyundai Alcazar,₹12.82 Lakh,Feb 2022,"80,331 Kms",First Owner,Diesel,Manual,,1493 cc,113.98 bhp,20.4 kmpl,4.0,Yes,7 Seats,1645 kg,,,50 Litres,
Nissan Magnite,₹10.15 Lakh,Feb 2024,"9,052 Kms",First Owner,,Automatic,FWD,999 cc,98.63 bhp,17.4 kmpl,3.0,Yes,5 Seats,,205 mm,40 Litres,,
Mahindra XUV500,₹10.75 Lakh,Jan 2016,"1,01,000 Kms",First Owner,,Manual,FWD,2179 cc,140 bhp,16 kmpl,4.0,Yes,7 Seats,1655 kg,200 mm,,70 Litres,
MG Hector Plus,₹13.45 Lakh,Aug 2021,"62,000 Kms",First Owner,Petrol,Manual,,1451 cc,141 bhp,14.025 kmpl,4.0,YES,6 Seats,1775 kg,,60 Litres,,
Maruti Suzuki XL6,₹10.49 Lakh,Nov 2021,"52,000 Kms",Second Owner,Petrol,Automatic,FWD,1462 cc,103.2 bhp,17.99 kmpl,4.0,,6 Seats,1190 kg,,45 Litres,,
17+ used cars for sale from ₹2 Lakh in Bangalore,,,,,,,,,,,,,,,,,,
MG Hector,₹12.95 Lakh,Aug 2021,"54,000 Kms",First Owner,,Manual,FWD,1451 cc,141 bhp,10 kmpl,4.0,Yes,5 Seats,1545 kg,192 mm,60 Litres,,
Mahindra XUV500,₹10.37 Lakh,May 2018,"93,883 Kms",First Owner,,Manual,FWD,2179 cc,152.87 bhp,15.1 kmpl,4.0,Yes,7 Seats,1675 kg,200 mm,,70 Litres,
27+ used cars for sale from ₹3.75 Lakh in Bangalore,,,,,,,,,,,,,,,,,,
Kia Seltos,₹10.11 Lakh,Nov 2020,"54,328 Kms",First Owner,Diesel,Automatic,FWD,1493 cc,113.43 bhp,18 kmpl,4.0,Yes,5 Seats,1540 kg,,,50 Litres,
Maruti Suzuki XL6,₹12.87 Lakh,Nov 2023,"40,807 Kms",First Owner,Petrol,Automatic,FWD,1462 cc,101.64 bhp,,4.0,,6 Seats,1225 kg,,45 Litres,,
Honda City,₹11.13 Lakh,Oct 2021,"28,963 Kms",First Owner,Petrol,Manual,,1498 cc,119.35 bhp,18.6 kmpl,4.0,,5 Seats,1107-1153 kg,,40 Litres,,
Skoda Slavia,₹14.99 Lakh,Jun 2023,"20,903 Kms",First Owner,Petrol,Automatic,FWD,999 cc,113.98 bhp,19.36 kmpl,3.0,Yes,5 Seats,1219-1252 kg,145 mm,45 Litres,,
Maruti Suzuki Ertiga,₹6.80 Lakh,Jun 2017,"55,552 Kms",Second Owner,Petrol,Manual,FWD,1373 cc,93.7 bhp,16.02 kmpl,4.0,No,7 Seats,1160 kg,185 mm,45 Litres,,
Maruti Suzuki XL6,₹9.89 Lakh,Aug 2021,"52,360 Kms",First Owner,Petrol,Automatic,FWD,1462 cc,103.2 bhp,,4.0,,6 Seats,1190 kg,,45 Litres,,
Renault Duster,₹9.11 Lakh,Feb 2020,"65,814 Kms",First Owner,Diesel,Manual,FWD,1461 cc,108.45 bhp,20 kmpl,4.0,Yes,5 Seats,1250 kg,,,50 Litres,
Maruti Suzuki Vitara Brezza,₹8.25 Lakh,Apr 2019,"1,29,548 Kms",First Owner,,Manual,FWD,1248 cc,88.5 bhp,24.3 kmpl,4.0,Yes,5 Seats,1190 kg,198 mm,,48 Litres,
Maruti Suzuki Ertiga,₹6.73 Lakh,Dec 2017,"15,549 Kms",First Owner,Petrol,Automatic,FWD,1462 cc,101.64 bhp,20.3 kmpl,4.0,,7 Seats,1150-1205 kg,,45 Litres,,
Honda Jazz,₹6.98 Lakh,Mar 2021,"52,393 Kms",First Owner,Petrol,Automatic,,1199 cc,88.50 bhp,17.1 kmpl,4.0,,5 Seats,1085 kg,,40 Litres,,
Maruti Suzuki Baleno,₹6.58 Lakh,Nov 2019,"72,348 Kms",First Owner,Diesel,Manual,FWD,1248 cc,74 bhp,27.39 kmpl,4.0,Yes,5 Seats,985 kg,170 mm,,37 Litres,
54+ used cars for sale from ₹2.95 Lakh in Bangalore,,,,,,,,,,,,,,,,,,
Honda City,₹6.97 Lakh,Apr 2017,"1,06,563 Kms",Second Owner,Petrol,Automatic,FWD,1498 cc,119.35 bhp,18.4 kmpl,4.0,,5 Seats,1153 kg,,,,
Maruti Suzuki Ertiga,₹6.14 Lakh,Nov 2017,"68,312 Kms",First Owner,Petrol,Manual,2WD,1462 cc,101.65 bhp,20.51 kmpl,4.0,,7 Seats,1150-1205 kg,,45 Litres,,
Maruti Suzuki Swift,₹8.30 Lakh,Jan 2025,"10,102 Kms",First Owner,Petrol,Automatic,FWD,1197 cc,81.80 bhp,21.21 kmpl,4.0,No,5 Seats,855-885 kg,163 mm,37 Litres,,
Kia Sonet,₹6.91 Lakh,Mar 2021,"61,612 Kms",First Owner,Petrol,Manual,FWD,998 cc,118.36 bhp,18.2 kmpl,3.0,Yes,5 Seats,1201 kg,,45 Litres,,
Maruti Suzuki Ciaz,₹6.07 Lakh,Mar 2018,"63,652 Kms",First Owner,Diesel,Automatic,FWD,1248 cc,88.50 bhp,28.09 kmpl,4.0,Yes,5 Seats,1105 kg,170 mm,,43 Litres,
Mahindra XUV500,₹6.75 Lakh,Jun 2015,"83,660 Kms",First Owner,Diesel,Manual,FWD,2179 cc,140 bhp,15.1 kmpl,4.0,Yes,7 Seats,1900 kg,,,70 Litres,
Maruti Suzuki XL6,₹7.72 Lakh,Aug 2021,"80,867 Kms",First Owner,Petrol,Automatic,FWD,1462 cc,101.64 bhp,,4.0,,6 Seats,1225 kg,,45 Litres,,
Mahindra XUV300,₹7.13 Lakh,May 2022,"1,02,718 Kms",First Owner,,Manual,FWD,1497 cc,115 bhp,20 kmpl,4.0,Yes,5 Seats,1465 kg,180 mm,,42 Litres,
Renault Kiger,₹6.44 Lakh,Jul 2022,"35,416 Kms",First Owner,,Manual,FWD,999 cc,71 bhp,19.17 kmpl,3.0,No,5 Seats,,205 mm,40 Litres,,
Honda City,₹8.09 Lakh,Jan 2018,"73,996 Kms",First Owner,Petrol,Automatic,FWD,1498 cc,119.35 bhp,18.4 kmpl,4.0,,5 Seats,1153 kg,,,,
Volkswagen Vento,₹7.53 Lakh,Sept 2020,"67,093 Kms",First Owner,Petrol,Manual,FWD,999 cc,108.62 bhp,17.69 kmpl,3.0,Yes,5 Seats,1138 kg,163 mm,55 Litres,,
Hyundai Venue,₹6.74 Lakh,Dec 2019,"66,663 Kms",First Owner,Petrol,Automatic,FWD,998 cc,118.35 bhp,18.15 kmpl,3.0,Yes,5 Seats,1440 kg,,45 Litres,,
Kia Sonet,₹7.03 Lakh,Jan 2023,"84,639 Kms",First Owner,Petrol,Manual,FWD,998 cc,118.36 bhp,18.2 kmpl,3.0,Yes,5 Seats,1201 kg,,45 Litres,,
Kia Sonet,₹7.30 Lakh,Nov 2021,"36,399 Kms",First Owner,Petrol,Manual,FWD,998 cc,118.36 bhp,18.2 kmpl,3.0,Yes,5 Seats,1201 kg,,45 Litres,,
Honda City,₹9.93 Lakh,Mar 2022,"58,484 Kms",First Owner,Petrol,Automatic,,1498 cc,119.35 bhp,18.3 kmpl,4.0,,5 Seats,1107-1153 kg,,40 Litres,,
Honda City,₹6.60 Lakh,Mar 2017,"84,362 Kms",First Owner,Diesel,Manual,FWD,1498 cc,97.9 bhp,25.6 kmpl,4.0,Yes,5 Seats,1175 kg,165 mm,,40 Litres,
Tata Nexon,₹7.75 Lakh,Sept 2020,"64,000 Kms",First Owner,Petrol,Manual,,1199 cc,118.35 bhp,17.33 kmpl,3.0,Yes,5 Seats,1230 kg,209 mm,44 Litres,,
Citroen Aircross,₹9.25 Lakh,Jul 2023,"30,000 Kms",First Owner,Petrol,Manual,FWD,1199 cc,108.62 bhp,18.5 kmpl,3.0,Yes,7 Seats,1267-1275 kg,,45 Litres,,
Honda City,₹6.85 Lakh,May 2017,"95,000 Kms",Second Owner,Petrol,Manual,FWD,1497 cc,117.3 bhp,17.8 kmpl,4.0,No,5 Seats,1049 kg,165 mm,40 Litres,,
Volkswagen Jetta,₹6.75 Lakh,Jan 2010,"84,000 Kms",First Owner,Diesel,Automatic,,1896 cc,,15.5 kmpl,4.0,No,5 Seats,1459 kg,152 mm,,55 Litres,
Mahindra XUV500,₹7.38 Lakh,Jan 2017,"53,978 Kms",First Owner,,Manual,FWD,2179 cc,140 bhp,16 kmpl,4.0,Yes,7 Seats,1840 kg,200 mm,,70 Litres,
Toyota Camry,₹7.99 Lakh,Dec 2012,"67,081 Kms",First Owner,Petrol,Automatic,FWD,2494 cc,158.2 bhp,19.16 kmpl,4.0,No,5 Seats,1625 kg,160 mm,65 Litres,,
Tata Nexon,₹7.34 Lakh,May 2022,"73,242 Kms",First Owner,Diesel,Manual,,1497 cc,113.42 bhp,23.22 kmpl,4.0,Yes,5 Seats,1250 kg,209 mm,,44 Litres,
Honda City,₹8.99 Lakh,Oct 2021,"43,000 Kms",First Owner,Petrol,Manual,,1498 cc,119.35 bhp,18.6 kmpl,4.0,,5 Seats,1107-1153 kg,,40 Litres,,
i VTEC V,₹7.75 Lakh,Feb 2016,"70,000 Kms",Second Owner,Petrol,Manual,FWD,1497 cc,117.3 bhp,17.8 kmpl,4.0,No,5 Seats,1049 kg,165 mm,40 Litres,,
Hyundai Venue,₹8.61 Lakh,Jun 2019,"39,000 Kms",First Owner,Petrol,Automatic,FWD,998 cc,118.35 bhp,18.15 kmpl,3.0,Yes,5 Seats,1440 kg,,45 Litres,,
Honda City,₹7.75 Lakh,Feb 2016,"70,000 Kms",Second Owner,Petrol,Manual,FWD,1497 cc,117.3 bhp,17.8 kmpl,4.0,No,5 Seats,1049 kg,165 mm,40 Litres,,
Volkswagen Polo,₹7.90 Lakh,Apr 2017,"49,000 Kms",Second Owner,Petrol,Automatic,FWD,1197 cc,103.5 bhp,17.21 kmpl,4.0,Yes,5 Seats,1109 kg,165 mm,45 Litres,,
Skoda Superb,₹9.75 Lakh,Jun 2014,"93,000 Kms",First Owner,Diesel,Automatic,FWD,1968 cc,138.1 bhp,17.2 kmpl,4.0,Yes,5 Seats,1608 kg,158 mm,,60 Litres,
Volkswagen Polo,₹6.70 Lakh,Oct 2016,"60,000 Kms",First Owner,Diesel,Manual,FWD,1498 cc,88 bhp,20.14 kmpl,4.0,Yes,5 Seats,1163 kg,165 mm,,45 Litres,
Hyundai i20,₹7.39 Lakh,Dec 2021,"27,159 Kms",First Owner,Petrol,Manual,,1197 cc,81.80 bhp,21 kmpl,4.0,No,5 Seats,1120 kg,,37 Litres,,
64+ used cars for sale from ₹4 Lakh in Bangalore,,,,,,,,,,,,,,,,,,
Maruti Suzuki Baleno,₹7.21 Lakh,Mar 2023,"77,751 Kms",First Owner,Petrol,Manual,FWD,1197 cc,88.50 bhp,22.35 kmpl,4.0,No,5 Seats,925-955 kg,,37 Litres,,
Renault Duster,₹6.45 Lakh,Jan 2016,"50,000 Kms",First Owner,,Manual,FWD,1461 cc,83.8 bhp,19.87 kmpl,4.0,Yes,5 Seats,1200 kg,205 mm,,50 Litres,
Mahindra XUV300,₹7.90 Lakh,Nov 2021,"20,674 Kms",First Owner,Petrol,Manual,,1197 cc,108.62 bhp,16.82 kmpl,3.0,Yes,5 Seats,1450 kg,,42 Litres,,
Volkswagen Vento,₹7.20 Lakh,Sept 2020,"87,002 Kms",First Owner,Petrol,Manual,FWD,999 cc,108.62 bhp,17.69 kmpl,3.0,Yes,5 Seats,1138 kg,163 mm,55 Litres,,
Tata Nexon,₹7.15 Lakh,Jul 2021,"1,08,629 Kms",First Owner,Petrol,Manual,,1199 cc,118.36 bhp,17.57 kmpl,3.0,Yes,5 Seats,1195 kg,209 mm,44 Litres,,
Honda City,₹6.10 Lakh,May 2015,"41,608 Kms",Second Owner,Petrol,Manual,,1498 cc,119.35 bhp,18.6 kmpl,4.0,,5 Seats,1107-1153 kg,,40 Litres,,
Mahindra XUV300,₹9.44 Lakh,Sept 2022,"66,851 Kms",First Owner,Petrol,Manual,FWD,1197 cc,108.62 bhp,16.82 kmpl,3.0,Yes,5 Seats,,,42 Litres,,
55+ used cars for sale from ₹6.50 Lakh in Bangalore,,,,,,,,,,,,,,,,,,
Maruti Suzuki Swift,₹6.75 Lakh,Nov 2021,"10,700 Kms",First Owner,Petrol,Automatic,,1197 cc,88.50 bhp,22.56 kmpl,4.0,,5 Seats,875-905 kg,,37 Litres,,
Maruti Suzuki Swift,₹6.85 Lakh,Mar 2023,"41,253 Kms",First Owner,Petrol,Manual,FWD,1197 cc,88.50 bhp,22.38 kmpl,4.0,,5 Seats,875-905 kg,,37 Litres,,
Volkswagen Polo,₹6.40 Lakh,Feb 2016,"1,11,350 Kms",First Owner,Petrol,Automatic,FWD,1197 cc,103.5 bhp,17.21 kmpl,4.0,Yes,5 Seats,1109 kg,165 mm,45 Litres,,
Ford Ecosport,₹7.75 Lakh,May 2018,"72,500 Kms",Second Owner,,Automatic,FWD,1497 cc,121.36 bhp,14.8 kmpl,3.0,No,5 Seats,1320 kg,200 mm,52 Litres,,
Mahindra XUV500,₹6.85 Lakh,Nov 2017,"1,60,000 Kms",Second Owner,,Automatic,FWD,2179 cc,152.87 bhp,15.1 kmpl,4.0,Yes,7 Seats,1825 kg,200 mm,,70 Litres,
Tata Nexon,₹6.75 Lakh,Jan 2019,"40,000 Kms",First Owner,Diesel,Automatic,FWD,1497 cc,108.5 bhp,21.5 kmpl,4.0,Yes,5 Seats,1305 kg,,,44 Litres,
Volkswagen Polo,₹6.95 Lakh,Apr 2018,"80,000 Kms",First Owner,Petrol,Automatic,FWD,1197 cc,103.5 bhp,17.21 kmpl,4.0,Yes,5 Seats,1109 kg,165 mm,45 Litres,,
Maruti Suzuki Vitara Brezza,₹8.40 Lakh,Apr 2017,"80,000 Kms",First Owner,,Manual,FWD,1248 cc,88.5 bhp,24.3 kmpl,4.0,Yes,5 Seats,1200 kg,198 mm,,48 Litres,
Volkswagen Polo,₹6.75 Lakh,Sept 2017,"84,000 Kms",Second Owner,Diesel,Manual,FWD,1498 cc,108.5 bhp,21.49 kmpl,4.0,Yes,5 Seats,1153 kg,165 mm,,45 Litres,
Honda City,₹9.49 Lakh,Mar 2019,"54,523 Kms",First Owner,Petrol,Automatic,FWD,1497 cc,117.6 bhp,17.4 kmpl,4.0,No,5 Seats,1080 kg,165 mm,40 Litres,,
Tata Nexon,₹6.25 Lakh,Jun 2018,"29,351 Kms",First Owner,Petrol,Manual,FWD,1198 cc,108.5 bhp,17 kmpl,3.0,Yes,5 Seats,1252 kg,,44 Litres,,
Honda City,₹6.99 Lakh,Jun 2017,"48,391 Kms",Second Owner,Petrol,Manual,FWD,1497 cc,117.6 bhp,17.4 kmpl,4.0,No,5 Seats,1061 kg,165 mm,40 Litres,,
Skoda Slavia,₹9.99 Lakh,Jun 2023,"31,178 Kms",First Owner,Petrol,Manual,FWD,999 cc,113.98 bhp,19.47 kmpl,3.0,Yes,5 Seats,1160-1215 kg,179 mm,45 Litres,,
Tata Nexon,₹8.95 Lakh,Oct 2022,"38,983 Kms",First Owner,Petrol,Manual,,1199 cc,118.36 bhp,17.57 kmpl,3.0,Yes,5 Seats,1375 kg,209 mm,44 Litres,,
Honda Jazz,₹6.90 Lakh,Dec 2018,"36,000 Kms",First Owner,Petrol,Automatic,FWD,1199 cc,88.7 bhp,18.2 kmpl,4.0,No,5 Seats,1066 kg,165 mm,40 Litres,,
Volkswagen Polo,₹8.95 Lakh,Jun 2021,"39,502 Kms",Second Owner,Petrol,Manual,FWD,999 cc,108.62 bhp,18.24 kmpl,3.0,Yes,5 Seats,1072 kg,165 mm,45 Litres,,
Volkswagen Polo,₹8.85 Lakh,Jun 2018,"66,500 Kms",Second Owner,Petrol,Automatic,FWD,1197 cc,103.5 bhp,17.21 kmpl,4.0,Yes,5 Seats,1109 kg,165 mm,45 Litres,,
Maruti Suzuki Baleno,₹6.90 Lakh,Jun 2022,"26,532 Kms",First Owner,Petrol,Automatic,FWD,1197 cc,81.80 bhp,19.56 kmpl,4.0,No,5 Seats,910-935 kg,170 mm,37 Litres,,
Honda City,₹9.65 Lakh,May 2019,"30,000 Kms",Second Owner,Petrol,Automatic,FWD,1497 cc,117.6 bhp,18 kmpl,4.0,No,5 Seats,1080 kg,165 mm,40 Litres,,
Renault Duster,₹7.25 Lakh,Mar 2020,"67,000 Kms",First Owner,Petrol,Manual,FWD,1498 cc,104.55 bhp,16.42 kmpl,4.0,No,5 Seats,1315 kg,,50 Litres,,
Maruti Suzuki Swift,₹6.75 Lakh,Jan 2024,"21,000 Kms",First Owner,Petrol,Manual,FWD,1197 cc,88.50 bhp,22.38 kmpl,4.0,,5 Seats,875-905 kg,,37 Litres,,
Maruti Suzuki Ertiga,₹9.45 Lakh,Apr 2022,"49,000 Kms",Second Owner,Petrol,Manual,2WD,1462 cc,101.65 bhp,20.51 kmpl,4.0,,7 Seats,1150-1205 kg,,45 Litres,,
Maruti Suzuki Vitara Brezza,₹6.35 Lakh,Jul 2018,"1,16,523 Kms",First Owner,,Automatic,FWD,1248 cc,88.5 bhp,24.3 kmpl,4.0,Yes,5 Seats,1195 kg,198 mm,,48 Litres,
Honda Amaze 2nd Gen,₹8.95 Lakh,Jun 2023,"22,916 Kms",First Owner,Petrol,Automatic,,1199 cc,88.50 bhp,18.3 kmpl,4.0,,5 Seats,945-957 kg,,35 Litres,,
Mahindra XUV700,₹21.57 Lakh,Jan 2023,"28,789 Kms",First Owner,Petrol,Automatic,FWD,1999 cc,197.13 bhp,11 kmpl,4.0,Yes,7 Seats,1850 kg,,60 Litres,,
Mahindra XUV700,₹20.97 Lakh,Mar 2024,"18,648 Kms",First Owner,Diesel,Automatic,FWD,2198 cc,182 bhp,16.57 kmpl,4.0,Yes,7 Seats,,,,60 Litres,
Volvo XC40,₹26 Lakh,Nov 2020,"61,000 Kms",First Owner,Petrol,Automatic,FWD,1969 cc,187.40 bhp,,4.0,,5 Seats,1640 kg,211 mm,54 Litres,,
Ford Endeavour,₹28.90 Lakh,Jun 2019,"49,000 Kms",First Owner,,Automatic,RWD,2198 cc,158 bhp,12.62 kmpl,4.0,Yes,7 Seats,1879 kg,225 mm,,80 Litres,
Skoda Octavia,₹24.95 Lakh,Jun 2021,"27,879 Kms",First Owner,Petrol,Automatic,FWD,1984 cc,187.74 bhp,15.81 kmpl,4.0,Yes,5 Seats,1459 kg,137 mm,50 Litres,,
Mercedes-Benz CLA,₹21.50 Lakh,Jul 2018,"56,000 Kms",First Owner,Diesel,Automatic,FWD,2143 cc,136 bhp,,4.0,Yes,5 Seats,1570 kg,160 mm,,56 Litres,
Tata Safari,₹25.85 Lakh,Jun 2024,"14,443 Kms",First Owner,Diesel,Automatic,FWD,1956 cc,167.62 bhp,14.1 kmpl,4.0,Yes,7 Seats,,,,50 Litres,
BMW X1,₹23.25 Lakh,Jan 2020,"68,250 Kms",Second Owner,,Automatic,FWD,1995 cc,188 bhp,20.68 kmpl,4.0,Yes,5 Seats,1550 kg,179 mm,,61 Litres,
Mahindra XUV700,₹19.12 Lakh,Sept 2023,"45,753 Kms",First Owner,Diesel,Automatic,FWD,2198 cc,182 bhp,16.57 kmpl,4.0,Yes,7 Seats,,,,60 Litres,
Mahindra XUV700,₹19.71 Lakh,Apr 2023,"34,662 Kms",First Owner,Diesel,Automatic,FWD,2198 cc,182.38 bhp,17.19 kmpl,4.0,Yes,7 Seats,1890 kg,,,60 Litres,
Kia Seltos,₹19.95 Lakh,Nov 2024,"7,251 Kms",First Owner,Petrol,Automatic,2WD,1482 cc,157.81 bhp,17.9 kmpl,4.0,Yes,5 Seats,,,50 Litres,,
Hyundai Creta,₹17.50 Lakh,Dec 2023,"25,131 Kms",First Owner,Diesel,Manual,2WD,1493 cc,113.45 bhp,18 kmpl,4.0,Yes,5 Seats,1565 kg,,,50 Litres,
Mahindra XUV700,₹16.50 Lakh,Jun 2023,"51,475 Kms",First Owner,Petrol,Manual,FWD,1999 cc,197 bhp,15 kmpl,4.0,Yes,7 Seats,,,60 Litres,,
Toyota Innova Crysta,₹18.75 Lakh,Mar 2019,"99,000 Kms",Second Owner,Diesel,Automatic,RWD,2755 cc,171.5 bhp,,4.0,Yes,7 Seats,1830 kg,,,55 Litres,
Skoda Slavia,₹16.95 Lakh,Jun 2025,"1,766 Kms",First Owner,Petrol,Automatic,FWD,999 cc,114 bhp,18.73 kmpl,3.0,,5 Seats,1219-1252 kg,179 mm,45 Litres,,
Volvo S60,₹17.75 Lakh,Aug 2016,"27,860 Kms",Second Owner,Diesel,Automatic,FWD,1969 cc,190 bhp,27.03 kmpl,4.0,Yes,5 Seats,1652 kg,136 mm,,67 Litres,
Tata Safari,₹16.95 Lakh,Oct 2022,"17,660 Kms",First Owner,Diesel,Automatic,,1956 cc,167.67 bhp,14.08 kmpl,4.0,Yes,7 Seats,1825 kg,,,50 Litres,
Hyundai Creta,₹15.45 Lakh,Jul 2023,"23,008 Kms",First Owner,Diesel,Manual,2WD,1493 cc,113.98 bhp,18 kmpl,4.0,Yes,5 Seats,1505 kg,,,50 Litres,
Hyundai Creta,₹15.75 Lakh,Jun 2022,"50,991 Kms",First Owner,Diesel,Manual,,1493 cc,113.45 bhp,18 kmpl,4.0,Yes,5 Seats,1565 kg,,,50 Litres,
Mercedes-Benz GLA,₹50.75 Lakh,Mar 2024,"9,000 Kms",First Owner,Diesel,Automatic,AWD,1950 cc,187.74 bhp,,4.0,Yes,5 Seats,1570 kg,,,,
Toyota Fortuner Legender,₹45.45 Lakh,Jun 2023,"25,000 Kms",First Owner,Diesel,Automatic,2WD,2755 cc,201.15 bhp,10.52 kmpl,4.0,Yes,7 Seats,,,,80 Litres,
Mercedes-Benz AMG GLC 43,₹78.75 Lakh,Jan 2023,"18,000 Kms",First Owner,Petrol,Automatic,,2996 cc,384.87 bhp,,6.0,Yes,5 Seats,1945 kg,,,,
Mercedes-Benz GLS,₹99 Lakh,Nov 2022,"60,000 Kms",First Owner,Diesel,Automatic,AWD,2925 cc,325.86 bhp,,6.0,,7 Seats,2505 kg,,,,
Lexus NX,₹34.90 Lakh,Jul 2019,"82,500 Kms",First Owner,Petrol,Automatic,AWD,2499 cc,194.3 bhp,,4.0,Yes,5 Seats,1785 kg,185 mm,56 Litres,,
BMW 3 Series,₹39.99 Lakh,Mar 2022,"43,542 Kms",Second Owner,Petrol,Automatic,RWD,1998 cc,254.79 bhp,,4.0,Yes,5 Seats,"1,520 kg",165 mm,59 Litres,,
Mercedes-Benz GLE,₹81.75 Lakh,May 2023,"15,000 Kms",First Owner,Diesel,Automatic,AWD,1993 cc,265.52 bhp,,4.0,Yes,5 Seats,,,,93 Litres,
Mercedes-Benz GLE,₹80 Lakh,Mar 2022,"30,000 Kms",First Owner,Diesel,Automatic,AWD,2925 cc,325.8 bhp,,6.0,Yes,5 Seats,2150 kg,200 mm,,93 Litres,
Mercedes-Benz GLS,₹1.38 Crore,Mar 2024,"24,000 Kms",First Owner,Diesel,Automatic,AWD,2925 cc,362.07 bhp,12 kmpl,6.0,Yes,7 Seats,,,,,
Mahindra KUV 100,₹2.80 Lakh,Oct 2016,"94,762 Kms",Second Owner,,Manual,FWD,1198 cc,82 bhp,18.15 kmpl,3.0,No,6 Seats,1195 kg,170 mm,35 Litres,,
Honda City,₹2.85 Lakh,May 2009,"83,000 Kms",First Owner,Petrol,Manual,FWD,1497 cc,,17 kmpl,4.0,No,5 Seats,1100 kg,160 mm,42 Litres,,
Volkswagen Polo,₹2.85 Lakh,Feb 2011,"81,000 Kms",Second Owner,Petrol,Manual,FWD,1198 cc,73.9 bhp,16.47 kmpl,3.0,No,5 Seats,1055 kg,168 mm,45 Litres,,
Mahindra KUV 100,₹3 Lakh,Apr 2017,"64,523 Kms",First Owner,,Manual,FWD,1198 cc,77 bhp,25.32 kmpl,3.0,Yes,6 Seats,1095 kg,170 mm,,35 Litres,
Honda Amaze,₹2.95 Lakh,May 2014,"83,941 Kms",First Owner,Petrol,Manual,FWD,1199 cc,88.76 bhp,18.6 kmpl,4.0,No,5 Seats,905 kg,,35 Litres,,
Mahindra KUV 100 NXT,₹2.95 Lakh,Feb 2018,"15,959 Kms",First Owner,Petrol,Manual,FWD,1198 cc,82 bhp,18.15 kmpl,3.0,No,6 Seats,935 kg,170 mm,35 Litres,,
Hyundai i10,₹2.57 Lakh,May 2013,"82,535 Kms",First Owner,Petrol,Automatic,FWD,1197 cc,78.9 bhp,16.95 kmpl,4.0,No,5 Seats,990 kg,165 mm,35 Litres,,
Maruti Suzuki Wagon R,₹2.82 Lakh,Sept 2011,"69,081 Kms",First Owner,CNG,Manual,FWD,998 cc,58.16 bhp,26.6 km/kg,3.0,No,5 Seats,960 kg,165 mm,,,7 Litres
Maruti Suzuki Alto K10,₹2.48 Lakh,Nov 2014,"1,45,513 Kms",First Owner,Petrol,Automatic,FWD,998 cc,67.05 bhp,23.95 kmpl,3.0,No,5 Seats,784 kg,160 mm,35 Litres,,
Honda Brio,₹2.69 Lakh,May 2012,"80,176 Kms",First Owner,Petrol,Manual,FWD,1198 cc,86.8 bhp,19.4 kmpl,4.0,No,5 Seats,925 kg,165 mm,35 Litres,,
BMW X7,₹1.02 Crore,Mar 2023,"45,000 Kms",First Owner,Petrol,Automatic,AWD,2998 cc,335.25 bhp,10.54 kmpl,6.0,Twin,7 Seats,2370 kg,,83 Litres,,
Land Rover Range Rover Velar,₹86.75 Lakh,Apr 2025,"21,000 Kms",First Owner,Diesel,Automatic,AWD,1997 cc,201.15 bhp,,4.0,Yes,5 Seats,2003 kg,,,82 Litres,
Mercedes-Benz GLS,₹1.05 Crore,Nov 2022,"18,000 Kms",First Owner,Diesel,Automatic,AWD,2925 cc,325.86 bhp,,6.0,,7 Seats,2505 kg,,,,
BMW X4,₹51 Lakh,Jul 2021,"34,000 Kms",First Owner,Diesel,Automatic,4WD,2993 cc,261.50 bhp,,6.0,Twin,5 Seats,1890 kg,,,68 Litres,
Toyota Fortuner,₹35 Lakh,Jun 2021,"80,000 Kms",First Owner,Diesel,Manual,4WD,2755 cc,201.15 bhp,8 kmpl,4.0,Yes,7 Seats,2300 kg,,,80 Litres,
Hyundai i20,₹2.07 Lakh,May 2010,"75,575 Kms",Third Owner,Petrol,Manual,FWD,1197 cc,,17 kmpl,4.0,No,5 Seats,1020 kg,165 mm,45 Litres,,
BMW X5,₹28.50 Lakh,Jan 2016,"45,000 Kms",Second Owner,Diesel,Automatic,AWD,2993 cc,258 bhp,,6.0,Yes,5 Seats,2010 kg,209 mm,,85 Litres,
Audi A6,₹21.25 Lakh,Dec 2016,"76,000 Kms",First Owner,Diesel,Automatic,FWD,1968 cc,187.74 bhp,18.53 kmpl,4.0,Yes,5 Seats,1735 kg,165 mm,,75 Litres,
Mahindra XUV700,₹23.50 Lakh,Oct 2024,"2,000 Kms",First Owner,Petrol,Automatic,FWD,1999 cc,197 bhp,13 kmpl,4.0,Yes,6 Seats,,,60 Litres,,
Kia Carnival,₹29.75 Lakh,Jan 2021,"72,263 Kms",Second Owner,Diesel,Automatic,2WD,2199 cc,197.26 bhp,,4.0,Yes,7 Seats,2270 kg,,,60 Litres,
Hyundai i20,₹8.40 Lakh,Apr 2021,"49,000 Kms",First Owner,Petrol,Manual,,1197 cc,81.80 bhp,21 kmpl,4.0,No,5 Seats,1170 kg,,37 Litres,,
Mercedes-Benz C-Class,₹12.99 Lakh,Mar 2014,"66,000 Kms",Second Owner,Diesel,Automatic,RWD,2143 cc,201.15 bhp,,4.0,Yes,5 Seats,1650 kg,157 mm,,66 Litres,
Maruti Suzuki Grand Vitara,₹13.62 Lakh,Jan 2025,"19,080 Kms",First Owner,,Manual,FWD,1462 cc,101.64 bhp,21.11 kmpl,4.0,,5 Seats,1140-1185 kg,210 mm,45 Litres,,
Hyundai Alcazar,₹14.96 Lakh,Jul 2022,"89,060 Kms",First Owner,Diesel,Automatic,FWD,1493 cc,114 bhp,18.1 kmpl,4.0,Yes,6 Seats,,,,50 Litres,
MG Hector,₹11.38 Lakh,Apr 2021,"44,997 Kms",First Owner,,Automatic,FWD,1451 cc,141 bhp,9 kmpl,4.0,Yes,5 Seats,1820 kg,192 mm,60 Litres,,
Tata Safari,₹14.77 Lakh,Aug 2022,"99,332 Kms",First Owner,Diesel,Automatic,,1956 cc,167.67 bhp,14.08 kmpl,4.0,Yes,7 Seats,1825 kg,,,50 Litres,
Toyota Innova Crysta,₹18.95 Lakh,Nov 2021,"1,18,649 Kms",Second Owner,Diesel,Automatic,RWD,2393 cc,148 bhp,,4.0,Yes,7 Seats,1870 kg,,,55 Litres,
BMW X3,₹16.50 Lakh,Aug 2015,"1,10,802 Kms",Second Owner,Diesel,Automatic,4WD,1995 cc,190 bhp,,4.0,Yes,5 Seats,1740 kg,211 mm,,67 Litres,
Volvo XC90,₹19.95 Lakh,Jan 2013,"72,504 Kms",First Owner,Diesel,Manual,AWD,2400 cc,200 bhp,,5.0,Yes,7 Seats,2150 kg,218 mm,,68 Litres,
Mahindra Thar,₹16.95 Lakh,Apr 2024,"41,000 Kms",First Owner,,Automatic,4WD,2184 cc,130.07 bhp,9 kmpl,4.0,Yes,4 Seats,,226 mm,,57 Litres,
Mahindra XUV700,₹18.75 Lakh,Apr 2024,"24,000 Kms",First Owner,Diesel,Manual,FWD,2198 cc,182 bhp,17 kmpl,4.0,Yes,5 Seats,,,,60 Litres,
Mercedes-Benz C-Class,₹18.95 Lakh,Feb 2017,"50,168 Kms",Second Owner,Petrol,Automatic,RWD,1796 cc,186 bhp,,4.0,Yes,5 Seats,1585 kg,,66 Litres,,
BMW X1,₹18 Lakh,Jul 2016,"57,000 Kms",Second Owner,,Automatic,FWD,1995 cc,188 bhp,20.68 kmpl,4.0,Yes,5 Seats,1550 kg,179 mm,,61 Litres,
Mahindra Thar,₹16.95 Lakh,Apr 2024,"37,000 Kms",First Owner,,Automatic,4WD,2184 cc,130.07 bhp,9 kmpl,4.0,Yes,4 Seats,,226 mm,,57 Litres,
Maruti Suzuki Baleno,₹5.76 Lakh,Jun 2020,"36,927 Kms",Second Owner,Petrol,Automatic,FWD,1197 cc,83.1 bhp,21.4 kmpl,4.0,No,5 Seats,935 kg,170 mm,37 Litres,,
Maruti Suzuki Swift,₹5.93 Lakh,Feb 2019,"33,997 Kms",First Owner,Petrol,Automatic,FWD,1197 cc,88.50 bhp,22.56 kmpl,4.0,,5 Seats,875-905 kg,,37 Litres,,
Maruti Suzuki Baleno,₹5.76 Lakh,Mar 2018,"48,686 Kms",First Owner,Diesel,Manual,FWD,1248 cc,74 bhp,27.39 kmpl,4.0,Yes,5 Seats,960-985 kg,170 mm,,37 Litres,
Maruti Suzuki Swift,₹5.65 Lakh,Jan 2016,"47,300 Kms",First Owner,Petrol,Manual,,1197 cc,81.80 bhp,22 kmpl,4.0,No,5 Seats,870 kg,163 mm,42 Litres,,
Maruti Suzuki Swift,₹4.65 Lakh,Feb 2026,"82,000 Kms",Second Owner,Diesel,Manual,FWD,1248 cc,74 bhp,25.2 kmpl,4.0,Yes,5 Seats,955 kg,163 mm,,42 Litres,
Honda Amaze,₹3.65 Lakh,Dec 2013,"30,000 Kms",Second Owner,Petrol,Manual,FWD,1198 cc,86.7 bhp,18 kmpl,4.0,No,5 Seats,950 kg,165 mm,35 Litres,,
Skoda Rapid,₹4.85 Lakh,May 2015,"72,403 Kms",Second Owner,Diesel,Automatic,FWD,1498 cc,103.52 bhp,21.66 kmpl,4.0,Yes,5 Seats,1182 kg,168 mm,,55 Litres,
Maruti Suzuki Swift,₹5.25 Lakh,Sept 2018,"58,000 Kms",First Owner,Petrol,Manual,FWD,1197 cc,81.80 bhp,21.21 kmpl,4.0,No,5 Seats,855-885 kg,163 mm,37 Litres,,
Ford Figo,₹4.45 Lakh,Apr 2017,"50,000 Kms",First Owner,Petrol,Automatic,FWD,1499 cc,110.4 bhp,17.01 kmpl,4.0,No,5 Seats,1040-1130 kg,174 mm,42 Litres,,
Maruti Suzuki Swift,₹5.65 Lakh,Feb 2018,"27,000 Kms",First Owner,Petrol,Manual,FWD,1197 cc,81.80 bhp,21.21 kmpl,4.0,No,5 Seats,855-885 kg,163 mm,37 Litres,,
1.6 MPI Style Plus,₹4.85 Lakh,Mar 2016,"58,729 Kms",First Owner,Petrol,Manual,FWD,1598 cc,103.52 bhp,15 kmpl,4.0,No,5 Seats,1145 kg,168 mm,55 Litres,,
Maruti Suzuki Swift,₹5.70 Lakh,Dec 2016,"28,000 Kms",First Owner,Petrol,Manual,FWD,1197 cc,81.80 bhp,21.21 kmpl,4.0,No,5 Seats,855-885 kg,163 mm,37 Litres,,
Maruti Suzuki Swift,₹4 Lakh,Sept 2014,"1,21,523 Kms",First Owner,Petrol,Manual,FWD,1197 cc,85.8 bhp,18.6 kmpl,4.0,No,5 Seats,970 kg,170 mm,42 Litres,,
Maruti Suzuki Ertiga,₹4.17 Lakh,Jun 2013,"93,510 Kms",Second Owner,Diesel,Manual,FWD,1248 cc,88.76 bhp,20.77 kmpl,4.0,Yes,7 Seats,1235 kg,185 mm,,45 Litres,
Renault KWID,₹3.16 Lakh,Sept 2017,"35,419 Kms",Second Owner,Petrol,Automatic,FWD,999 cc,67 bhp,24.04 kmpl,3.0,No,5 Seats,710 kg,180 mm,28 Litres,,
Maruti Suzuki Swift,₹4 Lakh,Apr 2013,"43,000 Kms",First Owner,Petrol,Manual,FWD,1197 cc,85.8 bhp,18.6 kmpl,4.0,No,5 Seats,970 kg,170 mm,42 Litres,,
Maruti Suzuki Swift,₹4.30 Lakh,Nov 2017,"1,31,746 Kms",First Owner,Petrol,Manual,FWD,1197 cc,81.80 bhp,20.4 kmpl,4.0,No,5 Seats,865 kg,163 mm,42 Litres,,
Volkswagen Polo,₹5.70 Lakh,Mar 2016,"49,000 Kms",First Owner,Petrol,Manual,FWD,1199 cc,74 bhp,16.2 kmpl,3.0,No,5 Seats,1044 kg,165 mm,45 Litres,,
Maruti Suzuki Baleno,₹5.36 Lakh,Aug 2016,"49,000 Kms",First Owner,Petrol,Automatic,FWD,1197 cc,83.1 bhp,21.4 kmpl,4.0,No,5 Seats,910 kg,170 mm,37 Litres,,
Honda Jazz,₹6 Lakh,Jul 2017,"32,786 Kms",First Owner,Petrol,Automatic,FWD,1199 cc,88.7 bhp,18.2 kmpl,4.0,No,5 Seats,1064 kg,165 mm,40 Litres,,
Renault Scala,₹3.55 Lakh,Jun 2016,"63,000 Kms",First Owner,Petrol,Manual,FWD,1498 cc,97.6 bhp,16.95 kmpl,4.0,No,5 Seats,1005 kg,161 mm,41 Litres,,
Volkswagen Polo,₹5.75 Lakh,Dec 2017,"53,000 Kms",First Owner,Petrol,Manual,FWD,1199 cc,74 bhp,16.2 kmpl,3.0,No,5 Seats,1030 kg,165 mm,45 Litres,,
Maruti Suzuki Baleno,₹5.31 Lakh,Mar 2017,"55,708 Kms",First Owner,Diesel,Manual,FWD,1248 cc,74 bhp,27.39 kmpl,4.0,Yes,5 Seats,960-985 kg,170 mm,,37 Litres,
32+ used cars for sale from ₹1.22 Lakh in Bangalore,,,,,,,,,,,,,,,,,,
Hyundai Verna,₹4.95 Lakh,Feb 2014,"1,08,654 Kms",Third Owner,Diesel,Manual,FWD,1582 cc,126.32 bhp,23.9 kmpl,4.0,Yes,5 Seats,1270 kg,165 mm,,,
Hyundai Verna,₹5.95 Lakh,Jul 2015,"74,000 Kms",Second Owner,Petrol,Manual,FWD,1591 cc,121.4 bhp,17.01 kmpl,4.0,No,5 Seats,1270 kg,165 mm,43 Litres,,
Nissan Sunny,₹3.65 Lakh,Dec 2011,"1,00,827 Kms",First Owner,Petrol,Manual,FWD,1498 cc,97.7 bhp,16.95 kmpl,4.0,No,5 Seats,1022 kg,,41 Litres,,
Hyundai Creta,₹11 Lakh,2020,"30,000 Kms",First Owner,Petrol,Automatic,,1497 cc,113.18 bhp,14 kmpl,4.0,No,5 Seats,1450 kg,,50 Litres,,
Hyundai Alcazar,₹14.19 Lakh,Apr 2023,"47,905 Kms",First Owner,Petrol,Manual,FWD,1482 cc,157.57 bhp,18.8 kmpl,4.0,Yes,7 Seats,,,50 Litres,,
Kia Seltos,₹10.09 Lakh,Mar 2020,"69,433 Kms",Second Owner,Petrol,Automatic,2WD,1482 cc,157.81 bhp,17.9 kmpl,4.0,Yes,5 Seats,,,50 Litres,,
Honda WR-V,₹5.67 Lakh,Jul 2019,"47,396 Kms",First Owner,,Manual,FWD,1199 cc,88.7 bhp,17.5 kmpl,4.0,No,5 Seats,1103 kg,188 mm,40 Litres,,
Renault KWID,₹4.40 Lakh,2024,"6,400 Kms",First Owner,Petrol,Manual,FWD,999 cc,67.06 bhp,21.46 kmpl,3.0,,5 Seats,,184 mm,28 Litres,,
Maruti Suzuki Vitara Brezza,₹5.57 Lakh,Feb 2017,"99,823 Kms",Second Owner,Petrol,Manual,FWD,1462 cc,103.26 bhp,17.03 kmpl,4.0,,5 Seats,1110-1130 kg,,48 Litres,,
Maruti Suzuki Wagon R,₹3.68 Lakh,Dec 2019,"55,358 Kms",First Owner,CNG,Manual,FWD,998 cc,55.92 bhp,34.05 km/kg,3.0,,5 Seats,910 kg,,,,60 Litres
Volkswagen Polo,₹2.66 Lakh,Mar 2013,"68,627 Kms",Third Owner,Petrol,Manual,FWD,1198 cc,73.9 bhp,16.47 kmpl,3.0,No,5 Seats,1055 kg,168 mm,45 Litres,,
Tata Harrier,₹20 Lakh,2024,"40,000 Kms",First Owner,Diesel,Manual,FWD,1956 cc,167.62 bhp,16.8 kmpl,4.0,Yes,5 Seats,,,,50 Litres,
Hyundai Venue,₹6.90 Lakh,2020,"50,000 Kms",Second Owner,Petrol,Automatic,FWD,998 cc,118.35 bhp,18.15 kmpl,3.0,Yes,5 Seats,1440 kg,,45 Litres,,
Mahindra XUV500,₹7.25 Lakh,2018,"1,20,000 Kms",Second Owner,,Automatic,FWD,2179 cc,140 bhp,16 kmpl,4.0,Yes,7 Seats,1960 kg,200 mm,,70 Litres,
Hyundai Creta,₹11 Lakh,2020,"98,500 Kms",First Owner,Petrol,Automatic,,1353 cc,138.12 bhp,11 kmpl,4.0,Yes,5 Seats,1465 kg,,50 Litres,,
Skoda Kushaq,₹8.50 Lakh,2023,"33,000 Kms",First Owner,,Manual,FWD,999 cc,113.98 bhp,19.2 kmpl,3.0,Yes,5 Seats,1195-1255 kg,188 mm,50 Litres,,
Maruti Suzuki Swift,₹1.20 Lakh,2009,"1,50,000 Kms",Third Owner,Petrol,Manual,,1298 cc,,16.1 kmpl,4.0,No,5 Seats,1000 kg,170 mm,43 Litres,,
MG Gloster,₹35 Lakh,2023,"65,000 Kms",First Owner,Diesel,Automatic,4WD,1996 cc,212.55 bhp,10 kmpl,4.0,Twin,6 Seats,,,,75 Litres,
Audi Q7,₹42 Lakh,2019,"70,000 Kms",First Owner,,Automatic,AWD,2967 cc,245 bhp,14.75 kmpl,4.0,Yes,7 Seats,2330 kg,205 mm,,85 Litres,
Hyundai i20,₹6 Lakh,2021,"40,000 Kms",First Owner,Petrol,Manual,,1197 cc,81.80 bhp,21 kmpl,4.0,No,5 Seats,1160 kg,,37 Litres,,
Hyundai i20,₹6.41 Lakh,Nov 2023,"7,409 Kms",First Owner,Petrol,Manual,FWD,1197 cc,81.83 bhp,18.6 kmpl,4.0,No,5 Seats,1066 kg,170 mm,45 Litres,,
Fiat Grande Punto,₹1.45 Lakh,Jul 2011,"2,09,641 Kms",First Owner,Petrol,Manual,FWD,1368 cc,,15.6 kmpl,4.0,No,5 Seats,1145 kg,165 mm,45 Litres,,
Mahindra XUV500,₹4.50 Lakh,Jul 2015,"1,58,973 Kms",First Owner,Diesel,Manual,FWD,2179 cc,140 bhp,15.1 kmpl,4.0,Yes,7 Seats,1940 kg,,,70 Litres,
Maruti Suzuki Alto 800,₹1.26 Lakh,Jan 2009,"2,20,000 Kms",Second Owner,Petrol,Manual,FWD,796 cc,46.3 bhp,19.7 kmpl,3.0,No,5 Seats,705 kg,160 mm,35 Litres,,
Mahindra XUV500,₹5.50 Lakh,Jul 2016,"49,822 Kms",First Owner,Diesel,Manual,FWD,2179 cc,140 bhp,15.1 kmpl,4.0,Yes,7 Seats,1900 kg,,,70 Litres,
Maruti Suzuki Ciaz,₹8.73 Lakh,Jun 2022,"26,130 Kms",First Owner,Petrol,Automatic,FWD,1373 cc,91.1 bhp,19.12 kmpl,4.0,No,5 Seats,1030 kg,170 mm,43 Litres,,
Honda City,₹6 Lakh,2019,"53,000 Kms",First Owner,Petrol,Manual,,1497 cc,117.60 bhp,17.4 kmpl,4.0,,5 Seats,1061 kg,,40 Litres,,
Honda Amaze 2nd Gen,₹6.55 Lakh,Aug 2023,"23,787 Kms",Second Owner,Petrol,Manual,FWD,1199 cc,88.50 bhp,18.6 kmpl,4.0,,5 Seats,934 kg,,35 Litres,,
Hyundai Venue,₹7 Lakh,Apr 2022,"35,014 Kms",First Owner,Petrol,Manual,FWD,1197 cc,82 bhp,16 kmpl,4.0,No,5 Seats,,,45 Litres,,
Hyundai Xcent,₹2.81 Lakh,Feb 2017,"69,574 Kms",First Owner,Petrol,Manual,FWD,1197 cc,82 bhp,19.1 kmpl,4.0,No,5 Seats,1160 kg,165 mm,43 Litres,,
Volvo XC60,₹29 Lakh,Jun 2018,"60,000 Kms",Second Owner,Diesel,Automatic,AWD,1969 cc,190 bhp,,4.0,Yes,5 Seats,1755 kg,223 mm,,60 Litres,
Kia Seltos,₹7.32 Lakh,Feb 2021,"31,473 Kms",Third Owner,Petrol,Automatic,2WD,1353 cc,138 bhp,16.2 kmpl,4.0,Yes,5 Seats,1505 kg,,50 Litres,,
Honda Amaze,₹2.97 Lakh,Dec 2013,"48,255 Kms",First Owner,Petrol,Manual,FWD,1198 cc,86.7 bhp,17.8 kmpl,4.0,No,5 Seats,955 kg,165 mm,35 Litres,,
Mercedes-Benz GLC,₹37 Lakh,Jun 2017,"19,600 Kms",First Owner,Petrol,Automatic,AWD,2996 cc,362 bhp,,4.0,Yes,5 Seats,1855 kg,,65 Litres,,
MG Hector,₹8.80 Lakh,Feb 2020,"63,928 Kms",Second Owner,,Automatic,FWD,1451 cc,141 bhp,13.96 kmpl,4.0,Yes,5 Seats,1800 kg,183 mm,60 Litres,,
Porsche Cayenne Coupe,₹1.31 Crore,Jun 2023,"11,500 Kms",First Owner,Petrol,Automatic,AWD,2995 cc,335 bhp,,6.0,No,4 Seats,2030 kg,,75 Litres,,
Tata Safari,₹22.50 Lakh,2023,"16,500 Kms",First Owner,Diesel,Automatic,FWD,1956 cc,167.62 bhp,14.1 kmpl,4.0,Yes,7 Seats,,,,50 Litres,
Ford Figo,₹1.20 Lakh,2011,"1,20,000 Kms",Second Owner,Diesel,Manual,Front Wheel Drive,1399 cc,68 bhp,20 kmpl,4.0,No,5 Seats,1115 kg,168 mm,,45 Litres,
Tata Tiago EV,₹8.50 Lakh,2024,"25,942 Kms",First Owner,,Automatic,FWD,,73.75 bhp,,,,5 Seats,,,,,
Hyundai i20,₹7.42 Lakh,Jun 2024,"42,705 Kms",First Owner,Petrol,Manual,FWD,1197 cc,81.83 bhp,18.6 kmpl,4.0,No,5 Seats,1066 kg,170 mm,45 Litres,,
Honda City,₹4.43 Lakh,Dec 2015,"50,835 Kms",Second Owner,Petrol,Manual,,1498 cc,119.35 bhp,18.6 kmpl,4.0,,5 Seats,1107-1153 kg,,40 Litres,,
Tata Nexon,₹5.22 Lakh,Jun 2019,"81,090 Kms",First Owner,Petrol,Manual,FWD,1198 cc,108.5 bhp,17 kmpl,3.0,Yes,5 Seats,1252 kg,,44 Litres,,
Mercedes-Benz GLA,₹31 Lakh,Aug 2022,"29,500 Kms",Second Owner,Petrol,Automatic,FWD,1332 cc,160.92 bhp,,4.0,Yes,5 Seats,1480 kg,,,,
Maruti Suzuki Baleno,₹5.07 Lakh,May 2018,"75,442 Kms",First Owner,Diesel,Manual,FWD,1248 cc,74 bhp,27.39 kmpl,4.0,Yes,5 Seats,985 kg,170 mm,,37 Litres,
Hyundai i20,₹3.09 Lakh,Jan 2015,"56,694 Kms",First Owner,Petrol,Manual,FWD,1197 cc,81.83 bhp,18.6 kmpl,4.0,No,5 Seats,1066 kg,170 mm,45 Litres,,
Honda Amaze 2nd Gen,₹5.19 Lakh,Jul 2018,"58,003 Kms",First Owner,Diesel,Manual,,1498 cc,97.89 bhp,24.7 kmpl,4.0,,5 Seats,1012-1051 kg,,,35 Litres,
Lexus ES,₹37.50 Lakh,Oct 2019,"19,500 Kms",First Owner,Petrol,Automatic,FWD,2487 cc,214.56 bhp,,4.0,Yes,5 Seats,1740 kg,,65 Litres,,
Tata Tigor,₹3.98 Lakh,Oct 2019,"96,916 Kms",First Owner,Petrol,Manual,FWD,1199 cc,83.81 bhp,20.3 kmpl,3.0,No,5 Seats,1035-1062 kg,170 mm,35 Litres,,
Maruti Suzuki Alto K10,₹2.50 Lakh,Apr 2015,"85,009 Kms",First Owner,Petrol,Manual,FWD,998 cc,67.05 bhp,23.95 kmpl,3.0,No,5 Seats,779 kg,160 mm,35 Litres,,
Hyundai Grand i10,₹5.11 Lakh,Jul 2020,"33,399 Kms",First Owner,Petrol,Manual,FWD,1197 cc,81.86 bhp,18.9 kmpl,4.0,No,5 Seats,1120 kg,165 mm,43 Litres,,
Audi Q3,₹39 Lakh,Mar 2025,"2,900 Kms",First Owner,Petrol,Automatic,AWD,1984 cc,187.74 bhp,10.14 kmpl,4.0,,5 Seats,1700 kg,,62 Litres,,
Mahindra KUV 100,₹3.18 Lakh,May 2018,"65,662 Kms",First Owner,,Manual,FWD,1198 cc,82 bhp,18.15 kmpl,3.0,No,6 Seats,1195 kg,170 mm,35 Litres,,
Maruti Suzuki Baleno,₹5.84 Lakh,Jul 2020,"27,523 Kms",First Owner,Diesel,Manual,FWD,1248 cc,74 bhp,27.39 kmpl,4.0,Yes,5 Seats,960-985 kg,170 mm,,37 Litres,
Ford Fiesta,₹6.39 Lakh,Nov 2022,"97,007 Kms",Second Owner,Petrol,Manual,2wd,1499 cc,,17 kmpl,4.0,No,5 Seats,1117 kg,156 mm,43 Litres,,
Mercedes-Benz GLS,₹1.25 Crore,Oct 2024,"10,300 Kms",First Owner,Petrol,Automatic,AWD,2999 cc,375.48 bhp,12 kmpl,6.0,,7 Seats,,,,,
Honda Amaze,₹5.20 Lakh,Sept 2019,"42,941 Kms",First Owner,Petrol,Manual,FWD,1199 cc,89 bhp,18.65 kmpl,4.0,,5 Seats,952-986 kg,172 mm,35 Litres,,
Maruti Suzuki Swift Dzire,₹3.42 Lakh,Apr 2017,"77,834 Kms",First Owner,Petrol,Manual,FWD,1197 cc,88.50 bhp,22.41 kmpl,4.0,No,5 Seats,880-915 kg,,37 Litres,,
Honda Amaze 2nd Gen,₹6.46 Lakh,Aug 2022,"40,116 Kms",First Owner,Petrol,Manual,FWD,1199 cc,88.50 bhp,18.6 kmpl,4.0,,5 Seats,934 kg,,35 Litres,,
Audi A6,₹36 Lakh,Jun 2021,"13,000 Kms",Second Owner,Petrol,Automatic,FWD,1984 cc,241.3 bhp,14.11 kmpl,4.0,Yes,5 Seats,1740 kg,165 mm,73 Litres,,
MG Hector Plus,₹11 Lakh,2020,"50,000 Kms",Second Owner,Petrol,Automatic,,1451 cc,141 bhp,11.67 kmpl,4.0,YES,6 Seats,1820 kg,,60 Litres,,
Hyundai i20,₹6.40 Lakh,2024,"10,000 Kms",First Owner,Petrol,Manual,FWD,1197 cc,82 bhp,16 kmpl,4.0,,5 Seats,,,37 Litres,,
Mahindra XUV300,₹7.10 Lakh,2022,"60,000 Kms",First Owner,,Manual,FWD,1197 cc,108.6 bhp,17 kmpl,3.0,Yes,5 Seats,1345 kg,180 mm,42 Litres,,
Hyundai Venue,₹6.90 Lakh,2020,"49,000 Kms",First Owner,Petrol,Manual,FWD,998 cc,118.35 bhp,18.27 kmpl,3.0,Yes,5 Seats,1340 kg,,45 Litres,,
Maruti Suzuki Vitara Brezza,₹6 Lakh,2020,"90,000 Kms",Third Owner,Petrol,Manual,FWD,1462 cc,103.26 bhp,17.03 kmpl,4.0,,5 Seats,1110-1130 kg,,48 Litres,,
Hyundai Xcent,₹3.81 Lakh,Jul 2017,"60,488 Kms",Second Owner,Petrol,Manual,,,,,4.0,,,1120 kg,,,,
Honda City,₹4.85 Lakh,Apr 2015,"14,942 Kms",Second Owner,Petrol,Manual,FWD,1497 cc,117.6 bhp,17.4 kmpl,4.0,No,5 Seats,1084 kg,165 mm,40 Litres,,
Hyundai Grand i10 Nios,₹4.93 Lakh,Jun 2022,"49,992 Kms",First Owner,Petrol,Manual,,1197 cc,81.86 bhp,,4.0,No,5 Seats,1120 kg,,37 Litres,,
Mercedes-Benz GLS,₹90 Lakh,Sept 2022,"34,000 Kms",Second Owner,Petrol,Automatic,AWD,2999 cc,362.07 bhp,,6.0,,7 Seats,2460 kg,,,,
Maruti Suzuki Baleno,₹4.39 Lakh,Dec 2017,"42,899 Kms",First Owner,Diesel,Manual,FWD,1248 cc,74 bhp,27.39 kmpl,4.0,Yes,5 Seats,960-985 kg,170 mm,,37 Litres,
Hyundai Xcent,₹4.25 Lakh,Mar 2019,"86,950 Kms",Second Owner,Petrol,Manual,,,,,4.0,,,1120 kg,,,,
Renault Kiger,₹5.71 Lakh,Jul 2022,"29,397 Kms",First Owner,,Manual,FWD,999 cc,71 bhp,19.17 kmpl,3.0,No,5 Seats,,205 mm,40 Litres,,
Jeep Wrangler,₹57.50 Lakh,Jun 2023,"30,000 Kms",Second Owner,Petrol,Automatic,4WD,1998 cc,264.33 bhp,,4.0,Yes,5 Seats,,,81 Litres,,
Maruti Suzuki Baleno,₹6.76 Lakh,Apr 2023,"18,147 Kms",First Owner,Petrol,Manual,FWD,1197 cc,88.50 bhp,22.35 kmpl,4.0,No,5 Seats,925-955 kg,,37 Litres,,
Ford Ecosport,₹2.50 Lakh,Mar 2014,"74,455 Kms",First Owner,,Manual,FWD,1499 cc,110 bhp,15.8 kmpl,4.0,No,5 Seats,1290s kg,200 mm,52 Litres,,
Honda City,₹5.30 Lakh,Jul 2017,"34,523 Kms",First Owner,Petrol,Manual,FWD,1497 cc,117.3 bhp,17.8 kmpl,4.0,No,5 Seats,1065 kg,165 mm,40 Litres,,
Audi Q8,₹68 Lakh,Jun 2021,"50,800 Kms",First Owner,Petrol,Automatic,AWD,2995 cc,340 bhp,,4.0,Yes,5 Seats,2175 kg,,85 Litres,,
Maruti Suzuki S-Presso,₹3.49 Lakh,May 2023,"43,986 Kms",First Owner,Petrol,Manual,FWD,998 cc,65.71 bhp,24.76 kmpl,3.0,,5 Seats,736-775 kg,,27 Litres,,
Ford Aspire,₹3.79 Lakh,Oct 2018,"19,916 Kms",Second Owner,Petrol,Manual,FWD,1196 cc,86.8 bhp,18.16 kmpl,4.0,Yes,5 Seats,995-1015 kg,174 mm,42 Litres,,
Mahindra KUV 100,₹2.38 Lakh,Jul 2018,"68,448 Kms",Second Owner,,Manual,FWD,1198 cc,77 bhp,25.32 kmpl,3.0,Yes,6 Seats,1075 kg,170 mm,,35 Litres,
Mercedes-Benz GLS,₹84 Lakh,Nov 2022,"47,600 Kms",First Owner,Diesel,Automatic,AWD,2925 cc,325.86 bhp,,6.0,,7 Seats,2505 kg,,,,
Maruti Suzuki Swift Dzire,₹3.06 Lakh,May 2014,"91,924 Kms",First Owner,Diesel,Manual,FWD,1248 cc,74 bhp,23.4 kmpl,4.0,Yes,5 Seats,1060 kg,170 mm,,42 Litres,
Hyundai Xcent,₹3.04 Lakh,Jun 2015,"93,449 Kms",First Owner,Petrol,Manual,FWD,1197 cc,81.86 bhp,20.14 kmpl,4.0,No,5 Seats,1120 kg,165 mm,43 Litres,,
Renault KWID,₹3.21 Lakh,Oct 2020,"33,603 Kms",First Owner,Petrol,Manual,FWD,999 cc,67 bhp,21.74 kmpl,3.0,No,5 Seats,730 kg,184 mm,28 Litres,,
Mercedes-Benz S-Class,₹1.35 Crore,Jan 2023,"12,000 Kms",First Owner,Petrol,Automatic,AWD,2999 cc,362.07 bhp,,6.0,,5 Seats,1980 kg,,76 Litres,,
Ford Freestyle,₹4.23 Lakh,Jun 2021,"85,909 Kms",First Owner,Diesel,Manual,FWD,1499 cc,98.96 bhp,23.8 kmpl,4.0,Yes,5 Seats,1062-1080 kg,,,40 Litres,
Maruti Suzuki Wagon R,₹3.89 Lakh,Oct 2021,"70,842 Kms",First Owner,CNG,Manual,FWD,998 cc,58.33 bhp,32.52 km/kg,3.0,No,5 Seats,905-910 kg,,,,60 Litres
Maruti Suzuki Celerio,₹4.32 Lakh,Jul 2023,"20,542 Kms",First Owner,Petrol,Manual,FWD,998 cc,67.77 bhp,25.24 kmpl,3.0,,5 Seats,800 kg,,32 Litres,,
Jeep Wrangler,₹47.50 Lakh,Jun 2021,"43,100 Kms",First Owner,,Automatic,4WD,1998 cc,268 bhp,12.1 kmpl,4.0,Yes,5 Seats,2027 kg,217 mm,,,
Kia Seltos,₹7.35 Lakh,Mar 2020,"44,386 Kms",First Owner,Petrol,Manual,FWD,1353 cc,113.43 bhp,16.8 kmpl,4.0,No,5 Seats,1485 kg,,,,
Hyundai Grand i10,₹5.06 Lakh,Apr 2022,"45,413 Kms",First Owner,Petrol,Manual,FWD,1197 cc,81.86 bhp,18.9 kmpl,4.0,No,5 Seats,1120 kg,165 mm,43 Litres,,
Honda City,₹10.65 Lakh,Aug 2021,"34,799 Kms",First Owner,Petrol,Manual,,1498 cc,119.35 bhp,18.6 kmpl,4.0,,5 Seats,1107-1153 kg,,40 Litres,,
Mercedes-Benz G-Class,₹2.75 Crore,May 2024,"11,300 Kms",First Owner,Diesel,Automatic,AWD,2925 cc,325.86 bhp,6.1 kmpl,6.0,,5 Seats,,,,100 Litres,
Mahindra KUV 100,₹2.72 Lakh,Sept 2018,"85,392 Kms",Second Owner,,Manual,FWD,1198 cc,82 bhp,18.15 kmpl,3.0,No,6 Seats,1195 kg,170 mm,35 Litres,,
Mahindra XUV500,₹4.69 Lakh,Mar 2017,"74,520 Kms",Second Owner,,Manual,FWD,2179 cc,140 bhp,16 kmpl,4.0,Yes,7 Seats,1785 kg,200 mm,,70 Litres,
Hyundai Grand i10,₹3.31 Lakh,Apr 2017,"41,915 Kms",First Owner,Petrol,Manual,FWD,1197 cc,81.86 bhp,18.9 kmpl,4.0,No,5 Seats,1120 kg,165 mm,43 Litres,,
Kia Carnival,₹34 Lakh,Jun 2022,"34,900 Kms",First Owner,Diesel,Automatic,2WD,2199 cc,197.26 bhp,,4.0,Yes,7 Seats,2270 kg,,,60 Litres,
Ford Aspire,₹3.22 Lakh,Aug 2016,"88,562 Kms",First Owner,Petrol,Manual,FWD,1196 cc,86.8 bhp,18.16 kmpl,4.0,Yes,5 Seats,995-1015 kg,174 mm,42 Litres,,
Tata Nexon,₹6.59 Lakh,Jan 2023,"1,08,509 Kms",First Owner,Diesel,Manual,,1497 cc,108.49 bhp,21.19 kmpl,4.0,Yes,5 Seats,1395 kg,209 mm,,44 Litres,
Honda Amaze,₹2.20 Lakh,Dec 2013,"58,976 Kms",Second Owner,Petrol,Manual,FWD,1198 cc,86.7 bhp,18 kmpl,4.0,No,5 Seats,950 kg,165 mm,35 Litres,,
Volvo XC60,₹39 Lakh,Jun 2020,"43,500 Kms",First Owner,Diesel,Automatic,AWD,1969 cc,231.78 bhp,,4.0,Yes,5 Seats,1875 kg,216 mm,,71 Litres,
Maruti Suzuki Dzire,₹4.92 Lakh,Nov 2019,"42,393 Kms",First Owner,Petrol,Manual,FWD,1197 cc,80 bhp,24.79 kmpl,3.0,,5 Seats,920-960 kg,163 mm,37 Litres,,
Ford Figo,₹2.89 Lakh,Sept 2017,"74,450 Kms",First Owner,Diesel,Manual,FWD,1498 cc,99 bhp,25.83 kmpl,4.0,Yes,5 Seats,1040-1130 kg,174 mm,,40 Litres,
Honda City,₹5.87 Lakh,Jan 2020,"24,885 Kms",First Owner,Petrol,Manual,FWD,1497 cc,117.6 bhp,17.4 kmpl,4.0,No,5 Seats,1063 kg,165 mm,40 Litres,,
Land Rover Range Rover Velar,₹74 Lakh,Mar 2024,"27,000 Kms",First Owner,Petrol,Automatic,AWD,1997 cc,246.74 bhp,,4.0,Yes,5 Seats,1875 kg,,82 Litres,,
Maruti Suzuki Dzire,₹4.06 Lakh,Oct 2017,"72,962 Kms",Second Owner,Petrol,Manual,FWD,1197 cc,80 bhp,24.79 kmpl,3.0,,5 Seats,920-960 kg,163 mm,37 Litres,,
Tata Nexon,₹7.45 Lakh,Sept 2022,"10,111 Kms",First Owner,Diesel,Manual,,1497 cc,113.42 bhp,23.22 kmpl,4.0,Yes,5 Seats,1250 kg,209 mm,,44 Litres,
Maruti Suzuki Ciaz,₹6.49 Lakh,Jun 2020,"1,03,623 Kms",First Owner,Petrol,Manual,2WD,1373 cc,91.1 bhp,20.73 kmpl,4.0,No,5 Seats,1135 kg,170 mm,43 Litres,,
Mercedes-Benz GLA,₹44 Lakh,Jan 2025,"12,000 Kms",First Owner,Petrol,Automatic,FWD,1332 cc,160.92 bhp,,4.0,Yes,5 Seats,1570 kg,,,,
Ford Ecosport,₹3.01 Lakh,Nov 2016,"84,622 Kms",First Owner,,Manual,FWD,1498 cc,98.59 bhp,22.77 kmpl,4.0,Yes,5 Seats,1350 kg,200 mm,,52 Litres,
Hyundai i20,₹3.85 Lakh,Aug 2016,"87,810 Kms",First Owner,Petrol,Manual,FWD,1197 cc,81.83 bhp,18.6 kmpl,4.0,No,5 Seats,1066 kg,170 mm,45 Litres,,
MG Hector,₹10.55 Lakh,Dec 2020,"37,087 Kms",First Owner,,Automatic,FWD,1451 cc,141 bhp,13.96 kmpl,4.0,Yes,5 Seats,1800 kg,183 mm,60 Litres,,
Land Rover Discovery Sport,₹37 Lakh,Dec 2020,"58,000 Kms",First Owner,Petrol,Automatic,4WD,1997 cc,237.36 bhp,,4.0,Yes,7 Seats,2035 kg,212 mm,65 Litres,,
Maruti Suzuki Alto 800,₹2.56 Lakh,Oct 2015,"31,724 Kms",First Owner,Petrol,Manual,FWD,796 cc,47.3 bhp,24.7 kmpl,3.0,No,5 Seats,725 kg,160 mm,35 Litres,,
Maruti Suzuki Swift Dzire,₹1.85 Lakh,Apr 2011,"2,01,422 Kms",First Owner,Diesel,Manual,FWD,1248 cc,74 bhp,26.59 kmpl,4.0,Yes,5 Seats,1055 kg,170 mm,,42 Litres,
Honda City,₹4.41 Lakh,Apr 2016,"69,324 Kms",First Owner,Petrol,Manual,FWD,1497 cc,117.3 bhp,17.8 kmpl,4.0,No,5 Seats,1065 kg,165 mm,40 Litres,,
Land Rover Range Rover Velar,₹78 Lakh,Jun 2024,"18,500 Kms",First Owner,Petrol,Automatic,AWD,1997 cc,246.74 bhp,,4.0,Yes,5 Seats,1875 kg,,82 Litres,,
Kia Sonet,₹7.63 Lakh,Jan 2023,"63,186 Kms",First Owner,Diesel,Manual,FWD,1493 cc,98.63 bhp,,4.0,Yes,5 Seats,1351 kg,,,45 Litres,
Kia Sonet,₹6.61 Lakh,Jan 2021,"97,057 Kms",First Owner,Diesel,Manual,FWD,1493 cc,98.63 bhp,,4.0,Yes,5 Seats,1225 kg,,,45 Litres,
Tata Punch,₹6.96 Lakh,Jul 2024,"15,465 Kms",First Owner,,Manual,FWD,1199 cc,72 bhp,26.99 km/kg,3.0,,5 Seats,,187 mm,,,60 Litres
Lexus LX,₹2.75 Crore,Jan 2023,"8,000 Kms",First Owner,,Automatic,AWD,3346 cc,304.41 bhp,5 kmpl,6.0,Twin,5 Seats,2750 kg,205 mm,,80 Litres,
Fiat Grande Punto,₹1.85 Lakh,Apr 2013,"2,17,632 Kms",First Owner,Diesel,Manual,FWD,1248 cc,,17.8 kmpl,4.0,No,5 Seats,1190 kg,165 mm,,45 Litres,
Audi A6,₹19.25 Lakh,Jan 2017,"54,800 Kms",First Owner,Petrol,Automatic,FWD,1798 cc,187.74 bhp,,4.0,Yes,5 Seats,1610 kg,165 mm,75 Litres,,
Hyundai i20,₹2.61 Lakh,Feb 2014,"88,426 Kms",Second Owner,Diesel,Manual,FWD,1396 cc,88.73 bhp,22.54 kmpl,4.0,Yes,5 Seats,1515 kg,170 mm,,45 Litres,
Toyota Vellfire,₹1.19 Crore,Dec 2025,"22,170 Kms",First Owner,Petrol,Automatic,AWD,2487 cc,190.42 bhp,,4.0,,7 Seats,,,60 Litres,,
Skoda Octavia,₹19 Lakh,Jan 2022,"82,000 Kms",First Owner,Petrol,Automatic,FWD,1984 cc,187.74 bhp,15.81 kmpl,4.0,Yes,5 Seats,1459 kg,137 mm,50 Litres,,
Maruti Suzuki Swift,₹5.18 Lakh,Aug 2022,"44,785 Kms",First Owner,Petrol,Manual,FWD,1197 cc,88.50 bhp,22.38 kmpl,4.0,,5 Seats,875-905 kg,,37 Litres,,
Maruti Suzuki Alto K10,₹3.20 Lakh,Jul 2023,"63,513 Kms",First Owner,Petrol,Manual,FWD,998 cc,65.71 bhp,24.39 kmpl,3.0,,5 Seats,,,27 Litres,,
Kia Carnival,₹61 Lakh,Jun 2025,"24,960 Kms",First Owner,Diesel,Automatic,2WD,2151 cc,190 bhp,,4.0,,7 Seats,,,,72 Litres,
Tata Nexon,₹5.86 Lakh,Mar 2022,"40,079 Kms",First Owner,Petrol,Manual,,1199 cc,118.36 bhp,17.57 kmpl,3.0,Yes,5 Seats,1250 kg,209 mm,44 Litres,,
Tata Tiago,₹3.16 Lakh,Dec 2019,"77,187 Kms",First Owner,Petrol,Manual,FWD,1199 cc,83.83 bhp,23.84 kmpl,3.0,No,5 Seats,970 kg,165 mm,35 Litres,,
Maruti Suzuki Swift Dzire,₹4.95 Lakh,Oct 2017,"47,108 Kms",First Owner,Diesel,Automatic,FWD,1248 cc,74.02 bhp,28.4 kmpl,4.0,Yes,5 Seats,955-990 kg,163 mm,,37 Litres,
Mercedes-Benz E-Class,₹38 Lakh,Jun 2019,"32,000 Kms",Second Owner,Petrol,Automatic,RWD,1991 cc,194.4 bhp,,4.0,Yes,5 Seats,1585 kg,,80 Litres,,
Maruti Suzuki Alto K10,₹2.11 Lakh,Dec 2012,"70,093 Kms",First Owner,Petrol,Manual,FWD,998 cc,67.05 bhp,23.95 kmpl,3.0,No,5 Seats,779 kg,160 mm,35 Litres,,
Mahindra XUV500,₹8.39 Lakh,Dec 2017,"59,644 Kms",First Owner,,Automatic,FWD,2179 cc,152.87 bhp,15.1 kmpl,4.0,Yes,7 Seats,1825 kg,200 mm,,70 Litres,
Maruti Suzuki Alto K10,₹2.86 Lakh,Apr 2015,"41,361 Kms",First Owner,Petrol,Manual,FWD,998 cc,67.05 bhp,23.95 kmpl,3.0,No,5 Seats,779 kg,160 mm,35 Litres,,
Mercedes-Benz GLC,₹55.75 Lakh,Jan 2024,"16,000 Kms",First Owner,Petrol,Automatic,4WD,1999 cc,254.79 bhp,,4.0,,5 Seats,2000 kg,,66 Litres,,
Hyundai Creta,₹6.35 Lakh,Sept 2019,"36,467 Kms",Second Owner,Petrol,Manual,FWD,1591 cc,121.3 bhp,15.8 kmpl,4.0,No,5 Seats,1260 kg,,55 Litres,,
Maruti Suzuki Alto K10,₹2.76 Lakh,Oct 2018,"56,746 Kms",Second Owner,Petrol,Manual,FWD,998 cc,67.05 bhp,23.95 kmpl,3.0,No,5 Seats,779 kg,160 mm,35 Litres,,
Skoda Superb,₹7.34 Lakh,Oct 2021,"52,387 Kms",First Owner,Petrol,Manual,FWD,1798 cc,157.8 bhp,13.1 kmpl,4.0,Yes,5 Seats,1533 kg,158 mm,60 Litres,,
Mercedes-Benz GLE,₹62 Lakh,Jan 2020,"40,000 Kms",First Owner,Petrol,Automatic,AWD,2999 cc,362.07 bhp,,6.0,Yes,5 Seats,2150 kg,200 mm,93 Litres,,
Skoda Rapid,₹6.80 Lakh,May 2019,"53,343 Kms",First Owner,Diesel,Manual,FWD,1498 cc,103.52 bhp,21.14 kmpl,4.0,Yes,5 Seats,1206 kg,168 mm,,55 Litres,
Toyota Yaris,₹4.82 Lakh,May 2018,"44,207 Kms",Second Owner,Petrol,Manual,FWD,1496 cc,105.5 bhp,17.1 kmpl,4.0,No,5 Seats,1095 kg,,42 Litres,,
Ford Ecosport,₹7.03 Lakh,Nov 2019,"32,620 Kms",First Owner,Petrol,Automatic,FWD,1496 cc,120.69 bhp,14.7 kmpl,3.0,No,5 Seats,1300 kg,,52 Litres,,
BMW 5 Series,₹39 Lakh,Jan 2020,"12,000 Kms",First Owner,Diesel,Automatic,RWD,1995 cc,187.74 bhp,,4.0,Twin,5 Seats,1660 kg,,,66 Litres,
Tata Tiago,₹4.30 Lakh,Jan 2023,"33,822 Kms",First Owner,Petrol,Manual,FWD,1199 cc,84 bhp,23.84 kmpl,3.0,No,5 Seats,980 kg,170 mm,35 Litres,,
Audi Q2,₹25 Lakh,Mar 2022,"24,000 Kms",First Owner,Petrol,Automatic,AWD,1984 cc,187.74 bhp,,4.0,Yes,5 Seats,1505 kg,,55 Litres,,
Kia Seltos,₹11.75 Lakh,Aug 2020,"31,886 Kms",First Owner,Petrol,Automatic,FWD,1353 cc,138.08 bhp,16.5 kmpl,4.0,Yes,5 Seats,1535 kg,,50 Litres,,
Audi Q5,₹45 Lakh,Jun 2023,"33,000 Kms",First Owner,Petrol,Automatic,AWD,1984 cc,245.59 bhp,13.47 kmpl,4.0,,5 Seats,1970 kg,,,,
Tata Nexon,₹6.46 Lakh,Jun 2022,"62,499 Kms",First Owner,Petrol,Automatic,,1199 cc,118.35 bhp,17.05 kmpl,3.0,NO,5 Seats,1310 kg,209 mm,44 Litres,,
Tata Tiago,₹4.12 Lakh,Oct 2019,"31,196 Kms",First Owner,Petrol,Manual,FWD,1199 cc,84 bhp,23.84 kmpl,3.0,No,5 Seats,1012 kg,170 mm,35 Litres,,
Tata Harrier,₹11.80 Lakh,Sept 2021,"90,255 Kms",First Owner,Diesel,Automatic,,1956 cc,167.67 bhp,14.6 kmpl,4.0,Yes,5 Seats,1700 kg,,,50 Litres,
BMW X5,₹86 Lakh,Jul 2024,"24,000 Kms",First Owner,Petrol,Automatic,4WD,2998 cc,375.48 bhp,,6.0,Twin,5 Seats,2220 kg,,83 Litres,,
Tata Harrier,₹13.59 Lakh,Mar 2022,"83,814 Kms",First Owner,Diesel,Automatic,,1956 cc,167.67 bhp,14.6 kmpl,4.0,Yes,5 Seats,1675 kg,,,50 Litres,
Skoda Slavia,₹11.29 Lakh,Sept 2022,"15,841 Kms",First Owner,Petrol,Automatic,FWD,999 cc,113.98 bhp,18.73 kmpl,3.0,Yes,5 Seats,1219-1252 kg,145 mm,45 Litres,,
Audi A4,₹20.25 Lakh,Apr 2017,"59,800 Kms",First Owner,Diesel,Automatic,FWD,1968 cc,187.74 bhp,,4.0,Yes,5 Seats,1640 kg,165 mm,,54 Litres,
Mercedes-Benz E-Class,₹49.50 Lakh,Sept 2021,"20,000 Kms",First Owner,Petrol,Automatic,RWD,1991 cc,194.4 bhp,,4.0,Yes,5 Seats,1585 kg,,80 Litres,,
Hyundai Verna,₹11.73 Lakh,Oct 2022,"28,382 Kms",First Owner,Petrol,Automatic,FWD,1591 cc,121.4 bhp,17.1 kmpl,4.0,No,5 Seats,1198 kg,170 mm,43 Litres,,
Skoda Kushaq,₹9.49 Lakh,Mar 2023,"33,844 Kms",First Owner,,Manual,FWD,999 cc,113.98 bhp,19.2 kmpl,3.0,Yes,5 Seats,1195-1255 kg,188 mm,50 Litres,,
Tata Tiago,₹4.46 Lakh,Nov 2023,"47,543 Kms",First Owner,CNG,Manual,FWD,1199 cc,74.46 bhp,26.49 km/kg,3.0,,5 Seats,,168 mm,,,60 Litres
BMW 3 Series Long Wheelbase,₹41.50 Lakh,Nov 2022,"28,400 Kms",First Owner,Petrol,Automatic,RWD,1998 cc,254.79 bhp,15.3 kmpl,4.0,Twin,5 Seats,1680 kg,,59 Litres,,
Mahindra XUV700,₹18.21 Lakh,Nov 2022,"46,754 Kms",First Owner,Diesel,Automatic,FWD,2198 cc,182.38 bhp,17.19 kmpl,4.0,Yes,7 Seats,1890 kg,,,60 Litres,
Mahindra XUV700,₹15.95 Lakh,May 2024,"36,214 Kms",First Owner,Petrol,Automatic,FWD,1999 cc,197.13 bhp,11 kmpl,4.0,Yes,7 Seats,1850 kg,,60 Litres,,
Mahindra Bolero,₹8.11 Lakh,May 2023,"76,244 Kms",First Owner,Diesel,Manual,RWD,1493 cc,74.96 bhp,16 kmpl,3.0,Yes,7 Seats,1655 kg,,,60 Litres,
BMW X5,₹91 Lakh,Jun 2024,"7,500 Kms",First Owner,Petrol,Automatic,4WD,2998 cc,375.48 bhp,,6.0,Twin,5 Seats,2220 kg,,83 Litres,,
Tata Tiago,₹4.37 Lakh,Oct 2020,"35,345 Kms",First Owner,Petrol,Automatic,FWD,1199 cc,83.83 bhp,23.84 kmpl,3.0,No,5 Seats,1012 kg,170 mm,35 Litres,,
Honda Amaze,₹2.85 Lakh,Jul 2013,"57,932 Kms",Second Owner,Diesel,Manual,FWD,1498 cc,98.63 bhp,24.7 kmpl,4.0,Yes,5 Seats,1042 kg,,,35 Litres,
Jeep Compass,₹5.97 Lakh,Jul 2019,"99,088 Kms",First Owner,,Manual,4X2,1956 cc,170 bhp,17.1 kmpl,4.0,Yes,5 Seats,1562 s kg,178 mm,,60 Litres,
BMW X1,₹47 Lakh,Jan 2024,"7,000 Kms",First Owner,Petrol,Automatic,FWD,1499 cc,134.10 bhp,20.37 kmpl,3.0,Twin,5 Seats,1535 kg,,51 Litres,,
Kia Seltos,₹9.75 Lakh,Aug 2020,"75,000 Kms",First Owner,Diesel,Manual,FWD,1493 cc,113.43 bhp,20.8 kmpl,4.0,Yes,5 Seats,1475 kg,,,50 Litres,
Kia Seltos,₹12.75 Lakh,May 2023,"8,000 Kms",First Owner,Petrol,Manual,2WD,,,17 kmpl,4.0,No,5 Seats,,,50 Litres,,
Audi A3,₹19 Lakh,Oct 2019,"61,000 Kms",First Owner,Diesel,Automatic,FWD,1968 cc,143 bhp,,4.0,Yes,5 Seats,1490 kg,165 mm,,50 Litres,
BMW X5,₹52.75 Lakh,Jan 2022,"79,000 Kms",First Owner,Petrol,Automatic,AWD,2998 cc,335.26 bhp,,6.0,Twin,5 Seats,2220 kg,,,,
Honda City,₹2.58 Lakh,Jun 2010,"81,500 Kms",First Owner,Petrol,Manual,FWD,1497 cc,,17 kmpl,4.0,No,5 Seats,1100 kg,160 mm,42 Litres,,
Kia Seltos,₹10.15 Lakh,Nov 2021,"82,000 Kms",First Owner,Diesel,Automatic,2WD,1493 cc,113.42 bhp,17.8 kmpl,4.0,Yes,5 Seats,1495 kg,,,50 Litres,
Renault Duster,₹2.35 Lakh,Dec 2012,"68,121 Kms",Second Owner,,Manual,FWD,1461 cc,83.8 bhp,20.45 kmpl,4.0,Yes,5 Seats,1240 kg,205 mm,,50 Litres,
BMW X5,₹46.75 Lakh,Jan 2020,"32,000 Kms",First Owner,Petrol,Automatic,AWD,2998 cc,335.26 bhp,,6.0,Twin,5 Seats,2220 kg,,,,
Hyundai Venue,₹5.76 Lakh,Jan 2022,"37,303 Kms",Second Owner,Petrol,Manual,FWD,998 cc,118.35 bhp,18 kmpl,3.0,Yes,5 Seats,1340 kg,,45 Litres,,
Hyundai Xcent,₹2.25 Lakh,Nov 2015,"77,084 Kms",Second Owner,Petrol,Manual,FWD,1197 cc,82 bhp,19.1 kmpl,4.0,No,5 Seats,1160 kg,165 mm,43 Litres,,
Volkswagen Vento,₹2.78 Lakh,Apr 2011,"79,500 Kms",First Owner,Petrol,Automatic,Two Wheel Drive,1598 cc,,14.8 kmpl,4.0,No,5 Seats,1121 kg,168 mm,55 Litres,,
Land Rover Defender,₹97.75 Lakh,Mar 2023,"45,000 Kms",First Owner,Petrol,Automatic,AWD,1997 cc,296 bhp,,4.0,Yes,5 Seats,2186 kg,218 mm,90 Litres,,
Maruti Suzuki Alto K10,₹2.56 Lakh,Mar 2019,"97,047 Kms",First Owner,Petrol,Manual,FWD,998 cc,65.71 bhp,24.39 kmpl,3.0,,5 Seats,,,27 Litres,,
Maruti Suzuki Alto K10,₹2.10 Lakh,Aug 2016,"63,938 Kms",Second Owner,Petrol,Manual,FWD,998 cc,65.71 bhp,24.39 kmpl,3.0,,5 Seats,,,27 Litres,,
Maruti Suzuki Swift,₹4.75 Lakh,Jul 2016,"89,000 Kms",First Owner,Diesel,Manual,FWD,1248 cc,74 bhp,25.2 kmpl,4.0,Yes,5 Seats,960 kg,163 mm,,42 Litres,
Toyota Land Cruiser 300,₹2.10 Crore,Jan 2023,"9,000 Kms",First Owner,Diesel,Automatic,4WD,3346 cc,304.41 bhp,11 kmpl,6.0,Twin,5 Seats,2900 kg,,,110 Litres,
Renault KWID,₹1.42 Lakh,Dec 2015,"60,140 Kms",Second Owner,Petrol,Manual,,799 cc,53.26 bhp,22.25 kmpl,3.0,,5 Seats,690 kg,184 mm,28 Litres,,
Renault KWID,₹1.89 Lakh,Jul 2018,"63,853 Kms",First Owner,Petrol,Manual,FWD,999 cc,67 bhp,23.01 kmpl,3.0,No,5 Seats,710 kg,180 mm,,,
Hyundai i10,₹1.81 Lakh,Jan 2011,"78,500 Kms",First Owner,Petrol,Manual,FWD,1197 cc,78.9 bhp,20.36 kmpl,4.0,No,5 Seats,930 kg,165 mm,35 Litres,,
Land Rover Defender,₹1.35 Crore,Jan 2026,100 Kms,,Petrol,Automatic,AWD,1997 cc,296.3 bhp,,4.0,No,7 Seats,,,,,
Renault KWID,₹2.09 Lakh,Jun 2021,"82,143 Kms",First Owner,Petrol,Manual,,999 cc,67.06 bhp,21.46 kmpl,3.0,,5 Seats,699 kg,184 mm,28 Litres,,
Tata Tiago,₹2.57 Lakh,May 2019,"1,20,004 Kms",First Owner,Diesel,Manual,FWD,1047 cc,69 bhp,27.28 kmpl,3.0,Yes,5 Seats,1050 kg,165 mm,,35 Litres,
Maruti Suzuki Swift,₹3.08 Lakh,Feb 2017,"78,682 Kms",First Owner,Petrol,Manual,FWD,1197 cc,88.50 bhp,22.38 kmpl,4.0,,5 Seats,875-905 kg,,37 Litres,,
Audi A6,₹28.75 Lakh,Jan 2021,"64,000 Kms",First Owner,Petrol,Automatic,FWD,1984 cc,241.3 bhp,14.11 kmpl,4.0,Yes,5 Seats,1740 kg,165 mm,73 Litres,,
Maruti Suzuki Ciaz,₹4.81 Lakh,Dec 2017,"1,21,182 Kms",Second Owner,Diesel,Manual,,1248 cc,88.5 bhp,,4.0,Yes,,1065 kg,,,,
Maruti Suzuki Baleno,₹4.45 Lakh,Dec 2016,"36,502 Kms",Second Owner,Diesel,Manual,FWD,1248 cc,74 bhp,27.39 kmpl,4.0,Yes,5 Seats,985 kg,170 mm,,37 Litres,
Honda Jazz,₹4.02 Lakh,Jul 2017,"87,859 Kms",First Owner,Petrol,Manual,,1199 cc,88.50 bhp,17.1 kmpl,4.0,,5 Seats,1042 kg,,40 Litres,,
Mercedes-Benz EQS,₹85 Lakh,Jul 2024,"12,000 Kms",First Owner,,Automatic,AWD,,750.97 bhp,,,,5 Seats,2585 kg,,,,
Hyundai Verna,₹3.52 Lakh,May 2012,"58,999 Kms",First Owner,Petrol,Manual,FWD,1591 cc,121.3 bhp,17.01 kmpl,4.0,No,5 Seats,1290 kg,165 mm,43 Litres,,
Hyundai Alcazar,₹14.47 Lakh,May 2022,"21,126 Kms",First Owner,Diesel,Manual,FWD,1493 cc,113.98 bhp,20.4 kmpl,4.0,Yes,7 Seats,,,,50 Litres,
Skoda Kushaq,₹10.04 Lakh,Jul 2022,"25,940 Kms",First Owner,Petrol,Manual,FWD,1498 cc,147.51 bhp,18.6 kmpl,4.0,Yes,5 Seats,1269-1300 kg,,50 Litres,,
Mercedes-Benz EQS,₹97 Lakh,Feb 2024,"5,500 Kms",First Owner,,Automatic,AWD,,750.97 bhp,,,,5 Seats,2585 kg,,,,
Tata Tigor,₹4.95 Lakh,Feb 2022,"1,21,716 Kms",First Owner,CNG,Manual,,1199 cc,72.40 bhp,26.49 km/kg,3.0,,5 Seats,1030 kg,,,,60 Litres
Honda City,₹5.92 Lakh,Aug 2017,"86,820 Kms",First Owner,Petrol,Automatic,FWD,1498 cc,119.35 bhp,18.4 kmpl,4.0,,5 Seats,1107 kg,,,,
Mahindra Thar ROXX,₹24.50 Lakh,May 2025,"6,100 Kms",First Owner,Diesel,Automatic,4WD,2184 cc,172 bhp,15.2 kmpl,4.0,Yes,5 Seats,,,,57 Litres,
Volkswagen Vento,₹8.26 Lakh,Jun 2021,"57,018 Kms",First Owner,Petrol,Automatic,FWD,999 cc,108.62 bhp,16.35 kmpl,3.0,Yes,5 Seats,1175 kg,163 mm,55 Litres,,
Volkswagen Vento,₹7.98 Lakh,Jun 2022,"92,420 Kms",First Owner,Petrol,Automatic,FWD,999 cc,108.62 bhp,16.35 kmpl,3.0,Yes,5 Seats,1175 kg,163 mm,55 Litres,,
Maruti Suzuki Vitara Brezza,₹6.51 Lakh,Jul 2019,"1,25,107 Kms",First Owner,Petrol,Manual,FWD,1462 cc,103.26 bhp,17.03 kmpl,4.0,,5 Seats,1110-1130 kg,,48 Litres,,
Skoda Superb,₹24 Lakh,Jan 2021,"40,000 Kms",First Owner,Petrol,Automatic,FWD,1984 cc,187.74 bhp,15.1 kmpl,4.0,Yes,5 Seats,1562 kg,156 mm,66 Litres,,
Ford Figo,₹3.24 Lakh,Oct 2015,"50,885 Kms",First Owner,Petrol,Automatic,FWD,1497 cc,121 bhp,20.4 kmpl,3.0,No,5 Seats,1078 kg,174 mm,42 Litres,,
Maruti Suzuki Alto 800,₹2.69 Lakh,Oct 2018,"54,250 Kms",First Owner,Petrol,Manual,FWD,796 cc,46.3 bhp,19.7 kmpl,3.0,No,5 Seats,705 kg,160 mm,35 Litres,,
Maruti Suzuki Swift Dzire,₹2.98 Lakh,Jan 2014,"41,805 Kms",First Owner,Petrol,Manual,FWD,1197 cc,83.14 bhp,20.85 kmpl,4.0,No,5 Seats,945 kg,170 mm,42 Litres,,
Toyota Fortuner,₹36 Lakh,Oct 2024,"11,000 Kms",First Owner,Petrol,Automatic,2WD,2694 cc,163.60 bhp,11 kmpl,4.0,No,7 Seats,,,80 Litres,,
Hyundai Grand i10,₹4.54 Lakh,Apr 2018,"28,819 Kms",First Owner,Petrol,Manual,FWD,1197 cc,81.86 bhp,18.9 kmpl,4.0,No,5 Seats,1120 kg,165 mm,43 Litres,,
Tata Altroz,₹5.54 Lakh,Feb 2022,"32,357 Kms",First Owner,Petrol,Manual,FWD,1199 cc,86.79 bhp,19.33 kmpl,3.0,No,5 Seats,,165 mm,37 Litres,,
Toyota Fortuner,₹36 Lakh,Jun 2023,"54,300 Kms",First Owner,Diesel,Automatic,2WD,2755 cc,201.15 bhp,14 kmpl,4.0,Yes,7 Seats,,,,80 Litres,
Kia Seltos,₹10.64 Lakh,Feb 2020,"68,793 Kms",First Owner,Petrol,Automatic,FWD,1353 cc,138.08 bhp,16.5 kmpl,4.0,Yes,5 Seats,1535 kg,,50 Litres,,
Skoda Slavia,₹11.11 Lakh,Oct 2023,"55,700 Kms",Second Owner,Petrol,Automatic,FWD,1498 cc,147.51 bhp,19.36 kmpl,4.0,Yes,5 Seats,1246-1277 kg,145 mm,45 Litres,,
Skoda Slavia,₹10.09 Lakh,Feb 2024,"27,150 Kms",First Owner,Petrol,Manual,FWD,999 cc,113.98 bhp,20.32 kmpl,3.0,Yes,5 Seats,1160-1216 kg,145 mm,45 Litres,,
Maruti Suzuki Ciaz,₹5.38 Lakh,Oct 2017,"66,794 Kms",First Owner,Diesel,Manual,,1248 cc,88.5 bhp,,4.0,Yes,,1065 kg,,,,
Honda Elevate,₹11.24 Lakh,Oct 2023,"16,469 Kms",First Owner,Petrol,Manual,FWD,1498 cc,119 bhp,15.31 kmpl,4.0,,5 Seats,1259 kg,,40 Litres,,
Hyundai Grand i10,₹3.66 Lakh,Jul 2017,"1,15,632 Kms",First Owner,Petrol,Manual,FWD,1197 cc,81.86 bhp,18.9 kmpl,4.0,No,5 Seats,1160 kg,165 mm,43 Litres,,
Datsun RediGO,₹2.22 Lakh,Mar 2018,"52,812 Kms",First Owner,Petrol,Manual,FWD,799 cc,53.64 bhp,20.71 kmpl,3.0,No,5 Seats,770 kg,187 mm,28 Litres,,
MG Hector,₹14.53 Lakh,Jun 2022,"50,383 Kms",First Owner,,Manual,FWD,1956 cc,167.67 bhp,15.58 kmpl,4.0,,5 Seats,1900 kg,192 mm,,60 Litres,
Skoda Slavia,₹12.36 Lakh,Sept 2023,"52,734 Kms",First Owner,Petrol,Automatic,FWD,999 cc,113.98 bhp,18.07 kmpl,3.0,Yes,5 Seats,1210-1240 kg,179 mm,45 Litres,,
Tata Nexon,₹8.63 Lakh,Nov 2022,"31,586 Kms",First Owner,Diesel,Manual,,1497 cc,108.49 bhp,21.19 kmpl,4.0,Yes,5 Seats,1395 kg,209 mm,,44 Litres,
Datsun RediGO,₹2.30 Lakh,Aug 2019,"67,996 Kms",First Owner,Petrol,Manual,FWD,799 cc,53.64 bhp,20.71 kmpl,3.0,No,5 Seats,770 kg,187 mm,28 Litres,,
Hyundai Verna,₹7.68 Lakh,Jun 2018,"85,681 Kms",First Owner,Petrol,Automatic,FWD,1591 cc,121.3 bhp,15.74 kmpl,4.0,No,5 Seats,1198 kg,170 mm,43 Litres,,
Skoda Slavia,₹11.21 Lakh,Jul 2023,"52,685 Kms",First Owner,Petrol,Manual,FWD,999 cc,113.98 bhp,19 kmpl,3.0,Yes,5 Seats,1160-1216 kg,145 mm,45 Litres,,
Hyundai i20,₹7.46 Lakh,Jan 2021,"31,163 Kms",First Owner,Petrol,Automatic,,998 cc,118.36 bhp,20.28 kmpl,3.0,Yes,5 Seats,1260 kg,,37 Litres,,
Tata Nexon,₹7.30 Lakh,Dec 2020,"98,371 Kms",First Owner,Diesel,Automatic,,1497 cc,108.49 bhp,22.07 kmpl,4.0,Yes,5 Seats,1270 kg,209 mm,,44 Litres,
MG Hector,₹13.31 Lakh,Feb 2022,"72,353 Kms",First Owner,,Manual,FWD,1956 cc,167.67 bhp,15.58 kmpl,4.0,,5 Seats,1900 kg,192 mm,,60 Litres,
MG Hector,₹13.96 Lakh,Feb 2023,"60,733 Kms",First Owner,,Manual,FWD,1956 cc,167.67 bhp,15.58 kmpl,4.0,,5 Seats,1900 kg,192 mm,,60 Litres,
Maruti Suzuki Vitara Brezza,₹4.95 Lakh,Dec 2018,"76,513 Kms",First Owner,,Manual,FWD,1248 cc,88.5 bhp,24.3 kmpl,4.0,Yes,5 Seats,1180 kg,198 mm,,48 Litres,
Skoda Slavia,₹13.28 Lakh,Jun 2022,"45,603 Kms",First Owner,Petrol,Automatic,FWD,1498 cc,147.51 bhp,19.36 kmpl,4.0,Yes,5 Seats,1246-1277 kg,145 mm,45 Litres,,
Tata Curvv,₹11.73 Lakh,Jun 2025,"6,636 Kms",First Owner,,Manual,FWD,1497 cc,116 bhp,15 kmpl,4.0,Yes,5 Seats,,208 mm,,44 Litres,
Hyundai Creta,₹13.50 Lakh,May 2023,"55,000 Kms",First Owner,Diesel,Manual,2WD,1493 cc,113.45 bhp,18 kmpl,4.0,Yes,5 Seats,1635 kg,,,50 Litres,
Tata Curvv,₹11.58 Lakh,Nov 2024,"11,410 Kms",First Owner,,Manual,FWD,1497 cc,116 bhp,15 kmpl,4.0,Yes,5 Seats,,208 mm,,44 Litres,
Maruti Suzuki Alto K10,₹3.31 Lakh,Feb 2023,"72,644 Kms",First Owner,Petrol,Manual,FWD,998 cc,65.71 bhp,24.39 kmpl,3.0,,5 Seats,,,27 Litres,,
Mahindra Thar,₹12.07 Lakh,Mar 2022,"35,903 Kms",First Owner,,Manual,4WD,2184 cc,130.07 bhp,9 kmpl,4.0,Yes,4 Seats,,226 mm,,57 Litres,
Maruti Suzuki Zen Estilo,₹1.65 Lakh,Mar 2011,"76,000 Kms",First Owner,Petrol,Manual,FWD,998 cc,67.1 bhp,19 kmpl,3.0,No,5 Seats,845 kg,165 mm,35 Litres,,
Hyundai Alcazar,₹12.96 Lakh,Aug 2021,"1,02,519 Kms",First Owner,Diesel,Automatic,FWD,1493 cc,114 bhp,18.1 kmpl,4.0,Yes,6 Seats,,,,50 Litres,
Skoda Kushaq,₹10.28 Lakh,Mar 2022,"94,510 Kms",First Owner,Petrol,Automatic,FWD,1498 cc,147.51 bhp,18.86 kmpl,4.0,Yes,5 Seats,1278-1309 kg,,50 Litres,,
Toyota Innova Crysta,₹11.02 Lakh,Aug 2016,"97,502 Kms",First Owner,Diesel,Automatic,RWD,2393 cc,147.51 bhp,,4.0,Yes,8 Seats,1875 kg,,,55 Litres,
Chevrolet Trailblazer,₹8.50 Lakh,Dec 2015,"58,000 Kms",Second Owner,,Automatic,RWD,2776 cc,197.2 bhp,11.45 kmpl,4.0,Yes,7 Seats,2068 kg,253 mm,,76 Litres,
Renault Duster,₹4.65 Lakh,Mar 2018,"89,000 Kms",First Owner,Diesel,Manual,FWD,1461 cc,108.45 bhp,20 kmpl,4.0,Yes,5 Seats,1250 kg,,,50 Litres,
Mercedes-Benz E-Class,₹16.50 Lakh,Jan 2017,"60,000 Kms",First Owner,Diesel,Automatic,RWD,2143 cc,204 bhp,,4.0,Yes,5 Seats,1800 kg,123 mm,,80 Litres,
Skoda Yeti,₹3.65 Lakh,Mar 2026,"95,000 Kms",Second Owner,Diesel,Manual,Four Whell Drive,1968 cc,,15.4 kmpl,4.0,Yes,5 Seats,1445 kg,180 mm,,60 Litres,
Mahindra Alturas G4,₹12.90 Lakh,Jan 2019,"1,28,000 Kms",First Owner,Diesel,Automatic,RWD,2157 cc,178.49 bhp,12.35 kmpl,4.0,Yes,7 Seats,2010 kg,,,70 Litres,
Hyundai Creta,₹12.45 Lakh,Jun 2024,"37,000 Kms",First Owner,Petrol,Manual,FWD,1497 cc,113.18 bhp,17.4 kmpl,4.0,No,5 Seats,,,50 Litres,,
Honda CR-V,₹7.90 Lakh,Oct 2015,"1,19,000 Kms",First Owner,,Automatic,FWD,1997 cc,153.86 bhp,13.7 kmpl,4.0,No,5 Seats,1505 kg,185 mm,58 Litres,,
MG Gloster,₹19.50 Lakh,Dec 2020,"1,87,000 Kms",First Owner,Diesel,Automatic,4WD,1996 cc,215.01 bhp,12.4 kmpl,4.0,Twin,7 Seats,2500 kg,,,75 Litres,
Mercedes-Benz C-Class,₹29.50 Lakh,Dec 2020,"48,000 Kms",First Owner,Diesel,Automatic,RWD,1950 cc,194 bhp,,4.0,Yes,5 Seats,1655 kg,157 mm,,66 Litres,
Audi Q7,₹29.50 Lakh,Jun 2019,"1,10,000 Kms",First Owner,,Automatic,AWD,2967 cc,245 bhp,14.75 kmpl,4.0,Yes,7 Seats,2330 kg,205 mm,,85 Litres,
Hyundai i20,₹6.25 Lakh,2020,"50,000 Kms",First Owner,Petrol,Manual,FWD,1197 cc,81.86 bhp,18.6 kmpl,4.0,No,5 Seats,1140 kg,170 mm,40 Litres,,
Hyundai i20,₹2.20 Lakh,2013,"1,20,000 Kms",Third Owner,Petrol,Manual,FWD,1197 cc,82.85 bhp,18.5 kmpl,4.0,No,5 Seats,1060 kg,,45 Litres,,
Nissan Kicks,₹6.90 Lakh,2019,"1,35,000 Kms",First Owner,Diesel,Manual,FWD,1461 cc,108 bhp,19.39 kmpl,4.0,,5 Seats,1385 kg,,,50 Litres,
Kia Seltos,₹8 Lakh,2020,"30,000 Kms",First Owner,Petrol,Manual,FWD,1497 cc,113.43 bhp,16.8 kmpl,4.0,No,5 Seats,1335 kg,,50 Litres,,
Ford Ecosport,₹2.25 Lakh,2013,"1,50,000 Kms",First Owner,,Manual,FWD,1498 cc,89.84 bhp,22.7 kmpl,4.0,Yes,5 Seats,1290 kg,200 mm,,52 Litres,
Hyundai i20,₹2.50 Lakh,2012,"1,60,000 Kms",First Owner,Petrol,Manual,FWD,1197 cc,,17 kmpl,4.0,No,5 Seats,1020 kg,165 mm,45 Litres,,
Mahindra XUV500,₹3 Lakh,2012,"1,50,000 Kms",Second Owner,Diesel,Manual,FWD,2179 cc,140 bhp,15.1 kmpl,4.0,Yes,7 Seats,1900 kg,,,70 Litres,
Tata Nexon,₹6.50 Lakh,2022,"80,000 Kms",First Owner,Petrol,Manual,,1199 cc,118.36 bhp,17.57 kmpl,3.0,Yes,5 Seats,1325 kg,209 mm,44 Litres,,
Maruti Suzuki Baleno,₹4.25 Lakh,2018,"1,50,000 Kms",First Owner,Petrol,Manual,FWD,1197 cc,83.1 bhp,21.4 kmpl,4.0,No,5 Seats,870 kg,170 mm,37 Litres,,
Hyundai i20,₹2.50 Lakh,2013,"60,000 Kms",First Owner,Petrol,Manual,FWD,1197 cc,82.85 bhp,18.5 kmpl,4.0,No,5 Seats,1040 kg,,45 Litres,,
Tata Punch,₹7 Lakh,2025,"30,000 Kms",First Owner,,Manual,FWD,1199 cc,87 bhp,20.09 kmpl,3.0,,5 Seats,,187 mm,37 Litres,,
Hyundai i20,₹2.50 Lakh,2012,"1,60,000 Kms",First Owner,Diesel,Manual,,1396 cc,,23 kmpl,4.0,No,5 Seats,1140 kg,165 mm,,45 Litres,
Kia Carens,₹11 Lakh,2023,"60,000 Kms",First Owner,Petrol,Manual,2WD,1497 cc,113.42 bhp,,4.0,No,7 Seats,1535 kg,,45 Litres,,
Jeep Compass,₹6 Lakh,2018,"90,000 Kms",Second Owner,,Manual,4X2,1956 cc,170 bhp,17.1 kmpl,4.0,Yes,5 Seats,1551 s kg,178 mm,,60 Litres,
Maruti Suzuki Alto K10,₹2 Lakh,2014,"90,000 Kms",Third Owner,Petrol,Manual,FWD,998 cc,67.1 bhp,20.92 kmpl,3.0,No,5 Seats,765 kg,160 mm,35 Litres,,
Honda Amaze,₹5 Lakh,2019,"79,000 Kms",First Owner,Diesel,Manual,FWD,1498 cc,98.63 bhp,27.4 kmpl,4.0,Yes,5 Seats,1010 kg,170 mm,,35 Litres,
Maruti Suzuki Swift Dzire,₹3 Lakh,2012,"1,60,000 Kms",First Owner,Diesel,Manual,FWD,1248 cc,74 bhp,23.4 kmpl,4.0,Yes,5 Seats,1060 kg,170 mm,,42 Litres,
Honda Amaze,₹3 Lakh,2015,"1,20,000 Kms",First Owner,Diesel,Manual,FWD,1498 cc,98.6 bhp,25.8 kmpl,4.0,Yes,5 Seats,1055 kg,165 mm,,35 Litres,
Honda Amaze,₹4.50 Lakh,2020,"67,000 Kms",Second Owner,Petrol,Manual,FWD,1199 cc,88.76 bhp,18.6 kmpl,4.0,No,5 Seats,917 kg,,35 Litres,,
Skoda Yeti,₹3.50 Lakh,2012,"1,10,000 Kms",First Owner,,Manual,AWD,1968 cc,138.08 bhp,17.67 kmpl,4.0,Yes,5 Seats,1543 kg,180 mm,,60 Litres,
Maruti Suzuki Swift Dzire,₹5 Lakh,2018,"90,000 Kms",Second Owner,Diesel,Automatic,FWD,1248 cc,74.02 bhp,28.4 kmpl,4.0,Yes,5 Seats,955-990 kg,163 mm,,37 Litres,
Hyundai Creta,₹12 Lakh,2020,"1,20,000 Kms",First Owner,Petrol,Automatic,,1497 cc,113.18 bhp,14 kmpl,4.0,No,5 Seats,1450 kg,,50 Litres,,
Hyundai Verna,₹14.40 Lakh,2025,"10,000 Kms",First Owner,Petrol,Automatic,FWD,1497 cc,113.18 bhp,19.6 kmpl,4.0,No,5 Seats,,,45 Litres,,
Tata Safari,₹17.95 Lakh,2023,"60,000 Kms",First Owner,Diesel,Automatic,,1956 cc,167.67 bhp,14.08 kmpl,4.0,Yes,7 Seats,1825 kg,,,,
Land Rover Range Rover Evoque,₹12 Lakh,2014,"8,91,200 Kms",Second Owner,Diesel,Automatic,4WD,2179 cc,187.7 bhp,,4.0,Yes,5 Seats,1655 kg,210 mm,,57 Litres,
Tata Harrier,₹12 Lakh,2019,"70,000 Kms",First Owner,,Manual,FWD,1956 cc,138.1 bhp,17 kmpl,4.0,Yes,5 Seats,1745 kg,205 mm,,50 Litres,
Land Rover Range Rover Sport,₹39 Lakh,2015,"80,000 Kms",Second Owner,Petrol,Automatic,4WD,4999 cc,567.25 bhp,,8.0,No,5 Seats,2115 kg,213 mm,105 Litres,,
Tata Tiago,₹3 Lakh,2017,"90,000 Kms",First Owner,Petrol,Manual,FWD,1199 cc,84 bhp,23.84 kmpl,3.0,No,5 Seats,1012 kg,170 mm,35 Litres,,
Volkswagen Vento,₹1.80 Lakh,2011,"90,000 Kms",First Owner,Petrol,Manual,Two Wheel Drive,1598 cc,,15.8 kmpl,4.0,No,5 Seats,1121 kg,168 mm,55 Litres,,
Maruti Suzuki Swift,₹3.50 Lakh,2015,"70,000 Kms",First Owner,Petrol,Manual,,1197 cc,81.80 bhp,22 kmpl,4.0,No,5 Seats,860s kg,163 mm,37 Litres,,
Hyundai i20,₹1.50 Lakh,2010,"1,50,000 Kms",Second Owner,Petrol,Manual,,1197 cc,,17 kmpl,4.0,No,5 Seats,990 kg,165 mm,45 Litres,,
Hyundai Grand i10,₹2.50 Lakh,2018,"2,02,431 Kms",Second Owner,CNG,Manual,FWD,1197 cc,65.39 bhp,18.9 km/kg,4.0,No,5 Seats,1060 kg,165 mm,,,
MG Gloster,₹22 Lakh,2020,"60,000 Kms",First Owner,Diesel,Automatic,4WD,1996 cc,215.01 bhp,12.4 kmpl,4.0,Twin,6 Seats,2440 kg,,,75 Litres,
Honda Mobilio,₹3.50 Lakh,2015,"84,000 Kms",Second Owner,Diesel,Manual,FWD,1498 cc,98.6 bhp,24.5 kmpl,4.0,Yes,7 Seats,1254 kg,185 mm,,42 Litres,
Toyota Innova Crysta,₹14 Lakh,2017,"1,30,000 Kms",First Owner,Diesel,Manual,RWD,2393 cc,147.8 bhp,,4.0,Yes,7 Seats,1860 kg,,,55 Litres,
Tata Tiago,₹3.50 Lakh,2017,"60,000 Kms",First Owner,Petrol,Manual,FWD,1199 cc,84 bhp,23.84 kmpl,3.0,No,5 Seats,1012 kg,170 mm,35 Litres,,
Maruti Suzuki Swift,₹3.60 Lakh,2016,"20,500 Kms",First Owner,Petrol,Manual,FWD,1197 cc,83.11 bhp,20.4 kmpl,4.0,No,5 Seats,855 kg,163 mm,42 Litres,,
Maruti Suzuki Alto K10,₹2 Lakh,2012,"83,422 Kms",First Owner,Petrol,Manual,FWD,998 cc,67.1 bhp,20.92 kmpl,3.0,No,5 Seats,765 kg,160 mm,35 Litres,,
Volkswagen Virtus,₹18 Lakh,2024,"10,000 Kms",First Owner,Petrol,Automatic,FWD,1498 cc,147.51 bhp,18.67 kmpl,4.0,Yes,5 Seats,1275 kg,179 mm,45 Litres,,
Maruti Suzuki Alto K10,₹2 Lakh,2014,"1,07,000 Kms",Second Owner,Petrol,Manual,FWD,998 cc,67.1 bhp,20.92 kmpl,3.0,No,5 Seats,765 kg,160 mm,35 Litres,,
Chevrolet Aveo U-VA,₹95 Thousand,2007,"60,000 Kms",First Owner,Petrol,Manual,FWD,1150 cc,74.9 bhp,15.26 kmpl,4.0,No,5 Seats,1075 kg,188 mm,45 Litres,,
Maruti Suzuki Alto 800,₹1.30 Lakh,2010,"1,20,000 Kms",Fifth Owner,Petrol,Manual,FWD,796 cc,46.3 bhp,19.7 kmpl,3.0,No,5 Seats,705 kg,160 mm,35 Litres,,
Maruti Suzuki Alto 800,₹1.50 Lakh,2014,"50,000 Kms",Second Owner,Petrol,Manual,FWD,796 cc,47.3 bhp,22.74 kmpl,3.0,No,5 Seats,720 kg,160 mm,35 Litres,,
Tata Bolt,₹1.50 Lakh,2016,"1,50,000 Kms",Second Owner,Petrol,Manual,FWD,1193 cc,88.7 bhp,17.57 kmpl,4.0,Yes,5 Seats,1095-1125 kg,165 mm,44 Litres,,
Skoda Superb,₹3 Lakh,2011,"97,000 Kms",Second Owner,Petrol,Manual,Front Wheel Drive,1798 cc,,13.14 kmpl,4.0,Yes,5 Seats,1520 kg,158 mm,60 Litres,,
Skoda Rapid,₹3.80 Lakh,2018,"1,60,000 Kms",First Owner,Diesel,Automatic,FWD,1498 cc,108.6 bhp,21.72 kmpl,4.0,Yes,5 Seats,1228 kg,163 mm,,55 Litres,
Chevrolet Beat,₹50 Thousand,2011,"1,60,000 Kms",First Owner,Petrol,Manual,FWD,1199 cc,79.4 bhp,18.6 kmpl,4.0,No,5 Seats,950 kg,165 mm,35 Litres,,
BMW X3,₹9.50 Lakh,2012,"1,90,000 Kms",Second Owner,Diesel,Automatic,4WD,2993 cc,258 bhp,,6.0,Yes,5 Seats,1740 kg,212 mm,,67 Litres,
Toyota Corolla Altis,₹5.50 Lakh,2014,"1,20,000 Kms",Third Owner,Diesel,Manual,FWD,1364 cc,87.2 bhp,21.43 kmpl,4.0,Yes,5 Seats,1230 kg,175 mm,,50 Litres,
Toyota Corolla Altis,₹5.50 Lakh,2014,"80,000 Kms",First Owner,Diesel,Manual,FWD,1364 cc,87.2 bhp,21.43 kmpl,4.0,Yes,5 Seats,1230 kg,175 mm,,50 Litres,
Maruti Suzuki Swift Dzire Tour,₹4.15 Lakh,2019,"90,000 Kms",First Owner,CNG,Manual,,1197 cc,,26.55 km/kg,4.0,No,5 Seats,1045 kg,,,,55 Litres
Toyota Fortuner,₹9.50 Lakh,2013,"1,10,000 Kms",Second Owner,,Automatic,FWD,2982 cc,168.5 bhp,12.55 kmpl,4.0,Yes,7 Seats,1880 kg,220 mm,,80 Litres,
Honda City,₹1.60 Lakh,2011,"1,50,000 Kms",First Owner,Petrol,Manual,FWD,1497 cc,,17 kmpl,4.0,No,5 Seats,1100 kg,160 mm,42 Litres,,
Hyundai EON,₹1.50 Lakh,2013,"60,000 Kms",Second Owner,Petrol,Manual,FWD,814 cc,55.2 bhp,21.1 kmpl,3.0,No,5 Seats,910 kg,170 mm,32 Litres,,
Volkswagen Polo,₹1.90 Lakh,2012,"50,000 Kms",First Owner,Petrol,Manual,FWD,1198 cc,73.9 bhp,16.47 kmpl,3.0,No,5 Seats,1030 kg,168 mm,45 Litres,,
Tata Altroz,₹4.50 Lakh,2020,"30,000 Kms",First Owner,Petrol,Manual,FWD,1199 cc,84.88 bhp,19.05 kmpl,3.0,No,5 Seats,1036 kg,165 mm,37 Litres,,
Mahindra Bolero Neo,₹6 Lakh,2022,"60,000 Kms",Second Owner,,Manual,RWD(with MTT),1493 cc,100 bhp,17.29 kmpl,3.0,Yes,7 Seats,1250 kg,180 mm,,50 Litres,
Maruti Suzuki Alto 800,₹1.40 Lakh,2010,"1,00,000 Kms",Second Owner,Petrol,Manual,FWD,796 cc,46.3 bhp,19.7 kmpl,3.0,No,5 Seats,705 kg,160 mm,35 Litres,,
Tata Tiago EV,₹6.25 Lakh,2024,"80,000 Kms",First Owner,,Automatic,FWD,,73.75 bhp,,,,5 Seats,,,,,
Toyota Innova Crysta,₹12 Lakh,2018,"50,000 Kms",First Owner,Diesel,Manual,RWD,2393 cc,147.8 bhp,,4.0,Yes,8 Seats,1810 kg,178 mm,,55 Litres,
Tata Tiago EV,₹7 Lakh,2024,"50,000 Kms",First Owner,,Automatic,FWD,,73.75 bhp,,,,5 Seats,,,,,
Maruti Suzuki Alto 800,₹50 Thousand,2006,"1,60,000 Kms",Second Owner,Petrol,Manual,2WD,796 cc,46.3 bhp,19.7 kmpl,3.0,No,5 Seats,705 kg,160 mm,35 Litres,,
Mahindra Thar,₹13 Lakh,2025,"22,000 Kms",First Owner,,Automatic,RWD,1997 cc,150.19 bhp,8 kmpl,4.0,Yes,4 Seats,,226 mm,57 Litres,,
Audi A4,₹3 Lakh,2011,"70,000 Kms",Fourth Owner,Diesel,Automatic,FWD,1968 cc,147.51 bhp,16.55 kmpl,4.0,Yes,5 Seats,1590 kg,,,70 Litres,
Toyota Fortuner,₹7 Lakh,2010,"1,60,000 Kms",First Owner,Diesel,Manual,4WD,2982 cc,,11.5 kmpl,4.0,Yes,7 Seats,1955 kg,221 mm,,80 Litres,
Tata Tiago,₹5 Lakh,2025,"30,000 Kms",First Owner,Petrol,Automatic,FWD,1199 cc,85 bhp,19 kmpl,3.0,,5 Seats,,170 mm,35 Litres,,
Maruti Suzuki Baleno,₹3.06 Lakh,Apr 2016,"58,393 Kms",First Owner,Petrol,Manual,FWD,1197 cc,83.1 bhp,21.4 kmpl,4.0,No,5 Seats,870 kg,170 mm,37 Litres,,
MG Astor,₹8.30 Lakh,Dec 2021,"33,941 Kms",First Owner,Petrol,Manual,,1498 cc,108.49 bhp,15.43 kmpl,4.0,No,5 Seats,1450 kg,,48 Litres,,
Ford Ecosport,₹3.89 Lakh,Oct 2017,"89,382 Kms",First Owner,,Manual,FWD,1499 cc,110.4 bhp,15.85 kmpl,4.0,No,5 Seats,1200 kg,200 mm,52 Litres,,
Hyundai EON,₹1.52 Lakh,Aug 2013,"90,179 Kms",Second Owner,Petrol,Manual,FWD,814 cc,55.2 bhp,21.1 kmpl,3.0,No,5 Seats,910 kg,170 mm,32 Litres,,
Nissan Magnite,₹6.71 Lakh,Jan 2024,"19,941 Kms",First Owner,,Automatic,FWD,999 cc,98.63 bhp,17.4 kmpl,3.0,Yes,5 Seats,1039 kg,205 mm,40 Litres,,
Kia Sonet,₹6.62 Lakh,Sept 2022,"65,768 Kms",First Owner,Petrol,Manual,FWD,998 cc,118.36 bhp,18.2 kmpl,3.0,Yes,5 Seats,1201 kg,,45 Litres,,
Maruti Suzuki Baleno,₹4.79 Lakh,Oct 2017,"44,886 Kms",First Owner,Petrol,Manual,FWD,1197 cc,83.1 bhp,21.4 kmpl,4.0,No,5 Seats,870 kg,170 mm,37 Litres,,
Hyundai Santro,₹3.50 Lakh,Dec 2018,"47,000 Kms",First Owner,Petrol,Manual,FWD,1086 cc,68 bhp,20.3 kmpl,4.0,No,5 Seats,1010 kg,,35 Litres,,
Audi A6,₹7.35 Lakh,Aug 2025,"83,000 Kms",Second Owner,Diesel,Automatic,FWD,1968 cc,174.33 bhp,,4.0,Yes,5 Seats,1660 kg,165 mm,,65 Litres,
Audi A6,₹8.65 Lakh,Jan 2015,"81,000 Kms",First Owner,Diesel,Automatic,FWD,1968 cc,174.33 bhp,,4.0,Yes,5 Seats,1660 kg,165 mm,,65 Litres,
Hyundai Verna,₹6.90 Lakh,Nov 2017,"90,000 Kms",First Owner,Diesel,Manual,FWD,1582 cc,126.2 bhp,23.9 kmpl,4.0,Yes,5 Seats,1270 kg,165 mm,,43 Litres,
Chevrolet Captiva,₹4.90 Lakh,Aug 2015,"87,000 Kms",Second Owner,,Automatic,AWD,2231 cc,184 bhp,12.12 kmpl,4.0,Yes,7 Seats,1775 kg,176 mm,,65 Litres,
Tata Harrier,₹8.65 Lakh,Apr 2019,"87,000 Kms",First Owner,,Manual,FWD,1956 cc,138.1 bhp,17 kmpl,4.0,Yes,5 Seats,1745 kg,205 mm,,50 Litres,
Hyundai i10,₹2.35 Lakh,Aug 2012,"85,000 Kms",Second Owner,Petrol,Manual,FWD,1197 cc,78.9 bhp,20.36 kmpl,4.0,No,5 Seats,930 kg,165 mm,35 Litres,,
Jeep Compass,₹6.35 Lakh,Jul 2017,"57,000 Kms",First Owner,,Manual,4X2,1956 cc,170 bhp,17.1 kmpl,4.0,Yes,5 Seats,1551 s kg,178 mm,,60 Litres,
Jaguar XJ,₹11.50 Lakh,Jun 2011,"77,000 Kms",Third Owner,Petrol,Automatic,,5000 cc,503 bhp,,8.0,No,4 Seats,1773 kg,,82 Litres,,
Skoda Octavia,₹6.85 Lakh,Jun 2015,"1,20,000 Kms",Second Owner,Diesel,Automatic,FWD,1968 cc,141 bhp,19.3 kmpl,4.0,Yes,5 Seats,1395 kg,155 mm,,50 Litres,
Maruti Suzuki SX4,₹1.25 Lakh,Oct 2025,"65,000 Kms",First Owner,Petrol,Manual,,1586 cc,,15 kmpl,4.0,No,5 Seats,1170 kg,180 mm,50 Litres,,
Maruti Suzuki Jimny,₹10.25 Lakh,Feb 2024,"38,000 Kms",First Owner,,Manual,4WD,1462 cc,103 bhp,16.94 kmpl,4.0,,4 Seats,1200 kg,210 mm,40 Litres,,
Mahindra XUV700,₹17.50 Lakh,Jan 2022,"83,000 Kms",Second Owner,Petrol,Manual,FWD,1999 cc,197.13 bhp,13 kmpl,4.0,Yes,7 Seats,,,60 Litres,,
Honda City,₹4.35 Lakh,Jan 2015,"62,000 Kms",First Owner,Diesel,Manual,FWD,1498 cc,98.6 bhp,26 kmpl,4.0,Yes,5 Seats,1150 kg,165 mm,,40 Litres,
Hyundai i10,₹1.50 Lakh,Jun 2010,"1,20,000 Kms",Third Owner,Petrol,Manual,FWD,1197 cc,78.9 bhp,20.36 kmpl,4.0,No,5 Seats,960 kg,165 mm,35 Litres,,
Honda City,₹2.35 Lakh,Jun 2011,"89,000 Kms",First Owner,Petrol,Manual,FWD,1497 cc,116.4 bhp,16.8 kmpl,4.0,No,5 Seats,1100 kg,165 mm,42 Litres,,
Hyundai Verna,₹3.90 Lakh,Nov 2013,"80,000 Kms",First Owner,Diesel,Manual,FWD,1582 cc,126.32 bhp,22.32 kmpl,4.0,Yes,5 Seats,1260 kg,170 mm,,43 Litres,
Mercedes-Benz GLA Class,₹12.90 Lakh,Oct 2025,"1,05,000 Kms",Second Owner,Diesel,Automatic,AWD,2143 cc,136 bhp,,4.0,Yes,5 Seats,1585 kg,183 mm,,50 Litres,
Maruti Suzuki Alto 800,₹1.37 Lakh,Feb 2013,"62,463 Kms",First Owner,Petrol,Manual,,796 cc,47.33 bhp,22.05 kmpl,3.0,,5 Seats,755 kg,,35 Litres,,
Maruti Suzuki Alto K10,₹2.93 Lakh,Jun 2016,"46,405 Kms",First Owner,Petrol,Manual,FWD,998 cc,67.05 bhp,23.95 kmpl,3.0,No,5 Seats,779 kg,160 mm,35 Litres,,
Maruti Suzuki Ertiga,₹9.67 Lakh,May 2022,"34,974 Kms",First Owner,Petrol,Automatic,FWD,1462 cc,103.26 bhp,17.99 kmpl,4.0,No,7 Seats,1135-1170 kg,,45 Litres,,
Skoda Kodiaq,₹16.48 Lakh,Jul 2018,"77,980 Kms",Second Owner,Diesel,Automatic,4WD,1968 cc,148 bhp,,4.0,Yes,7 Seats,1799 kg,188 mm,,63 Litres,
Maruti Suzuki Vitara Brezza,₹5.75 Lakh,Oct 2016,"78,337 Kms",First Owner,Petrol,Manual,FWD,1462 cc,103.26 bhp,17.03 kmpl,4.0,,5 Seats,1110-1130 kg,,48 Litres,,
Volkswagen Taigun,₹9.64 Lakh,Dec 2021,"1,22,690 Kms",First Owner,,Manual,FWD,999 cc,113.98 bhp,19.2 kmpl,3.0,Yes,5 Seats,1255 kg,188 mm,50 Litres,,
Kia Seltos,₹10.64 Lakh,Mar 2023,"43,055 Kms",First Owner,Petrol,Manual,2WD,,,17 kmpl,4.0,No,5 Seats,,,50 Litres,,
Toyota Innova Crysta,₹19.55 Lakh,May 2022,"31,090 Kms",First Owner,Diesel,Manual,RWD,2393 cc,147.51 bhp,,7.0,Yes,8 Seats,1865 kg,,,55 Litres,
Hyundai Verna,₹11.17 Lakh,Jun 2021,"26,047 Kms",First Owner,Petrol,Automatic,,998 cc,118.41 bhp,19.2 kmpl,3.0,Yes,5 Seats,1260 kg,,45 Litres,,
Hyundai Alcazar,₹13.55 Lakh,Oct 2022,"57,305 Kms",First Owner,Diesel,Manual,FWD,1493 cc,113.98 bhp,20.4 kmpl,4.0,Yes,7 Seats,,,,50 Litres,
Tata Curvv,₹12.74 Lakh,Feb 2025,"5,676 Kms",First Owner,,Manual,FWD,1497 cc,116 bhp,15 kmpl,4.0,Yes,5 Seats,,208 mm,,44 Litres,
Kia Seltos,₹10.64 Lakh,Mar 2023,"43,055 Kms",First Owner,Petrol,Manual,2WD,1497 cc,113.42 bhp,17 kmpl,4.0,No,5 Seats,,,50 Litres,,
Tata Harrier,₹12.93 Lakh,Sept 2022,"89,129 Kms",First Owner,Diesel,Automatic,,1956 cc,167.67 bhp,14.6 kmpl,4.0,Yes,5 Seats,1675 kg,,,50 Litres,
MG Hector,₹16.46 Lakh,Mar 2023,"37,944 Kms",First Owner,,Manual,FWD,1451 cc,141 bhp,13.79 kmpl,4.0,,5 Seats,1620 kg,192 mm,60 Litres,,
Kia Sonet,₹8.63 Lakh,Apr 2023,"16,910 Kms",First Owner,Petrol,Manual,FWD,998 cc,118 bhp,18.4 kmpl,3.0,Yes,5 Seats,,,45 Litres,,
Mahindra XUV700,₹16.17 Lakh,Jul 2022,"1,15,222 Kms",First Owner,Diesel,Automatic,FWD,2198 cc,182.38 bhp,17.19 kmpl,4.0,Yes,7 Seats,1890 kg,,,60 Litres,
Tata Tiago,₹3.13 Lakh,Nov 2016,"90,042 Kms",First Owner,Diesel,Manual,FWD,1047 cc,69 bhp,27.28 kmpl,3.0,Yes,5 Seats,1080 kg,170 mm,,35 Litres,
Skoda Kushaq,₹10.09 Lakh,Jul 2023,"21,909 Kms",Second Owner,Petrol,Manual,FWD,1498 cc,147.51 bhp,18.6 kmpl,4.0,Yes,5 Seats,1269-1300 kg,,50 Litres,,
Maruti Suzuki FRONX,₹9.92 Lakh,Jul 2023,"8,357 Kms",First Owner,Petrol,Automatic,FWD,998 cc,98.69 bhp,20.01 kmpl,3.0,Yes,5 Seats,1055-1060 kg,,37 Litres,,
Tata Nexon,₹6.32 Lakh,Feb 2021,"1,15,920 Kms",First Owner,Petrol,Manual,,1199 cc,118.35 bhp,17.33 kmpl,3.0,Yes,5 Seats,1230 kg,209 mm,44 Litres,,
Maruti Suzuki Eeco,₹2.15 Lakh,Jun 2011,"51,000 Kms",Second Owner,Petrol,Manual,RWD,1196 cc,73 bhp,15.37 kmpl,4.0,No,5 Seats,928 kg,160 mm,40 Litres,,
Maruti Suzuki Eeco,₹2.15 Lakh,Apr 2011,"85,000 Kms",First Owner,Petrol,Manual,RWD,1196 cc,73 bhp,15.37 kmpl,4.0,No,5 Seats,908 kg,160 mm,40 Litres,,
Jeep Grand Cherokee,₹53 Lakh,Oct 2024,"20,000 Kms",First Owner,Petrol,Automatic,4WD,1995 cc,268.27 bhp,,4.0,,5 Seats,2097 kg,,87 Litres,,
Mercedes-Benz GLA,₹33 Lakh,Jul 2024,"67,000 Kms",First Owner,Petrol,Automatic,FWD,1332 cc,160.92 bhp,,4.0,Yes,5 Seats,1570 kg,,,,
Mercedes-Benz GLE,₹48 Lakh,Aug 2021,"67,000 Kms",First Owner,Diesel,Automatic,AWD,1950 cc,241.38 bhp,,4.0,Yes,5 Seats,2150 kg,200 mm,,93 Litres,
BMW X1,₹24.75 Lakh,Aug 2022,"57,000 Kms",First Owner,Petrol,Automatic,,1998 cc,189.08 bhp,14.82 kmpl,4.0,Twin,5 Seats,1570 kg,,51 Litres,,
BMW X5,₹55 Lakh,Aug 2021,"53,000 Kms",First Owner,Petrol,Automatic,AWD,2998 cc,335.25 bhp,11.24 kmpl,6.0,Twin,5 Seats,2140 kg,,,,
BMW 6 Series,₹28 Lakh,Aug 2018,"58,000 Kms",First Owner,Petrol,Automatic,FWD,1998 cc,258 bhp,,4.0,Yes,4 Seats,1885 kg,124 mm,68 Litres,,
Audi Q5,₹48 Lakh,Aug 2023,"24,000 Kms",First Owner,Petrol,Automatic,AWD,1984 cc,245.59 bhp,,4.0,,5 Seats,1970 kg,,70 Litres,,
BMW X1,₹26.75 Lakh,Mar 2022,"59,000 Kms",First Owner,Petrol,Automatic,,1998 cc,189.08 bhp,14.82 kmpl,4.0,Twin,5 Seats,1570 kg,,51 Litres,,
Mercedes-Benz E-Class,₹33 Lakh,Aug 2019,"28,000 Kms",First Owner,Petrol,Automatic,RWD,1991 cc,194.4 bhp,,4.0,Yes,5 Seats,1585 kg,,80 Litres,,
Mercedes-Benz S-Class,₹41.75 Lakh,Jan 2020,"45,000 Kms",Second Owner,Diesel,Automatic,RWD,2925 cc,281.61 bhp,,6.0,Yes,5 Seats,2045 kg,,,70 Litres,
Mercedes-Benz GLC,₹39 Lakh,Sept 2020,"2,900 Kms",First Owner,Petrol,Automatic,AWD,1991 cc,197 bhp,,4.0,No,5 Seats,1585 kg,,66 Litres,,
Audi A6,₹11.90 Lakh,Mar 2015,"58,000 Kms",Second Owner,Diesel,Automatic,FWD,1968 cc,174.33 bhp,,4.0,Yes,5 Seats,1660 kg,165 mm,,65 Litres,
BMW X1,₹17.90 Lakh,Mar 2018,"69,000 Kms",Second Owner,,Automatic,FWD,1995 cc,188 bhp,20.68 kmpl,4.0,Yes,5 Seats,1550 kg,179 mm,,61 Litres,
BMW 7 Series,₹37.90 Lakh,Dec 2016,"58,000 Kms",Second Owner,Petrol,Automatic,RWD,2998 cc,321.84 bhp,,6.0,Yes,5 Seats,2220 kg,152 mm,78 Litres,,
Toyota Camry,₹14.90 Lakh,Mar 2018,"1,40,000 Kms",First Owner,Petrol,Automatic,FWD,2494 cc,157.7 bhp,19.16 kmpl,4.0,No,5 Seats,1635 kg,160 mm,65 Litres,,
Audi Q3,₹16.90 Lakh,Mar 2017,"48,000 Kms",Second Owner,Diesel,Manual,FWD,1968 cc,138.13 bhp,,4.0,Yes,5 Seats,1520 kg,170 mm,,64 Litres,
Audi Q5,₹41.90 Lakh,Dec 2022,"16,000 Kms",First Owner,Petrol,Automatic,AWD,1984 cc,245.59 bhp,,4.0,,5 Seats,1970 kg,,,,
BMW X1,₹17.90 Lakh,Mar 2018,"68,000 Kms",Second Owner,,Automatic,FWD,1995 cc,188 bhp,20.68 kmpl,4.0,Yes,5 Seats,1550 kg,179 mm,,61 Litres,
BMW 5 Series,₹30.90 Lakh,Mar 2018,"60,000 Kms",Second Owner,Petrol,Automatic,RWD,1998 cc,252 bhp,,4.0,Yes,5 Seats,1675 kg,,68 Litres,,
BMW 6 Series,₹37.90 Lakh,2018,"90,000 Kms",First Owner,Diesel,Automatic,FWD,2993 cc,261.4 bhp,,6.0,Yes,4 Seats,1885 kg,124 mm,,65 Litres,
Volkswagen Tiguan,₹17 Lakh,Nov 2018,"81,000 Kms",First Owner,,Automatic,AWD,1968 cc,141 bhp,16.65 kmpl,4.0,Yes,5 Seats,1720 kg,149 mm,,71 Litres,
Ford Figo,₹4.10 Lakh,Jul 2015,"82,208 Kms",First Owner,Diesel,Manual,FWD,1399 cc,68.05 bhp,20 kmpl,4.0,Yes,5 Seats,1130 kg,168 mm,,45 Litres,
Kia Seltos,₹11.50 Lakh,Jan 2019,"80,000 Kms",First Owner,Diesel,Automatic,2WD,1493 cc,113.42 bhp,17.8 kmpl,4.0,Yes,5 Seats,1495 kg,,,50 Litres,
Hyundai Grand i10 Nios,₹6.20 Lakh,2019,"36,000 Kms",First Owner,Petrol,Automatic,,1197 cc,81.86 bhp,20.7 kmpl,4.0,No,5 Seats,1140 kg,,37 Litres,,
Hyundai Grand i10,₹4.40 Lakh,Jul 2019,"96,600 Kms",First Owner,Petrol,Manual,FWD,1197 cc,81.86 bhp,18.9 kmpl,4.0,No,5 Seats,1120 kg,165 mm,43 Litres,,
Hyundai Grand i10,₹4.50 Lakh,Nov 2017,"37,444 Kms",First Owner,Petrol,Manual,FWD,1197 cc,81.86 bhp,18.9 kmpl,4.0,No,5 Seats,1060 kg,165 mm,43 Litres,,
Volvo XC60,₹55.50 Lakh,Feb 2023,"32,000 Kms",First Owner,Petrol,Automatic,AWD,1969 cc,250 bhp,,4.0,Yes,5 Seats,1945 kg,230 mm,70 Litres,,
Toyota Fortuner,₹39 Lakh,Aug 2023,"32,000 Kms",Second Owner,Diesel,Automatic,4WD,2755 cc,201.15 bhp,12 kmpl,4.0,Yes,7 Seats,,,,80 Litres,
Hyundai Grand i10 Nios,₹5.40 Lakh,2022,"14,000 Kms",First Owner,Petrol,Manual,,1197 cc,81.86 bhp,20.7 kmpl,4.0,No,5 Seats,1100 kg,,37 Litres,,
Mahindra Thar,₹14 Lakh,2023,"20,000 Kms",Second Owner,,Automatic,RWD,1997 cc,150.19 bhp,8 kmpl,4.0,Yes,4 Seats,,226 mm,57 Litres,,
Tata Altroz,₹6 Lakh,2021,"25,000 Kms",First Owner,Petrol,Manual,,1199 cc,86.83 bhp,19.33 kmpl,3.0,No,5 Seats,1135 kg,165 mm,37 Litres,,
Skoda Superb,₹3.46 Lakh,2013,"63,000 Kms",First Owner,Petrol,Manual,Front Wheel Drive,1798 cc,,13.14 kmpl,4.0,Yes,5 Seats,1520 kg,158 mm,60 Litres,,
Volkswagen Polo,₹2 Lakh,2010,"70,000 Kms",First Owner,Petrol,Manual,FWD,1198 cc,73.9 bhp,17.24 kmpl,3.0,No,5 Seats,1055 kg,168 mm,45 Litres,,
Maruti Suzuki XL6,₹13 Lakh,2023,"70,000 Kms",First Owner,Petrol,Automatic,FWD,1462 cc,101.64 bhp,,4.0,,6 Seats,1225 kg,,45 Litres,,
Maruti Suzuki S Cross,₹6.50 Lakh,2018,"1,00,000 Kms",Second Owner,,Manual,FWD,1248 cc,88.5 bhp,25.1 kmpl,4.0,Yes,5 Seats,1230 kg,180 mm,,48 Litres,
Volkswagen Polo,₹4 Lakh,2014,"90,000 Kms",Second Owner,Petrol,Manual,FWD,1198 cc,74 bhp,16.47 kmpl,3.0,No,5 Seats,1053 kg,165 mm,45 Litres,,
Hyundai Grand i10,₹3.50 Lakh,Nov 2016,"1,23,237 Kms",First Owner,Petrol,Manual,FWD,1197 cc,82 bhp,18.9 kmpl,4.0,No,5 Seats,935 kg,165 mm,43 Litres,,
Honda Amaze,₹5.43 Lakh,Jul 2018,"56,598 Kms",First Owner,Diesel,Automatic,FWD,1498 cc,78.9 bhp,23.8 kmpl,4.0,Yes,5 Seats,1039 kg,170 mm,,35 Litres,
Hyundai Grand i10,₹4 Lakh,Jan 2014,"52,794 Kms",First Owner,Petrol,Automatic,FWD,1197 cc,82 bhp,18.9 kmpl,4.0,No,5 Seats,935 kg,165 mm,43 Litres,,
Hyundai Verna,₹14.90 Lakh,May 2023,"11,000 Kms",First Owner,Petrol,Automatic,,1497 cc,113.18 bhp,18.45 kmpl,4.0,,5 Seats,1200 kg,,45 Litres,,
Maruti Suzuki S Cross,₹8.75 Lakh,Jan 2020,"62,255 Kms",First Owner,,Manual,FWD,1248 cc,88.5 bhp,25.1 kmpl,4.0,Yes,5 Seats,1240 kg,180 mm,,48 Litres,
Kia Seltos,₹13.02 Lakh,Sept 2022,"15,029 Kms",First Owner,Petrol,Manual,2WD,1497 cc,113.42 bhp,17 kmpl,4.0,No,5 Seats,,,50 Litres,,
Mercedes-Benz E-Class,₹38 Lakh,Feb 2017,"50,000 Kms",First Owner,Diesel,Automatic,RWD,2987 cc,254.8 bhp,,6.0,Yes,5 Seats,1835 kg,,,80 Litres,
Volkswagen Polo,₹3.20 Lakh,May 2012,"74,351 Kms",First Owner,Petrol,Manual,FWD,1198 cc,73.9 bhp,16.47 kmpl,3.0,No,5 Seats,1030 kg,168 mm,45 Litres,,
Volkswagen Polo,₹4.29 Lakh,May 2015,"93,759 Kms",Third Owner,Petrol,Manual,FWD,1198 cc,73.9 bhp,16.47 kmpl,3.0,No,5 Seats,1055 kg,168 mm,45 Litres,,
Jeep Compass,₹11.75 Lakh,Oct 2020,"91,000 Kms",First Owner,,Manual,4X2,1956 cc,170 bhp,17.1 kmpl,4.0,Yes,5 Seats,1551 s kg,178 mm,,60 Litres,
Hyundai Grand i10,₹4.95 Lakh,Apr 2019,"32,000 Kms",First Owner,Petrol,Automatic,FWD,1197 cc,81.86 bhp,18.9 kmpl,4.0,No,5 Seats,1200 kg,165 mm,43 Litres,,
Renault Kiger,₹6 Lakh,2021,"50,000 Kms",First Owner,Petrol,Manual,,999 cc,71.01 bhp,20.5 kmpl,3.0,,5 Seats,1021 kg,205 mm,40 Litres,,
Hyundai i20,₹4.75 Lakh,Aug 2017,"65,676 Kms",Second Owner,Petrol,Manual,FWD,1197 cc,81.83 bhp,18.6 kmpl,4.0,No,5 Seats,1066 kg,170 mm,45 Litres,,
Hyundai i20,₹7.90 Lakh,Jun 2021,"42,000 Kms",First Owner,Petrol,Manual,,1197 cc,81.80 bhp,21 kmpl,4.0,No,5 Seats,1160 kg,,37 Litres,,
Hyundai i20,₹5.27 Lakh,Mar 2019,"98,146 Kms",Second Owner,Diesel,Manual,FWD,1396 cc,88.76 bhp,22.54 kmpl,4.0,No,5 Seats,1180 kg,170 mm,,40 Litres,
Hyundai Venue N Line,₹13 Lakh,2024,"30,000 Kms",First Owner,Petrol,Automatic,FWD,998 cc,118.41 bhp,18 kmpl,3.0,YES,5 Seats,,,45 Litres,,
Hyundai i20,₹7.99 Lakh,Feb 2023,"20,700 Kms",First Owner,Petrol,Manual,FWD,1197 cc,82 bhp,16 kmpl,4.0,,5 Seats,,,37 Litres,,
Maruti Suzuki Swift,₹5.10 Lakh,Jan 2021,"40,354 Kms",Second Owner,Petrol,Manual,FWD,1197 cc,88.50 bhp,22.38 kmpl,4.0,,5 Seats,875-905 kg,,37 Litres,,
Hyundai i20,₹4.46 Lakh,Sept 2017,"49,960 Kms",Second Owner,Petrol,Manual,FWD,1197 cc,81.83 bhp,18.6 kmpl,4.0,No,5 Seats,1066 kg,170 mm,45 Litres,,
Ford Ecosport,₹7.50 Lakh,2020,"69,000 Kms",First Owner,,Manual,FWD,1498 cc,98.96 bhp,21.7 kmpl,4.0,Yes,5 Seats,1277 kg,200 mm,,52 Litres,
Hyundai i20,₹5.50 Lakh,Jul 2019,"65,000 Kms",First Owner,Petrol,Manual,FWD,1197 cc,81.86 bhp,18.6 kmpl,4.0,No,5 Seats,1120 kg,170 mm,40 Litres,,
Hyundai i20,₹7.85 Lakh,Jun 2022,"89,000 Kms",First Owner,Diesel,Manual,,1493 cc,98.63 bhp,25 kmpl,4.0,Yes,5 Seats,1260 kg,,,37 Litres,
Hyundai i20,₹7.43 Lakh,Feb 2020,"42,730 Kms",First Owner,Petrol,Automatic,FWD,1197 cc,81.86 bhp,17.4 kmpl,4.0,No,5 Seats,1054-1093 kg,170 mm,40 Litres,,
Mahindra XUV500,₹7.90 Lakh,Nov 2016,"1,00,000 Kms",Second Owner,,Automatic,FWD,2179 cc,140 bhp,16 kmpl,4.0,Yes,7 Seats,1960 kg,200 mm,,70 Litres,
Hyundai i20,₹5.40 Lakh,Sept 2018,"92,922 Kms",First Owner,Petrol,Automatic,FWD,1197 cc,81.86 bhp,17.4 kmpl,4.0,No,5 Seats,1054-1093 kg,170 mm,40 Litres,,
Hyundai i20,₹5.51 Lakh,Aug 2018,"1,21,054 Kms",First Owner,Petrol,Automatic,FWD,1197 cc,81.86 bhp,17.4 kmpl,4.0,No,5 Seats,1054-1093 kg,170 mm,40 Litres,,
Hyundai i20,₹7.99 Lakh,Mar 2024,"12,900 Kms",First Owner,Petrol,Manual,FWD,1197 cc,82 bhp,16 kmpl,4.0,,5 Seats,,,37 Litres,,
Maruti Suzuki Swift,₹5.72 Lakh,Jul 2022,"42,006 Kms",Second Owner,Petrol,Automatic,,1197 cc,88.50 bhp,22.56 kmpl,4.0,,5 Seats,875-905 kg,,37 Litres,,
Hyundai i20,₹3.25 Lakh,Oct 2011,"38,000 Kms",First Owner,Petrol,Manual,,1197 cc,,17 kmpl,4.0,No,5 Seats,1100 kg,165 mm,45 Litres,,
Maruti Suzuki Swift,₹5.54 Lakh,Dec 2021,"42,007 Kms",First Owner,Petrol,Manual,FWD,1197 cc,88.50 bhp,22.38 kmpl,4.0,,5 Seats,875-905 kg,,37 Litres,,
Kia Sonet,₹9.10 Lakh,2024,"12,000 Kms",First Owner,Petrol,Manual,FWD,1197 cc,81.8 bhp,18.4 kmpl,4.0,No,5 Seats,,,45 Litres,,
Hyundai i20,₹7.80 Lakh,Apr 2023,"8,338 Kms",First Owner,Petrol,Automatic,FWD,1197 cc,87 bhp,20 kmpl,4.0,,5 Seats,,,37 Litres,,
Maruti Suzuki Swift,₹5.90 Lakh,Feb 2019,"77,148 Kms",First Owner,Petrol,Manual,FWD,1197 cc,88.50 bhp,22.38 kmpl,4.0,,5 Seats,875-905 kg,,37 Litres,,
Hyundai i20,₹6.60 Lakh,Feb 2021,"45,900 Kms",First Owner,Petrol,Manual,,1197 cc,81.80 bhp,21 kmpl,4.0,No,5 Seats,1120 kg,,37 Litres,,
Hyundai i20,₹6.95 Lakh,Mar 2021,"43,429 Kms",First Owner,Petrol,Manual,FWD,1197 cc,81.83 bhp,18.6 kmpl,4.0,No,5 Seats,1066 kg,170 mm,45 Litres,,
Maruti Suzuki Swift,₹3.24 Lakh,May 2015,"87,492 Kms",Second Owner,Petrol,Manual,FWD,1197 cc,83.11 bhp,20.4 kmpl,4.0,No,5 Seats,855 kg,163 mm,42 Litres,,
Hyundai i20,₹4.65 Lakh,May 2017,"1,09,472 Kms",First Owner,Petrol,Manual,FWD,1197 cc,81.83 bhp,18.6 kmpl,4.0,No,5 Seats,1066 kg,170 mm,45 Litres,,
Mahindra XUV300,₹10 Lakh,2022,"50,000 Kms",First Owner,Petrol,Automatic,,1197 cc,108.62 bhp,17 kmpl,3.0,Yes,5 Seats,1485 kg,,42 Litres,,
Honda Amaze,₹4 Lakh,2015,"53,000 Kms",Second Owner,Petrol,Manual,FWD,1198 cc,86.7 bhp,18 kmpl,4.0,No,5 Seats,950 kg,165 mm,35 Litres,,
Volkswagen Polo,₹4 Lakh,2013,"1,20,000 Kms",Second Owner,Petrol,Manual,FWD,1198 cc,73.9 bhp,16.47 kmpl,3.0,No,5 Seats,1030 kg,168 mm,45 Litres,,
Hyundai i20,₹5.60 Lakh,Jun 2020,"74,478 Kms",First Owner,Petrol,Manual,FWD,1197 cc,81.86 bhp,18.6 kmpl,4.0,No,5 Seats,1160 kg,170 mm,40 Litres,,
Hyundai i20,₹5.50 Lakh,Jul 2019,"64,000 Kms",First Owner,Petrol,Manual,FWD,1197 cc,81.86 bhp,18.6 kmpl,4.0,No,5 Seats,1140 kg,170 mm,40 Litres,,
Hyundai Grand i10,₹5.60 Lakh,Mar 2020,"36,045 Kms",First Owner,Petrol,Manual,FWD,1197 cc,81.86 bhp,18.9 kmpl,4.0,No,5 Seats,1060 kg,165 mm,43 Litres,,
Honda City,₹8 Lakh,2019,"60,000 Kms",First Owner,Petrol,Automatic,FWD,1497 cc,117.6 bhp,18 kmpl,4.0,No,5 Seats,1080 kg,165 mm,40 Litres,,
Maruti Suzuki Swift,₹4.46 Lakh,Jul 2015,"49,321 Kms",Second Owner,Petrol,Manual,FWD,1197 cc,81.80 bhp,21.21 kmpl,4.0,No,5 Seats,855-885 kg,163 mm,37 Litres,,
Hyundai i20,₹6.25 Lakh,Aug 2019,"25,173 Kms",First Owner,Petrol,Automatic,FWD,1197 cc,81.86 bhp,17.4 kmpl,4.0,No,5 Seats,1054-1093 kg,170 mm,40 Litres,,
Maruti Suzuki Swift,₹5.30 Lakh,Mar 2019,"84,100 Kms",First Owner,Petrol,Manual,FWD,1197 cc,81.80 bhp,21.21 kmpl,4.0,No,5 Seats,855-885 kg,163 mm,37 Litres,,
Hyundai i20,₹5.75 Lakh,Dec 2018,"75,000 Kms",First Owner,Petrol,Automatic,FWD,1197 cc,81.86 bhp,17.4 kmpl,4.0,No,5 Seats,1054-1093 kg,170 mm,40 Litres,,
Maruti Suzuki Swift,₹6.10 Lakh,Jul 2023,"48,000 Kms",First Owner,Petrol,Manual,FWD,1197 cc,88.50 bhp,22.38 kmpl,4.0,,5 Seats,875-905 kg,,37 Litres,,
Maruti Suzuki Swift,₹3.43 Lakh,Jul 2013,"39,199 Kms",First Owner,Petrol,Manual,FWD,1197 cc,88.50 bhp,22.38 kmpl,4.0,,5 Seats,875-905 kg,,37 Litres,,
BMW 3 Series GT,₹26.50 Lakh,Nov 2018,"75,000 Kms",First Owner,Diesel,Automatic,RWD,1995 cc,188 bhp,,4.0,Yes,5 Seats,1720 kg,165 mm,,60 Litres,
Hyundai i20,₹7.70 Lakh,Aug 2023,"15,000 Kms",First Owner,Petrol,Automatic,,998 cc,118.41 bhp,20 kmpl,3.0,Yes,5 Seats,1210 kg,,37 Litres,,
Maruti Suzuki Ignis,₹5.30 Lakh,Dec 2022,"30,775 Kms",First Owner,Petrol,Manual,,1197 cc,81.80 bhp,20.89 kmpl,4.0,,5 Seats,840-865 kg,,32 Litres,,
Maruti Suzuki Swift,₹4.25 Lakh,Mar 2019,"1,02,517 Kms",Second Owner,Petrol,Automatic,FWD,1197 cc,88.50 bhp,22.56 kmpl,4.0,,5 Seats,875-905 kg,,37 Litres,,
Mercedes-Benz M-Class,₹28.50 Lakh,Oct 2015,"70,000 Kms",First Owner,Diesel,Automatic,AWD,2987 cc,,,6.0,Yes,5 Seats,2185 kg,,,95 Litres,
Maruti Suzuki Swift,₹4.17 Lakh,Jun 2016,"95,288 Kms",First Owner,Petrol,Manual,FWD,1197 cc,81.80 bhp,20.4 kmpl,4.0,No,5 Seats,865 kg,163 mm,42 Litres,,
Hyundai i20,₹4.80 Lakh,Sept 2019,"1,02,999 Kms",First Owner,Petrol,Automatic,FWD,1197 cc,81.86 bhp,17.4 kmpl,4.0,No,5 Seats,1054-1093 kg,170 mm,40 Litres,,
Maruti Suzuki Swift,₹3.54 Lakh,Apr 2011,"23,146 Kms",First Owner,Petrol,Manual,,1197 cc,,16.1 kmpl,4.0,Yes,5 Seats,1010 kg,170 mm,,,
Maruti Suzuki Baleno,₹7.71 Lakh,Dec 2022,"31,870 Kms",First Owner,Petrol,Automatic,FWD,1197 cc,88.50 bhp,22.94 kmpl,4.0,No,5 Seats,940-960 kg,,37 Litres,,
Hyundai i20,₹5.75 Lakh,2019,"49,200 Kms",Second Owner,Petrol,Manual,FWD,1197 cc,81.86 bhp,18.6 kmpl,4.0,No,5 Seats,1140 kg,170 mm,40 Litres,,
Hyundai i10,₹3.05 Lakh,2012,"50,000 Kms",First Owner,Petrol,Manual,FWD,1197 cc,78.9 bhp,20.36 kmpl,4.0,No,5 Seats,930 kg,165 mm,35 Litres,,
Maruti Suzuki Swift,₹5 Lakh,2018,"1,00,000 Kms",Second Owner,Petrol,Manual,FWD,1197 cc,81.80 bhp,21.21 kmpl,4.0,No,5 Seats,855-885 kg,163 mm,37 Litres,,
Hyundai i20,₹7.12 Lakh,2021,"60,000 Kms",First Owner,Petrol,Manual,,998 cc,118.36 bhp,20 kmpl,3.0,Yes,5 Seats,1240 kg,,37 Litres,,
Hyundai i20,₹5 Lakh,2018,"90,000 Kms",Second Owner,Petrol,Manual,FWD,1197 cc,81.83 bhp,18.6 kmpl,4.0,No,5 Seats,1066 kg,170 mm,45 Litres,,
Hyundai i10,₹2.35 Lakh,2011,"49,000 Kms",Second Owner,Petrol,Manual,FWD,1197 cc,78.9 bhp,20.36 kmpl,4.0,No,5 Seats,930 kg,165 mm,35 Litres,,
Hyundai Grand i10,₹3 Lakh,2013,"70,000 Kms",Second Owner,Petrol,Manual,FWD,1197 cc,82 bhp,18.9 kmpl,4.0,No,5 Seats,935 kg,165 mm,43 Litres,,
Maruti Suzuki Baleno,₹5.06 Lakh,Apr 2019,"99,637 Kms",Second Owner,Petrol,Manual,FWD,1197 cc,83.1 bhp,21.4 kmpl,4.0,No,5 Seats,880 kg,170 mm,37 Litres,,
Maruti Suzuki Swift,₹4.27 Lakh,Dec 2019,"1,00,201 Kms",Second Owner,Petrol,Automatic,FWD,1197 cc,88.50 bhp,22.56 kmpl,4.0,,5 Seats,875-905 kg,,37 Litres,,
Maruti Suzuki Celerio,₹3.30 Lakh,Jul 2018,"68,478 Kms",Second Owner,Petrol,Manual,FWD,998 cc,67.04 bhp,23.1 kmpl,3.0,No,5 Seats,835 kg,165 mm,35 Litres,,
Maruti Suzuki Swift,₹5.75 Lakh,Jun 2021,"6,100 Kms",First Owner,Petrol,Manual,FWD,1197 cc,81.80 bhp,21.21 kmpl,4.0,No,5 Seats,855-885 kg,163 mm,37 Litres,,
Hyundai i20,₹2.85 Lakh,Oct 2011,"69,035 Kms",Second Owner,Petrol,Automatic,FWD,1396 cc,,15 kmpl,4.0,No,5 Seats,1220 kg,165 mm,45 Litres,,
Hyundai Grand i10,₹6.04 Lakh,Mar 2021,"22,912 Kms",First Owner,Petrol,Manual,FWD,1197 cc,81.86 bhp,18.9 kmpl,4.0,No,5 Seats,1120 kg,165 mm,43 Litres,,
Maruti Suzuki Swift,₹4.94 Lakh,Dec 2018,"53,948 Kms",First Owner,Petrol,Manual,FWD,1197 cc,88.50 bhp,22.38 kmpl,4.0,,5 Seats,875-905 kg,,37 Litres,,
Maruti Suzuki Celerio,₹4.19 Lakh,Nov 2022,"52,036 Kms",First Owner,Petrol,Manual,FWD,998 cc,67.77 bhp,24.97 kmpl,3.0,,5 Seats,820 kg,,32 Litres,,
Hyundai Grand i10,₹5.21 Lakh,Mar 2019,"59,339 Kms",Second Owner,Petrol,Automatic,FWD,1197 cc,81.86 bhp,18.9 kmpl,4.0,No,5 Seats,1200 kg,165 mm,43 Litres,,
Maruti Suzuki Swift,₹4.85 Lakh,Oct 2021,"87,120 Kms",First Owner,Petrol,Manual,FWD,1197 cc,81.80 bhp,21.21 kmpl,4.0,No,5 Seats,855-885 kg,163 mm,37 Litres,,
Hyundai i20,₹6.45 Lakh,Jul 2018,"71,000 Kms",First Owner,Diesel,Manual,FWD,1396 cc,88.73 bhp,22.54 kmpl,4.0,Yes,5 Seats,1515 kg,170 mm,,45 Litres,
Maruti Suzuki Swift,₹5.50 Lakh,Apr 2019,"60,000 Kms",First Owner,Petrol,Manual,FWD,1197 cc,81.80 bhp,21.21 kmpl,4.0,No,5 Seats,855-885 kg,163 mm,37 Litres,,
Maruti Suzuki Swift,₹6.20 Lakh,May 2023,"50,260 Kms",First Owner,Petrol,Manual,FWD,1197 cc,85.8 bhp,18.6 kmpl,4.0,No,5 Seats,990 kg,170 mm,42 Litres,,
Maruti Suzuki Swift,₹4.63 Lakh,Jun 2016,"31,878 Kms",First Owner,Diesel,Manual,FWD,1248 cc,74 bhp,25.2 kmpl,4.0,Yes,5 Seats,985 kg,163 mm,,42 Litres,
Hyundai i20 Active,₹3.70 Lakh,May 2016,"88,230 Kms",Second Owner,Petrol,Manual,FWD,1197 cc,81.86 bhp,17.19 kmpl,4.0,No,5 Seats,1040 kg,190 mm,45 Litres,,
Maruti Suzuki Swift,₹5.45 Lakh,Jan 2019,"40,578 Kms",First Owner,Petrol,Automatic,FWD,1197 cc,81.80 bhp,21.21 kmpl,4.0,No,5 Seats,855-885 kg,163 mm,37 Litres,,
Maruti Suzuki Swift,₹4.47 Lakh,Mar 2016,"92,171 Kms",First Owner,Petrol,Manual,FWD,1197 cc,81.80 bhp,21.21 kmpl,4.0,No,5 Seats,855-885 kg,163 mm,37 Litres,,
Maruti Suzuki Celerio,₹5.25 Lakh,Dec 2022,"20,300 Kms",First Owner,Petrol,Automatic,,998 cc,65.71 bhp,26 kmpl,3.0,,5 Seats,820 kg,,32 Litres,,
Maruti Suzuki Baleno,₹4.55 Lakh,Jul 2018,"84,264 Kms",Second Owner,Petrol,Manual,FWD,1197 cc,83.1 bhp,21.4 kmpl,4.0,No,5 Seats,880 kg,170 mm,37 Litres,,
Maruti Suzuki Swift,₹4.10 Lakh,Jun 2016,"98,077 Kms",First Owner,Petrol,Manual,FWD,1197 cc,81.80 bhp,20.4 kmpl,4.0,No,5 Seats,855 kg,163 mm,42 Litres,,
Maruti Suzuki Baleno,₹5.95 Lakh,Nov 2017,"33,000 Kms",First Owner,Petrol,Manual,FWD,1197 cc,83.1 bhp,21.4 kmpl,4.0,No,5 Seats,880 kg,170 mm,37 Litres,,
Maruti Suzuki Swift,₹3.60 Lakh,Jan 2013,"99,842 Kms",First Owner,Petrol,Manual,FWD,1197 cc,85.8 bhp,18.6 kmpl,4.0,No,5 Seats,990 kg,170 mm,42 Litres,,
Maruti Suzuki Swift,₹4.25 Lakh,Jul 2015,"79,614 Kms",First Owner,Petrol,Manual,FWD,1197 cc,81.80 bhp,21.21 kmpl,4.0,No,5 Seats,855-885 kg,163 mm,37 Litres,,
Hyundai Grand i10,₹5.17 Lakh,Apr 2019,"33,147 Kms",First Owner,Petrol,Manual,FWD,1197 cc,81.86 bhp,18.9 kmpl,4.0,No,5 Seats,1120 kg,165 mm,43 Litres,,
Maruti Suzuki Swift,₹4.35 Lakh,Jan 2016,"1,37,106 Kms",First Owner,Petrol,Manual,FWD,1197 cc,81.80 bhp,21.21 kmpl,4.0,No,5 Seats,855-885 kg,163 mm,37 Litres,,
Maruti Suzuki Baleno,₹6.35 Lakh,Sept 2017,"61,000 Kms",First Owner,Petrol,Manual,FWD,1197 cc,83.1 bhp,21.4 kmpl,4.0,No,5 Seats,890 kg,170 mm,37 Litres,,
Hyundai Grand i10,₹4 Lakh,Mar 2016,"65,000 Kms",Second Owner,Petrol,Manual,FWD,1197 cc,82 bhp,18.9 kmpl,4.0,No,5 Seats,935 kg,165 mm,43 Litres,,
Maruti Suzuki Swift,₹4.60 Lakh,Apr 2015,"61,210 Kms",First Owner,Petrol,Manual,,1197 cc,81.80 bhp,22 kmpl,4.0,No,5 Seats,870 kg,163 mm,42 Litres,,
Maruti Suzuki Celerio,₹3.76 Lakh,Apr 2018,"78,706 Kms",First Owner,Petrol,Manual,FWD,998 cc,67.77 bhp,25.24 kmpl,3.0,,5 Seats,810 kg,,32 Litres,,
Hyundai i20,₹8.25 Lakh,Aug 2022,"22,000 Kms",First Owner,Petrol,Manual,,1197 cc,81.86 bhp,21 kmpl,4.0,No,5 Seats,1140 kg,,37 Litres,,
Maruti Suzuki Swift,₹4.10 Lakh,Mar 2014,"70,000 Kms",Second Owner,Petrol,Manual,,1197 cc,81.80 bhp,22 kmpl,4.0,No,5 Seats,860s kg,163 mm,37 Litres,,
Maruti Suzuki Baleno,₹4.37 Lakh,Jul 2016,"53,585 Kms",Second Owner,Petrol,Manual,FWD,1197 cc,83.1 bhp,21.4 kmpl,4.0,No,5 Seats,890 kg,170 mm,37 Litres,,
Maruti Suzuki Swift,₹4.63 Lakh,Oct 2017,"63,742 Kms",First Owner,Diesel,Manual,FWD,1248 cc,74 bhp,25.2 kmpl,4.0,Yes,5 Seats,960 kg,163 mm,,42 Litres,
Maruti Suzuki Celerio,₹3.50 Lakh,Sept 2018,"41,031 Kms",First Owner,Petrol,Manual,FWD,998 cc,67.77 bhp,25.24 kmpl,3.0,,5 Seats,810 kg,,32 Litres,,
Hyundai i20 N-Line,₹7.10 Lakh,Aug 2021,"77,451 Kms",Second Owner,Petrol,Automatic,,998 cc,118.41 bhp,20.25 kmpl,3.0,Yes,5 Seats,1220 kg,,37 Litres,,
Maruti Suzuki Celerio,₹3.80 Lakh,Jun 2017,"37,810 Kms",First Owner,Petrol,Automatic,FWD,998 cc,67.77 bhp,26 kmpl,3.0,,5 Seats,820 kg,,32 Litres,,
Hyundai Grand i10,₹4.25 Lakh,Oct 2017,"37,900 Kms",First Owner,Petrol,Manual,FWD,1197 cc,81.86 bhp,18.9 kmpl,4.0,No,5 Seats,1080 kg,165 mm,43 Litres,,
Hyundai Grand i10 Nios,₹6.57 Lakh,Mar 2025,"4,010 Kms",First Owner,Petrol,Manual,FWD,1197 cc,82 bhp,18 kmpl,4.0,,5 Seats,,,37 Litres,,
Hyundai Grand i10,₹4.04 Lakh,Mar 2017,"1,09,882 Kms",First Owner,Petrol,Manual,FWD,1197 cc,81.86 bhp,18.9 kmpl,4.0,No,5 Seats,1060 kg,165 mm,43 Litres,,
Maruti Suzuki Baleno,₹6.10 Lakh,Sept 2018,"23,477 Kms",First Owner,Diesel,Manual,FWD,1248 cc,74 bhp,27.39 kmpl,4.0,Yes,5 Seats,985 kg,170 mm,,37 Litres,
Maruti Suzuki Ignis,₹4.02 Lakh,Feb 2018,"84,581 Kms",First Owner,Petrol,Manual,FWD,1197 cc,81.80 bhp,20.89 kmpl,4.0,No,5 Seats,835 kg,180 mm,32 Litres,,
Hyundai i10,₹2.97 Lakh,May 2014,"63,201 Kms",Second Owner,Petrol,Manual,FWD,1086 cc,68.05 bhp,19.81 kmpl,4.0,No,5 Seats,860 kg,165 mm,35 Litres,,
Hyundai Grand i10 Nios,₹6.75 Lakh,Dec 2025,"31,000 Kms",First Owner,Petrol,Manual,,998 cc,98.63 bhp,20.7 kmpl,3.0,Yes,5 Seats,1180 kg,,37 Litres,,
Maruti Suzuki Baleno,₹5.10 Lakh,Dec 2017,"58,778 Kms",First Owner,Petrol,Manual,FWD,1197 cc,83.1 bhp,21.4 kmpl,4.0,No,5 Seats,890 kg,170 mm,37 Litres,,
Maruti Suzuki Baleno,₹4.67 Lakh,Jan 2019,"50,583 Kms",Second Owner,Petrol,Manual,FWD,1197 cc,83.1 bhp,21.4 kmpl,4.0,No,5 Seats,880 kg,170 mm,37 Litres,,
Maruti Suzuki Celerio,₹2.60 Lakh,Aug 2017,"1,00,648 Kms",Second Owner,Petrol,Manual,FWD,998 cc,67.04 bhp,23.1 kmpl,3.0,No,5 Seats,835 kg,120 mm,35 Litres,,
Honda City,₹8.60 Lakh,2021,"24,000 Kms",First Owner,Petrol,Manual,,1498 cc,119.35 bhp,18.6 kmpl,4.0,,5 Seats,1107-1153 kg,,40 Litres,,
Hyundai Grand i10 Nios,₹5.95 Lakh,Apr 2021,"51,000 Kms",First Owner,Petrol,Manual,,1197 cc,81.86 bhp,20.7 kmpl,4.0,No,5 Seats,1100 kg,,37 Litres,,
Maruti Suzuki Wagon R,₹5.50 Lakh,Jul 2023,"35,000 Kms",First Owner,CNG,Manual,FWD,998 cc,55.92 bhp,34.05 km/kg,3.0,,5 Seats,920 kg,,,,60 Litres
Hyundai Grand i10 Nios,₹5.80 Lakh,Oct 2022,"49,942 Kms",First Owner,CNG,Manual,FWD,1197 cc,68 bhp,27 km/kg,4.0,,5 Seats,,,,,60 Litres
Hyundai Grand i10 Nios,₹6.50 Lakh,Jan 2022,"7,000 Kms",First Owner,Petrol,Manual,,1197 cc,81.86 bhp,20.7 kmpl,4.0,No,5 Seats,1160 kg,,37 Litres,,
Hyundai Grand i10,₹3.65 Lakh,Mar 2014,"36,000 Kms",First Owner,Petrol,Manual,FWD,1197 cc,82 bhp,18.9 kmpl,4.0,No,5 Seats,935 kg,165 mm,43 Litres,,
Maruti Suzuki Alto 800,₹2.31 Lakh,Aug 2013,"21,947 Kms",Second Owner,Petrol,Manual,FWD,796 cc,46.3 bhp,19.7 kmpl,3.0,No,5 Seats,705 kg,160 mm,35 Litres,,
Maruti Suzuki Swift,₹5.80 Lakh,May 2019,"77,844 Kms",First Owner,Petrol,Automatic,,1197 cc,81.80 bhp,22 kmpl,4.0,No,5 Seats,865 kg,163 mm,37 Litres,,
Maruti Suzuki Baleno,₹5.40 Lakh,Nov 2021,"35,796 Kms",First Owner,Petrol,Manual,FWD,1197 cc,81.80 bhp,21.01 kmpl,4.0,No,5 Seats,865-890 kg,170 mm,37 Litres,,
Tata Altroz,₹5.79 Lakh,Nov 2020,"33,772 Kms",First Owner,Petrol,Manual,FWD,1199 cc,86.79 bhp,19.33 kmpl,3.0,No,5 Seats,,165 mm,37 Litres,,
Hyundai Grand i10,₹3.81 Lakh,Dec 2014,"29,676 Kms",First Owner,Petrol,Manual,FWD,1197 cc,81.86 bhp,18.9 kmpl,4.0,No,5 Seats,1120 kg,165 mm,43 Litres,,
Hyundai Grand i10,₹3.74 Lakh,Apr 2016,"92,134 Kms",First Owner,Petrol,Manual,FWD,1197 cc,81.86 bhp,18.9 kmpl,4.0,No,5 Seats,1120 kg,165 mm,43 Litres,,
Maruti Suzuki Swift,₹5.75 Lakh,Apr 2016,"44,000 Kms",First Owner,Diesel,Manual,FWD,1248 cc,74 bhp,25.2 kmpl,4.0,Yes,5 Seats,965 kg,163 mm,,42 Litres,
Renault KWID,₹2.97 Lakh,Aug 2018,"33,197 Kms",Second Owner,Petrol,Manual,FWD,999 cc,67 bhp,23.01 kmpl,3.0,No,5 Seats,730 kg,180 mm,28 Litres,,
Maruti Suzuki Celerio,₹6.15 Lakh,Mar 2023,"12,000 Kms",First Owner,Petrol,Automatic,FWD,998 cc,67.77 bhp,26 kmpl,3.0,,5 Seats,825 kg,,32 Litres,,
Hyundai Grand i10,₹4.42 Lakh,Nov 2018,"82,982 Kms",First Owner,Petrol,Automatic,FWD,1197 cc,81.86 bhp,18.9 kmpl,4.0,No,5 Seats,1100 kg,165 mm,43 Litres,,
Maruti Suzuki Celerio,₹3.48 Lakh,Jul 2016,"72,195 Kms",First Owner,Petrol,Automatic,FWD,998 cc,67.77 bhp,26 kmpl,3.0,,5 Seats,820 kg,,32 Litres,,
Hyundai Grand i10,₹4.45 Lakh,Aug 2014,"33,000 Kms",First Owner,Petrol,Automatic,FWD,1197 cc,82 bhp,18.9 kmpl,4.0,No,5 Seats,935 kg,165 mm,43 Litres,,
Hyundai Grand i10,₹3.50 Lakh,Aug 2014,"75,000 Kms",First Owner,Petrol,Manual,FWD,1197 cc,82 bhp,18.9 kmpl,4.0,No,5 Seats,935 kg,165 mm,43 Litres,,
Maruti Suzuki Wagon R,₹4.79 Lakh,Jan 2022,"11,042 Kms",First Owner,Petrol,Manual,FWD,1197 cc,81.80 bhp,20.52 kmpl,4.0,No,5 Seats,830-845 kg,,32 Litres,,
Tata Altroz,₹5.75 Lakh,Jul 2021,"35,000 Kms",First Owner,Petrol,Manual,,1199 cc,86.83 bhp,19.33 kmpl,3.0,No,5 Seats,1025 kg,165 mm,37 Litres,,
Maruti Suzuki Alto 800,₹2.35 Lakh,Jun 2017,"56,747 Kms",Second Owner,Petrol,Manual,,796 cc,47.33 bhp,22.05 kmpl,3.0,,5 Seats,755 kg,,35 Litres,,
Hyundai Grand i10,₹4.21 Lakh,Jul 2019,"27,503 Kms",First Owner,Petrol,Manual,FWD,1197 cc,81.86 bhp,18.9 kmpl,4.0,No,5 Seats,1120 kg,165 mm,43 Litres,,
Maruti Suzuki Alto 800,₹2.85 Lakh,Jun 2016,"30,192 Kms",Second Owner,Petrol,Manual,FWD,796 cc,47.3 bhp,22.74 kmpl,3.0,No,5 Seats,725 kg,160 mm,35 Litres,,
Tata Tiago,₹6.18 Lakh,Feb 2023,"32,224 Kms",First Owner,Petrol,Manual,FWD,1199 cc,85 bhp,19.01 kmpl,3.0,,5 Seats,,170 mm,35 Litres,,
Maruti Suzuki S-Presso,₹4.25 Lakh,Jan 2023,"80,000 Kms",First Owner,Petrol,Manual,FWD,998 cc,65.71 bhp,24.76 kmpl,3.0,,5 Seats,736-775 kg,,27 Litres,,
Hyundai i10,₹3.65 Lakh,Mar 2017,"49,075 Kms",First Owner,Petrol,Manual,FWD,1086 cc,68.05 bhp,19.81 kmpl,4.0,No,5 Seats,860 kg,165 mm,35 Litres,,
Maruti Suzuki Celerio X,₹2.81 Lakh,Oct 2018,"1,02,897 Kms",Second Owner,Petrol,Automatic,FWD,998 cc,67 bhp,21.63 kmpl,3.0,No,5 Seats,850 kg,165 mm,35 Litres,,
Hyundai Grand i10 Nios,₹4.17 Lakh,Nov 2020,"78,844 Kms",First Owner,Petrol,Manual,,1197 cc,81.86 bhp,20.7 kmpl,4.0,No,5 Seats,1160 kg,,37 Litres,,
Maruti Suzuki Swift,₹3.60 Lakh,Oct 2013,"1,08,195 Kms",First Owner,Diesel,Manual,FWD,1248 cc,74 bhp,22.9 kmpl,4.0,Yes,5 Seats,1060 kg,170 mm,,43 Litres,
Maruti Suzuki Wagon R,₹3.70 Lakh,Apr 2016,"59,600 Kms",First Owner,Petrol,Manual,FWD,998 cc,67.04 bhp,20.51 kmpl,3.0,No,5 Seats,885 kg,165 mm,35 Litres,,
Hyundai Grand i10,₹3.85 Lakh,Oct 2015,"59,000 Kms",First Owner,Petrol,Manual,FWD,1197 cc,82 bhp,18.9 kmpl,4.0,No,5 Seats,935 kg,165 mm,43 Litres,,
Hyundai i10,₹3.25 Lakh,Sept 2014,"47,185 Kms",First Owner,Petrol,Manual,FWD,1086 cc,68.05 bhp,19.81 kmpl,4.0,No,5 Seats,860 kg,165 mm,35 Litres,,
Hyundai i20 Active,₹4.25 Lakh,May 2016,"58,207 Kms",Second Owner,Diesel,Manual,FWD,1396 cc,88.73 bhp,21.19 kmpl,4.0,Yes,5 Seats,1080 kg,190 mm,,45 Litres,
Maruti Suzuki Ritz,₹3 Lakh,Mar 2014,"1,24,335 Kms",First Owner,Petrol,Manual,FWD,1197 cc,85.80 bhp,18.5 kmpl,4.0,No,5 Seats,1015 kg,170 mm,43 Litres,,
Maruti Suzuki Baleno,₹6.50 Lakh,Apr 2018,"29,000 Kms",First Owner,Petrol,Automatic,FWD,1197 cc,83.1 bhp,21.4 kmpl,4.0,No,5 Seats,910 kg,170 mm,37 Litres,,
Renault KWID,₹2.60 Lakh,Oct 2018,"78,914 Kms",Second Owner,Petrol,Manual,,799 cc,53.26 bhp,22.25 kmpl,3.0,,5 Seats,690 kg,184 mm,28 Litres,,
Maruti Suzuki Wagon R,₹4.50 Lakh,Jul 2021,"71,620 Kms",First Owner,Petrol,Manual,FWD,998 cc,67.05 bhp,21.79 kmpl,3.0,No,5 Seats,805-825 kg,,32 Litres,,
Hyundai i10,₹2.90 Lakh,Jan 2012,"60,000 Kms",First Owner,Petrol,Manual,FWD,1197 cc,78.9 bhp,20.36 kmpl,4.0,No,5 Seats,930 kg,165 mm,35 Litres,,
Maruti Suzuki Baleno,₹5.35 Lakh,Aug 2016,"25,000 Kms",Second Owner,Petrol,Automatic,FWD,1197 cc,83.1 bhp,21.4 kmpl,4.0,No,5 Seats,910 kg,170 mm,37 Litres,,
Hyundai i10,₹2.55 Lakh,Oct 2010,"1,06,571 Kms",First Owner,Petrol,Manual,FWD,1197 cc,78.9 bhp,20.36 kmpl,4.0,No,5 Seats,930 kg,165 mm,35 Litres,,
Hyundai Grand i10 Nios,₹5.75 Lakh,May 2020,"20,313 Kms",First Owner,Petrol,Automatic,,1197 cc,81.86 bhp,20.7 kmpl,4.0,No,5 Seats,1140 kg,,37 Litres,,
Maruti Suzuki Baleno,₹4.75 Lakh,Mar 2017,"91,149 Kms",First Owner,Petrol,Manual,FWD,1197 cc,83.1 bhp,21.4 kmpl,4.0,No,5 Seats,880 kg,170 mm,37 Litres,,
Maruti Suzuki Wagon R,₹3.95 Lakh,Apr 2018,"45,000 Kms",Second Owner,Petrol,Manual,FWD,998 cc,67.04 bhp,20.51 kmpl,3.0,No,5 Seats,885 kg,165 mm,35 Litres,,
Maruti Suzuki Swift,₹4.75 Lakh,Feb 2015,"89,206 Kms",First Owner,Diesel,Manual,FWD,1248 cc,74 bhp,22.9 kmpl,4.0,Yes,5 Seats,1060 kg,170 mm,,43 Litres,
Hyundai i10,₹2.65 Lakh,Jul 2013,"48,975 Kms",Second Owner,Petrol,Automatic,FWD,1197 cc,78.9 bhp,16.95 kmpl,4.0,No,5 Seats,990 kg,165 mm,35 Litres,,
Hyundai i10,₹2.92 Lakh,Feb 2015,"78,530 Kms",First Owner,Petrol,Manual,FWD,1086 cc,68.05 bhp,19.81 kmpl,4.0,No,5 Seats,860 kg,165 mm,35 Litres,,
Maruti Suzuki Celerio,₹4.15 Lakh,Dec 2018,"47,333 Kms",First Owner,Petrol,Automatic,FWD,998 cc,67.04 bhp,23.1 kmpl,3.0,No,5 Seats,850 kg,165 mm,35 Litres,,
Maruti Suzuki Baleno,₹5.45 Lakh,Sept 2018,"28,000 Kms",First Owner,Petrol,Manual,FWD,1197 cc,83.1 bhp,21.4 kmpl,4.0,No,5 Seats,865 kg,170 mm,37 Litres,,
Maruti Suzuki Baleno,₹5.30 Lakh,May 2018,"40,913 Kms",First Owner,Petrol,Manual,FWD,1197 cc,81.80 bhp,21.01 kmpl,4.0,No,5 Seats,865-890 kg,170 mm,37 Litres,,
Maruti Suzuki Celerio,₹2.90 Lakh,Jul 2015,"1,20,948 Kms",Third Owner,Petrol,Manual,FWD,998 cc,67.77 bhp,25.24 kmpl,3.0,,5 Seats,810 kg,,32 Litres,,
Maruti Suzuki Wagon R,₹2.40 Lakh,Jul 2011,"73,588 Kms",First Owner,Petrol,Manual,FWD,998 cc,67.1 bhp,18.9 kmpl,3.0,No,5 Seats,885 kg,165 mm,35 Litres,,
Maruti Suzuki Alto 800,₹2.33 Lakh,Apr 2013,"55,158 Kms",First Owner,Petrol,Manual,FWD,796 cc,46.3 bhp,19.7 kmpl,3.0,No,5 Seats,705 kg,160 mm,35 Litres,,
Maruti Suzuki Wagon R,₹2.93 Lakh,Oct 2014,"47,518 Kms",First Owner,Petrol,Manual,,998 cc,65.71 bhp,24.35 kmpl,3.0,,5 Seats,810-835 kg,,32 Litres,,
Renault KWID,₹2.40 Lakh,Jul 2016,"77,341 Kms",Second Owner,Petrol,Manual,FWD,799 cc,53.3 bhp,25.17 kmpl,3.0,No,5 Seats,710 kg,180 mm,28 Litres,,
Maruti Suzuki Baleno,₹5.49 Lakh,Oct 2018,"61,208 Kms",First Owner,Petrol,Automatic,FWD,1197 cc,83.1 bhp,21.4 kmpl,4.0,No,5 Seats,920 kg,170 mm,37 Litres,,
Hyundai i20,₹4.29 Lakh,Apr 2019,"45,795 Kms",Third Owner,Petrol,Automatic,FWD,1197 cc,81.86 bhp,17.4 kmpl,4.0,No,5 Seats,1054-1093 kg,170 mm,40 Litres,,
Maruti Suzuki Alto 800,₹2.62 Lakh,Jan 2017,"78,445 Kms",First Owner,Petrol,Manual,FWD,796 cc,47.3 bhp,24.7 kmpl,3.0,No,5 Seats,727 kg,160 mm,35 Litres,,
Maruti Suzuki Celerio,₹4.70 Lakh,Feb 2019,"53,000 Kms",First Owner,Petrol,Automatic,FWD,998 cc,67.04 bhp,23.1 kmpl,3.0,No,5 Seats,847 kg,165 mm,35 Litres,,
Maruti Suzuki Alto K10,₹2.72 Lakh,Mar 2016,"26,893 Kms",Second Owner,Petrol,Automatic,FWD,998 cc,67.05 bhp,23.95 kmpl,3.0,No,5 Seats,784 kg,160 mm,35 Litres,,
Maruti Suzuki Wagon R,₹3.25 Lakh,Oct 2014,"95,339 Kms",First Owner,Petrol,Manual,FWD,998 cc,67.04 bhp,20.51 kmpl,3.0,No,5 Seats,885 kg,165 mm,35 Litres,,
Renault KWID,₹2.89 Lakh,Nov 2016,"76,643 Kms",First Owner,Petrol,Manual,FWD,799 cc,53.3 bhp,25.17 kmpl,3.0,No,5 Seats,710 kg,180 mm,28 Litres,,
Hyundai Grand i10 Nios,₹5.32 Lakh,Mar 2021,"1,15,937 Kms",First Owner,Diesel,Automatic,,1186 cc,73.97 bhp,26.2 kmpl,4.0,Yes,5 Seats,1180 kg,,,37 Litres,
Maruti Suzuki Alto 800,₹2.22 Lakh,Oct 2015,"44,619 Kms",First Owner,Petrol,Manual,,796 cc,47.33 bhp,22.05 kmpl,3.0,,5 Seats,755 kg,,35 Litres,,
Tata Tiago,₹2.95 Lakh,Dec 2016,"62,920 Kms",Second Owner,Petrol,Manual,FWD,1199 cc,84 bhp,23.84 kmpl,3.0,No,5 Seats,980 kg,170 mm,35 Litres,,
Hyundai Grand i10,₹4.45 Lakh,Apr 2016,"65,000 Kms",First Owner,Petrol,Manual,FWD,1197 cc,82 bhp,18.9 kmpl,4.0,No,5 Seats,935 kg,165 mm,43 Litres,,
Hyundai Grand i10 Nios,₹7.50 Lakh,May 2023,"15,000 Kms",First Owner,Petrol,Automatic,,1197 cc,81.86 bhp,20.7 kmpl,4.0,No,5 Seats,1140 kg,,37 Litres,,
Maruti Suzuki Baleno,₹3.90 Lakh,Nov 2015,"1,20,999 Kms",First Owner,Petrol,Manual,FWD,1197 cc,83.1 bhp,21.4 kmpl,4.0,No,5 Seats,890 kg,170 mm,37 Litres,,
Maruti Suzuki Alto 800,₹2.60 Lakh,Mar 2015,"29,203 Kms",First Owner,Petrol,Manual,,796 cc,47.33 bhp,22.05 kmpl,3.0,,5 Seats,755 kg,,35 Litres,,
Tata Altroz,₹7.75 Lakh,Oct 2023,"25,000 Kms",First Owner,Petrol,Manual,,1199 cc,86.83 bhp,19.33 kmpl,3.0,No,5 Seats,1135 kg,165 mm,,,
Maruti Suzuki Alto 800,₹3.23 Lakh,Jan 2018,"23,958 Kms",First Owner,Petrol,Manual,FWD,796 cc,47.3 bhp,24.7 kmpl,3.0,No,5 Seats,725 kg,160 mm,35 Litres,,
Tata Tiago,₹2.87 Lakh,Oct 2016,"64,967 Kms",Second Owner,Petrol,Manual,FWD,1199 cc,84 bhp,23.84 kmpl,3.0,No,5 Seats,1012 kg,170 mm,35 Litres,,
Renault KWID,₹5.45 Lakh,Jan 2025,"10,000 Kms",First Owner,Petrol,Manual,FWD,999 cc,67.06 bhp,21.46 kmpl,3.0,,5 Seats,,184 mm,28 Litres,,
Renault KWID,₹3.96 Lakh,Apr 2018,"25,110 Kms",First Owner,Petrol,Manual,FWD,999 cc,67 bhp,23.01 kmpl,3.0,No,5 Seats,730 kg,180 mm,28 Litres,,
Tata Altroz,₹6.25 Lakh,Jan 2022,"50,490 Kms",First Owner,Petrol,Manual,,1199 cc,86.83 bhp,19.33 kmpl,3.0,No,5 Seats,1025 kg,165 mm,37 Litres,,
Maruti Suzuki Alto K10,₹4.10 Lakh,Jan 2024,"6,000 Kms",Second Owner,Petrol,Manual,FWD,998 cc,65.71 bhp,24.39 kmpl,3.0,,5 Seats,,,27 Litres,,
Maruti Suzuki Wagon R,₹3.05 Lakh,Jan 2017,"94,341 Kms",Second Owner,Petrol,Automatic,FWD,998 cc,67 bhp,20.51 kmpl,3.0,No,5 Seats,890 kg,165 mm,35 Litres,,
Hyundai Grand i10,₹4.50 Lakh,Jun 2016,"29,213 Kms",First Owner,Petrol,Automatic,FWD,1197 cc,82 bhp,18.9 kmpl,4.0,No,5 Seats,935 kg,165 mm,43 Litres,,
Maruti Suzuki Ritz,₹2.40 Lakh,Jan 2010,"75,000 Kms",Second Owner,Diesel,Manual,FWD,1248 cc,73.9 bhp,21.1 kmpl,4.0,No,5 Seats,1100 kg,170 mm,,43 Litres,
Tata Tiago,₹3.31 Lakh,Feb 2017,"63,528 Kms",Second Owner,Petrol,Manual,FWD,1199 cc,84 bhp,23.84 kmpl,3.0,No,5 Seats,1012 kg,170 mm,35 Litres,,
Renault KWID,₹3.20 Lakh,Jun 2018,"32,773 Kms",First Owner,Petrol,Manual,FWD,799 cc,53.3 bhp,25.17 kmpl,3.0,No,5 Seats,710 kg,180 mm,28 Litres,,
Toyota Glanza,₹5.31 Lakh,Oct 2021,"93,055 Kms",First Owner,Petrol,Manual,FWD,1197 cc,88.50 bhp,22.35 kmpl,4.0,,5 Seats,920-955 kg,,37 Litres,,
Hyundai i10,₹2.95 Lakh,Mar 2012,"73,836 Kms",First Owner,Petrol,Automatic,FWD,1197 cc,78.9 bhp,16.95 kmpl,4.0,No,5 Seats,990 kg,165 mm,35 Litres,,
Hyundai i10,₹2.65 Lakh,Jul 2009,"70,512 Kms",First Owner,Petrol,Automatic,,1197 cc,,19.2 kmpl,4.0,No,5 Seats,1120 kg,165 mm,35 Litres,,
Maruti Suzuki Alto K10,₹3.51 Lakh,Apr 2019,"30,548 Kms",First Owner,Petrol,Automatic,FWD,998 cc,67.1 bhp,23.95 kmpl,3.0,No,5 Seats,784 kg,160 mm,35 Litres,,
Volkswagen Polo,₹5.14 Lakh,Sept 2018,"56,737 Kms",First Owner,Petrol,Manual,FWD,999 cc,75.10 bhp,17.74 kmpl,3.0,No,5 Seats,1030 kg,165 mm,45 Litres,,
Tata Tiago,₹4.20 Lakh,Jan 2020,"82,564 Kms",First Owner,Petrol,Manual,FWD,1199 cc,84 bhp,23.84 kmpl,3.0,No,5 Seats,1012 kg,170 mm,35 Litres,,
Maruti Suzuki Alto 800,₹2.25 Lakh,Aug 2014,"77,364 Kms",First Owner,Petrol,Manual,FWD,796 cc,47.3 bhp,22.74 kmpl,3.0,No,5 Seats,720 kg,160 mm,35 Litres,,
Tata Tiago,₹3.87 Lakh,May 2019,"64,679 Kms",Second Owner,Petrol,Manual,FWD,1199 cc,83.83 bhp,23.84 kmpl,3.0,No,5 Seats,1012 kg,170 mm,35 Litres,,
Nissan Micra,₹2.10 Lakh,Jul 2011,"71,825 Kms",Second Owner,Petrol,Manual,FWD,1198 cc,75 bhp,18.06 kmpl,3.0,No,5 Seats,930 kg,,41 Litres,,
Volkswagen Polo,₹5.19 Lakh,Nov 2018,"68,992 Kms",First Owner,Petrol,Manual,FWD,999 cc,75.10 bhp,17.74 kmpl,3.0,No,5 Seats,1030 kg,165 mm,45 Litres,,
Maruti Suzuki S-Presso,₹4.50 Lakh,Feb 2023,"29,550 Kms",First Owner,Petrol,Manual,FWD,998 cc,65.71 bhp,24.12 kmpl,3.0,,5 Seats,736-775 kg,,27 Litres,,
Tata Tiago,₹5.09 Lakh,Dec 2020,"38,392 Kms",First Owner,Petrol,Automatic,FWD,1199 cc,83.83 bhp,23.84 kmpl,3.0,No,5 Seats,1012 kg,170 mm,35 Litres,,
Maruti Suzuki Celerio X,₹4.17 Lakh,Nov 2020,"26,982 Kms",First Owner,Petrol,Automatic,FWD,998 cc,67.05 bhp,21.63 kmpl,3.0,No,5 Seats,850 kg,,35 Litres,,
Maruti Suzuki Alto K10,₹3.49 Lakh,Jan 2019,"32,774 Kms",First Owner,Petrol,Automatic,FWD,998 cc,67.1 bhp,23.95 kmpl,3.0,No,5 Seats,784 kg,160 mm,35 Litres,,
Honda Brio,₹2.80 Lakh,Mar 2013,"77,030 Kms",Second Owner,Petrol,Manual,FWD,1198 cc,86.8 bhp,19.4 kmpl,4.0,No,5 Seats,925 kg,165 mm,35 Litres,,
Maruti Suzuki Alto K10,₹3.07 Lakh,Apr 2019,"23,640 Kms",First Owner,Petrol,Manual,FWD,998 cc,67.05 bhp,23.95 kmpl,3.0,No,5 Seats,784 kg,160 mm,35 Litres,,
Renault KWID,₹3.45 Lakh,Jun 2018,"48,671 Kms",First Owner,Petrol,Manual,FWD,799 cc,53.3 bhp,25.17 kmpl,3.0,No,5 Seats,710 kg,180 mm,28 Litres,,
Hyundai Grand i10,₹4.25 Lakh,Oct 2016,"70,000 Kms",First Owner,Diesel,Manual,FWD,1120 cc,70 bhp,24 kmpl,3.0,No,5 Seats,1025 kg,165 mm,,43 Litres,
Honda Brio,₹2.70 Lakh,Nov 2013,"56,196 Kms",Second Owner,Petrol,Manual,FWD,1198 cc,86.8 bhp,19.4 kmpl,4.0,No,5 Seats,925 kg,165 mm,35 Litres,,
Renault KWID,₹2.90 Lakh,Feb 2017,"79,608 Kms",Second Owner,Petrol,Automatic,FWD,999 cc,67 bhp,24.04 kmpl,3.0,No,5 Seats,730 kg,180 mm,28 Litres,,
Hyundai Grand i10,₹5.25 Lakh,May 2020,"56,363 Kms",First Owner,Petrol,Automatic,FWD,1197 cc,81.86 bhp,18.9 kmpl,4.0,No,5 Seats,935 kg,165 mm,43 Litres,,
Hyundai Grand i10 Nios,₹6.75 Lakh,Feb 2023,"52,000 Kms",First Owner,Petrol,Automatic,,1197 cc,81.86 bhp,20.7 kmpl,4.0,No,5 Seats,1140 kg,,37 Litres,,
Renault KWID,₹3.60 Lakh,Jan 2020,"51,921 Kms",First Owner,Petrol,Manual,FWD,799 cc,53.3 bhp,25.17 kmpl,3.0,No,5 Seats,690 kg,180 mm,28 Litres,,
Hyundai i10,₹2.95 Lakh,Apr 2015,"73,875 Kms",First Owner,Petrol,Manual,FWD,1197 cc,78.9 bhp,20.36 kmpl,4.0,No,5 Seats,930 kg,165 mm,35 Litres,,
Maruti Suzuki Baleno,₹5.50 Lakh,Dec 2015,"70,276 Kms",First Owner,Petrol,Automatic,FWD,1197 cc,83.1 bhp,21.4 kmpl,4.0,No,5 Seats,910 kg,170 mm,37 Litres,,
Hyundai EON,₹2.30 Lakh,Jun 2014,"63,000 Kms",Second Owner,Petrol,Manual,FWD,814 cc,55.2 bhp,21.1 kmpl,3.0,No,5 Seats,910 kg,170 mm,32 Litres,,
Maruti Suzuki Wagon R,₹3.65 Lakh,Mar 2016,"70,000 Kms",First Owner,Petrol,Automatic,FWD,998 cc,67 bhp,20.51 kmpl,3.0,No,5 Seats,890 kg,165 mm,35 Litres,,
Maruti Suzuki Wagon R,₹4.94 Lakh,Sept 2023,"40,536 Kms",First Owner,Petrol,Automatic,FWD,998 cc,65.71 bhp,25.19 kmpl,3.0,,5 Seats,835 kg,,32 Litres,,
Maruti Suzuki Alto K10,₹3.30 Lakh,Aug 2023,"27,251 Kms",First Owner,Petrol,Manual,FWD,998 cc,65.71 bhp,24.39 kmpl,3.0,,5 Seats,,,27 Litres,,
Maruti Suzuki Celerio,₹4.30 Lakh,Dec 2018,"55,979 Kms",First Owner,Petrol,Automatic,FWD,998 cc,67.05 bhp,21.63 kmpl,3.0,No,5 Seats,850 kg,165 mm,35 Litres,,
Nissan Micra,₹3.06 Lakh,Dec 2013,"44,504 Kms",Second Owner,Petrol,Automatic,FWD,1198 cc,75.94 bhp,19.15 kmpl,3.0,No,5 Seats,1100 kg,154 mm,41 Litres,,
Renault KWID,₹2.65 Lakh,Nov 2016,"33,441 Kms",First Owner,Petrol,Manual,FWD,799 cc,53.26 bhp,22.3 kmpl,3.0,No,5 Seats,710 kg,184 mm,28 Litres,,
Hyundai Grand i10,₹4.30 Lakh,Nov 2017,"71,162 Kms",First Owner,Petrol,Manual,FWD,1197 cc,81.86 bhp,18.9 kmpl,4.0,No,5 Seats,1120 kg,165 mm,43 Litres,,
Toyota Glanza,₹7.75 Lakh,Dec 2022,"10,600 Kms",First Owner,Petrol,Manual,,1197 cc,88.50 bhp,22.35 kmpl,4.0,,5 Seats,920-955 kg,,37 Litres,,
Nissan Micra Active,₹3.85 Lakh,Jul 2018,"30,000 Kms",First Owner,Petrol,Manual,FWD,1198 cc,67.04 bhp,18.97 kmpl,3.0,No,5 Seats,1055 kg,154 mm,41 Litres,,
Tata Tiago,₹5.50 Lakh,Dec 2020,"68,000 Kms",First Owner,Petrol,Manual,FWD,1199 cc,83.83 bhp,23.84 kmpl,3.0,No,5 Seats,1012 kg,170 mm,35 Litres,,
Tata Tiago,₹5.50 Lakh,Apr 2023,"21,385 Kms",First Owner,Petrol,Manual,,1199 cc,84.82 bhp,19.01 kmpl,3.0,,5 Seats,982 kg,170 mm,35 Litres,,
Maruti Suzuki Alto 800,₹3.45 Lakh,May 2018,"27,000 Kms",First Owner,Petrol,Manual,FWD,796 cc,47.3 bhp,24.7 kmpl,3.0,No,5 Seats,725 kg,160 mm,35 Litres,,
Hyundai Grand i10,₹2.95 Lakh,Jan 2014,"94,646 Kms",First Owner,Diesel,Manual,FWD,1186 cc,73.97 bhp,24 kmpl,3.0,No,5 Seats,1100 kg,165 mm,,43 Litres,
Maruti Suzuki Wagon R,₹3.70 Lakh,Mar 2016,"59,636 Kms",First Owner,Petrol,Manual,FWD,998 cc,67.04 bhp,20.51 kmpl,3.0,No,5 Seats,885 kg,165 mm,35 Litres,,
Renault KWID,₹3.95 Lakh,Aug 2022,"11,051 Kms",First Owner,Petrol,Manual,,799 cc,53.26 bhp,22.25 kmpl,3.0,,5 Seats,690 kg,184 mm,28 Litres,,
Volkswagen Polo,₹3.92 Lakh,Jan 2016,"1,03,164 Kms",Second Owner,Petrol,Manual,FWD,1198 cc,73.9 bhp,16.47 kmpl,3.0,No,5 Seats,1030 kg,168 mm,45 Litres,,
Volkswagen Polo,₹6.25 Lakh,Jul 2018,"55,000 Kms",First Owner,Petrol,Manual,FWD,999 cc,75 bhp,18.78 kmpl,3.0,No,5 Seats,1030 kg,165 mm,45 Litres,,
Hyundai Grand i10,₹3.75 Lakh,Oct 2013,"92,000 Kms",First Owner,Petrol,Manual,FWD,1197 cc,82 bhp,18.9 kmpl,4.0,No,5 Seats,935 kg,165 mm,43 Litres,,
Renault KWID,₹5.65 Lakh,Jun 2024,"11,930 Kms",First Owner,Petrol,Automatic,FWD,999 cc,67.06 bhp,22.3 kmpl,3.0,,5 Seats,,184 mm,28 Litres,,
Maruti Suzuki Wagon R,₹3.10 Lakh,Oct 2014,"91,015 Kms",First Owner,Petrol,Manual,FWD,998 cc,67.05 bhp,21.79 kmpl,3.0,No,5 Seats,805-825 kg,,32 Litres,,
Volkswagen Polo,₹5.25 Lakh,Jan 2018,"59,000 Kms",First Owner,Petrol,Manual,FWD,1199 cc,74 bhp,16.2 kmpl,3.0,No,5 Seats,1030 kg,165 mm,45 Litres,,
Hyundai Santro,₹1.65 Lakh,Jul 2006,"37,528 Kms",Second Owner,Petrol,Manual,,1086 cc,,,4.0,,5 Seats,,,35 Litres,,
Ford Figo,₹3.85 Lakh,Feb 2016,"49,000 Kms",Second Owner,Petrol,Automatic,FWD,1499 cc,110.4 bhp,17.01 kmpl,4.0,No,5 Seats,1040-1130 kg,174 mm,42 Litres,,
Honda Jazz,₹4.86 Lakh,Oct 2017,"53,495 Kms",First Owner,Petrol,Manual,,1199 cc,88.50 bhp,17.1 kmpl,4.0,,5 Seats,1044 kg,,40 Litres,,
Volkswagen Polo,₹5.45 Lakh,Oct 2016,"47,000 Kms",First Owner,Petrol,Manual,FWD,1199 cc,74 bhp,16.2 kmpl,3.0,No,5 Seats,1044 kg,165 mm,45 Litres,,
Maruti Suzuki Alto K10,₹3.47 Lakh,Oct 2018,"43,080 Kms",First Owner,Petrol,Manual,FWD,998 cc,67.05 bhp,23.95 kmpl,3.0,No,5 Seats,779 kg,160 mm,35 Litres,,
Honda Jazz,₹5.18 Lakh,Apr 2019,"63,130 Kms",First Owner,Petrol,Automatic,FWD,1199 cc,88.7 bhp,18.2 kmpl,4.0,No,5 Seats,1066 kg,165 mm,40 Litres,,
Honda Brio,₹3.10 Lakh,May 2014,"59,000 Kms",Second Owner,Petrol,Manual,FWD,1198 cc,86.8 bhp,19.4 kmpl,4.0,No,5 Seats,925 kg,165 mm,35 Litres,,
Renault KWID,₹4.05 Lakh,Apr 2022,"18,072 Kms",First Owner,Petrol,Automatic,,999 cc,67.06 bhp,22.3 kmpl,3.0,,5 Seats,699 kg,184 mm,28 Litres,,
Tata Tiago,₹3.69 Lakh,Aug 2019,"23,621 Kms",First Owner,Petrol,Manual,FWD,1199 cc,83.83 bhp,23.84 kmpl,3.0,No,5 Seats,970 kg,165 mm,35 Litres,,
Maruti Suzuki Alto K10,₹2.85 Lakh,Mar 2015,"67,278 Kms",First Owner,Petrol,Automatic,FWD,998 cc,67.05 bhp,23.95 kmpl,3.0,No,5 Seats,784 kg,160 mm,35 Litres,,
Honda Brio,₹3.81 Lakh,Oct 2016,"1,06,222 Kms",First Owner,Petrol,Manual,FWD,1198 cc,86.8 bhp,19.4 kmpl,4.0,No,5 Seats,925 kg,165 mm,35 Litres,,
Volkswagen Polo,₹4.97 Lakh,Oct 2018,"89,664 Kms",First Owner,Petrol,Manual,FWD,999 cc,75 bhp,18.78 kmpl,3.0,No,5 Seats,1044 kg,165 mm,45 Litres,,
Hyundai Grand i10,₹4.85 Lakh,Oct 2018,"61,000 Kms",Second Owner,Diesel,Manual,FWD,1186 cc,73.97 bhp,24 kmpl,3.0,No,5 Seats,1100 kg,165 mm,,43 Litres,
Datsun RediGO,₹2.66 Lakh,Mar 2017,"23,102 Kms",First Owner,Petrol,Manual,2WD,799 cc,53.64 bhp,22.7 kmpl,3.0,No,5 Seats,730 kg,,28 Litres,,
Hyundai Getz,₹2.25 Lakh,Oct 2007,"90,000 Kms",First Owner,Petrol,Manual,,1086 cc,,15 kmpl,4.0,No,5 Seats,995 kg,160 mm,45 Litres,,
Maruti Suzuki Swift Dzire,₹6.50 Lakh,Oct 2020,"35,000 Kms",Second Owner,Petrol,Manual,FWD,1197 cc,81.80 bhp,21.21 kmpl,4.0,No,5 Seats,860-895 kg,163 mm,37 Litres,,
Tata Tiago JTP,₹4.90 Lakh,May 2019,"42,000 Kms",First Owner,Petrol,Manual,FWD,1199 cc,112.44 bhp,23.84 kmpl,3.0,No,5 Seats,1016 kg,166 mm,35 Litres,,
Maruti Suzuki Alto 800,₹2.10 Lakh,May 2013,"52,475 Kms",First Owner,Petrol,Manual,FWD,796 cc,47.3 bhp,22.74 kmpl,3.0,No,5 Seats,720 kg,160 mm,35 Litres,,
ZXI Plus,₹5 Lakh,2018,"1,00,000 Kms",Second Owner,Petrol,Manual,FWD,1197 cc,81.80 bhp,21.21 kmpl,4.0,No,5 Seats,855-885 kg,163 mm,37 Litres,,
Datsun RediGO,₹2.30 Lakh,Jan 2020,"60,557 Kms",First Owner,Petrol,Manual,2WD,999 cc,67 bhp,22.5 kmpl,3.0,No,5 Seats,730 kg,,28 Litres,,
Ford Freestyle,₹4.19 Lakh,Jul 2018,"25,000 Kms",First Owner,Petrol,Manual,FWD,1194 cc,94.68 bhp,19 kmpl,3.0,No,5 Seats,1026 kg,,42 Litres,,
Renault KWID,₹3.91 Lakh,Jan 2023,"20,070 Kms",First Owner,Petrol,Automatic,,999 cc,67.06 bhp,22.3 kmpl,3.0,,5 Seats,719 kg,184 mm,28 Litres,,
Volkswagen Polo,₹7.50 Lakh,Oct 2018,"54,000 Kms",First Owner,Petrol,Automatic,FWD,1197 cc,103.5 bhp,17.21 kmpl,4.0,Yes,5 Seats,1109 kg,165 mm,45 Litres,,
Ford Figo,₹3.25 Lakh,May 2016,"63,000 Kms",First Owner,Petrol,Manual,FWD,1196 cc,86.8 bhp,18.16 kmpl,4.0,No,5 Seats,1040-1130 kg,174 mm,42 Litres,,
Honda Jazz,₹3.35 Lakh,Aug 2015,"97,739 Kms",Second Owner,Diesel,Manual,FWD,1498 cc,98.6 bhp,27.3 kmpl,4.0,Yes,5 Seats,1155 kg,165 mm,,40 Litres,
Maruti Suzuki Ignis,₹4.70 Lakh,Dec 2017,"45,460 Kms",First Owner,Petrol,Automatic,FWD,1197 cc,81.80 bhp,20.89 kmpl,4.0,No,5 Seats,855 kg,180 mm,32 Litres,,
Maruti Suzuki Wagon R,₹4.35 Lakh,Jul 2017,"54,000 Kms",First Owner,Petrol,Automatic,FWD,998 cc,67 bhp,20.51 kmpl,3.0,No,5 Seats,895 kg,165 mm,35 Litres,,
Hyundai Grand i10,₹3.49 Lakh,May 2014,"46,133 Kms",Third Owner,Petrol,Automatic,FWD,1197 cc,81.86 bhp,18.9 kmpl,4.0,No,5 Seats,1200 kg,165 mm,43 Litres,,
Tata Tiago,₹3.75 Lakh,Jan 2019,"96,210 Kms",First Owner,Petrol,Manual,FWD,1199 cc,83.83 bhp,23.84 kmpl,3.0,No,5 Seats,990 kg,170 mm,35 Litres,,
Tata Tiago,₹6.20 Lakh,May 2022,"24,575 Kms",First Owner,CNG,Manual,FWD,1199 cc,74.46 bhp,26.49 km/kg,3.0,,5 Seats,,168 mm,,,60 Litres
Tata Altroz,₹6.40 Lakh,Nov 2020,"44,900 Kms",First Owner,Diesel,Manual,,1497 cc,88.77 bhp,23.64 kmpl,4.0,Yes,5 Seats,1105 kg,165 mm,,37 Litres,
Tata Tiago,₹5.40 Lakh,Nov 2021,"20,000 Kms",First Owner,Petrol,Automatic,,1199 cc,84.82 bhp,20.09 kmpl,3.0,,5 Seats,1150 kg,170 mm,35 Litres,,
Maruti Suzuki Ritz,₹2.10 Lakh,Jan 2011,"46,032 Kms",First Owner,Diesel,Manual,FWD,1248 cc,73.9 bhp,21.1 kmpl,4.0,No,5 Seats,1100 kg,170 mm,,43 Litres,
Tata Tiago NRG,₹4.70 Lakh,May 2022,"39,864 Kms",First Owner,Petrol,Automatic,FWD,1199 cc,84.48 bhp,20.09 kmpl,3.0,,5 Seats,1015 kg,181 mm,35 Litres,,
Hyundai i20 Active,₹3.60 Lakh,Aug 2016,"1,09,265 Kms",Third Owner,Petrol,Manual,FWD,1197 cc,81.86 bhp,17.19 kmpl,4.0,No,5 Seats,1020 kg,190 mm,45 Litres,,
Honda Brio,₹3.45 Lakh,Apr 2016,"60,323 Kms",First Owner,Petrol,Manual,FWD,1198 cc,86.8 bhp,19.4 kmpl,4.0,No,5 Seats,925 kg,165 mm,35 Litres,,
Renault KWID,₹4.25 Lakh,Sept 2020,"40,027 Kms",First Owner,Petrol,Manual,FWD,999 cc,67 bhp,21.74 kmpl,3.0,No,5 Seats,730 kg,184 mm,28 Litres,,
Honda Jazz,₹4.95 Lakh,Apr 2018,"37,917 Kms",First Owner,Petrol,Automatic,FWD,1199 cc,88.7 bhp,18.2 kmpl,4.0,No,5 Seats,1064 kg,165 mm,40 Litres,,
Ford Freestyle,₹3.79 Lakh,Sept 2018,"88,346 Kms",Third Owner,Petrol,Manual,FWD,1194 cc,94.68 bhp,19 kmpl,3.0,No,5 Seats,1036 kg,,42 Litres,,
Maruti Suzuki Baleno,₹8.40 Lakh,Jan 2025,"10,000 Kms",Second Owner,Petrol,Automatic,FWD,1197 cc,88.50 bhp,22.94 kmpl,4.0,No,5 Seats,940-960 kg,,37 Litres,,
Honda Jazz,₹4.45 Lakh,Sept 2015,"82,452 Kms",First Owner,Diesel,Manual,FWD,1498 cc,98.6 bhp,27.3 kmpl,4.0,Yes,5 Seats,1145 kg,165 mm,,40 Litres,
Tata Altroz,₹8.45 Lakh,Jan 2024,"39,161 Kms",First Owner,Petrol,Manual,,1199 cc,86.83 bhp,19.33 kmpl,3.0,No,5 Seats,1030 kg,165 mm,,,
Volkswagen Polo,₹4.85 Lakh,Sept 2019,"71,195 Kms",Second Owner,Petrol,Manual,FWD,999 cc,75 bhp,18.78 kmpl,3.0,No,5 Seats,1015 kg,165 mm,45 Litres,,
Tata Altroz,₹4.74 Lakh,Aug 2020,"86,809 Kms",First Owner,Diesel,Manual,,1497 cc,88.77 bhp,23.64 kmpl,4.0,Yes,5 Seats,1105 kg,165 mm,,37 Litres,
Hyundai Santro Xing,₹1.95 Lakh,Aug 2013,"36,000 Kms",Second Owner,Petrol,Manual,FWD,1086 cc,62.1 bhp,17.92 kmpl,3.0,No,5 Seats,825 kg,,35 Litres,,
Maruti Suzuki Baleno,₹9.09 Lakh,Mar 2024,"6,785 Kms",First Owner,Petrol,Automatic,FWD,1197 cc,88.50 bhp,22.94 kmpl,4.0,No,5 Seats,940-960 kg,,37 Litres,,
Tata Tiago,₹3.93 Lakh,Mar 2019,"72,097 Kms",First Owner,Petrol,Automatic,FWD,1199 cc,83.83 bhp,23.84 kmpl,3.0,No,5 Seats,980 kg,170 mm,35 Litres,,
Tata Tiago,₹3.72 Lakh,Feb 2019,"61,954 Kms",First Owner,Petrol,Automatic,FWD,1199 cc,84 bhp,23.84 kmpl,3.0,No,5 Seats,980 kg,170 mm,35 Litres,,
Hyundai EON,₹2.10 Lakh,Jul 2014,"1,10,000 Kms",Third Owner,Petrol,Manual,FWD,814 cc,55.2 bhp,21.1 kmpl,3.0,No,5 Seats,860 kg,170 mm,32 Litres,,
Volkswagen Polo,₹4.70 Lakh,Jun 2018,"70,393 Kms",First Owner,Petrol,Manual,FWD,999 cc,75 bhp,18.78 kmpl,3.0,No,5 Seats,1015 kg,165 mm,45 Litres,,
Skoda Rapid,₹4.10 Lakh,Aug 2013,"82,000 Kms",First Owner,Diesel,Manual,FWD,1598 cc,103.5 bhp,20.5 kmpl,4.0,Yes,5 Seats,1205 kg,168 mm,,55 Litres,
Nissan Micra,₹2.75 Lakh,May 2013,"1,05,114 Kms",First Owner,Diesel,Manual,Two Whhel Drive,1461 cc,63.1 bhp,23.08 kmpl,4.0,No,5 Seats,1008 kg,,,41 Litres,
Maruti Suzuki Ciaz,₹6.34 Lakh,Nov 2021,"84,151 Kms",First Owner,Petrol,Manual,FWD,1462 cc,103.25 bhp,20.65 kmpl,4.0,,5 Seats,1120 kg,,43 Litres,,
Hyundai i20 N-Line,₹8.79 Lakh,Nov 2023,"32,436 Kms",First Owner,Petrol,Automatic,,998 cc,118.41 bhp,20.25 kmpl,3.0,Yes,5 Seats,1210 kg,,37 Litres,,
Maruti Suzuki Swift Dzire,₹3.72 Lakh,Oct 2014,"35,152 Kms",Second Owner,Petrol,Manual,FWD,1197 cc,88.50 bhp,22.41 kmpl,4.0,No,5 Seats,880-915 kg,,37 Litres,,
Maruti Suzuki Swift Dzire,₹4.46 Lakh,Sept 2017,"88,465 Kms",Second Owner,Petrol,Manual,FWD,1197 cc,81.80 bhp,21.21 kmpl,4.0,No,5 Seats,860-895 kg,163 mm,37 Litres,,
Nissan Micra,₹2.25 Lakh,Dec 2011,"93,000 Kms",First Owner,Diesel,Manual,Two Whhel Drive,1461 cc,63.1 bhp,23.08 kmpl,4.0,No,5 Seats,1008 kg,,,41 Litres,
Volkswagen Polo,₹3.15 Lakh,Apr 2012,"91,489 Kms",Second Owner,Diesel,Manual,FWD,1199 cc,73.9 bhp,22.07 kmpl,3.0,No,5 Seats,1125 kg,168 mm,,45 Litres,
Toyota Etios Liva,₹3.60 Lakh,Dec 2012,"1,12,708 Kms",Second Owner,Diesel,Manual,,1364 cc,,23.59 kmpl,4.0,,5 Seats,895 kg,,,45 Litres,
Honda Jazz,₹4.15 Lakh,Nov 2015,"78,340 Kms",First Owner,Petrol,Automatic,FWD,1199 cc,88.7 bhp,18.2 kmpl,4.0,No,5 Seats,1064 kg,165 mm,40 Litres,,
Datsun RediGO,₹2.80 Lakh,Dec 2017,"80,000 Kms",First Owner,Petrol,Manual,2WD,999 cc,67 bhp,22.5 kmpl,3.0,No,5 Seats,750 kg,,28 Litres,,
Maruti Suzuki Zen,₹1.40 Lakh,Jul 2005,"56,362 Kms",First Owner,Petrol,Manual,,993 cc,,17.3 kmpl,4.0,No,5 Seats,765 kg,165 mm,35 Litres,,
Volkswagen Polo,₹4.75 Lakh,Aug 2017,"96,837 Kms",First Owner,Petrol,Automatic,FWD,1197 cc,103.5 bhp,17.21 kmpl,4.0,Yes,5 Seats,1109 kg,165 mm,45 Litres,,
Maruti Suzuki Swift Dzire,₹5.75 Lakh,Nov 2019,"28,000 Kms",Second Owner,Petrol,Manual,FWD,1197 cc,81.80 bhp,21.21 kmpl,4.0,No,5 Seats,860-895 kg,163 mm,37 Litres,,
Maruti Suzuki Alto 800,₹1.60 Lakh,Feb 2010,"96,164 Kms",Second Owner,Petrol,Manual,FWD,796 cc,46.3 bhp,19.7 kmpl,3.0,No,5 Seats,705 kg,160 mm,35 Litres,,
Honda Brio,₹3.75 Lakh,Sept 2012,"45,000 Kms",First Owner,Petrol,Manual,FWD,1198 cc,86.8 bhp,19.4 kmpl,4.0,No,5 Seats,925 kg,165 mm,35 Litres,,
Honda Brio,₹3.40 Lakh,Jul 2025,"49,000 Kms",First Owner,Petrol,Manual,FWD,1198 cc,86.8 bhp,19.4 kmpl,4.0,No,5 Seats,925 kg,165 mm,35 Litres,,
Renault Triber,₹5.15 Lakh,Jun 2021,"33,309 Kms",Second Owner,Petrol,Manual,FWD,999 cc,71.01 bhp,20 kmpl,3.0,,7 Seats,,182 mm,40 Litres,,
Maruti Suzuki Baleno,₹8.80 Lakh,Jul 2024,"5,000 Kms",First Owner,Petrol,Automatic,FWD,1197 cc,88.50 bhp,22.94 kmpl,4.0,No,5 Seats,940-960 kg,,37 Litres,,
Hyundai Creta,₹7.46 Lakh,Aug 2019,"35,320 Kms",Second Owner,Petrol,Manual,FWD,1591 cc,121.3 bhp,15.8 kmpl,4.0,No,5 Seats,1320 kg,,55 Litres,,
Hyundai Santro Xing,₹1.75 Lakh,Nov 2007,"25,485 Kms",First Owner,Petrol,Manual,FWD,1086 cc,62.1 bhp,17.92 kmpl,3.0,No,5 Seats,825 kg,,35 Litres,,
Hyundai Aura,₹5.77 Lakh,Mar 2020,"34,109 Kms",First Owner,Petrol,Automatic,,1197 cc,81.86 bhp,20.1 kmpl,4.0,No,5 Seats,1110 kg,,,,
Maruti Suzuki Swift Dzire,₹5.35 Lakh,Nov 2021,"66,638 Kms",First Owner,Petrol,Manual,,1197 cc,88.50 bhp,22.41 kmpl,4.0,,5 Seats,880-915 kg,,37 Litres,,
Volkswagen Polo,₹3.25 Lakh,Sept 2011,"93,000 Kms",Second Owner,Diesel,Manual,FWD,1199 cc,73.9 bhp,22.07 kmpl,3.0,No,5 Seats,1125 kg,168 mm,,45 Litres,
Renault Triber,₹5.11 Lakh,Apr 2022,"40,073 Kms",Second Owner,Petrol,Manual,,999 cc,71.01 bhp,20 kmpl,3.0,,7 Seats,947 kg,182 mm,40 Litres,,
Maruti Suzuki S Cross,₹6.83 Lakh,Sept 2021,"1,14,301 Kms",First Owner,Petrol,Manual,FWD,1462 cc,103.25 bhp,18.55 kmpl,4.0,,5 Seats,1130-1170 kg,,48 Litres,,
Maruti Suzuki Swift Dzire,₹6.50 Lakh,Jan 2021,"53,210 Kms",First Owner,Petrol,Manual,FWD,1197 cc,81.80 bhp,21.21 kmpl,4.0,No,5 Seats,860-895 kg,163 mm,37 Litres,,
Maruti Suzuki Ciaz,₹5.85 Lakh,Dec 2016,"58,000 Kms",First Owner,Petrol,Manual,FWD,1373 cc,91.1 bhp,20.73 kmpl,4.0,No,5 Seats,1030 kg,170 mm,43 Litres,,
Maruti Suzuki S Cross,₹6.85 Lakh,Aug 2017,"69,544 Kms",First Owner,Petrol,Manual,FWD,1462 cc,103.25 bhp,18.55 kmpl,4.0,,5 Seats,1130-1170 kg,,48 Litres,,
Maruti Suzuki Swift Dzire,₹5.61 Lakh,Jan 2019,"36,687 Kms",First Owner,Petrol,Automatic,FWD,1197 cc,81.80 bhp,21.21 kmpl,4.0,No,5 Seats,860-895 kg,163 mm,37 Litres,,
Maruti Suzuki Swift Dzire,₹4.67 Lakh,Mar 2019,"72,871 Kms",Second Owner,Petrol,Manual,FWD,1197 cc,81.80 bhp,21.21 kmpl,4.0,No,5 Seats,860-895 kg,163 mm,37 Litres,,
Ford Figo,₹1.65 Lakh,May 2010,"90,499 Kms",Second Owner,Petrol,Manual,Front Wheel Drive,1196 cc,70 bhp,15.6 kmpl,4.0,No,5 Seats,1075 kg,168 mm,45 Litres,,
Tata Punch,₹6.50 Lakh,Feb 2022,"23,569 Kms",Second Owner,,Manual,FWD,1199 cc,86.63 bhp,20.09 kmpl,3.0,,5 Seats,,187 mm,37 Litres,,
Maruti Suzuki Vitara Brezza,₹6.95 Lakh,Jun 2022,"88,000 Kms",First Owner,Petrol,Manual,FWD,1462 cc,103.26 bhp,17.03 kmpl,4.0,,5 Seats,1110-1130 kg,,48 Litres,,
Hyundai Venue,₹7.75 Lakh,Nov 2021,"30,000 Kms",First Owner,Petrol,Manual,FWD,1197 cc,81.86 bhp,17.52 kmpl,4.0,No,5 Seats,1100 kg,,45 Litres,,
Maruti Suzuki Swift Dzire,₹3.90 Lakh,May 2015,"1,03,656 Kms",Second Owner,Petrol,Manual,FWD,1197 cc,83.14 bhp,20.85 kmpl,4.0,No,5 Seats,935 kg,170 mm,42 Litres,,
Maruti Suzuki Vitara Brezza,₹7.25 Lakh,Nov 2020,"69,350 Kms",First Owner,Petrol,Manual,FWD,1462 cc,103.26 bhp,17.03 kmpl,4.0,,5 Seats,1110-1130 kg,,48 Litres,,
Fiat Punto,₹2.75 Lakh,Jun 2013,"95,266 Kms",First Owner,Diesel,Manual,FWD,1248 cc,75 bhp,20.3 kmpl,4.0,Yes,5 Seats,1130 kg,185 mm,,45 Litres,
Fiat Punto Pure,₹2.55 Lakh,Sept 2015,"1,86,757 Kms",First Owner,Diesel,Manual,FWD,1248 cc,75 bhp,20.3 kmpl,4.0,Yes,5 Seats,1165 kg,185 mm,,45 Litres,
Volkswagen Polo,₹2.55 Lakh,Oct 2011,"67,000 Kms",First Owner,Diesel,Manual,FWD,1199 cc,73.9 bhp,22.07 kmpl,3.0,No,5 Seats,1125 kg,168 mm,,45 Litres,
Maruti Suzuki Swift Dzire,₹3.90 Lakh,Aug 2014,"39,932 Kms",First Owner,Petrol,Manual,FWD,1197 cc,88.50 bhp,22.41 kmpl,4.0,No,5 Seats,880-915 kg,,37 Litres,,
Hyundai Venue,₹7.90 Lakh,Oct 2021,"35,000 Kms",First Owner,Petrol,Manual,FWD,1197 cc,81.86 bhp,17.52 kmpl,4.0,No,5 Seats,1080 kg,,45 Litres,,
Maruti Suzuki Ciaz,₹6.95 Lakh,Dec 2019,"22,000 Kms",First Owner,Petrol,Manual,FWD,1462 cc,103.25 bhp,21.56 kmpl,4.0,No,5 Seats,1045 kg,170 mm,43 Litres,,
Hyundai Creta,₹6.10 Lakh,Oct 2016,"61,954 Kms",Second Owner,,Manual,FWD,1591 cc,121.3 bhp,15.29 kmpl,4.0,No,5 Seats,1300 kg,190 mm,55 Litres,,
Mahindra KUV 100 NXT,₹4.25 Lakh,Mar 2017,"44,886 Kms",First Owner,Diesel,Manual,FWD,1198 cc,77 bhp,25.32 kmpl,3.0,Yes,6 Seats,905 kg,170 mm,,35 Litres,
Maruti Suzuki S Cross,₹6.48 Lakh,Mar 2018,"1,12,930 Kms",First Owner,Petrol,Manual,FWD,1462 cc,103.25 bhp,18.55 kmpl,4.0,,5 Seats,1130-1170 kg,,48 Litres,,
Hyundai Venue,₹5.50 Lakh,Jun 2021,"98,506 Kms",First Owner,Petrol,Manual,FWD,1197 cc,81.86 bhp,17.52 kmpl,4.0,No,5 Seats,1080 kg,,45 Litres,,
Hyundai Venue,₹6.95 Lakh,Mar 2021,"48,542 Kms",First Owner,Petrol,Manual,FWD,1197 cc,81.86 bhp,17.52 kmpl,4.0,No,5 Seats,1100 kg,,45 Litres,,
Renault Kiger,₹5.45 Lakh,Apr 2021,"35,093 Kms",First Owner,Petrol,Manual,,999 cc,71.01 bhp,19.17 kmpl,3.0,,5 Seats,1012 kg,205 mm,40 Litres,,
Hyundai Verna,₹7.95 Lakh,Sept 2018,"84,000 Kms",First Owner,Petrol,Manual,FWD,1591 cc,121.3 bhp,17 kmpl,4.0,No,5 Seats,1248 kg,165 mm,45 Litres,,
Maruti Suzuki Vitara Brezza,₹7.25 Lakh,Sept 2020,"87,000 Kms",First Owner,Petrol,Manual,FWD,1462 cc,103.26 bhp,17.03 kmpl,4.0,,5 Seats,1110-1130 kg,,48 Litres,,
Maruti Suzuki S Cross,₹7.95 Lakh,Dec 2021,"49,000 Kms",First Owner,Petrol,Manual,FWD,1462 cc,103.25 bhp,18.55 kmpl,4.0,,5 Seats,1130-1170 kg,,48 Litres,,
Hyundai Xcent,₹4.50 Lakh,Apr 2016,"62,000 Kms",First Owner,Petrol,Manual,FWD,1197 cc,82 bhp,19.1 kmpl,4.0,No,5 Seats,1120 kg,165 mm,43 Litres,,
Hyundai Xcent,₹4.25 Lakh,Feb 2016,"60,000 Kms",First Owner,Petrol,Manual,FWD,1197 cc,82 bhp,19.1 kmpl,4.0,No,5 Seats,,165 mm,43 Litres,,
Maruti Suzuki Swift Dzire,₹4.24 Lakh,Jul 2017,"57,776 Kms",Second Owner,Petrol,Automatic,FWD,1197 cc,81.80 bhp,21.21 kmpl,4.0,No,5 Seats,860-895 kg,163 mm,37 Litres,,
Hyundai Venue,₹7.50 Lakh,Feb 2022,"16,200 Kms",First Owner,Petrol,Manual,FWD,1197 cc,81.86 bhp,17.52 kmpl,4.0,No,5 Seats,1100 kg,,45 Litres,,
Ford Figo,₹1.50 Lakh,Oct 2010,"1,12,588 Kms",Second Owner,Petrol,Manual,Front Wheel Drive,1196 cc,70 bhp,15.6 kmpl,4.0,No,5 Seats,1060 kg,168 mm,45 Litres,,
Renault Triber,₹5.81 Lakh,Feb 2022,"50,630 Kms",First Owner,Petrol,Manual,FWD,999 cc,71.01 bhp,20 kmpl,3.0,,7 Seats,,182 mm,40 Litres,,
Hyundai Verna,₹7 Lakh,Jan 2022,"1,07,000 Kms",First Owner,Petrol,Manual,,1497 cc,113.18 bhp,17.7 kmpl,4.0,No,5 Seats,1160 kg,,45 Litres,,
Hyundai Xcent,₹3.53 Lakh,Apr 2016,"92,812 Kms",First Owner,Petrol,Manual,FWD,1197 cc,82 bhp,19.1 kmpl,4.0,No,5 Seats,1120 kg,165 mm,43 Litres,,
Hyundai Venue,₹7.50 Lakh,Apr 2021,"56,093 Kms",First Owner,Petrol,Manual,FWD,998 cc,118.35 bhp,18 kmpl,3.0,Yes,5 Seats,1340 kg,,45 Litres,,
Maruti Suzuki SX4,₹2.20 Lakh,Jan 2013,"50,000 Kms",First Owner,Petrol,Manual,FWD,1586 cc,103.3 bhp,15.5 kmpl,4.0,No,5 Seats,1170 kg,170 mm,50 Litres,,
Hyundai Xcent,₹4.30 Lakh,Aug 2015,"56,495 Kms",First Owner,Petrol,Manual,FWD,1197 cc,82 bhp,19.1 kmpl,4.0,No,5 Seats,1100 kg,165 mm,43 Litres,,
Maruti Suzuki Ciaz,₹4.95 Lakh,Dec 2018,"1,40,421 Kms",Second Owner,Petrol,Manual,FWD,1462 cc,103.25 bhp,21.56 kmpl,4.0,No,5 Seats,1045 kg,170 mm,43 Litres,,
Hyundai Venue,₹6.75 Lakh,Jul 2022,"33,551 Kms",First Owner,Petrol,Manual,FWD,998 cc,118.35 bhp,18.27 kmpl,3.0,Yes,5 Seats,1340 kg,,45 Litres,,
Maruti Suzuki Swift Dzire,₹6.75 Lakh,Mar 2019,"55,098 Kms",First Owner,Diesel,Manual,FWD,1248 cc,74.02 bhp,28.4 kmpl,4.0,Yes,5 Seats,955-990 kg,163 mm,,37 Litres,
Maruti Suzuki SX4,₹2.75 Lakh,Mar 2011,"90,000 Kms",First Owner,Petrol,Manual,FWD,1586 cc,103.3 bhp,15.5 kmpl,4.0,No,5 Seats,1200 kg,180 mm,50 Litres,,
Renault Kiger,₹6.98 Lakh,Apr 2022,"91,959 Kms",First Owner,,Automatic,FWD,999 cc,98.63 bhp,18.24 kmpl,3.0,Yes,5 Seats,,205 mm,40 Litres,,
Hyundai Venue,₹7.45 Lakh,Sept 2019,"49,135 Kms",First Owner,Petrol,Manual,FWD,998 cc,118.35 bhp,18.27 kmpl,3.0,Yes,5 Seats,1340 kg,,45 Litres,,
Maruti Suzuki S Cross,₹5.10 Lakh,Jul 2015,"79,450 Kms",Second Owner,,Manual,FWD,1598 cc,118 bhp,22.7 kmpl,4.0,Yes,5 Seats,1250 kg,180 mm,,48 Litres,
Maruti Suzuki Vitara Brezza,₹6.50 Lakh,May 2016,"64,631 Kms",Second Owner,,Manual,FWD,1248 cc,88.5 bhp,24.3 kmpl,4.0,Yes,5 Seats,1200 kg,198 mm,,48 Litres,
Hyundai Creta,₹7.75 Lakh,Oct 2018,"82,000 Kms",First Owner,,Manual,FWD,1591 cc,121.3 bhp,13 kmpl,4.0,No,5 Seats,1280 kg,190 mm,55 Litres,,
Honda City,₹7 Lakh,Aug 2021,"17,187 Kms",Second Owner,Petrol,Manual,,1497 cc,117.60 bhp,17.4 kmpl,4.0,,5 Seats,1063 kg,,40 Litres,,
Hyundai Venue,₹7.50 Lakh,Jan 2022,"82,303 Kms",First Owner,Diesel,Manual,FWD,1493 cc,98.6 bhp,23.7 kmpl,4.0,Yes,5 Seats,1320 kg,,,45 Litres,
Maruti Suzuki Swift Dzire,₹4.25 Lakh,Aug 2015,"1,40,000 Kms",First Owner,Petrol,Manual,FWD,1197 cc,83.14 bhp,20.85 kmpl,4.0,No,5 Seats,965 kg,170 mm,42 Litres,,
Maruti Suzuki Swift Dzire,₹3.05 Lakh,Jul 2012,"1,34,538 Kms",First Owner,Petrol,Manual,FWD,1197 cc,85.8 bhp,19.1 kmpl,4.0,No,5 Seats,970 kg,170 mm,42 Litres,,
Maruti Suzuki Swift Dzire,₹4.70 Lakh,Aug 2015,"51,554 Kms",First Owner,Petrol,Manual,FWD,1197 cc,83.14 bhp,20.85 kmpl,4.0,No,5 Seats,965 kg,170 mm,42 Litres,,
Honda Amaze,₹3.12 Lakh,Jan 2016,"59,246 Kms",Second Owner,Petrol,Manual,FWD,1198 cc,86.7 bhp,18 kmpl,4.0,No,5 Seats,950 kg,165 mm,35 Litres,,
Chevrolet Beat,₹1.90 Lakh,Mar 2012,"86,000 Kms",Second Owner,Diesel,Manual,FWD,936 cc,57.6 bhp,25.44 kmpl,3.0,No,5 Seats,1010 kg,175 mm,,35 Litres,
Hyundai i20,₹7.44 Lakh,2022,"40,000 Kms",First Owner,Petrol,Automatic,,1197 cc,86.80 bhp,19.65 kmpl,4.0,No,5 Seats,1160 kg,,37 Litres,,
Maruti Suzuki Swift Dzire,₹6.75 Lakh,Mar 2019,"14,500 Kms",First Owner,Petrol,Automatic,FWD,1197 cc,81.80 bhp,21.21 kmpl,4.0,No,5 Seats,860-895 kg,163 mm,37 Litres,,
Renault Triber,₹6.80 Lakh,Oct 2023,"14,601 Kms",First Owner,Petrol,Manual,,999 cc,71.01 bhp,20 kmpl,3.0,,7 Seats,947 kg,182 mm,40 Litres,,
Maruti Suzuki Swift Dzire,₹4.45 Lakh,Aug 2014,"72,038 Kms",First Owner,Petrol,Manual,FWD,1197 cc,83.14 bhp,20.85 kmpl,4.0,No,5 Seats,965 kg,170 mm,42 Litres,,
Maruti Suzuki Swift Dzire,₹4.10 Lakh,Mar 2013,"47,987 Kms",First Owner,Petrol,Manual,FWD,1197 cc,85.8 bhp,19.1 kmpl,4.0,No,5 Seats,970 kg,170 mm,42 Litres,,
Hyundai Creta,₹7.75 Lakh,Jul 2017,"84,000 Kms",Second Owner,,Manual,FWD,1582 cc,126.2 bhp,19.67 kmpl,4.0,Yes,5 Seats,1280 kg,190 mm,,55 Litres,
Maruti Suzuki Swift Dzire,₹4.50 Lakh,Jun 2014,"19,321 Kms",First Owner,Petrol,Manual,FWD,1197 cc,85.8 bhp,19.1 kmpl,4.0,No,5 Seats,970 kg,170 mm,42 Litres,,
Volkswagen Ameo,₹3.18 Lakh,Jan 2018,"80,268 Kms",Second Owner,Petrol,Manual,FWD,1198 cc,73.75 bhp,17 kmpl,3.0,No,5 Seats,1044 kg,163 mm,45 Litres,,
Maruti Suzuki Swift Dzire,₹6.75 Lakh,May 2017,"82,000 Kms",First Owner,Diesel,Automatic,FWD,1248 cc,74.02 bhp,28.4 kmpl,4.0,Yes,5 Seats,955-990 kg,163 mm,,37 Litres,
Maruti Suzuki Vitara Brezza,₹6.20 Lakh,Jul 2016,"86,103 Kms",First Owner,,Manual,FWD,1248 cc,88.5 bhp,24.3 kmpl,4.0,Yes,5 Seats,1200 kg,198 mm,,48 Litres,
Hyundai Venue,₹6.90 Lakh,Jun 2020,"40,000 Kms",Second Owner,Petrol,Automatic,FWD,998 cc,118.35 bhp,18.15 kmpl,3.0,Yes,5 Seats,1440 kg,,45 Litres,,
Skoda Rapid,₹5.63 Lakh,Jan 2019,"36,544 Kms",First Owner,Petrol,Manual,FWD,1598 cc,103.2 bhp,15.41 kmpl,4.0,No,5 Seats,1121 kg,163 mm,55 Litres,,
Hyundai i10,₹2.35 Lakh,Aug 2011,"26,108 Kms",First Owner,Petrol,Manual,FWD,1086 cc,68.05 bhp,19.81 kmpl,4.0,No,5 Seats,860 kg,165 mm,35 Litres,,
Hyundai Creta,₹7.90 Lakh,Sept 2017,"58,000 Kms",First Owner,,Automatic,FWD,1591 cc,121.3 bhp,13 kmpl,4.0,No,5 Seats,1280 kg,190 mm,55 Litres,,
Maruti Suzuki Swift,₹4.25 Lakh,2014,"1,33,000 Kms",First Owner,Petrol,Manual,FWD,1197 cc,85.8 bhp,18.6 kmpl,4.0,No,5 Seats,990 kg,170 mm,42 Litres,,
Honda Amaze,₹2.63 Lakh,Apr 2014,"1,08,337 Kms",Second Owner,Petrol,Manual,FWD,1198 cc,86.7 bhp,18 kmpl,4.0,No,5 Seats,950 kg,165 mm,35 Litres,,
Maruti Suzuki Ciaz,₹7.65 Lakh,Jan 2019,"48,000 Kms",First Owner,Petrol,Automatic,FWD,1462 cc,103.25 bhp,20.28 kmpl,4.0,No,5 Seats,1105 kg,170 mm,43 Litres,,
Volkswagen Ameo,₹4.75 Lakh,Sept 2016,"53,000 Kms",Second Owner,Petrol,Manual,FWD,1198 cc,73.75 bhp,17 kmpl,3.0,No,5 Seats,1059 kg,163 mm,45 Litres,,
Honda Amaze,₹5.75 Lakh,Jul 2018,"71,512 Kms",First Owner,Petrol,Manual,FWD,1199 cc,88.76 bhp,19.5 kmpl,4.0,No,5 Seats,921 kg,170 mm,35 Litres,,
Nissan Magnite,₹5.90 Lakh,Feb 2021,"84,000 Kms",Second Owner,Petrol,Automatic,,999 cc,98.63 bhp,17.4 kmpl,3.0,Yes,5 Seats,1039 kg,205 mm,40 Litres,,
Mahindra KUV 100,₹2.95 Lakh,Jan 2017,"62,940 Kms",Second Owner,,Manual,FWD,1198 cc,82 bhp,18.15 kmpl,3.0,No,6 Seats,1195 kg,170 mm,35 Litres,,
Renault Kiger,₹7.83 Lakh,Mar 2023,"43,688 Kms",First Owner,,Automatic,FWD,999 cc,98.63 bhp,18.24 kmpl,3.0,Yes,5 Seats,,205 mm,40 Litres,,
Maruti Suzuki Swift Dzire,₹4.96 Lakh,Apr 2013,"38,552 Kms",First Owner,Diesel,Manual,FWD,1248 cc,74 bhp,26.59 kmpl,4.0,Yes,5 Seats,1070 kg,170 mm,,42 Litres,
Honda Amaze,₹5.45 Lakh,May 2018,"72,000 Kms",First Owner,Petrol,Manual,FWD,1199 cc,88.76 bhp,19.5 kmpl,4.0,No,5 Seats,921 kg,170 mm,35 Litres,,
Honda Amaze 2nd Gen,₹7.53 Lakh,Jan 2024,"11,772 Kms",First Owner,Petrol,Manual,FWD,1199 cc,88.50 bhp,18.6 kmpl,4.0,,5 Seats,934 kg,,35 Litres,,
Hyundai Aura,₹6.14 Lakh,Feb 2020,"54,263 Kms",First Owner,Diesel,Automatic,,1186 cc,73.97 bhp,25.4 kmpl,4.0,Yes,5 Seats,1150 kg,,,37 Litres,
Maruti Suzuki Vitara Brezza,₹6.49 Lakh,Sept 2018,"1,16,608 Kms",First Owner,,Manual,FWD,1248 cc,88.5 bhp,24.3 kmpl,4.0,Yes,5 Seats,1200 kg,198 mm,,48 Litres,
Maruti Suzuki Ciaz,₹4.88 Lakh,Aug 2017,"88,506 Kms",First Owner,Petrol,Automatic,FWD,1373 cc,91.1 bhp,19.12 kmpl,4.0,No,5 Seats,1010 kg,170 mm,43 Litres,,
Hyundai Xcent,₹4.07 Lakh,Sept 2015,"78,378 Kms",First Owner,Diesel,Manual,FWD,1120 cc,71 bhp,24.4 kmpl,3.0,Yes,5 Seats,1120 kg,165 mm,,43 Litres,
Hyundai Xcent,₹3.40 Lakh,Dec 2014,"95,642 Kms",First Owner,Diesel,Manual,FWD,1120 cc,71 bhp,24.4 kmpl,3.0,Yes,5 Seats,1120 kg,165 mm,,43 Litres,
Hyundai Grand i10,₹3.50 Lakh,2015,"30,000 Kms",Third Owner,Petrol,Manual,FWD,1197 cc,82 bhp,18.9 kmpl,4.0,No,5 Seats,935 kg,165 mm,43 Litres,,
Hyundai Grand i10,₹2.70 Lakh,2014,"90,000 Kms",Second Owner,Petrol,Manual,FWD,1197 cc,82 bhp,18.9 kmpl,4.0,No,5 Seats,935 kg,165 mm,43 Litres,,
Honda City,₹5.35 Lakh,Jan 2016,"93,582 Kms",Second Owner,Petrol,Manual,FWD,1497 cc,117.3 bhp,17.8 kmpl,4.0,No,5 Seats,1029 kg,165 mm,40 Litres,,
Hyundai Verna,₹5.80 Lakh,Feb 2016,"70,000 Kms",First Owner,Diesel,Manual,FWD,1582 cc,126.2 bhp,23.9 kmpl,4.0,Yes,5 Seats,1230 kg,165 mm,,43 Litres,
Maruti Suzuki Ciaz,₹6.50 Lakh,Jul 2017,"70,000 Kms",Second Owner,Petrol,Automatic,FWD,1462 cc,103.25 bhp,20.28 kmpl,4.0,No,5 Seats,1105 kg,170 mm,43 Litres,,
Maruti Suzuki Swift Dzire,₹4.65 Lakh,May 2018,"59,152 Kms",First Owner,Petrol,Automatic,FWD,1197 cc,81.80 bhp,21.21 kmpl,4.0,No,5 Seats,860-895 kg,163 mm,37 Litres,,
Hyundai Creta,₹7.75 Lakh,Oct 2018,"82,000 Kms",First Owner,Petrol,Automatic,FWD,1591 cc,121.3 bhp,14.8 kmpl,4.0,No,5 Seats,1300 kg,,55 Litres,,
Hyundai Venue,₹7.42 Lakh,Jul 2020,"1,20,315 Kms",First Owner,Diesel,Manual,FWD,1498 cc,98.6 bhp,23.7 kmpl,4.0,Yes,5 Seats,1360 kg,,,45 Litres,
Hyundai Creta,₹7.96 Lakh,Aug 2019,"50,768 Kms",First Owner,Petrol,Automatic,FWD,1591 cc,121.3 bhp,14.8 kmpl,4.0,No,5 Seats,1300 kg,,55 Litres,,
Hyundai i10,₹2.60 Lakh,2010,"1,60,000 Kms",Second Owner,Petrol,Manual,FWD,1197 cc,78.9 bhp,20.36 kmpl,4.0,No,5 Seats,930 kg,165 mm,35 Litres,,
Honda Amaze,₹5.45 Lakh,Aug 2019,"75,332 Kms",First Owner,Petrol,Manual,FWD,1199 cc,88.76 bhp,18.6 kmpl,4.0,No,5 Seats,924 kg,,35 Litres,,
Honda City,₹6.95 Lakh,Feb 2018,"85,000 Kms",First Owner,Petrol,Manual,FWD,1497 cc,117.6 bhp,17.4 kmpl,4.0,No,5 Seats,1061 kg,165 mm,40 Litres,,
Maruti Suzuki Swift,₹2 Lakh,2008,"86,000 Kms",Second Owner,Petrol,Manual,,1298 cc,,16.1 kmpl,4.0,No,5 Seats,890 kg,170 mm,43 Litres,,
Hyundai Verna,₹6 Lakh,Mar 2015,"70,000 Kms",First Owner,Diesel,Manual,FWD,1582 cc,126.2 bhp,23.9 kmpl,4.0,Yes,5 Seats,1270 kg,165 mm,,43 Litres,
Chevrolet Beat,₹2.15 Lakh,Jul 2016,"1,34,000 Kms",Third Owner,Diesel,Manual,FWD,936 cc,56.3 bhp,25.44 kmpl,3.0,Yes,5 Seats,995 kg,175 mm,,35 Litres,
Honda Amaze,₹6.66 Lakh,Jan 2020,"61,179 Kms",First Owner,Diesel,Manual,FWD,1498 cc,98.63 bhp,24.7 kmpl,4.0,Yes,5 Seats,1029 kg,,,35 Litres,
Maruti Suzuki Dzire,₹7.99 Lakh,May 2025,"5,000 Kms",First Owner,Petrol,Automatic,FWD,1197 cc,80 bhp,25.71 kmpl,3.0,,5 Seats,920-960 kg,163 mm,37 Litres,,
Volkswagen Vento,₹6.15 Lakh,Apr 2019,"1,05,803 Kms",First Owner,Petrol,Manual,FWD,1598 cc,103.5 bhp,16.09 kmpl,4.0,No,5 Seats,1145 kg,163 mm,55 Litres,,
Tata Zest,₹3.07 Lakh,May 2016,"81,633 Kms",First Owner,Petrol,Manual,FWD,1193 cc,88.7 bhp,17.57 kmpl,4.0,Yes,5 Seats,1115 kg,170 mm,44 Litres,,
Honda Amaze,₹4.88 Lakh,Jun 2019,"69,546 Kms",Second Owner,Petrol,Automatic,FWD,1199 cc,88.76 bhp,19 kmpl,4.0,No,5 Seats,924 kg,170 mm,35 Litres,,
Maruti Suzuki Swift Dzire,₹3.60 Lakh,Mar 2013,"27,104 Kms",First Owner,Petrol,Manual,FWD,1197 cc,83.14 bhp,20.85 kmpl,4.0,No,5 Seats,945 kg,170 mm,42 Litres,,
Maruti Suzuki Swift,₹5.35 Lakh,2021,"10,000 Kms",First Owner,Petrol,Manual,FWD,1197 cc,81.80 bhp,21.21 kmpl,4.0,No,5 Seats,855-885 kg,163 mm,37 Litres,,
Honda WR-V,₹6.40 Lakh,Oct 2017,"66,000 Kms",First Owner,,Manual,FWD,1199 cc,88.7 bhp,17.5 kmpl,4.0,No,5 Seats,1104 kg,188 mm,40 Litres,,
Ford Ecosport,₹4.15 Lakh,Nov 2017,"38,115 Kms",Second Owner,,Manual,FWD,1499 cc,110.4 bhp,15.85 kmpl,4.0,No,5 Seats,1200 kg,200 mm,52 Litres,,
Maruti Suzuki S Cross,₹5.95 Lakh,Dec 2021,"85,598 Kms",First Owner,,Manual,FWD,1248 cc,88.5 bhp,23.65 kmpl,4.0,Yes,5 Seats,1215 kg,180 mm,,48 Litres,
Skoda Kushaq,₹7.73 Lakh,Aug 2022,"72,759 Kms",First Owner,,Manual,FWD,999 cc,113.98 bhp,19.2 kmpl,3.0,Yes,5 Seats,1195-1255 kg,188 mm,50 Litres,,
Honda Amaze,₹5 Lakh,Oct 2020,"57,789 Kms",Second Owner,Petrol,Manual,FWD,1199 cc,88.76 bhp,18.6 kmpl,4.0,No,5 Seats,924 kg,,35 Litres,,
Ford Ecosport,₹3.99 Lakh,Feb 2016,"82,030 Kms",Second Owner,,Manual,FWD,1499 cc,110.4 bhp,15.85 kmpl,4.0,No,5 Seats,1250 kg,200 mm,52 Litres,,
Maruti Suzuki Vitara Brezza,₹6.75 Lakh,Jul 2018,"86,544 Kms",First Owner,,Automatic,FWD,1248 cc,88.5 bhp,24.3 kmpl,4.0,Yes,5 Seats,1195 kg,198 mm,,48 Litres,
Honda Amaze,₹7.80 Lakh,Feb 2022,"52,579 Kms",First Owner,Diesel,Manual,FWD,1498 cc,98.6 bhp,25.8 kmpl,4.0,Yes,5 Seats,1065 kg,165 mm,,35 Litres,
Renault Triber,₹4.90 Lakh,Dec 2019,"84,790 Kms",First Owner,Petrol,Manual,FWD,999 cc,72 bhp,20 kmpl,3.0,No,7 Seats,947 kg,182 mm,40 Litres,,
Maruti Suzuki Celerio,₹3.25 Lakh,2014,"1,20,000 Kms",First Owner,Petrol,Manual,FWD,998 cc,67.04 bhp,23.1 kmpl,3.0,No,5 Seats,835 kg,120 mm,35 Litres,,
Renault Triber,₹5.50 Lakh,Oct 2020,"23,000 Kms",First Owner,Petrol,Manual,FWD,999 cc,72 bhp,20 kmpl,3.0,No,7 Seats,947 kg,182 mm,40 Litres,,
Renault Triber,₹4.75 Lakh,Oct 2022,"1,22,368 Kms",First Owner,Petrol,Manual,,999 cc,71.01 bhp,20 kmpl,3.0,,7 Seats,947 kg,182 mm,40 Litres,,
Tata Tigor,₹5.24 Lakh,May 2022,"1,28,878 Kms",First Owner,CNG,Manual,,1199 cc,72.40 bhp,26.49 km/kg,3.0,,5 Seats,1030 kg,,,,60 Litres
Hyundai i20,₹4 Lakh,2014,"1,05,000 Kms",Third Owner,Petrol,Manual,FWD,1197 cc,81.83 bhp,18.6 kmpl,4.0,No,5 Seats,1066 kg,170 mm,45 Litres,,
Maruti Suzuki Swift Dzire,₹3.42 Lakh,Aug 2013,"1,01,362 Kms",First Owner,Diesel,Manual,FWD,1248 cc,74 bhp,23.4 kmpl,4.0,Yes,5 Seats,1060 kg,170 mm,,42 Litres,
Honda Amaze,₹6.50 Lakh,Aug 2019,"80,000 Kms",First Owner,Petrol,Automatic,FWD,1199 cc,88.76 bhp,19 kmpl,4.0,No,5 Seats,945 kg,170 mm,35 Litres,,
Honda Amaze 2nd Gen,₹4.30 Lakh,Sept 2017,"31,408 Kms",First Owner,Petrol,Manual,FWD,1199 cc,88.50 bhp,18.6 kmpl,4.0,,5 Seats,920 kg,,35 Litres,,
Hyundai i10,₹3 Lakh,2012,"40,000 Kms",First Owner,Petrol,Manual,FWD,1086 cc,68.05 bhp,19.81 kmpl,4.0,No,5 Seats,860 kg,165 mm,35 Litres,,
Honda Amaze,₹3.81 Lakh,Jan 2014,"82,563 Kms",First Owner,Petrol,Manual,FWD,1198 cc,86.7 bhp,17.8 kmpl,4.0,No,5 Seats,955 kg,165 mm,35 Litres,,
Maruti Suzuki Swift Dzire,₹4.48 Lakh,May 2013,"1,04,093 Kms",First Owner,Diesel,Manual,FWD,1248 cc,74 bhp,26.59 kmpl,4.0,Yes,5 Seats,1070 kg,170 mm,,42 Litres,
Honda Amaze,₹3.45 Lakh,May 2015,"88,117 Kms",First Owner,Petrol,Manual,FWD,1199 cc,88.76 bhp,18.6 kmpl,4.0,No,5 Seats,917 kg,,35 Litres,,
Honda Amaze,₹5.09 Lakh,May 2017,"52,935 Kms",First Owner,Petrol,Automatic,FWD,1199 cc,88.7 bhp,18.1 kmpl,4.0,No,5 Seats,985 kg,165 mm,35 Litres,,
Renault Scala,₹2.99 Lakh,Jul 2013,"1,18,880 Kms",Second Owner,Diesel,Manual,FWD,1461 cc,84.8 bhp,21.64 kmpl,4.0,Yes,5 Seats,1080 kg,161 mm,,41 Litres,
Honda Amaze,₹4.62 Lakh,Mar 2019,"83,317 Kms",First Owner,Petrol,Automatic,FWD,1199 cc,88.76 bhp,19 kmpl,4.0,No,5 Seats,942 kg,170 mm,35 Litres,,
Hyundai Aura,₹7.78 Lakh,Aug 2024,"7,956 Kms",First Owner,Diesel,Automatic,,1186 cc,73.97 bhp,25.4 kmpl,4.0,Yes,5 Seats,1150 kg,,,37 Litres,
Volkswagen Ameo,₹5.90 Lakh,Jul 2017,"69,887 Kms",First Owner,Diesel,Manual,FWD,1498 cc,108.62 bhp,21.66 kmpl,4.0,Yes,5 Seats,1153 kg,165 mm,,45 Litres,
Honda Amaze,₹3.02 Lakh,Jul 2015,"1,22,108 Kms",Second Owner,Diesel,Manual,FWD,1498 cc,98.6 bhp,25.8 kmpl,4.0,Yes,5 Seats,1055 kg,165 mm,,35 Litres,
Honda Amaze,₹3.28 Lakh,Mar 2016,"85,826 Kms",First Owner,Petrol,Automatic,FWD,1198 cc,86.7 bhp,15.5 kmpl,4.0,No,5 Seats,990 kg,165 mm,35 Litres,,
Honda Amaze,₹3.23 Lakh,Sept 2015,"61,235 Kms",First Owner,Petrol,Manual,FWD,1198 cc,86.7 bhp,18 kmpl,4.0,No,5 Seats,950 kg,165 mm,35 Litres,,
Mini 3 DOOR,₹37.50 Lakh,Jan 2019,"17,000 Kms",First Owner,Petrol,Automatic,2WD,1998 cc,189.08 bhp,17.33 kmpl,4.0,Yes,4 Seats,1250 kg,146 mm,44 Litres,,
Mini 3 DOOR,₹37 Lakh,Nov 2019,"17,000 Kms",First Owner,Petrol,Automatic,2WD,1998 cc,189.08 bhp,17.33 kmpl,4.0,Yes,4 Seats,1250 kg,146 mm,44 Litres,,
Hyundai Verna,₹3.99 Lakh,Mar 2012,"80,000 Kms",First Owner,Petrol,Manual,FWD,1591 cc,121.3 bhp,17.01 kmpl,4.0,No,5 Seats,1260 kg,165 mm,43 Litres,,
Volkswagen Vento,₹3.99 Lakh,Oct 2010,"39,600 Kms",First Owner,Petrol,Manual,FWD,1598 cc,103.6 bhp,15.04 kmpl,4.0,No,5 Seats,1121 kg,168 mm,55 Litres,,
Honda Amaze,₹5.25 Lakh,Dec 2018,"44,173 Kms",First Owner,Petrol,Automatic,FWD,1199 cc,88.76 bhp,18.3 kmpl,4.0,No,5 Seats,945 kg,,35 Litres,,
Hyundai Creta,₹9.11 Lakh,Apr 2023,"32,965 Kms",Second Owner,Petrol,Manual,2WD,1497 cc,113.18 bhp,17 kmpl,4.0,No,5 Seats,1360 kg,,50 Litres,,
Honda BR-V,₹7.50 Lakh,Jul 2018,"67,126 Kms",First Owner,,Manual,FWD,1497 cc,117.3 bhp,15.4 kmpl,4.0,No,7 Seats,1225 kg,210 mm,42 Litres,,
Mini 3 DOOR,₹37 Lakh,Feb 2019,"17,000 Kms",First Owner,Petrol,Automatic,2WD,1998 cc,189.08 bhp,17.33 kmpl,4.0,Yes,4 Seats,1250 kg,146 mm,44 Litres,,
Ford Fiesta,₹2.10 Lakh,Sept 2012,"1,25,276 Kms",First Owner,Petrol,Manual,FWD,1596 cc,99.6 bhp,15.3 kmpl,4.0,No,5 Seats,1130 kg,168 mm,45 Litres,,
Honda Amaze,₹4.25 Lakh,Jan 2014,"40,000 Kms",First Owner,Petrol,Manual,FWD,1198 cc,86.7 bhp,18 kmpl,4.0,No,5 Seats,940 kg,165 mm,35 Litres,,
Volkswagen Vento,₹6.25 Lakh,Apr 2019,"1,35,000 Kms",First Owner,Petrol,Automatic,FWD,1197 cc,103.2 bhp,18.19 kmpl,4.0,Yes,5 Seats,1179 kg,163 mm,55 Litres,,
Volkswagen Vento,₹7 Lakh,Aug 2019,"1,10,000 Kms",First Owner,Petrol,Automatic,FWD,1197 cc,103.2 bhp,18.19 kmpl,4.0,Yes,5 Seats,1179 kg,163 mm,55 Litres,,
Volkswagen Ameo,₹3.75 Lakh,Jul 2018,"80,365 Kms",First Owner,Petrol,Manual,FWD,999 cc,75 bhp,19.44 kmpl,3.0,No,5 Seats,1039 kg,165 mm,45 Litres,,
Maruti Suzuki Swift Dzire,₹4.88 Lakh,Mar 2017,"1,14,077 Kms",First Owner,Diesel,Automatic,FWD,1248 cc,74 bhp,26.59 kmpl,4.0,Yes,5 Seats,1070 kg,170 mm,,42 Litres,
Hyundai i20,₹8 Lakh,2024,"12,000 Kms",First Owner,Petrol,Manual,FWD,1197 cc,82 bhp,16 kmpl,4.0,,5 Seats,,,37 Litres,,
Honda BR-V,₹7.45 Lakh,Aug 2017,"42,587 Kms",First Owner,,Manual,FWD,1497 cc,117.3 bhp,15.4 kmpl,4.0,No,7 Seats,1225 kg,210 mm,42 Litres,,
Volkswagen Ameo,₹4.50 Lakh,May 2017,"76,200 Kms",First Owner,Petrol,Manual,FWD,1198 cc,73.75 bhp,17 kmpl,3.0,No,5 Seats,1059 kg,163 mm,45 Litres,,
Honda Amaze,₹4.12 Lakh,Aug 2015,"1,14,676 Kms",First Owner,Petrol,Manual,FWD,1198 cc,86.7 bhp,17.8 kmpl,4.0,No,5 Seats,955 kg,165 mm,35 Litres,,
Volkswagen Vento,₹7.69 Lakh,Apr 2021,"77,332 Kms",First Owner,Petrol,Automatic,FWD,999 cc,108.62 bhp,16.35 kmpl,3.0,Yes,5 Seats,1175 kg,163 mm,55 Litres,,
Honda Amaze,₹4.20 Lakh,Sept 2015,"74,154 Kms",First Owner,Petrol,Manual,FWD,1198 cc,86.7 bhp,18 kmpl,4.0,No,5 Seats,960 kg,165 mm,35 Litres,,
Honda BR-V,₹5.95 Lakh,Aug 2016,"78,434 Kms",First Owner,,Manual,FWD,1497 cc,117.3 bhp,15.4 kmpl,4.0,No,7 Seats,1235 kg,210 mm,42 Litres,,
Hyundai Creta,₹7.99 Lakh,Jun 2017,"72,127 Kms",First Owner,Diesel,Manual,FWD,1396 cc,88.7 bhp,22.1 kmpl,4.0,No,5 Seats,1240 kg,,,,
Honda Amaze,₹5.45 Lakh,Mar 2018,"70,000 Kms",First Owner,Petrol,Manual,FWD,1198 cc,86.7 bhp,17.8 kmpl,4.0,No,5 Seats,955 kg,165 mm,35 Litres,,
Toyota Corolla Altis,₹5.75 Lakh,Oct 2014,"69,230 Kms",First Owner,Petrol,Manual,FWD,1798 cc,138.1 bhp,14.53 kmpl,4.0,No,5 Seats,1315 kg,175 mm,55 Litres,,
Honda City,₹5.93 Lakh,Sept 2019,"1,11,155 Kms",First Owner,Petrol,Automatic,FWD,1497 cc,117.6 bhp,18 kmpl,4.0,No,5 Seats,1107 kg,165 mm,40 Litres,,
Honda City,₹3.50 Lakh,Nov 2012,"98,000 Kms",Second Owner,Petrol,Manual,FWD,1497 cc,116.3 bhp,16.8 kmpl,4.0,No,5 Seats,1095 kg,165 mm,42 Litres,,
Ford Ecosport,₹6.60 Lakh,Aug 2019,"74,857 Kms",First Owner,,Manual,FWD,1497 cc,121.36 bhp,17 kmpl,3.0,No,5 Seats,1274 kg,200 mm,52 Litres,,
Mahindra TUV 300,₹7.75 Lakh,Mar 2019,"35,000 Kms",Second Owner,,Manual,RWD,1493 cc,100 bhp,18.49 kmpl,3.0,Yes,7 Seats,1650 kg,184 mm,,60 Litres,
Hyundai Verna,₹3.55 Lakh,Nov 2013,"1,02,343 Kms",First Owner,Petrol,Manual,FWD,1591 cc,121.3 bhp,17.01 kmpl,4.0,No,5 Seats,1260 kg,165 mm,43 Litres,,
Hyundai Creta,₹7.60 Lakh,Mar 2018,"1,22,910 Kms",First Owner,,Automatic,FWD,1582 cc,126.2 bhp,17.01 kmpl,4.0,Yes,5 Seats,1320 kg,190 mm,,55 Litres,
Mahindra Bolero Neo,₹7.60 Lakh,Dec 2022,"37,920 Kms",First Owner,,Manual,RWD(with MTT),1493 cc,100 bhp,17.29 kmpl,3.0,Yes,7 Seats,1505 kg,180 mm,,50 Litres,
Maruti Suzuki Brezza,₹8.78 Lakh,Sept 2022,"39,557 Kms",First Owner,,Automatic,FWD,1462 cc,101.64 bhp,19.8 kmpl,4.0,,5 Seats,,198 mm,48 Litres,,
Tata Nexon,₹7.82 Lakh,Aug 2022,"25,565 Kms",First Owner,Petrol,Automatic,,1199 cc,118.35 bhp,17.05 kmpl,3.0,Yes,5 Seats,,209 mm,44 Litres,,
Ford Fiesta,₹2.60 Lakh,Apr 2012,"1,78,548 Kms",Second Owner,Diesel,Manual,2wd,1498 cc,,23.5 kmpl,4.0,No,5 Seats,1157 kg,156 mm,,43 Litres,
Hyundai Creta,₹6.75 Lakh,Aug 2015,"2,10,000 Kms",Second Owner,,Automatic,FWD,1582 cc,126.2 bhp,17.01 kmpl,4.0,Yes,5 Seats,1320 kg,190 mm,,55 Litres,
Volkswagen Vento,₹5.90 Lakh,Jun 2017,"84,000 Kms",First Owner,Petrol,Manual,FWD,1598 cc,103.5 bhp,16.09 kmpl,4.0,No,5 Seats,1145 kg,163 mm,55 Litres,,
Tata Indica,₹85 Thousand,Jul 2007,"50,000 Kms",First Owner,Diesel,Manual,FWD,1396 cc,,17.2 kmpl,4.0,No,5 Seats,995 kg,165 mm,,37 Litres,
Honda Amaze,₹2.95 Lakh,Aug 2014,"82,816 Kms",First Owner,Petrol,Manual,FWD,1198 cc,86.7 bhp,17.8 kmpl,4.0,No,5 Seats,965 kg,165 mm,35 Litres,,
Honda City,₹7 Lakh,Apr 2016,"1,13,000 Kms",First Owner,Diesel,Manual,FWD,1498 cc,98.6 bhp,26 kmpl,4.0,Yes,5 Seats,1165 kg,165 mm,,40 Litres,
Honda Amaze,₹3.75 Lakh,Nov 2015,"1,24,710 Kms",First Owner,Petrol,Manual,FWD,1198 cc,86.7 bhp,17.8 kmpl,4.0,No,5 Seats,965 kg,165 mm,35 Litres,,
Honda Amaze,₹3.50 Lakh,Apr 2015,"41,000 Kms",Second Owner,Petrol,Manual,FWD,1198 cc,86.7 bhp,18 kmpl,4.0,No,5 Seats,950 kg,165 mm,35 Litres,,
Tata Punch,₹6.49 Lakh,Jul 2023,"24,114 Kms",First Owner,Petrol,Automatic,,1199 cc,86.63 bhp,18.8 kmpl,3.0,,5 Seats,,,37 Litres,,
Maruti Suzuki Swift,₹2 Lakh,2007,"47,000 Kms",First Owner,Petrol,Manual,,1298 cc,,16.1 kmpl,4.0,No,5 Seats,890 kg,170 mm,43 Litres,,
Skoda Rapid,₹7.13 Lakh,Sept 2020,"56,885 Kms",First Owner,Petrol,Automatic,FWD,999 cc,108.62 bhp,16.24 kmpl,3.0,Yes,5 Seats,1139-1169 kg,,55 Litres,,
Honda City,₹6.90 Lakh,Mar 2016,"54,000 Kms",First Owner,Petrol,Automatic,FWD,1497 cc,117.3 bhp,18 kmpl,4.0,No,5 Seats,1085 kg,165 mm,40 Litres,,
Volkswagen Vento,₹5.25 Lakh,Apr 2015,"60,000 Kms",First Owner,Petrol,Automatic,FWD,1197 cc,103.5 bhp,18.19 kmpl,4.0,Yes,5 Seats,1169 kg,163 mm,55 Litres,,
Mahindra TUV 300,₹6.15 Lakh,Mar 2018,"49,539 Kms",Second Owner,,Manual,RWD,1493 cc,100 bhp,18.49 kmpl,3.0,Yes,7 Seats,1755 kg,184 mm,,60 Litres,
Tata Tiago,₹5.40 Lakh,2023,"30,000 Kms",First Owner,Petrol,Manual,FWD,1199 cc,85 bhp,19.01 kmpl,3.0,,5 Seats,,170 mm,35 Litres,,
Honda City,₹5.85 Lakh,Feb 2014,"75,925 Kms",First Owner,Petrol,Automatic,FWD,1497 cc,117.3 bhp,18 kmpl,4.0,No,5 Seats,1085 kg,165 mm,40 Litres,,
Tata Nexon,₹7.12 Lakh,Feb 2022,"90,165 Kms",First Owner,Diesel,Manual,,1497 cc,108.49 bhp,21.19 kmpl,4.0,Yes,5 Seats,1395 kg,209 mm,,44 Litres,
Hyundai Venue,₹8.25 Lakh,Dec 2024,"36,617 Kms",First Owner,Petrol,Manual,FWD,998 cc,118 bhp,14.5 kmpl,3.0,Yes,5 Seats,,,45 Litres,,
Honda City,₹3.65 Lakh,Aug 2014,"1,09,061 Kms",First Owner,Petrol,Manual,FWD,1497 cc,117.3 bhp,17.4 kmpl,4.0,No,5 Seats,1042 kg,165 mm,40 Litres,,
Honda WR-V,₹5.48 Lakh,Mar 2019,"1,22,199 Kms",Second Owner,,Manual,FWD,1498 cc,98.6 bhp,25.5 kmpl,4.0,Yes,5 Seats,1198 kg,188 mm,,40 Litres,
Honda City,₹5.45 Lakh,Mar 2016,"89,889 Kms",First Owner,Petrol,Automatic,FWD,1497 cc,117.3 bhp,18 kmpl,4.0,No,5 Seats,1085 kg,165 mm,40 Litres,,
Mahindra XUV300,₹3.15 Lakh,Jun 2016,"27,303 Kms",Second Owner,Petrol,Manual,,1197 cc,108.62 bhp,16.82 kmpl,3.0,Yes,5 Seats,1450 kg,,42 Litres,,
Audi A4,₹6.75 Lakh,Jun 2010,"81,790 Kms",Second Owner,Petrol,Automatic,AWD,1984 cc,,,4.0,Yes,5 Seats,1465 kg,128 mm,65 Litres,,
Hyundai Grand i10,₹4 Lakh,2016,"90,000 Kms",Second Owner,Diesel,Manual,FWD,1120 cc,70 bhp,24 kmpl,3.0,No,5 Seats,1025 kg,165 mm,,43 Litres,
Honda Amaze,₹3.90 Lakh,Sept 2016,"49,000 Kms",First Owner,Petrol,Automatic,FWD,1198 cc,86.7 bhp,15.5 kmpl,4.0,No,5 Seats,995 kg,165 mm,35 Litres,,
Tata Nexon,₹4.72 Lakh,Mar 2019,"37,363 Kms",First Owner,Petrol,Manual,FWD,1198 cc,108.5 bhp,17 kmpl,3.0,Yes,5 Seats,1252 kg,,44 Litres,,
Ford Ecosport,₹4.59 Lakh,Mar 2014,"96,643 Kms",Second Owner,,Automatic,FWD,1499 cc,110 bhp,16.5 kmpl,4.0,No,5 Seats,1290 kg,200 mm,52 Litres,,
Hyundai Creta,₹6.65 Lakh,May 2019,"56,359 Kms",Third Owner,Petrol,Automatic,FWD,1591 cc,121.3 bhp,14.8 kmpl,4.0,No,5 Seats,1300 kg,,55 Litres,,
Ford Ecosport,₹6.25 Lakh,Mar 2016,"37,000 Kms",First Owner,,Manual,FWD,1498 cc,98.59 bhp,22.77 kmpl,4.0,Yes,5 Seats,1240 kg,200 mm,,52 Litres,
Tata Tigor,₹8.50 Lakh,Jan 2022,"30,000 Kms",First Owner,Petrol,Manual,,1199 cc,84.82 bhp,19.28 kmpl,3.0,,5 Seats,1030 kg,,35 Litres,,
Maruti Suzuki Baleno,₹4.50 Lakh,2018,"1,25,000 Kms",First Owner,Petrol,Manual,FWD,1197 cc,83.1 bhp,21.4 kmpl,4.0,No,5 Seats,870 kg,170 mm,37 Litres,,
Honda Amaze,₹3.76 Lakh,Feb 2015,"75,944 Kms",First Owner,Diesel,Manual,FWD,1498 cc,98.6 bhp,25.8 kmpl,4.0,Yes,5 Seats,1055 kg,165 mm,,35 Litres,
Honda Amaze,₹2.96 Lakh,Sept 2014,"1,07,778 Kms",First Owner,Diesel,Manual,FWD,1498 cc,98.6 bhp,25.8 kmpl,4.0,Yes,5 Seats,1055 kg,165 mm,,35 Litres,
Honda City,₹5.25 Lakh,Mar 2015,"49,570 Kms",First Owner,Diesel,Manual,FWD,1498 cc,98.6 bhp,26 kmpl,4.0,Yes,5 Seats,1150 kg,165 mm,,40 Litres,
Ford Ecosport,₹5.90 Lakh,Jun 2016,"45,000 Kms",First Owner,,Automatic,FWD,1499 cc,110.4 bhp,16.05 kmpl,4.0,No,5 Seats,1270 kg,200 mm,52 Litres,,
Hyundai Verna,₹8.34 Lakh,Aug 2019,"43,980 Kms",Second Owner,Petrol,Automatic,FWD,1591 cc,121.3 bhp,15.74 kmpl,4.0,No,5 Seats,1198 kg,170 mm,43 Litres,,
Ford Ecosport,₹5.70 Lakh,Sept 2016,"60,523 Kms",First Owner,,Automatic,FWD,1499 cc,110 bhp,16.5 kmpl,4.0,No,5 Seats,1290 kg,200 mm,52 Litres,,
Jeep Compass,₹7.40 Lakh,Sept 2017,"75,007 Kms",First Owner,,Manual,4X2,1956 cc,170 bhp,17.1 kmpl,4.0,Yes,5 Seats,1562 s kg,178 mm,,60 Litres,
Honda City,₹8 Lakh,May 2021,"51,000 Kms",First Owner,Petrol,Manual,,1498 cc,119.35 bhp,18.6 kmpl,4.0,,5 Seats,1107-1153 kg,,40 Litres,,
Nissan Sunny,₹3.50 Lakh,Sept 2014,"70,580 Kms",First Owner,Petrol,Automatic,FWD,1498 cc,99.61 bhp,17.97 kmpl,4.0,No,5 Seats,1040 kg,,41 Litres,,
Skoda Rapid,₹6.49 Lakh,Jun 2019,"1,23,633 Kms",First Owner,Diesel,Manual,FWD,1498 cc,103.52 bhp,21.14 kmpl,4.0,Yes,5 Seats,1206 kg,168 mm,,55 Litres,
Toyota Etios,₹3.75 Lakh,May 2012,"56,396 Kms",First Owner,Petrol,Manual,,1496 cc,,17.6 kmpl,4.0,,5 Seats,920 kg,,45 Litres,,
Honda City,₹6.23 Lakh,May 2019,"91,840 Kms",First Owner,Petrol,Automatic,FWD,1497 cc,117.6 bhp,18 kmpl,4.0,No,5 Seats,1100 kg,165 mm,40 Litres,,
Honda City,₹6.20 Lakh,Aug 2016,"76,718 Kms",First Owner,Diesel,Manual,FWD,1498 cc,98.6 bhp,26 kmpl,4.0,Yes,5 Seats,1125 kg,165 mm,,40 Litres,
Honda Amaze,₹3.72 Lakh,May 2016,"1,07,020 Kms",First Owner,Diesel,Manual,FWD,1498 cc,98.6 bhp,25.8 kmpl,4.0,Yes,5 Seats,1055 kg,165 mm,,35 Litres,
Hyundai Verna,₹13.75 Lakh,Mar 2023,"31,000 Kms",First Owner,Petrol,Manual,,1497 cc,113.18 bhp,17.7 kmpl,4.0,,5 Seats,1200 kg,,45 Litres,,
Maruti Suzuki Brezza,₹10 Lakh,Jun 2023,"69,971 Kms",First Owner,,Manual,FWD,1462 cc,101.64 bhp,19.89 kmpl,4.0,,5 Seats,,198 mm,48 Litres,,
Honda City,₹3.31 Lakh,May 2013,"92,120 Kms",First Owner,Petrol,Manual,FWD,1497 cc,116.3 bhp,16.8 kmpl,4.0,No,5 Seats,1110 kg,165 mm,42 Litres,,
Honda City,₹4.70 Lakh,Oct 2014,"90,758 Kms",First Owner,Petrol,Manual,FWD,1497 cc,,17 kmpl,4.0,No,5 Seats,1100 kg,160 mm,42 Litres,,
Ford Ecosport,₹5.60 Lakh,Jul 2015,"78,000 Kms",First Owner,,Automatic,FWD,1499 cc,110.4 bhp,15.63 kmpl,4.0,No,5 Seats,1250 kg,200 mm,52 Litres,,
Skoda Rapid,₹4.95 Lakh,May 2017,"83,592 Kms",Second Owner,Diesel,Manual,FWD,1498 cc,103.52 bhp,21.14 kmpl,4.0,Yes,5 Seats,1206 kg,168 mm,,55 Litres,
Maruti Suzuki XL6,₹10.75 Lakh,Nov 2021,"19,000 Kms",First Owner,Petrol,Manual,FWD,1462 cc,103.2 bhp,19.01 kmpl,4.0,,6 Seats,1180 kg,,45 Litres,,
Honda WR-V,₹3.58 Lakh,Jan 2018,"1,35,810 Kms",Second Owner,,Manual,FWD,1199 cc,88.7 bhp,17.5 kmpl,4.0,No,5 Seats,1103 kg,188 mm,40 Litres,,
Ford Ecosport,₹7.30 Lakh,Apr 2021,"91,494 Kms",First Owner,,Manual,FWD,1498 cc,98.59 bhp,22.77 kmpl,4.0,Yes,5 Seats,1240 kg,200 mm,,52 Litres,
Honda Amaze,₹5.99 Lakh,Feb 2019,"75,000 Kms",First Owner,Petrol,Automatic,FWD,1199 cc,88.76 bhp,19 kmpl,4.0,No,5 Seats,945 kg,170 mm,35 Litres,,
Honda City,₹6.99 Lakh,Aug 2017,"72,000 Kms",First Owner,Petrol,Manual,FWD,1497 cc,117.3 bhp,17.8 kmpl,4.0,No,5 Seats,1049 kg,165 mm,40 Litres,,
Honda Amaze,₹4.75 Lakh,Jan 2016,"45,000 Kms",First Owner,Petrol,Automatic,FWD,1199 cc,88.7 bhp,18.1 kmpl,4.0,No,5 Seats,985 kg,165 mm,35 Litres,,
Maruti Suzuki XL6,₹9.99 Lakh,Nov 2022,"59,000 Kms",Second Owner,Petrol,Automatic,2WD,1462 cc,101.65 bhp,,4.0,,6 Seats,1225 kg,,45 Litres,,
Maruti Suzuki XL6,₹12.90 Lakh,Oct 2022,"46,000 Kms",First Owner,Petrol,Automatic,FWD,1462 cc,103.2 bhp,,4.0,,6 Seats,1190 kg,,45 Litres,,
Mercedes-Benz E-Class,₹5 Lakh,Jan 2007,"1,11,006 Kms",Second Owner,Petrol,Automatic,RWD,1796 cc,,,4.0,,5 Seats,1605 kg,123 mm,80 Litres,,
Honda City,₹5.90 Lakh,Jun 2014,"66,640 Kms",First Owner,Diesel,Manual,FWD,1498 cc,98.6 bhp,26 kmpl,4.0,Yes,5 Seats,1150 kg,165 mm,,40 Litres,
Skoda Rapid,₹4.50 Lakh,Feb 2015,"82,000 Kms",Second Owner,Petrol,Automatic,FWD,1598 cc,103.6 bhp,14.3 kmpl,4.0,No,5 Seats,1180 kg,168 mm,55 Litres,,
Maruti Suzuki XL6,₹11.50 Lakh,Feb 2022,"40,000 Kms",First Owner,Petrol,Automatic,FWD,1462 cc,103.2 bhp,17.99 kmpl,4.0,,6 Seats,1190 kg,,45 Litres,,
Mercedes-Benz B Class,₹9 Lakh,Mar 2014,"1,10,000 Kms",First Owner,Diesel,Automatic,FWD,2143 cc,120.7 bhp,,4.0,No,5 Seats,1425 kg,190 mm,,50 Litres,
Hyundai Verna,₹11 Lakh,Jan 2023,"31,000 Kms",First Owner,Petrol,Automatic,,998 cc,118.41 bhp,19.2 kmpl,3.0,Yes,5 Seats,1260 kg,,45 Litres,,
Maruti Suzuki Brezza,₹10.49 Lakh,Jul 2022,"68,314 Kms",First Owner,,Automatic,FWD,1462 cc,101.64 bhp,19.8 kmpl,4.0,,5 Seats,,198 mm,48 Litres,,
Tata Nexon,₹5.95 Lakh,Oct 2018,"48,000 Kms",First Owner,Petrol,Automatic,FWD,1198 cc,108.5 bhp,17 kmpl,3.0,Yes,5 Seats,1252 kg,,44 Litres,,
Mahindra XUV500,₹7.25 Lakh,Jun 2015,"1,01,000 Kms",Second Owner,,Manual,FWD,2179 cc,140 bhp,16 kmpl,4.0,Yes,7 Seats,1860 kg,200 mm,,70 Litres,
Honda City,₹7.20 Lakh,Oct 2018,"46,619 Kms",First Owner,Petrol,Manual,FWD,1497 cc,117.6 bhp,17.4 kmpl,4.0,No,5 Seats,1061 kg,165 mm,40 Litres,,
Ford Ecosport,₹4.81 Lakh,Apr 2016,"84,621 Kms",Second Owner,,Manual,FWD,1498 cc,98.59 bhp,22.77 kmpl,4.0,Yes,5 Seats,1240 kg,200 mm,,52 Litres,
Hyundai Creta,₹14 Lakh,Jul 2022,"16,000 Kms",First Owner,Petrol,Manual,,1497 cc,113.18 bhp,14 kmpl,4.0,No,5 Seats,1430 kg,,50 Litres,,
Maruti Suzuki Grand Vitara,₹17.10 Lakh,Jan 2024,"39,091 Kms",First Owner,,Automatic,FWD,1490 cc,91.18 bhp,27.97 kmpl,3.0,,5 Seats,1290-1295 kg,210 mm,45 Litres,,
Tata Tigor,₹3.90 Lakh,Jul 2019,"78,418 Kms",First Owner,Petrol,Automatic,FWD,1199 cc,83.81 bhp,20.3 kmpl,3.0,No,5 Seats,1035-1062 kg,170 mm,35 Litres,,
Mahindra Marazzo,₹6.99 Lakh,Mar 2019,"64,070 Kms",First Owner,Diesel,Manual,FWD,1497 cc,121 bhp,17.3 kmpl,4.0,Yes,7 Seats,1650 s kg,,,45 Litres,
Maruti Suzuki Celerio,₹3 Lakh,2016,"30,000 Kms",First Owner,Petrol,Manual,FWD,998 cc,67.04 bhp,23.1 kmpl,3.0,No,5 Seats,835 kg,120 mm,35 Litres,,
Honda Amaze,₹3.20 Lakh,Aug 2013,"1,31,650 Kms",First Owner,Diesel,Manual,FWD,1498 cc,98.63 bhp,24.7 kmpl,4.0,Yes,5 Seats,1029 kg,,,35 Litres,
Honda City,₹4.55 Lakh,Dec 2014,"92,491 Kms",First Owner,Petrol,Manual,FWD,1497 cc,,17 kmpl,4.0,No,5 Seats,1100 kg,160 mm,42 Litres,,
Skoda Rapid,₹3.25 Lakh,Jul 2012,"69,000 Kms",First Owner,Petrol,Manual,FWD,1598 cc,103.52 bhp,15 kmpl,4.0,No,5 Seats,1145 kg,168 mm,55 Litres,,
Hyundai Creta,₹10.32 Lakh,Mar 2019,"80,126 Kms",First Owner,Petrol,Manual,FWD,1591 cc,121.3 bhp,15.8 kmpl,4.0,No,5 Seats,1260 kg,,55 Litres,,
Honda Brio,₹2.75 Lakh,2014,"80,000 Kms",Second Owner,Petrol,Manual,FWD,1198 cc,86.8 bhp,19.4 kmpl,4.0,No,5 Seats,925 kg,165 mm,35 Litres,,
Hyundai Creta,₹14.90 Lakh,Mar 2022,"36,000 Kms",First Owner,Petrol,Automatic,,1353 cc,138.12 bhp,11 kmpl,4.0,Yes,5 Seats,1465 kg,,50 Litres,,
Hyundai i20 Active,₹5 Lakh,2016,"70,000 Kms",First Owner,Petrol,Manual,FWD,1197 cc,81.86 bhp,17.19 kmpl,4.0,No,5 Seats,1040 kg,190 mm,45 Litres,,
Hyundai Creta,₹8.75 Lakh,Jan 2020,"73,000 Kms",First Owner,,Manual,FWD,1591 cc,121.3 bhp,13 kmpl,4.0,No,5 Seats,1280 kg,190 mm,55 Litres,,
Ford Ecosport,₹6.49 Lakh,Jun 2018,"1,29,502 Kms",First Owner,,Manual,FWD,1498 cc,98.96 bhp,23 kmpl,4.0,Yes,5 Seats,1300 kg,200 mm,,52 Litres,
Maruti Suzuki Baleno,₹7.50 Lakh,2023,"30,000 Kms",First Owner,CNG,Manual,FWD,1197 cc,76.43 bhp,30.61 km/kg,4.0,No,5 Seats,1020-1035 kg,,,,55 Litres
Maruti Suzuki XL6,₹9.85 Lakh,Mar 2021,"91,000 Kms",First Owner,Petrol,Automatic,FWD,1462 cc,103.2 bhp,17.99 kmpl,4.0,,6 Seats,1190 kg,,45 Litres,,
Honda Brio,₹2.30 Lakh,2013,"60,000 Kms",Third Owner,Petrol,Manual,FWD,1198 cc,86.8 bhp,19.4 kmpl,4.0,No,5 Seats,925 kg,165 mm,35 Litres,,
Hyundai Exter,₹8.45 Lakh,Aug 2024,"22,000 Kms",First Owner,Petrol,Automatic,FWD,1197 cc,81.8 bhp,19.2 kmpl,4.0,,5 Seats,,,37 Litres,,
Skoda Rapid,₹4.25 Lakh,Jun 2016,"92,053 Kms",Second Owner,Diesel,Manual,FWD,1498 cc,103.52 bhp,21.14 kmpl,4.0,Yes,5 Seats,1206 kg,168 mm,,55 Litres,
Tata Nexon,₹4.93 Lakh,Aug 2018,"40,774 Kms",First Owner,Petrol,Manual,FWD,1198 cc,108.5 bhp,17 kmpl,3.0,Yes,5 Seats,1252 kg,,44 Litres,,
Hyundai Creta,₹9.45 Lakh,Jul 2018,"34,000 Kms",First Owner,,Manual,FWD,1591 cc,121.3 bhp,13 kmpl,4.0,No,5 Seats,1280 kg,190 mm,55 Litres,,
Maruti Suzuki XL6,₹9.61 Lakh,Jan 2021,"95,315 Kms",First Owner,Petrol,Automatic,FWD,1462 cc,103.2 bhp,,4.0,,6 Seats,1190 kg,,45 Litres,,
Honda City,₹3.45 Lakh,Sept 2013,"1,11,126 Kms",Second Owner,Petrol,Manual,FWD,1497 cc,,17 kmpl,4.0,No,5 Seats,1100 kg,160 mm,42 Litres,,
Skoda Rapid,₹3.49 Lakh,Jan 2013,"64,000 Kms",Second Owner,Petrol,Manual,FWD,1598 cc,103.5 bhp,15 kmpl,4.0,No,5 Seats,1145 kg,168 mm,55 Litres,,
Maruti Suzuki Grand Vitara,₹15.90 Lakh,Jan 2024,"43,464 Kms",First Owner,Petrol,Automatic,2WD,1462 cc,101.64 bhp,20.58 kmpl,4.0,,5 Seats,1185 - 1210 kg,,45 Litres,,
Hyundai Exter,₹8.90 Lakh,Jan 2024,"20,000 Kms",First Owner,Petrol,Automatic,FWD,1197 cc,81.8 bhp,19.2 kmpl,4.0,,5 Seats,,,37 Litres,,
Ford Ecosport,₹4.15 Lakh,Aug 2015,"1,10,365 Kms",Second Owner,,Manual,FWD,1498 cc,98.59 bhp,22.77 kmpl,4.0,Yes,5 Seats,1220 kg,200 mm,,52 Litres,
Ford Ecosport,₹3.76 Lakh,Aug 2015,"1,05,357 Kms",Second Owner,,Manual,FWD,1498 cc,98.59 bhp,22.77 kmpl,4.0,Yes,5 Seats,1240 kg,200 mm,,52 Litres,
Honda City,₹3.40 Lakh,Jul 2011,"64,000 Kms",Second Owner,Petrol,Automatic,FWD,1497 cc,116.3 bhp,15.6 kmpl,4.0,No,5 Seats,1145 kg,165 mm,42 Litres,,
Ford Ecosport,₹6 Lakh,Jun 2017,"68,959 Kms",First Owner,,Manual,FWD,1498 cc,98.96 bhp,23 kmpl,4.0,Yes,5 Seats,1268 kg,200 mm,,52 Litres,
Hyundai Creta N Line,₹17.90 Lakh,Sept 2024,"33,468 Kms",First Owner,Petrol,Automatic,FWD,1482 cc,158 bhp,18.2 kmpl,4.0,Yes,5 Seats,,,50 Litres,,
Volkswagen Vento,₹2.76 Lakh,Sept 2013,"1,08,673 Kms",First Owner,Petrol,Manual,FWD,1598 cc,103.6 bhp,15.04 kmpl,4.0,No,5 Seats,1121 kg,168 mm,55 Litres,,
Honda City,₹4.95 Lakh,Jul 2014,"80,201 Kms",First Owner,Petrol,Automatic,FWD,1497 cc,117.3 bhp,18 kmpl,4.0,No,5 Seats,1065 kg,165 mm,40 Litres,,
Mahindra TUV 300,₹7.75 Lakh,Feb 2018,"57,000 Kms",First Owner,,Manual,RWD,1493 cc,100 bhp,18.49 kmpl,3.0,Yes,7 Seats,1650 kg,184 mm,,60 Litres,
Honda City,₹8.93 Lakh,Jan 2023,"1,13,804 Kms",First Owner,Petrol,Manual,FWD,1497 cc,,17 kmpl,4.0,No,5 Seats,1100 kg,160 mm,42 Litres,,
Honda City,₹9.97 Lakh,Jul 2023,"87,150 Kms",First Owner,Petrol,Manual,FWD,1498 cc,119.35 bhp,17.8 kmpl,4.0,,5 Seats,1107 kg,,,,
Maruti Suzuki Grand Vitara,₹16.50 Lakh,Nov 2022,"16,000 Kms",First Owner,Petrol,Automatic,2WD,1490 cc,91.18 bhp,27.97 kmpl,3.0,,5 Seats,1290 - 1295 kg,,45 Litres,,
Mahindra Quanto,₹3.35 Lakh,Jan 2014,"81,521 Kms",First Owner,,Manual,RWD,1493 cc,100 bhp,17.21 kmpl,3.0,Yes,7 Seats,1640 kg,180 mm,,55 Litres,
Honda City,₹4.41 Lakh,Aug 2014,"59,712 Kms",First Owner,Petrol,Automatic,FWD,1497 cc,117.3 bhp,18 kmpl,4.0,No,5 Seats,1085 kg,165 mm,40 Litres,,
Hyundai Creta,₹12.50 Lakh,Aug 2021,"81,000 Kms",First Owner,Petrol,Automatic,,1497 cc,113.18 bhp,14 kmpl,4.0,No,5 Seats,1450 kg,,50 Litres,,
Hyundai Creta,₹13.90 Lakh,Jun 2024,"45,000 Kms",First Owner,,Manual,FWD,1497 cc,113.18 bhp,17.4 kmpl,4.0,No,5 Seats,,1 mm,50 Litres,,
Honda Elevate,₹13.90 Lakh,Jun 2023,"32,000 Kms",First Owner,Petrol,Manual,FWD,1498 cc,119 bhp,15.31 kmpl,4.0,,5 Seats,1259 kg,,40 Litres,,
Hyundai Venue,₹9.95 Lakh,Nov 2022,"45,000 Kms",First Owner,Diesel,Manual,,1493 cc,113.45 bhp,18 kmpl,4.0,Yes,5 Seats,1220 kg,,,45 Litres,
Kia Seltos,₹12.81 Lakh,Sept 2023,"40,708 Kms",Second Owner,Petrol,Manual,FWD,1353 cc,138.08 bhp,16.5 kmpl,4.0,Yes,5 Seats,1525 kg,,50 Litres,,
Hyundai Creta,₹11.75 Lakh,Jan 2023,"85,000 Kms",First Owner,Diesel,Manual,2WD,1493 cc,113.98 bhp,18 kmpl,4.0,Yes,5 Seats,1430 kg,,,50 Litres,
Hyundai Creta,₹12.75 Lakh,Jul 2021,"80,100 Kms",First Owner,Petrol,Automatic,,1497 cc,113.18 bhp,14 kmpl,4.0,No,5 Seats,1450 kg,,50 Litres,,
Honda City,₹9.49 Lakh,Jan 2021,"18,003 Kms",First Owner,Petrol,Manual,FWD,1497 cc,,17 kmpl,4.0,No,5 Seats,1100 kg,160 mm,42 Litres,,
Hyundai Verna,₹8.91 Lakh,Jan 2022,"1,05,118 Kms",First Owner,Diesel,Manual,,1493 cc,113.45 bhp,25 kmpl,4.0,Yes,5 Seats,1220 kg,,,45 Litres,
Tata Nexon EV,₹6.95 Lakh,Oct 2021,"71,000 Kms",First Owner,,Automatic,,,127 bhp,,,,5 Seats,1400 kg,205 mm,,,
Maruti Suzuki XL6,₹13.95 Lakh,Jan 2023,"45,000 Kms",First Owner,Petrol,Automatic,FWD,1462 cc,101.64 bhp,,4.0,,6 Seats,1225 kg,,45 Litres,,
Honda Brio,₹2.45 Lakh,2012,"80,000 Kms",Third Owner,Petrol,Manual,FWD,1198 cc,86.8 bhp,19.4 kmpl,4.0,No,5 Seats,915 kg,165 mm,35 Litres,,
Volkswagen Taigun,₹11.06 Lakh,Apr 2022,"73,135 Kms",First Owner,,Manual,FWD,999 cc,113.98 bhp,19.2 kmpl,3.0,Yes,5 Seats,1255 kg,188 mm,50 Litres,,
Volkswagen Vento,₹5.45 Lakh,Aug 2016,"1,09,000 Kms",First Owner,Diesel,Automatic,FWD,1498 cc,108.6 bhp,22.15 kmpl,4.0,Yes,5 Seats,1238 kg,163 mm,,55 Litres,
Honda City,₹9.75 Lakh,Jan 2022,"22,000 Kms",First Owner,Petrol,Manual,,1498 cc,119.35 bhp,18.6 kmpl,4.0,,5 Seats,1107-1153 kg,,40 Litres,,
Kia Seltos,₹12.86 Lakh,Nov 2022,"21,068 Kms",First Owner,Petrol,Manual,2WD,1497 cc,113.42 bhp,17 kmpl,4.0,No,5 Seats,,,50 Litres,,
Kia Seltos,₹13.54 Lakh,May 2022,"44,287 Kms",First Owner,Petrol,Manual,FWD,1353 cc,138.08 bhp,16.5 kmpl,4.0,Yes,5 Seats,1525 kg,,50 Litres,,
Volkswagen Taigun,₹10.06 Lakh,Apr 2022,"38,367 Kms",First Owner,,Manual,FWD,999 cc,114 bhp,19.2 kmpl,3.0,Yes,5 Seats,1220 kg,188 mm,50 Litres,,
MG Astor,₹11.73 Lakh,Feb 2022,"20,734 Kms",First Owner,Petrol,Manual,,1498 cc,108.49 bhp,15.43 kmpl,4.0,No,5 Seats,1450 kg,,48 Litres,,
Mercedes-Benz B Class,₹8.50 Lakh,Mar 2013,"55,000 Kms",Third Owner,Petrol,Automatic,FWD,1595 cc,120.7 bhp,,4.0,Yes,5 Seats,1425 kg,,50 Litres,,
Maruti Suzuki Ertiga,₹10.75 Lakh,May 2024,"42,000 Kms",First Owner,Petrol,Manual,FWD,1462 cc,101.64 bhp,20.51 kmpl,4.0,,7 Seats,1150-1205 kg,,45 Litres,,
Honda City,₹10.25 Lakh,Apr 2021,"82,275 Kms",First Owner,Petrol,Manual,,1498 cc,119.35 bhp,18.6 kmpl,4.0,,5 Seats,1107-1153 kg,,40 Litres,,
Renault KWID,₹2.40 Lakh,2016,"70,000 Kms",First Owner,Petrol,Manual,FWD,799 cc,53.3 bhp,25.17 kmpl,3.0,No,5 Seats,710 kg,180 mm,28 Litres,,
Maruti Suzuki Jimny,₹12.25 Lakh,Aug 2024,"17,000 Kms",First Owner,,Manual,4WD,1462 cc,103 bhp,16.94 kmpl,4.0,,4 Seats,1195 kg,210 mm,40 Litres,,
Hyundai Creta,₹14.25 Lakh,Oct 2023,"34,000 Kms",First Owner,Diesel,Manual,2WD,1493 cc,113.45 bhp,18 kmpl,4.0,Yes,5 Seats,1635 kg,,,50 Litres,
Honda City,₹10.31 Lakh,May 2023,"74,767 Kms",Second Owner,Petrol,Automatic,FWD,1498 cc,119.35 bhp,18.4 kmpl,4.0,,5 Seats,1107 kg,,40 Litres,,
Volkswagen Taigun,₹11.26 Lakh,May 2022,"69,882 Kms",Second Owner,,Automatic,FWD,999 cc,113.98 bhp,17.23 kmpl,3.0,Yes,5 Seats,1255 kg,188 mm,50 Litres,,
Maruti Suzuki Wagon R,₹2.35 Lakh,2011,"80,000 Kms",Third Owner,Petrol,Manual,FWD,998 cc,67.1 bhp,18.9 kmpl,3.0,No,5 Seats,870 kg,165 mm,35 Litres,,
Skoda Kushaq,₹15 Lakh,Jul 2022,"33,000 Kms",First Owner,,Manual,FWD,1498 cc,147.51 bhp,17.95 kmpl,4.0,Yes,5 Seats,1303 kg,188 mm,50 Litres,,
Volkswagen Vento,₹4.53 Lakh,Feb 2015,"60,180 Kms",First Owner,Diesel,Manual,FWD,1498 cc,103.2 bhp,20.34 kmpl,4.0,Yes,5 Seats,1211 kg,165 mm,,55 Litres,
Hyundai Verna,₹11.22 Lakh,Jan 2023,"16,131 Kms",First Owner,Diesel,Manual,,1493 cc,113.45 bhp,25 kmpl,4.0,Yes,5 Seats,1220 kg,,,45 Litres,
Skoda Rapid,₹2.50 Lakh,Nov 2012,"1,60,904 Kms",First Owner,Diesel,Manual,FWD,1598 cc,103.5 bhp,20.5 kmpl,4.0,Yes,5 Seats,1205 kg,168 mm,,55 Litres,
Maruti Suzuki Alto 800,₹2.10 Lakh,2012,"40,000 Kms",First Owner,Petrol,Manual,FWD,796 cc,46.3 bhp,19.7 kmpl,3.0,No,5 Seats,705 kg,160 mm,35 Litres,,
Hyundai Alcazar,₹15.45 Lakh,Sept 2024,"19,817 Kms",First Owner,Petrol,Manual,FWD,1482 cc,158 bhp,17.5 kmpl,4.0,Yes,7 Seats,,,50 Litres,,
Kia Carens,₹16.01 Lakh,Jun 2023,"34,652 Kms",First Owner,Petrol,Automatic,2WD,1353 cc,138.05 bhp,,4.0,Yes,6 Seats,1630 kg,,45 Litres,,
Ford Ecosport,₹4.13 Lakh,Jan 2018,"1,01,677 Kms",First Owner,,Automatic,FWD,1497 cc,121.36 bhp,14.8 kmpl,3.0,No,5 Seats,1320 kg,200 mm,52 Litres,,
Kia Seltos,₹11.04 Lakh,May 2023,"55,864 Kms",First Owner,Petrol,Manual,2WD,1497 cc,113.42 bhp,17 kmpl,4.0,No,5 Seats,,,50 Litres,,
Hyundai Tucson,₹11.50 Lakh,Jul 2018,"65,000 Kms",First Owner,,Automatic,2WD,1999 cc,152.88 bhp,12.95 kmpl,4.0,No,5 Seats,1537 kg,195 mm,62 Litres,,
Kia Seltos,₹12.75 Lakh,Jul 2023,"45,000 Kms",First Owner,Petrol,Manual,FWD,1353 cc,138.08 bhp,16.5 kmpl,4.0,Yes,5 Seats,1525 kg,,50 Litres,,
Hyundai Creta,₹13 Lakh,Oct 2021,"52,000 Kms",First Owner,Diesel,Manual,,1493 cc,113.45 bhp,18 kmpl,4.0,Yes,5 Seats,1565 kg,,,50 Litres,
Hyundai Creta,₹11.80 Lakh,Sept 2021,"1,00,148 Kms",Second Owner,Diesel,Automatic,FWD,1493 cc,114 bhp,19.1 kmpl,4.0,Yes,5 Seats,,,,50 Litres,
Honda City,₹11.21 Lakh,Apr 2022,"43,434 Kms",First Owner,Petrol,Manual,,1498 cc,119.35 bhp,18.6 kmpl,4.0,,5 Seats,1107-1153 kg,,40 Litres,,
Hyundai Creta N Line,₹17.45 Lakh,Apr 2024,"6,646 Kms",First Owner,Petrol,Automatic,FWD,1482 cc,158 bhp,18.2 kmpl,4.0,Yes,5 Seats,,,50 Litres,,
Skoda Kushaq,₹9.45 Lakh,Sept 2021,"85,224 Kms",First Owner,,Manual,FWD,999 cc,113.98 bhp,19.2 kmpl,3.0,Yes,5 Seats,1195-1255 kg,188 mm,50 Litres,,
Honda City,₹8.75 Lakh,Jul 2021,"48,900 Kms",First Owner,Petrol,Manual,,1498 cc,119.35 bhp,18.6 kmpl,4.0,,5 Seats,1107-1153 kg,,40 Litres,,
Volkswagen Ameo,₹4.11 Lakh,Apr 2019,"40,024 Kms",Third Owner,Petrol,Manual,FWD,999 cc,75 bhp,19.44 kmpl,3.0,No,5 Seats,1039 kg,165 mm,45 Litres,,
Tata Nexon,₹10.30 Lakh,Jul 2023,"32,410 Kms",First Owner,Petrol,Manual,,1199 cc,118.35 bhp,17.33 kmpl,3.0,Yes,5 Seats,1280 kg,209 mm,44 Litres,,
Ford Freestyle,₹3.90 Lakh,2018,"30,000 Kms",First Owner,Petrol,Manual,FWD,1194 cc,94.68 bhp,19 kmpl,3.0,No,5 Seats,1026 kg,,42 Litres,,
Volkswagen Polo,₹2.90 Lakh,2011,"70,000 Kms",Second Owner,Petrol,Manual,FWD,1198 cc,73.9 bhp,16.47 kmpl,3.0,No,5 Seats,1030 kg,168 mm,45 Litres,,
Maruti Suzuki Vitara Brezza,₹8.52 Lakh,Aug 2021,"1,13,104 Kms",First Owner,Petrol,Automatic,FWD,1462 cc,103.26 bhp,18.76 kmpl,4.0,,5 Seats,1135-1150 kg,,48 Litres,,
Toyota Innova,₹7 Lakh,Apr 2009,"2,48,694 Kms",First Owner,Diesel,Manual,,2494 cc,,,4.0,No,7 Seats,1675 kg,176 mm,,55 Litres,
Toyota Innova,₹5.65 Lakh,Oct 2011,"1,20,000 Kms",First Owner,Diesel,Manual,,2494 cc,,12.8 kmpl,4.0,Yes,8 Seats,1670 kg,176 mm,,55 Litres,
Hyundai Venue,₹8.25 Lakh,Sept 2020,"40,000 Kms",First Owner,Petrol,Automatic,FWD,998 cc,118.35 bhp,18.15 kmpl,3.0,Yes,5 Seats,1440 kg,,45 Litres,,
Honda City,₹9.50 Lakh,Nov 2019,"65,000 Kms",First Owner,Petrol,Manual,FWD,1497 cc,117.6 bhp,17.4 kmpl,4.0,No,5 Seats,1088 kg,165 mm,40 Litres,,
Mercedes-Benz C-Class,₹6 Lakh,May 2010,"60,000 Kms",Second Owner,Diesel,Automatic,RWD,2143 cc,,,4.0,,5 Seats,"1,575 kg",,,66 Litres,
Maruti Suzuki 800,₹2 Lakh,2008,"90,000 Kms",Second Owner,Petrol,Manual,FWD,796 cc,37 bhp,16.1 kmpl,3.0,No,4 Seats,665 kg,170 mm,28 Litres,,
Mercedes-Benz C-Class,₹6 Lakh,Oct 2011,"95,000 Kms",Second Owner,Diesel,Automatic,RWD,2143 cc,170 bhp,,4.0,No,5 Seats,1610 kg,,,66 Litres,
Ford Ecosport,₹3.90 Lakh,Nov 2013,"98,000 Kms",First Owner,,Automatic,FWD,1499 cc,110 bhp,16.5 kmpl,4.0,No,5 Seats,1290 kg,200 mm,52 Litres,,
Hyundai Grand i10 Nios,₹5 Lakh,2020,"50,000 Kms",First Owner,Petrol,Automatic,,1197 cc,81.86 bhp,20.7 kmpl,4.0,No,5 Seats,1140 kg,,37 Litres,,
Mahindra XUV300,₹9.63 Lakh,May 2022,"15,472 Kms",First Owner,Petrol,Manual,FWD,1197 cc,108.62 bhp,16.82 kmpl,3.0,Yes,5 Seats,,,42 Litres,,
Maruti Suzuki Wagon R,₹3.60 Lakh,2017,"70,000 Kms",Second Owner,Petrol,Automatic,FWD,998 cc,67 bhp,20.51 kmpl,3.0,No,5 Seats,890 kg,165 mm,35 Litres,,
Tata Nexon,₹8.75 Lakh,Nov 2022,"33,502 Kms",First Owner,Diesel,Manual,,1497 cc,108.49 bhp,21.19 kmpl,4.0,Yes,5 Seats,1395 kg,209 mm,,44 Litres,
Hyundai Creta,₹11.25 Lakh,Nov 2020,"48,000 Kms",First Owner,,Manual,FWD,1396 cc,88.7 bhp,21.38 kmpl,4.0,No,5 Seats,1260 kg,190 mm,,55 Litres,
Honda City,₹8.51 Lakh,Jul 2022,"66,839 Kms",First Owner,Petrol,Manual,,1498 cc,119.35 bhp,18.6 kmpl,4.0,,5 Seats,1107-1153 kg,,40 Litres,,
Citroen C3,₹6.50 Lakh,2024,"23,500 Kms",First Owner,Petrol,Manual,FWD,1198 cc,80.46 bhp,19.3 kmpl,3.0,No,5 Seats,987 kg,,45 Litres,,
Mahindra XUV300,₹8.75 Lakh,Feb 2021,"51,255 Kms",First Owner,Petrol,Manual,FWD,1197 cc,108.62 bhp,16.82 kmpl,3.0,Yes,5 Seats,,,42 Litres,,
Kia Seltos,₹11.75 Lakh,Aug 2020,"24,769 Kms",First Owner,Petrol,Manual,FWD,1497 cc,113.43 bhp,16.8 kmpl,4.0,No,5 Seats,1335 kg,,50 Litres,,
Kia Sonet,₹11.90 Lakh,Jan 2022,"34,000 Kms",First Owner,Petrol,Automatic,FWD,998 cc,118.36 bhp,18.3 kmpl,3.0,Yes,5 Seats,1230 kg,,45 Litres,,
Toyota Glanza,₹7 Lakh,2021,"40,000 Kms",First Owner,Petrol,Manual,FWD,1197 cc,81.80 bhp,21.01 kmpl,4.0,no,5 Seats,890 kg,,37 Litres,,
Maruti Suzuki Grand Vitara,₹15.49 Lakh,Mar 2024,"28,270 Kms",First Owner,,Automatic,FWD,1462 cc,101.64 bhp,20.58 kmpl,4.0,,5 Seats,1185-1210 kg,210 mm,45 Litres,,
Hyundai Alcazar,₹16.90 Lakh,Jul 2023,"30,624 Kms",First Owner,Diesel,Automatic,FWD,1493 cc,113.98 bhp,23.8 kmpl,4.0,Yes,7 Seats,,,,50 Litres,
Ford Ecosport,₹3.25 Lakh,Jun 2014,"1,15,850 Kms",First Owner,,Manual,FWD,1498 cc,89.84 bhp,22.7 kmpl,4.0,Yes,5 Seats,1290 kg,200 mm,,52 Litres,
Audi A4,₹18.39 Lakh,Jan 2018,"89,188 Kms",Second Owner,Petrol,Automatic,FWD,1395 cc,147.51 bhp,,4.0,Yes,5 Seats,1450 kg,165 mm,54 Litres,,
Jeep Compass,₹9.20 Lakh,Nov 2017,"92,415 Kms",Second Owner,,Manual,4X2,1956 cc,170 bhp,17.1 kmpl,4.0,Yes,5 Seats,1551 s kg,178 mm,,60 Litres,
Mahindra XUV300,₹9.95 Lakh,Dec 2021,"24,000 Kms",First Owner,Petrol,Manual,,1197 cc,108.62 bhp,16.82 kmpl,3.0,Yes,5 Seats,1430 kg,,42 Litres,,
Renault KWID,₹3.30 Lakh,2019,"30,000 Kms",First Owner,Petrol,Manual,FWD,999 cc,67 bhp,23.01 kmpl,3.0,No,5 Seats,745 kg,180 mm,28 Litres,,
MG Hector,₹13.74 Lakh,May 2021,"22,527 Kms",First Owner,Petrol,Manual,FWD,1451 cc,141 bhp,13.79 kmpl,4.0,Yes,5 Seats,,,60 Litres,,
Maruti Suzuki Ertiga,₹8.50 Lakh,Jul 2016,"50,000 Kms",First Owner,Diesel,Manual,FWD,1248 cc,88.5 bhp,24.52 kmpl,4.0,Yes,7 Seats,1260 kg,185 mm,,45 Litres,
Mercedes-Benz AMG A 35,₹47 Lakh,Dec 2022,"13,100 Kms",Second Owner,Petrol,Automatic,AWD,1991 cc,301.73 bhp,,4.0,Yes,5 Seats,1550 kg,,51 Litres,,
Kia Carens,₹9.85 Lakh,Feb 2024,"53,058 Kms",First Owner,Petrol,Manual,FWD,1497 cc,113.42 bhp,11.2 kmpl,4.0,No,6 Seats,,,45 Litres,,
Honda City,₹10.10 Lakh,Oct 2021,"75,000 Kms",First Owner,Petrol,Automatic,,1498 cc,119.35 bhp,18.3 kmpl,4.0,,5 Seats,1107-1153 kg,,40 Litres,,
Volkswagen T-Roc,₹16.50 Lakh,Sept 2020,"50,000 Kms",Second Owner,Petrol,Automatic,FWD,1498 cc,147.94 bhp,18.4 kmpl,4.0,Yes,5 Seats,1350 kg,,59 Litres,,
Volvo XC60,₹54.50 Lakh,Feb 2023,"32,000 Kms",First Owner,,Automatic,AWD,1969 cc,250 bhp,11.2 kmpl,5.0,Yes,5 Seats,1945 kg,230 mm,70 Litres,,
Renault KWID,₹4.50 Lakh,2022,"20,000 Kms",First Owner,Petrol,Manual,,999 cc,67.06 bhp,21.46 kmpl,3.0,,5 Seats,699 kg,184 mm,28 Litres,,
Kia Seltos,₹9.80 Lakh,Feb 2023,"30,204 Kms",First Owner,Petrol,Manual,FWD,1497 cc,113.43 bhp,16.8 kmpl,4.0,No,5 Seats,1340 kg,,50 Litres,,
Hyundai Creta,₹16.75 Lakh,Nov 2024,"23,000 Kms",First Owner,Petrol,Automatic,FWD,1497 cc,113.18 bhp,17.7 kmpl,4.0,No,5 Seats,,,50 Litres,,
Ford Ecosport,₹4.28 Lakh,Mar 2017,"1,23,551 Kms",First Owner,,Manual,FWD,1498 cc,98.96 bhp,23 kmpl,4.0,Yes,5 Seats,1268 kg,200 mm,,52 Litres,
Volkswagen Virtus,₹10.73 Lakh,Feb 2023,"41,935 Kms",First Owner,Petrol,Manual,FWD,999 cc,113.98 bhp,19.4 kmpl,3.0,Yes,5 Seats,1188 kg,179 mm,45 Litres,,
Mahindra Thar,₹12.90 Lakh,Oct 2021,"36,700 Kms",First Owner,,Automatic,4X4,1997 cc,150 bhp,8 kmpl,4.0,Yes,4 Seats,1825 kg,226 mm,57 Litres,,
Honda City,₹10.50 Lakh,2022,"30,000 Kms",First Owner,Petrol,Manual,,1497 cc,117.60 bhp,17.4 kmpl,4.0,,5 Seats,1061 kg,,40 Litres,,
Honda City,₹8.25 Lakh,May 2018,"28,000 Kms",First Owner,Petrol,Manual,FWD,1497 cc,117.6 bhp,17.4 kmpl,4.0,No,5 Seats,1061 kg,165 mm,40 Litres,,
Skoda Octavia,₹9.50 Lakh,Jan 2015,"60,000 Kms",First Owner,Petrol,Manual,FWD,1395 cc,148 bhp,16.7 kmpl,4.0,Yes,5 Seats,1260 kg,110 mm,50 Litres,,
Mahindra Thar,₹12.90 Lakh,Dec 2021,"36,000 Kms",First Owner,,Automatic,4X4,1997 cc,150 bhp,15.2 kmpl,4.0,Yes,4 Seats,1845 kg,226 mm,57 Litres,,
Kia Seltos,₹9.90 Lakh,Dec 2019,"24,000 Kms",Second Owner,Petrol,Automatic,2WD,1497 cc,113.42 bhp,16.8 kmpl,4.0,No,5 Seats,1555 kg,,50 Litres,,
Renault KWID,₹4 Lakh,2022,"20,000 Kms",First Owner,Petrol,Manual,,799 cc,53.26 bhp,22.25 kmpl,3.0,,5 Seats,710 kg,184 mm,28 Litres,,
BMW 5 Series,₹47 Lakh,Apr 2022,"31,000 Kms",Second Owner,Diesel,Automatic,,2993 cc,261.49 bhp,17.42 kmpl,6.0,Turbo,5 Seats,1695 kg,,,,
Tata Nexon,₹8.01 Lakh,Aug 2022,"88,407 Kms",First Owner,Diesel,Manual,,1497 cc,113.42 bhp,23.22 kmpl,4.0,Yes,5 Seats,1330 kg,209 mm,,44 Litres,
Tata Nexon,₹7.25 Lakh,Aug 2019,"51,000 Kms",First Owner,Diesel,Automatic,FWD,1497 cc,108.5 bhp,21.5 kmpl,4.0,Yes,5 Seats,1305 kg,,,44 Litres,
Mahindra Bolero,₹8.60 Lakh,Mar 2022,"30,000 Kms",First Owner,Diesel,Manual,RWD,1493 cc,74.96 bhp,16 kmpl,3.0,Yes,7 Seats,1630 kg,,,60 Litres,
Ford Figo,₹2.50 Lakh,2011,"1,50,000 Kms",Second Owner,Diesel,Manual,Front Wheel Drive,1399 cc,68 bhp,20 kmpl,4.0,No,5 Seats,1130 kg,168 mm,,45 Litres,
Hyundai Santro Xing,₹2 Lakh,2008,"50,000 Kms",First Owner,Petrol,Manual,FWD,1086 cc,62.1 bhp,17.92 kmpl,3.0,No,5 Seats,825 kg,,35 Litres,,
Honda City,₹8.36 Lakh,Nov 2021,"53,604 Kms",First Owner,Petrol,Automatic,,1498 cc,119.35 bhp,18.3 kmpl,4.0,,5 Seats,1107-1153 kg,,40 Litres,,
Nissan Micra,₹3.90 Lakh,2016,"70,000 Kms",First Owner,Diesel,Manual,FWD,1461 cc,63.1 bhp,23.08 kmpl,4.0,Yes,5 Seats,1050 kg,150 mm,,41 Litres,
Honda City,₹10.63 Lakh,Aug 2023,"37,949 Kms",First Owner,Petrol,Manual,FWD,1498 cc,119.35 bhp,17.8 kmpl,4.0,,5 Seats,1107 kg,,,,
Volvo XC90,₹75 Lakh,Jul 2022,"45,000 Kms",First Owner,Petrol,Automatic,AWD,1969 cc,295.89 bhp,17.2 kmpl,4.0,,7 Seats,2400 kg,,,,
Volkswagen T-Roc,₹14.50 Lakh,Sept 2020,"50,000 Kms",Second Owner,Petrol,Automatic,FWD,1498 cc,147.94 bhp,18.4 kmpl,4.0,Yes,5 Seats,1350 kg,,59 Litres,,
Tata Nexon,₹9.25 Lakh,Jan 2022,"64,000 Kms",First Owner,Petrol,Automatic,,1199 cc,118.35 bhp,17.05 kmpl,3.0,NO,5 Seats,1355 kg,209 mm,44 Litres,,
Mercedes-Benz GLA Class,₹19.90 Lakh,Jul 2017,"36,000 Kms",First Owner,Petrol,Automatic,AWD,1991 cc,183 bhp,,4.0,Yes,5 Seats,1525 kg,183 mm,50 Litres,,
MG Hector,₹15.54 Lakh,Oct 2022,"36,221 Kms",First Owner,,Manual,FWD,1956 cc,167.68 bhp,17.41 kmpl,4.0,Yes,5 Seats,1860 kg,183 mm,,60 Litres,
MG Astor,₹9.39 Lakh,Dec 2021,"27,369 Kms",First Owner,Petrol,Automatic,,1498 cc,108.49 bhp,14.85 kmpl,4.0,No,5 Seats,1400 kg,,48 Litres,,
Kia Carens,₹16.90 Lakh,Mar 2026,"34,500 Kms",First Owner,Diesel,Manual,2WD,1497 cc,114.41 bhp,,4.0,Yes,7 Seats,1595 kg,,,45 Litres,
Tata Zest,₹4.50 Lakh,Jun 2015,"52,000 Kms",First Owner,Diesel,Automatic,FWD,1248 cc,88.7 bhp,21.58 kmpl,4.0,Yes,5 Seats,1170 kg,170 mm,,44 Litres,
Skoda Octavia,₹25 Lakh,Feb 2018,"56,000 Kms",Second Owner,Petrol,Automatic,FWD,1984 cc,227 bhp,14.45 kmpl,4.0,Yes,5 Seats,1418 kg,141 mm,50 Litres,,
Renault KWID,₹5.75 Lakh,2024,"10,000 Kms",First Owner,Petrol,Automatic,FWD,999 cc,67.06 bhp,22.3 kmpl,3.0,,5 Seats,,184 mm,28 Litres,,
Audi A4,₹30 Lakh,Mar 2023,"34,000 Kms",First Owner,Petrol,Automatic,FWD,1998 cc,187.74 bhp,,4.0,Yes,5 Seats,1555 kg,,54 Litres,,
Kia Seltos,₹11.45 Lakh,Sept 2022,"48,500 Kms",First Owner,Diesel,Manual,FWD,1493 cc,113.43 bhp,20.8 kmpl,4.0,Yes,5 Seats,1435 kg,,,50 Litres,
Toyota Vellfire,₹98.50 Lakh,Aug 2021,"30,000 Kms",First Owner,Petrol,Automatic,4WD,2494 cc,115.32 bhp,,4.0,No,7 Seats,2075 kg,,58 Litres,,
Volkswagen Taigun,₹14.25 Lakh,Jun 2022,"13,000 Kms",First Owner,Petrol,Automatic,,999 cc,113.98 bhp,18.41 kmpl,3.0,Yes,5 Seats,1285 kg,188 mm,50 Litres,,
Hyundai Creta,₹8.90 Lakh,Dec 2018,"61,000 Kms",First Owner,Diesel,Manual,FWD,1396 cc,88.7 bhp,22.1 kmpl,4.0,No,5 Seats,1240 kg,,,,
Jeep Grand Cherokee,₹33 Lakh,Jun 2018,"84,000 Kms",First Owner,,Automatic,4WD,3604 cc,285.6 bhp,12.8 kmpl,6.0,Yes,5 Seats,2374 kg,252 mm,93 Litres,,
MG Astor,₹13.65 Lakh,Feb 2022,"25,000 Kms",First Owner,Petrol,Automatic,,1498 cc,108.49 bhp,14.82 kmpl,4.0,No,5 Seats,1450 kg,,48 Litres,,
MG Astor,₹13 Lakh,Jan 2022,"29,000 Kms",First Owner,Petrol,Automatic,,1498 cc,108.49 bhp,14.82 kmpl,4.0,No,5 Seats,1400 kg,,48 Litres,,
Honda City,₹8.71 Lakh,Sept 2020,"53,401 Kms",First Owner,Petrol,Automatic,,1498 cc,119.35 bhp,18.3 kmpl,4.0,,5 Seats,1107-1153 kg,,40 Litres,,
Toyota Etios,₹2.75 Lakh,Dec 2012,"97,115 Kms",Third Owner,Diesel,Manual,,1364 cc,,23.59 kmpl,4.0,,5 Seats,920 kg,,,45 Litres,
Kia Seltos,₹10.64 Lakh,Mar 2021,"65,850 Kms",First Owner,Diesel,Manual,2WD,1493 cc,114.41 bhp,17 kmpl,4.0,Yes,5 Seats,,,,50 Litres,
Audi A4,₹10.90 Lakh,Jun 2015,"78,000 Kms",Second Owner,Petrol,Automatic,FWD,1798 cc,167.62 bhp,,4.0,Yes,5 Seats,1545 kg,165 mm,63 Litres,,
Toyota Camry,₹39 Lakh,Feb 2022,"33,000 Kms",First Owner,Petrol,Automatic,FWD,2487 cc,214.5 bhp,19.16 kmpl,4.0,No,5 Seats,1665 kg,160 mm,50 Litres,,
Maruti Suzuki Vitara Brezza,₹8.45 Lakh,Apr 2018,"51,000 Kms",First Owner,,Manual,FWD,1248 cc,88.5 bhp,24.3 kmpl,4.0,Yes,5 Seats,1200 kg,198 mm,,48 Litres,
Honda City,₹10.50 Lakh,Apr 2022,"53,153 Kms",First Owner,Petrol,Manual,,1498 cc,119.35 bhp,18.6 kmpl,4.0,,5 Seats,1107-1153 kg,,40 Litres,,
Ford Ecosport,₹3.45 Lakh,Feb 2016,"87,384 Kms",Third Owner,,Automatic,FWD,1499 cc,110.4 bhp,15.63 kmpl,4.0,No,5 Seats,1250 kg,200 mm,52 Litres,,
Toyota Camry,₹39.50 Lakh,Feb 2022,"30,000 Kms",First Owner,Petrol,Automatic,FWD,2487 cc,175.67 bhp,,4.0,,5 Seats,1665mm kg,,50 Litres,,
Volkswagen Polo,₹6.90 Lakh,2017,"1,20,000 Kms",First Owner,Petrol,Automatic,FWD,1197 cc,103.5 bhp,17.21 kmpl,4.0,Yes,5 Seats,1109 kg,165 mm,45 Litres,,
Chevrolet Beat,₹2 Lakh,2013,"70,000 Kms",Second Owner,Petrol,Manual,FWD,1199 cc,79.4 bhp,18.6 kmpl,4.0,No,5 Seats,990 kg,165 mm,35 Litres,,
Kia Seltos,₹11.96 Lakh,Feb 2020,"63,946 Kms",Second Owner,Diesel,Automatic,2WD,1493 cc,114.41 bhp,19.1 kmpl,4.0,Yes,5 Seats,,,,50 Litres,
Kia Seltos,₹9 Lakh,Jul 2020,"66,000 Kms",Second Owner,Petrol,Automatic,2WD,1497 cc,113.42 bhp,16.8 kmpl,4.0,No,5 Seats,1555 kg,,50 Litres,,
BMW 5 Series,₹32 Lakh,Apr 2018,"72,283 Kms",Second Owner,Diesel,Automatic,RWD,1995 cc,187.74 bhp,,4.0,Twin,5 Seats,1660 kg,,,66 Litres,
Volkswagen Taigun,₹9.25 Lakh,Aug 2022,"28,730 Kms",First Owner,Petrol,Manual,,999 cc,113.98 bhp,20.08 kmpl,3.0,Yes,5 Seats,1255 kg,188 mm,50 Litres,,
Ford Ecosport,₹3.50 Lakh,Nov 2013,"1,06,458 Kms",First Owner,,Manual,FWD,1498 cc,89.84 bhp,22.7 kmpl,4.0,Yes,5 Seats,1290 kg,200 mm,,52 Litres,
Kia Seltos,₹11.93 Lakh,Feb 2021,"14,389 Kms",First Owner,Diesel,Manual,2WD,1493 cc,114.41 bhp,17 kmpl,4.0,Yes,5 Seats,,,,50 Litres,
Kia Carens,₹16.25 Lakh,Mar 2022,"33,000 Kms",First Owner,Diesel,Automatic,2WD,1493 cc,114.41 bhp,,4.0,Yes,6 Seats,1630 kg,,,45 Litres,
Skoda Kushaq,₹15.50 Lakh,Feb 2024,"11,000 Kms",First Owner,Petrol,Manual,FWD,1498 cc,147.51 bhp,18.6 kmpl,4.0,Yes,5 Seats,1269-1300 kg,,50 Litres,,
Toyota Camry,₹29.50 Lakh,May 2022,"73,000 Kms",Second Owner,Petrol,Automatic,FWD,2487 cc,175.67 bhp,,4.0,,5 Seats,1665mm kg,,50 Litres,,
Skoda Laura,₹3.50 Lakh,May 2010,"78,000 Kms",Second Owner,Diesel,Automatic,FWD,1896 cc,,17 kmpl,4.0,Yes,5 Seats,1335 kg,164 mm,,55 Litres,
Skoda Kushaq,₹12.60 Lakh,May 2022,"16,000 Kms",First Owner,,Automatic,FWD,999 cc,113.98 bhp,17.2 kmpl,3.0,Yes,5 Seats,1245-1280 kg,188 mm,50 Litres,,
Mahindra KUV 100 NXT,₹3.24 Lakh,2017,"69,000 Kms",Second Owner,Petrol,Manual,FWD,1198 cc,82 bhp,18.15 kmpl,3.0,No,6 Seats,975 kg,170 mm,35 Litres,,
Kia Seltos,₹9.17 Lakh,Sept 2020,"83,021 Kms",First Owner,Petrol,Automatic,2WD,1497 cc,113.42 bhp,16.8 kmpl,4.0,No,5 Seats,1555 kg,,50 Litres,,
Mahindra Thar,₹13 Lakh,Mar 2022,"62,000 Kms",First Owner,,Automatic,4X4,1997 cc,150 bhp,8 kmpl,4.0,Yes,4 Seats,1825 kg,226 mm,57 Litres,,
BMW X5,₹39 Lakh,Jul 2018,"46,000 Kms",Second Owner,Diesel,Automatic,4WD,2993 cc,258 bhp,,6.0,Yes,5 Seats,2030 kg,209 mm,,85 Litres,
Honda City,₹10.71 Lakh,Feb 2021,"59,941 Kms",First Owner,Petrol,Manual,,1498 cc,119.35 bhp,18.6 kmpl,4.0,,5 Seats,1107-1153 kg,,40 Litres,,
Honda City,₹4.51 Lakh,Aug 2016,"1,03,927 Kms",Third Owner,Petrol,Automatic,FWD,1497 cc,117.3 bhp,18 kmpl,4.0,No,5 Seats,1085 kg,165 mm,40 Litres,,
Hyundai i20,₹1 Lakh,2010,"40,000 Kms",Fourth Owner,Petrol,Manual,,1197 cc,,17 kmpl,4.0,No,5 Seats,990 kg,165 mm,45 Litres,,
Kia Seltos,₹16.03 Lakh,Sept 2022,"33,361 Kms",First Owner,Diesel,Automatic,FWD,1493 cc,113.43 bhp,18 kmpl,4.0,Yes,5 Seats,1540 kg,,,50 Litres,
Kia Sonet,₹8.41 Lakh,Jul 2023,"39,229 Kms",First Owner,Diesel,Automatic,2WD,1493 cc,114.41 bhp,,4.0,Yes,5 Seats,,,,45 Litres,
Kia Carens,₹16.75 Lakh,Mar 2023,"38,200 Kms",First Owner,Diesel,Automatic,FWD,1493 cc,114.41 bhp,,4.0,Yes,6 Seats,,,,45 Litres,
Skoda Kodiaq,₹35.50 Lakh,Mar 2022,"20,000 Kms",First Owner,,Automatic,4WD,1984 cc,187.74 bhp,12.78 kmpl,4.0,Yes,7 Seats,1779 kg,192 mm,60 Litres,,
Toyota Vellfire,₹1.05 Crore,Nov 2022,"47,000 Kms",First Owner,Petrol,Automatic,4WD,2494 cc,115.32 bhp,,4.0,No,7 Seats,2075 kg,,58 Litres,,
Kia Seltos,₹9.40 Lakh,Dec 2019,"95,000 Kms",First Owner,Diesel,Manual,FWD,1493 cc,113.43 bhp,20.8 kmpl,4.0,Yes,5 Seats,1465 kg,,,50 Litres,
Hyundai i10,₹1.50 Lakh,2009,"90,000 Kms",Second Owner,Petrol,Manual,FWD,1086 cc,68.05 bhp,19.81 kmpl,4.0,No,5 Seats,860 kg,165 mm,35 Litres,,
Jeep Compass,₹15.30 Lakh,Dec 2021,"42,000 Kms",First Owner,Petrol,Automatic,4x2,1368 cc,160.77 bhp,14.1 kmpl,4.0,,5 Seats,1580 kg,,60 Litres,,
Mahindra XUV500,₹8.25 Lakh,Nov 2015,"1,00,000 Kms",Second Owner,Diesel,Manual,AWD,2179 cc,140 bhp,15.1 kmpl,4.0,Yes,7 Seats,1635 kg,,,,
Kia Sonet,₹8.15 Lakh,Jan 2022,"56,000 Kms",First Owner,Diesel,Manual,FWD,1493 cc,98.63 bhp,,4.0,Yes,5 Seats,1351 kg,,,45 Litres,
Tata Manza,₹1.85 Lakh,Jul 2011,"1,92,333 Kms",First Owner,Diesel,Manual,,1248 cc,,18.8 kmpl,4.0,No,5 Seats,1200 . kg,165 mm,,44 Litres,
Mahindra XUV300,₹10.50 Lakh,Jan 2023,"21,000 Kms",First Owner,,Manual,FWD,1497 cc,115 bhp,20 kmpl,4.0,Yes,5 Seats,1325 kg,180 mm,,42 Litres,
Toyota Innova Hycross,₹34 Lakh,Sept 2024,"34,902 Kms",First Owner,Petrol,Automatic,FWD,1987 cc,183.72 bhp,,4.0,,7 Seats,,,52 Litres,,
BMW 3 Series,₹34.50 Lakh,Sept 2019,"37,000 Kms",First Owner,Petrol,Automatic,RWD,1998 cc,254.79 bhp,,4.0,Yes,5 Seats,"1,520 kg",165 mm,59 Litres,,
Honda City,₹16.50 Lakh,May 2025,"15,000 Kms",First Owner,Petrol,Automatic,FWD,1498 cc,119.35 bhp,18.4 kmpl,4.0,,5 Seats,1107 kg,,40 Litres,,
Mercedes-Benz S-Class,₹1.08 Crore,Feb 2021,"39,000 Kms",First Owner,Diesel,Automatic,RWD,2925 cc,281.61 bhp,,6.0,Yes,5 Seats,2045 kg,,,70 Litres,
Honda Civic,₹15.50 Lakh,Nov 2019,"60,000 Kms",First Owner,Petrol,Automatic,FWD,1799 cc,139.46 bhp,16.5 kmpl,4.0,,5 Seats,1300 kg,,47 Litres,,
BMW 3 Series,₹34 Lakh,Dec 2020,"34,000 Kms",First Owner,Petrol,Automatic,RWD,1998 cc,254.79 bhp,,4.0,Yes,5 Seats,1530 kg,165 mm,59 Litres,,
Mercedes-Benz E-Class,₹17.75 Lakh,Aug 2016,"85,000 Kms",First Owner,Diesel,Automatic,RWD,2143 cc,204 bhp,,4.0,Yes,5 Seats,1800 kg,123 mm,,80 Litres,
Land Rover Discovery Sport,₹21 Lakh,Nov 2017,"80,000 Kms",Second Owner,Diesel,Automatic,4WD,1999 cc,147.5 bhp,,4.0,Yes,5 Seats,2064 kg,212 mm,,65 Litres,
Skoda Superb,₹10.75 Lakh,Jan 2016,"95,000 Kms",First Owner,Petrol,Automatic,FWD,1798 cc,177.46 bhp,14.67 kmpl,4.0,Yes,5 Seats,1540 kg,164 mm,66 Litres,,
Volvo XC90,₹36.50 Lakh,Aug 2016,"60,000 Kms",Second Owner,,Automatic,AWD,1969 cc,235 bhp,17.2 kmpl,4.0,Yes,7 Seats,2350 kg,238 mm,,68 Litres,
Toyota Innova Crysta,₹24.45 Lakh,Jun 2022,"67,000 Kms",First Owner,Diesel,Manual,RWD,2393 cc,148 bhp,,4.0,Yes,7 Seats,1880 kg,,,55 Litres,
Kia Seltos,₹17.50 Lakh,Oct 2023,"30,000 Kms",First Owner,Diesel,Automatic,FWD,1493 cc,113.43 bhp,18 kmpl,4.0,Yes,5 Seats,1480 kg,,,50 Litres,
Mahindra XUV700,₹19.80 Lakh,Aug 2022,"50,354 Kms",First Owner,Petrol,Automatic,FWD,1999 cc,197.13 bhp,11 kmpl,4.0,Yes,7 Seats,1850 kg,,60 Litres,,
Volkswagen Virtus,₹12.94 Lakh,Jul 2022,"46,726 Kms",First Owner,Petrol,Automatic,FWD,999 cc,113.98 bhp,18.12 kmpl,3.0,Yes,5 Seats,1245 kg,179 mm,45 Litres,,
Kia Seltos,₹16.79 Lakh,Jan 2024,"40,331 Kms",First Owner,Petrol,Automatic,2WD,1482 cc,157.81 bhp,17.9 kmpl,4.0,Yes,5 Seats,,,50 Litres,,
Hyundai Creta,₹19.53 Lakh,Apr 2023,"20,003 Kms",First Owner,Diesel,Automatic,2WD,1493 cc,113.45 bhp,14 kmpl,4.0,Yes,5 Seats,1685 kg,,,50 Litres,
Kia Seltos,₹9.85 Lakh,Oct 2019,"95,150 Kms",First Owner,Petrol,Automatic,2WD,1497 cc,113.42 bhp,17.7 kmpl,4.0,No,5 Seats,,,50 Litres,,
BMW 7 Series,₹1.45 Crore,May 2023,"8,000 Kms",First Owner,Petrol,Automatic,AWD,2998 cc,375.48 bhp,,6.0,Yes,5 Seats,1915 kg,136 mm,74 Litres,,
Mahindra XUV500,₹10.75 Lakh,Mar 2016,"49,000 Kms",Second Owner,,Manual,FWD,2179 cc,140 bhp,16 kmpl,4.0,Yes,7 Seats,1655 kg,200 mm,,70 Litres,
Mahindra Thar,₹12.50 Lakh,Mar 2021,"16,000 Kms",First Owner,,Automatic,4X4,1997 cc,150 bhp,8 kmpl,4.0,Yes,4 Seats,1825 kg,226 mm,57 Litres,,
BMW 5 Series,₹35 Lakh,Feb 2018,"81,000 Kms",First Owner,Diesel,Automatic,RWD,2993 cc,258 bhp,,6.0,Yes,5 Seats,"1,670 kg",158 mm,,70 Litres,
Toyota Innova,₹9.50 Lakh,Nov 2015,"1,65,000 Kms",Second Owner,Diesel,Manual,RWD,2494 cc,100.6 bhp,,4.0,Yes,7 Seats,1600 kg,176 mm,,55 Litres,
BMW 6 Series,₹39 Lakh,May 2020,"40,000 Kms",First Owner,Petrol,Automatic,FWD,1998 cc,254.7 bhp,,4.0,Yes,4 Seats,1885 kg,124 mm,65 Litres,,
Audi A6,₹38 Lakh,Oct 2021,"45,000 Kms",First Owner,Petrol,Automatic,FWD,1984 cc,241.3 bhp,14.11 kmpl,4.0,Yes,5 Seats,1740 kg,165 mm,73 Litres,,
C 250 CDI Avantgarde,₹9.25 Lakh,Nov 2012,"1,17,000 Kms",Second Owner,Diesel,Automatic,RWD,2143 cc,201.15 bhp,,4.0,Yes,5 Seats,1650 kg,157 mm,,66 Litres,
Honda Civic,₹16 Lakh,Feb 2020,"22,000 Kms",Second Owner,Diesel,Manual,FWD,1597 cc,118 bhp,23.9 kmpl,4.0,,5 Seats,1358 kg,,,47 Litres,
Toyota Innova Crysta,₹18.50 Lakh,Mar 2018,"1,72,000 Kms",Second Owner,Diesel,Manual,RWD,2393 cc,147.8 bhp,,4.0,Yes,7 Seats,1805 kg,178 mm,,55 Litres,
Jaguar F-Pace,₹35 Lakh,Mar 2017,"56,000 Kms",Second Owner,,Automatic,FWD,1999 cc,177 bhp,16.38 kmpl,4.0,Yes,5 Seats,1775 kg,213 mm,,60 Litres,
Kia Carens,₹16.90 Lakh,Aug 2022,"18,000 Kms",First Owner,Diesel,Automatic,2WD,1493 cc,114.41 bhp,,4.0,Yes,6 Seats,1630 kg,,,45 Litres,
Mahindra Marazzo,₹9.50 Lakh,Apr 2018,"90,000 Kms",First Owner,Diesel,Manual,FWD,1497 cc,121 bhp,,4.0,Yes,8 Seats,1650 s kg,,,45 Litres,
MG Hector,₹9.72 Lakh,Oct 2019,"74,639 Kms",First Owner,Diesel,Manual,FWD,1956 cc,167.68 bhp,17.41 kmpl,4.0,Yes,5 Seats,1525 kg,,,60 Litres,
MG Hector,₹9.99 Lakh,Nov 2020,"68,668 Kms",First Owner,,Automatic,FWD,1451 cc,141 bhp,13.96 kmpl,4.0,Yes,5 Seats,1800 kg,183 mm,60 Litres,,
Audi A6,₹34.50 Lakh,Mar 2021,"45,000 Kms",First Owner,Petrol,Automatic,FWD,1984 cc,241.3 bhp,14.11 kmpl,4.0,Yes,5 Seats,1740 kg,165 mm,73 Litres,,
Land Rover Discovery,₹43.50 Lakh,Jun 2021,"50,000 Kms",First Owner,Petrol,Automatic,,1997 cc,,,4.0,,7 Seats,2072 kg,,,,
Kia Seltos,₹12.53 Lakh,Jul 2021,"87,974 Kms",First Owner,Diesel,Automatic,2WD,1493 cc,114.41 bhp,19.1 kmpl,4.0,Yes,5 Seats,,,,50 Litres,
Maruti Suzuki Alto 800,₹1.80 Lakh,2011,"80,000 Kms",Second Owner,Petrol,Manual,FWD,796 cc,46.3 bhp,19.7 kmpl,3.0,No,5 Seats,705 kg,160 mm,35 Litres,,
Skoda Octavia,₹18.99 Lakh,Jul 2022,"60,000 Kms",First Owner,Petrol,Automatic,FWD,1984 cc,187.74 bhp,15.81 kmpl,4.0,Yes,5 Seats,1430 kg,137 mm,50 Litres,,
Skoda Kodiaq,₹12.60 Lakh,Aug 2018,"86,339 Kms",Second Owner,Diesel,Automatic,4WD,1968 cc,148 bhp,,4.0,Yes,7 Seats,1799 kg,188 mm,,63 Litres,
Tata Nexon,₹8.85 Lakh,Jul 2023,"16,500 Kms",First Owner,Petrol,Automatic,,1199 cc,118.35 bhp,17.05 kmpl,3.0,Yes,5 Seats,1310 kg,209 mm,44 Litres,,
Tata Safari,₹12.49 Lakh,Mar 2022,"86,368 Kms",First Owner,Diesel,Automatic,,1956 cc,167.67 bhp,14.08 kmpl,4.0,Yes,7 Seats,1825 kg,,,50 Litres,
Hyundai Xcent,₹2.50 Lakh,2014,"1,00,000 Kms",Second Owner,Petrol,Manual,FWD,1197 cc,82 bhp,19.1 kmpl,4.0,No,5 Seats,1160 kg,165 mm,43 Litres,,
Maruti Suzuki Vitara Brezza,₹8.50 Lakh,Mar 2019,"90,000 Kms",First Owner,,Automatic,FWD,1248 cc,88.5 bhp,24.3 kmpl,4.0,Yes,5 Seats,1195 kg,198 mm,,48 Litres,
Honda Elevate,₹16 Lakh,Mar 2023,"25,750 Kms",First Owner,Petrol,Automatic,FWD,1498 cc,119 bhp,16.92 kmpl,4.0,,5 Seats,1213 kg,,40 Litres,,
Audi A3,₹23 Lakh,Jul 2019,"5,000 Kms",First Owner,Petrol,Automatic,FWD,1395 cc,150 bhp,,4.0,Yes,5 Seats,1415 kg,165 mm,50 Litres,,
Mercedes-Benz E-Class,₹32 Lakh,Nov 2019,"98,000 Kms",First Owner,Diesel,Automatic,RWD,1950 cc,191.7 bhp,,4.0,Yes,5 Seats,1805 kg,,,80 Litres,
MG Astor,₹11.25 Lakh,Oct 2023,"14,000 Kms",First Owner,Petrol,Automatic,,1498 cc,108.49 bhp,,4.0,No,5 Seats,1500 kg,,48 Litres,,
Jeep Compass,₹8.62 Lakh,Oct 2020,"91,400 Kms",First Owner,,Manual,4X2,1956 cc,170.63 bhp,17.1 kmpl,4.0,Yes,5 Seats,1562 s kg,178 mm,,60 Litres,
Toyota Innova Crysta,₹18 Lakh,Dec 2019,"86,000 Kms",Second Owner,Diesel,Automatic,RWD,2755 cc,171.5 bhp,,4.0,Yes,7 Seats,1830 kg,,,55 Litres,
Jaguar XE,₹21 Lakh,Mar 2018,"60,000 Kms",Second Owner,Diesel,Automatic,RWD,1999 cc,177 bhp,,4.0,Yes,5 Seats,1615 kg,,,68 Litres,
BMW 3 Series,₹9 Lakh,Aug 2013,"1,38,000 Kms",Second Owner,Diesel,Automatic,RWD,1995 cc,184 bhp,,4.0,Yes,5 Seats,1500 kg,157 mm,,60 Litres,
Honda City,₹4.35 Lakh,Jul 2018,"50,592 Kms",Third Owner,Petrol,Manual,FWD,1497 cc,116.3 bhp,16.8 kmpl,4.0,No,5 Seats,1095 kg,165 mm,42 Litres,,
Kia Seltos,₹16 Lakh,Aug 2023,"39,000 Kms",First Owner,Diesel,Automatic,FWD,1493 cc,113.43 bhp,,4.0,Yes,5 Seats,1468 kg,,,50 Litres,
Volvo EX40,₹39 Lakh,Nov 2024,"18,155 Kms",First Owner,,Automatic,AWD,,237.99 bhp,,,,5 Seats,2205 kg,,,,
BMW iX1,₹43.90 Lakh,Jan 2025,"14,486 Kms",First Owner,,Automatic,AWD,,308.43 bhp,,,,5 Seats,,,,,
BMW X1,₹29 Lakh,Apr 2022,"10,614 Kms",First Owner,Petrol,Automatic,,1998 cc,189.08 bhp,14.82 kmpl,4.0,Twin,5 Seats,1570 kg,,51 Litres,,
Maruti Suzuki Grand Vitara,₹10.22 Lakh,Jun 2023,"75,164 Kms",First Owner,Petrol,Manual,2WD,1462 cc,101.64 bhp,21.11 kmpl,4.0,,5 Seats,1150 - 1185 kg,,45 Litres,,
Skoda Kushaq,₹7.90 Lakh,Dec 2021,"1,06,096 Kms",First Owner,,Manual,FWD,1498 cc,147.51 bhp,17.95 kmpl,4.0,Yes,5 Seats,1298 kg,188 mm,50 Litres,,
Mercedes-Benz GLS,₹90 Lakh,2022,"40,000 Kms",First Owner,Diesel,Automatic,AWD,2925 cc,325.86 bhp,,6.0,,7 Seats,2505 kg,,,,
Ford Ecosport,₹5.34 Lakh,Apr 2019,"69,896 Kms",First Owner,Petrol,Manual,FWD,1496 cc,120.69 bhp,15.9 kmpl,3.0,No,5 Seats,1225 kg,,52 Litres,,
Honda Amaze,₹4.50 Lakh,Jul 2018,"76,617 Kms",First Owner,Petrol,Manual,FWD,1198 cc,86.7 bhp,17.8 kmpl,4.0,No,5 Seats,955 kg,165 mm,35 Litres,,
Maruti Suzuki Baleno,₹4.32 Lakh,May 2019,"82,759 Kms",First Owner,Diesel,Manual,FWD,1248 cc,74 bhp,27.39 kmpl,4.0,Yes,5 Seats,960-985 kg,170 mm,,37 Litres,
BMW iX,₹59.90 Lakh,Jan 2023,"37,764 Kms",First Owner,,Automatic,AWD,,321.84 bhp,,,,5 Seats,2285 kg,,,,
Honda Amaze 2nd Gen,₹7.21 Lakh,Feb 2024,"15,132 Kms",First Owner,Petrol,Manual,FWD,1199 cc,88.50 bhp,18.6 kmpl,4.0,,5 Seats,934 kg,,35 Litres,,
Maruti Suzuki Ignis,₹4.54 Lakh,Jan 2021,"54,998 Kms",First Owner,Petrol,Automatic,FWD,1197 cc,81.80 bhp,20.89 kmpl,4.0,No,5 Seats,855 kg,180 mm,32 Litres,,
MG Hector Plus,₹14 Lakh,Aug 2022,"34,240 Kms",First Owner,Petrol,Manual,,1451 cc,141 bhp,13.79 kmpl,4.0,YES,7 Seats,1770 kg,,60 Litres,,
Audi Q3,₹32 Lakh,Aug 2023,"32,882 Kms",First Owner,Petrol,Automatic,AWD,1984 cc,187.74 bhp,,4.0,,5 Seats,1700 kg,,62.4 Litres,,
MG Hector Plus,₹13.49 Lakh,Aug 2020,"17,460 Kms",First Owner,Petrol,Manual,,1451 cc,141 bhp,13.79 kmpl,4.0,YES,7 Seats,1770 kg,,60 Litres,,
Renault KWID,₹2.69 Lakh,Jan 2017,"36,687 Kms",First Owner,Petrol,Automatic,FWD,999 cc,67.06 bhp,22.3 kmpl,3.0,,5 Seats,,184 mm,28 Litres,,
Volkswagen Polo,₹3.49 Lakh,Dec 2015,"67,934 Kms",Second Owner,Petrol,Manual,FWD,1198 cc,73.9 bhp,16.47 kmpl,3.0,No,5 Seats,1055 kg,168 mm,45 Litres,,
BMW X3,₹47.90 Lakh,Apr 2023,"36,500 Kms",First Owner,Diesel,Automatic,4WD,1995 cc,187.74 bhp,,4.0,Twin,5 Seats,1865 kg,,,65 Litres,
Tata Altroz,₹5.19 Lakh,Jan 2021,"72,483 Kms",First Owner,Petrol,Manual,FWD,1199 cc,86.79 bhp,19.33 kmpl,3.0,No,5 Seats,,165 mm,37 Litres,,
Nissan Magnite,₹4.70 Lakh,Mar 2023,"25,145 Kms",First Owner,,Manual,FWD,999 cc,71.01 bhp,19.35 kmpl,3.0,No,5 Seats,,205 mm,40 Litres,,
BMW X7,₹1.09 Crore,Apr 2024,"28,310 Kms",First Owner,Petrol,Automatic,4WD,2998 cc,375.48 bhp,,6.0,Yes,6 Seats,,,83 Litres,,
Tata Punch,₹4.88 Lakh,Aug 2023,"29,989 Kms",First Owner,,Manual,FWD,1199 cc,87 bhp,20.09 kmpl,3.0,,5 Seats,,187 mm,37 Litres,,
Renault KWID,₹2.52 Lakh,Sept 2018,"78,917 Kms",First Owner,Petrol,Manual,FWD,999 cc,67 bhp,21.74 kmpl,3.0,No,5 Seats,730 kg,184 mm,28 Litres,,
Tata Altroz,₹6.32 Lakh,Aug 2021,"44,319 Kms",First Owner,Diesel,Manual,FWD,1497 cc,88.76 bhp,23.64 kmpl,4.0,Yes,5 Seats,,165 mm,,37 Litres,
BMW X1,₹44 Lakh,Oct 2024,"17,025 Kms",First Owner,Petrol,Automatic,FWD,1499 cc,134.10 bhp,20.37 kmpl,3.0,Twin,5 Seats,1535 kg,,51 Litres,,
Maruti Suzuki Vitara Brezza,₹5.55 Lakh,Oct 2020,"56,089 Kms",First Owner,Petrol,Manual,FWD,1462 cc,103.26 bhp,17.03 kmpl,4.0,,5 Seats,1110-1130 kg,,48 Litres,,
Toyota Yaris,₹4.87 Lakh,Sept 2018,"79,292 Kms",First Owner,Petrol,Automatic,FWD,1496 cc,105.94 bhp,17.8 kmpl,4.0,No,5 Seats,1115 kg,,42 Litres,,
Hyundai Grand i10,₹3.15 Lakh,Dec 2018,"83,273 Kms",First Owner,Petrol,Manual,FWD,1197 cc,81.86 bhp,18.9 kmpl,4.0,No,5 Seats,1120 kg,165 mm,43 Litres,,
Toyota Fortuner,₹31 Lakh,2024,"20,000 Kms",First Owner,Petrol,Manual,2WD,2694 cc,163.60 bhp,11 kmpl,4.0,No,7 Seats,,,80 Litres,,
Toyota Fortuner,₹23 Lakh,2018,"1,20,000 Kms",First Owner,,Automatic,4WD,2755 cc,174.5 bhp,15.04 kmpl,4.0,Yes,7 Seats,2560 kg,220 mm,,80 Litres,
Toyota Vellfire,₹68 Lakh,2021,"84,000 Kms",First Owner,Petrol,Automatic,4WD,2494 cc,115.32 bhp,,4.0,No,7 Seats,2075 kg,,58 Litres,,
BMW 5 Series,₹14 Lakh,2017,"70,000 Kms",Second Owner,Diesel,Automatic,RWD,1995 cc,190 bhp,,4.0,Yes,5 Seats,"1,550 kg",158 mm,,70 Litres,
Maruti Suzuki Wagon R,₹90 Thousand,2012,"1,00,000 Kms",Third Owner,Petrol,Manual,FWD,998 cc,67.1 bhp,18.9 kmpl,3.0,No,5 Seats,870 kg,165 mm,35 Litres,,
Mahindra Thar,₹9.50 Lakh,2021,"90,000 Kms",Second Owner,,Manual,4X4,2184 cc,130 bhp,15.2 kmpl,4.0,Yes,4 Seats,1730 kg,226 mm,,57 Litres,
Skoda Kushaq,₹15 Lakh,2023,"30,000 Kms",First Owner,,Automatic,FWD,1498 cc,147.51 bhp,17.7 kmpl,4.0,Yes,5 Seats,1312 kg,188 mm,50 Litres,,
Maruti Suzuki S-Presso,₹3.50 Lakh,2021,"60,000 Kms",First Owner,Petrol,Manual,FWD,998 cc,65.71 bhp,21.7 kmpl,3.0,,5 Seats,736-775 kg,,27 Litres,,
Maruti Suzuki Celerio,₹3 Lakh,2019,"1,60,000 Kms",First Owner,CNG,Manual,FWD,998 cc,58.33 bhp,31.79 km/kg,3.0,No,5 Seats,920 kg,165 mm,,,60 Litres
Skoda Kodiaq,₹25.87 Lakh,Jul 2024,"44,599 Kms",First Owner,Petrol,Automatic,4WD,1984 cc,187.74 bhp,13.32 kmpl,4.0,Yes,7 Seats,1793 kg,,58 Litres,,
Mahindra XUV700,₹13.12 Lakh,Apr 2023,"52,319 Kms",First Owner,Diesel,Manual,FWD,2198 cc,182.38 bhp,17 kmpl,4.0,Yes,7 Seats,,,,60 Litres,
MG Gloster,₹26.68 Lakh,Jun 2023,"36,504 Kms",First Owner,Diesel,Automatic,4x2,1996 cc,158.79 bhp,13.92 kmpl,4.0,Yes,7 Seats,2460 kg,,,75 Litres,
BMW 5 Series,₹46 Lakh,2023,"10,000 Kms",Second Owner,Petrol,Automatic,,1998 cc,248.08 bhp,14.82 kmpl,4.0,Twin,5 Seats,1695 kg,,,,
Kia Seltos,₹14.27 Lakh,Nov 2024,"27,894 Kms",First Owner,Diesel,Automatic,2WD,1493 cc,114.41 bhp,19.1 kmpl,4.0,Yes,5 Seats,,,,50 Litres,
Tata Altroz,₹5.35 Lakh,Aug 2023,"83,684 Kms",First Owner,CNG,Manual,FWD,1199 cc,72.49 bhp,26.2 km/kg,3.0,No,5 Seats,,165 mm,,,60 Litres
Tata Tiago,₹4.10 Lakh,Dec 2024,"8,717 Kms",First Owner,Petrol,Manual,FWD,1199 cc,85 bhp,19.01 kmpl,3.0,,5 Seats,,170 mm,35 Litres,,
BMW 5 Series,₹47.50 Lakh,Sept 2022,"41,814 Kms",First Owner,Petrol,Automatic,,1998 cc,248.08 bhp,14.82 kmpl,4.0,Twin,5 Seats,1695 kg,,,,
MG Hector Plus,₹15.40 Lakh,Sept 2025,"1,516 Kms",First Owner,Petrol,Manual,,1451 cc,141 bhp,13.79 kmpl,4.0,YES,7 Seats,1770 kg,,60 Litres,,
Mahindra XUV700,₹16.75 Lakh,Jun 2023,"16,368 Kms",First Owner,Diesel,Automatic,FWD,2198 cc,182 bhp,16.57 kmpl,4.0,Yes,7 Seats,,,,60 Litres,
Kia Seltos,₹16.50 Lakh,Jun 2024,"30,469 Kms",First Owner,Petrol,Automatic,2WD,1482 cc,157.81 bhp,17.9 kmpl,4.0,Yes,5 Seats,,,50 Litres,,
BMW X1,₹38.90 Lakh,Jan 2024,"33,100 Kms",First Owner,Petrol,Automatic,FWD,1499 cc,134.10 bhp,20.37 kmpl,3.0,Twin,5 Seats,1535 kg,,51 Litres,,
Maruti Suzuki XL6,₹9.10 Lakh,Dec 2021,"43,244 Kms",First Owner,Petrol,Automatic,FWD,1462 cc,103.2 bhp,17.99 kmpl,4.0,,6 Seats,1190 kg,,45 Litres,,
Volkswagen Vento,₹7.34 Lakh,Mar 2022,"63,736 Kms",First Owner,Petrol,Manual,FWD,999 cc,108.62 bhp,17.69 kmpl,3.0,Yes,5 Seats,1138 kg,163 mm,55 Litres,,
Honda City,₹4.65 Lakh,Jan 2017,"82,000 Kms",First Owner,Petrol,Automatic,FWD,1497 cc,117.3 bhp,18 kmpl,4.0,No,5 Seats,1065 kg,165 mm,40 Litres,,
Audi A4,₹27.90 Lakh,Jan 2022,"32,000 Kms",Second Owner,Petrol,Automatic,FWD,1984 cc,207 bhp,14.1 kmpl,4.0,Yes,5 Seats,1555 kg,,54 Litres,,
Honda City,₹3.25 Lakh,Jun 2013,"95,000 Kms",First Owner,Petrol,Manual,FWD,1497 cc,116.3 bhp,16.8 kmpl,4.0,No,5 Seats,1090 kg,165 mm,42 Litres,,
Tata Altroz,₹6.52 Lakh,Nov 2021,"52,703 Kms",First Owner,Diesel,Manual,FWD,1497 cc,88.76 bhp,23.64 kmpl,4.0,Yes,5 Seats,,165 mm,,37 Litres,
Honda City,₹4.63 Lakh,Apr 2015,"66,092 Kms",First Owner,Petrol,Manual,,1498 cc,119.35 bhp,18.6 kmpl,4.0,,5 Seats,1107-1153 kg,,40 Litres,,
Mercedes-Benz GLC,₹62 Lakh,2024,"10,000 Kms",First Owner,Petrol,Automatic,4WD,1999 cc,254.79 bhp,,4.0,,5 Seats,2000 kg,,66 Litres,,
Maruti Suzuki Ciaz,₹4.95 Lakh,Oct 2017,"47,981 Kms",First Owner,Petrol,Automatic,FWD,1373 cc,91.1 bhp,19.12 kmpl,4.0,No,5 Seats,1010 kg,170 mm,43 Litres,,
Tata Altroz,₹6.32 Lakh,Nov 2021,"80,690 Kms",First Owner,Diesel,Manual,FWD,1497 cc,88.76 bhp,23.64 kmpl,4.0,Yes,5 Seats,,165 mm,,37 Litres,
Ford Ecosport,₹3.20 Lakh,Sept 2015,"1,20,576 Kms",Second Owner,,Automatic,FWD,1499 cc,110.4 bhp,15.63 kmpl,4.0,No,5 Seats,1250 kg,200 mm,52 Litres,,
BMW X1,₹44 Lakh,Jan 2024,"20,196 Kms",First Owner,Petrol,Automatic,FWD,1499 cc,134.10 bhp,20.37 kmpl,3.0,Twin,5 Seats,1535 kg,,51 Litres,,
Honda City,₹5.25 Lakh,Dec 2016,"50,680 Kms",First Owner,Petrol,Manual,FWD,1497 cc,117.3 bhp,17.8 kmpl,4.0,No,5 Seats,1065 kg,165 mm,40 Litres,,
Maruti Suzuki Ciaz,₹4.04 Lakh,Feb 2017,"64,818 Kms",First Owner,Petrol,Manual,FWD,1373 cc,91.1 bhp,20.73 kmpl,4.0,No,5 Seats,1030 kg,170 mm,43 Litres,,
Mahindra XUV500,₹7.45 Lakh,Nov 2018,"62,000 Kms",Second Owner,,Manual,FWD,2179 cc,152.87 bhp,15.1 kmpl,4.0,Yes,7 Seats,1585 kg,200 mm,,70 Litres,
Ford Ecosport,₹6.22 Lakh,May 2019,"72,477 Kms",Second Owner,Petrol,Automatic,FWD,1496 cc,120.69 bhp,14.7 kmpl,3.0,No,5 Seats,1300 kg,,52 Litres,,
Mahindra XUV700,₹15.85 Lakh,Aug 2023,"60,165 Kms",Second Owner,Petrol,Automatic,FWD,1999 cc,197 bhp,13 kmpl,4.0,Yes,7 Seats,,,60 Litres,,
Volvo EC40,₹43 Lakh,Nov 2024,"16,953 Kms",First Owner,,Automatic,AWD,,402.30 bhp,,,,5 Seats,,,,,
Maruti Suzuki XL6,₹11.92 Lakh,Oct 2022,"25,305 Kms",First Owner,Petrol,Automatic,FWD,1462 cc,101.64 bhp,,4.0,,6 Seats,1225 kg,,45 Litres,,
Maruti Suzuki Ciaz,₹6.85 Lakh,Mar 2021,"1,12,151 Kms",First Owner,Petrol,Manual,FWD,1373 cc,91.1 bhp,20.73 kmpl,4.0,No,5 Seats,1030 kg,170 mm,43 Litres,,
Ford Ecosport,₹4.20 Lakh,Jun 2017,"80,000 Kms",First Owner,,Manual,FWD,1497 cc,121.31 bhp,17 kmpl,3.0,No,5 Seats,1242 kg,200 mm,52 Litres,,
Mercedes-Benz EQE SUV,₹85 Lakh,Nov 2023,"16,778 Kms",First Owner,,Automatic,AWD,,402.3 bhp,,,,5 Seats,2560 kg,,,,
Mahindra XUV700,₹17.45 Lakh,Nov 2022,"37,000 Kms",First Owner,Diesel,Automatic,AWD,2198 cc,182.38 bhp,17.19 kmpl,4.0,Yes,7 Seats,,,,60 Litres,
Maruti Suzuki XL6,₹10.83 Lakh,May 2023,"21,167 Kms",First Owner,Petrol,Automatic,FWD,1462 cc,101.64 bhp,,4.0,,6 Seats,1225 kg,,45 Litres,,
Hyundai Grand i10,₹4.76 Lakh,Jan 2020,"71,929 Kms",First Owner,Petrol,Manual,FWD,1197 cc,81.86 bhp,18.9 kmpl,4.0,No,5 Seats,1120 kg,165 mm,43 Litres,,
BMW iX,₹84 Lakh,Sept 2024,"4,002 Kms",First Owner,,Automatic,AWD,,516.29 bhp,,,,5 Seats,2285 kg,,,,
Skoda Kushaq,₹16 Lakh,2023,"20,000 Kms",First Owner,,Automatic,FWD,1498 cc,147.51 bhp,18.86 kmpl,4.0,Yes,5 Seats,1298 kg,188 mm,50 Litres,,
Audi A3,₹16.50 Lakh,2019,"40,000 Kms",First Owner,Diesel,Automatic,FWD,1968 cc,143 bhp,,4.0,Yes,5 Seats,1490 kg,165 mm,,50 Litres,
Hyundai Tucson,₹10.80 Lakh,2017,"1,12,000 Kms",First Owner,,Automatic,2WD,1995 cc,182.46 bhp,16.38 kmpl,4.0,Yes,5 Seats,1517 kg,195 mm,,62 Litres,
Jeep Compass,₹17.60 Lakh,2021,"90,000 Kms",First Owner,Diesel,Automatic,4WD,1956 cc,168 bhp,14.9 kmpl,4.0,Yes,5 Seats,,,,60 Litres,
Mercedes-Benz GLE,₹19.20 Lakh,Sept 2017,"1,04,000 Kms",First Owner,,Automatic,AWD,2143 cc,201.15 bhp,17.9 kmpl,4.0,Yes,5 Seats,2150 kg,200 mm,,93 Litres,
Audi Q3,₹16.16 Lakh,Feb 2017,"48,611 Kms",Second Owner,Petrol,Automatic,FWD,1395 cc,147.51 bhp,,4.0,Yes,5 Seats,1565 kg,170 mm,64 Litres,,
Maruti Suzuki XL6,₹12.54 Lakh,Dec 2023,"19,371 Kms",First Owner,Petrol,Automatic,FWD,1462 cc,101.64 bhp,,4.0,,6 Seats,1225 kg,,45 Litres,,
Mercedes-Benz GLE,₹60 Lakh,Jan 2022,"47,894 Kms",Second Owner,Diesel,Automatic,AWD,1950 cc,241.38 bhp,,4.0,Yes,5 Seats,2150 kg,200 mm,,93 Litres,
Kia Seltos,₹10.45 Lakh,Jul 2021,"79,916 Kms",First Owner,Diesel,Automatic,2WD,1493 cc,113.42 bhp,17.8 kmpl,4.0,Yes,5 Seats,1495 kg,,,50 Litres,
Honda Jazz,₹5.25 Lakh,Nov 2018,"55,465 Kms",First Owner,Petrol,Manual,FWD,1199 cc,88.7 bhp,18.7 kmpl,4.0,No,5 Seats,1042 kg,165 mm,40 Litres,,
Honda City,₹4.85 Lakh,Dec 2017,"78,000 Kms",First Owner,Petrol,Manual,FWD,1497 cc,117.3 bhp,17.8 kmpl,4.0,No,5 Seats,1049 kg,165 mm,40 Litres,,
Mini Cooper SE,₹29.90 Lakh,Jan 2024,"18,900 Kms",First Owner,,Automatic,FWD,,181.03 bhp,,,,4 Seats,1365 kg,,,,
Maruti Suzuki Baleno,₹5.01 Lakh,Feb 2021,"58,643 Kms",Second Owner,Diesel,Manual,FWD,1248 cc,74 bhp,27.39 kmpl,4.0,Yes,5 Seats,960-985 kg,170 mm,,37 Litres,
Maruti Suzuki Ciaz,₹6.57 Lakh,Mar 2022,"53,025 Kms",First Owner,Petrol,Manual,FWD,1462 cc,103.25 bhp,20.65 kmpl,4.0,,5 Seats,1110 kg,,43 Litres,,
Hyundai Xcent,₹3.20 Lakh,Jul 2017,"74,000 Kms",Second Owner,Petrol,Manual,FWD,1197 cc,82 bhp,19.1 kmpl,4.0,No,5 Seats,1140 kg,165 mm,43 Litres,,
Land Rover Range Rover Velar,₹75 Lakh,Sept 2024,"14,686 Kms",First Owner,Petrol,Automatic,AWD,1997 cc,246.74 bhp,,4.0,Yes,5 Seats,1875 kg,,82 Litres,,
Volkswagen Vento,₹6.99 Lakh,Nov 2020,"90,384 Kms",First Owner,Petrol,Automatic,FWD,999 cc,108.62 bhp,16.35 kmpl,3.0,Yes,5 Seats,1175 kg,163 mm,55 Litres,,
Hyundai Grand i10,₹5.74 Lakh,Nov 2022,"29,224 Kms",First Owner,Petrol,Manual,FWD,1197 cc,81.86 bhp,18.9 kmpl,4.0,No,5 Seats,1120 kg,165 mm,43 Litres,,
MG Hector,₹15.87 Lakh,Dec 2023,"22,349 Kms",First Owner,,Automatic,FWD,1451 cc,141 bhp,12.34 kmpl,4.0,,5 Seats,1640 kg,192 mm,60 Litres,,
Mercedes-Benz GLS,₹1.16 Crore,Oct 2024,"12,500 Kms",First Owner,Petrol,Automatic,AWD,2999 cc,375.48 bhp,12 kmpl,6.0,,7 Seats,,,,,
Maruti Suzuki Ciaz,₹4.89 Lakh,Dec 2018,"60,542 Kms",First Owner,Petrol,Automatic,FWD,1373 cc,91.1 bhp,19.12 kmpl,4.0,No,5 Seats,1030 kg,170 mm,43 Litres,,
Honda City,₹11.79 Lakh,Dec 2023,"24,044 Kms",First Owner,Petrol,Manual,,1498 cc,119.35 bhp,18.6 kmpl,4.0,,5 Seats,1107-1153 kg,,40 Litres,,
Maruti Suzuki XL6,₹7.53 Lakh,Oct 2019,"84,743 Kms",First Owner,Petrol,Automatic,FWD,1462 cc,103.2 bhp,,4.0,,6 Seats,1190 kg,,45 Litres,,
Mercedes-Benz S-Class,₹96 Lakh,May 2022,"18,699 Kms",First Owner,Diesel,Automatic,AWD,2925 cc,281.61 bhp,,6.0,,5 Seats,1995 kg,,,,
i VTEC SV,₹3.72 Lakh,Feb 2017,"95,744 Kms",First Owner,Petrol,Manual,FWD,1497 cc,117.3 bhp,17.8 kmpl,4.0,No,5 Seats,1042 kg,165 mm,40 Litres,,
Maruti Suzuki Grand Vitara,₹9.95 Lakh,Dec 2022,"62,563 Kms",First Owner,Petrol,Manual,2WD,1462 cc,101.64 bhp,21.11 kmpl,4.0,,5 Seats,1150 - 1185 kg,,45 Litres,,
Toyota Urban Cruiser EBELLA,₹5.90 Lakh,Dec 2020,"58,000 Kms",First Owner,Petrol,Manual,,1462 cc,103.26 bhp,17.03 kmpl,4.0,,5 Seats,1115-1130 kg,,48 Litres,,
BMW 6 Series,₹62 Lakh,Apr 2024,"15,000 Kms",First Owner,Petrol,Automatic,RWD,1998 cc,254.79 bhp,,4.0,Yes,4 Seats,1885 kg,124 mm,68 Litres,,
Maruti Suzuki XL6,₹9.85 Lakh,Mar 2023,"71,298 Kms",First Owner,Petrol,Manual,FWD,1462 cc,101.64 bhp,,4.0,,6 Seats,1200 kg,,45 Litres,,
Maruti Suzuki Celerio,₹3.05 Lakh,Jun 2017,"98,517 Kms",Second Owner,Petrol,Manual,FWD,998 cc,67.05 bhp,21.63 kmpl,3.0,No,5 Seats,835 kg,165 mm,35 Litres,,
Hyundai Grand i10,₹3.75 Lakh,Aug 2019,"62,000 Kms",First Owner,Petrol,Manual,FWD,1197 cc,81.86 bhp,18.9 kmpl,4.0,No,5 Seats,1120 kg,165 mm,43 Litres,,
Land Rover Range Rover Evoque,₹62 Lakh,Mar 2024,"19,644 Kms",First Owner,Petrol,Automatic,AWD,1997 cc,246.74 bhp,,4.0,Yes,5 Seats,1787 kg,212 mm,66 Litres,,
Honda City,₹3.59 Lakh,Nov 2015,"56,938 Kms",First Owner,Petrol,Manual,FWD,1497 cc,117.3 bhp,17.4 kmpl,4.0,No,5 Seats,1049 kg,165 mm,40 Litres,,
Honda City,₹4.14 Lakh,Feb 2016,"1,21,977 Kms",First Owner,Petrol,Manual,FWD,1497 cc,116.3 bhp,16.8 kmpl,4.0,No,5 Seats,1095 kg,165 mm,42 Litres,,
Kia Seltos,₹8.95 Lakh,Feb 2020,"83,148 Kms",First Owner,Petrol,Manual,FWD,1497 cc,113.43 bhp,16.8 kmpl,4.0,No,5 Seats,1404 kg,,50 Litres,,
Volkswagen Vento,₹4.25 Lakh,Jul 2015,"58,347 Kms",First Owner,Petrol,Automatic,FWD,1197 cc,103.2 bhp,16.93 kmpl,4.0,Yes,5 Seats,1174 kg,168 mm,55 Litres,,
Volkswagen Virtus,₹8.45 Lakh,Dec 2022,"68,622 Kms",Second Owner,Petrol,Manual,,999 cc,113.98 bhp,19.4 kmpl,3.0,Yes,5 Seats,1170 kg,179 mm,45 Litres,,
Hyundai Grand i10,₹3.95 Lakh,Feb 2016,"51,139 Kms",First Owner,Petrol,Manual,FWD,1197 cc,82 bhp,18.9 kmpl,4.0,No,5 Seats,935 kg,165 mm,43 Litres,,
BMW X7,₹92 Lakh,Nov 2023,"39,387 Kms",First Owner,Petrol,Automatic,AWD,2998 cc,335.25 bhp,10.54 kmpl,6.0,Twin,7 Seats,2370 kg,,83 Litres,,
Hyundai Creta,₹8.45 Lakh,Mar 2019,"82,472 Kms",First Owner,Petrol,Automatic,FWD,1591 cc,121.3 bhp,14.8 kmpl,4.0,No,5 Seats,1300 kg,,55 Litres,,
Mahindra XUV300,₹6.25 Lakh,Jan 2020,"47,498 Kms",Second Owner,,Automatic,FWD,1497 cc,115 bhp,20 kmpl,4.0,Yes,5 Seats,1355 kg,180 mm,,42 Litres,
Maruti Suzuki XL6,₹9.55 Lakh,Feb 2022,"37,186 Kms",First Owner,Petrol,Manual,FWD,1462 cc,103.2 bhp,19.01 kmpl,4.0,,6 Seats,1180 kg,,45 Litres,,
Audi A6,₹36 Lakh,Jul 2021,"40,000 Kms",First Owner,Petrol,Automatic,FWD,1984 cc,241.3 bhp,14.11 kmpl,4.0,Yes,5 Seats,1740 kg,165 mm,73 Litres,,
Hyundai Grand i10 Nios,₹6.57 Lakh,Apr 2023,"38,983 Kms",First Owner,Petrol,Automatic,FWD,1197 cc,82 bhp,16 kmpl,4.0,,5 Seats,,,37 Litres,,
Hyundai Aura,₹5.24 Lakh,Apr 2023,"52,358 Kms",First Owner,Diesel,Manual,,1186 cc,73.97 bhp,25.35 kmpl,4.0,Yes,5 Seats,1130 kg,,,37 Litres,
Tata Nexon,₹6.23 Lakh,Feb 2022,"57,547 Kms",First Owner,Diesel,Manual,,1497 cc,113.42 bhp,23.22 kmpl,4.0,Yes,5 Seats,,209 mm,,44 Litres,
BMW 6 Series,₹60 Lakh,Apr 2024,"20,582 Kms",First Owner,Petrol,Automatic,RWD,1998 cc,254.79 bhp,,4.0,Yes,4 Seats,1885 kg,124 mm,68 Litres,,
Tata Nexon,₹5.41 Lakh,Feb 2022,"42,849 Kms",First Owner,,Manual,FWD,1497 cc,108.50 bhp,21.5 kmpl,4.0,Yes,5 Seats,1315 kg,209 mm,,44 Litres,
Hyundai Grand i10,₹3.45 Lakh,May 2015,"78,647 Kms",Second Owner,Petrol,Manual,FWD,1197 cc,82 bhp,18.9 kmpl,4.0,No,5 Seats,935 kg,165 mm,43 Litres,,
Hyundai Verna,₹4.27 Lakh,Oct 2015,"55,956 Kms",First Owner,Petrol,Automatic,FWD,1591 cc,121.4 bhp,17.1 kmpl,4.0,No,5 Seats,1290 kg,165 mm,43 Litres,,
Land Rover Range Rover Evoque,₹42 Lakh,Apr 2021,"40,094 Kms",First Owner,Diesel,Automatic,AWD,1999 cc,245.4 bhp,,4.0,Yes,5 Seats,1775 kg,,,66 Litres,
Renault KWID,₹1.67 Lakh,Oct 2016,"66,721 Kms",First Owner,Petrol,Manual,FWD,799 cc,53.3 bhp,25.17 kmpl,3.0,No,5 Seats,690 kg,180 mm,28 Litres,,
Toyota Corolla Altis,₹5.37 Lakh,May 2016,"99,362 Kms",First Owner,Petrol,Automatic,FWD,1798 cc,138.03 bhp,14.28 kmpl,4.0,No,5 Seats,1185 kg,175 mm,55 Litres,,
Jeep Meridian,₹21.46 Lakh,Feb 2023,"36,602 Kms",First Owner,Diesel,Automatic,AWD,1956 cc,167.67 bhp,15.7 kmpl,4.0,Yes,7 Seats,1890 kg,,,60 Litres,
BMW X1,₹17.90 Lakh,Dec 2017,"43,000 Kms",First Owner,,Automatic,FWD,1995 cc,188 bhp,20.68 kmpl,4.0,Yes,5 Seats,1550 kg,179 mm,,61 Litres,
Tata Nexon,₹5.03 Lakh,Feb 2019,"94,486 Kms",First Owner,Petrol,Automatic,FWD,1198 cc,108.5 bhp,17 kmpl,3.0,Yes,5 Seats,1252 kg,,44 Litres,,
MG Hector,₹11.43 Lakh,Sept 2021,"59,494 Kms",First Owner,,Automatic,FWD,1451 cc,141 bhp,9 kmpl,4.0,Yes,5 Seats,1820 kg,192 mm,60 Litres,,
Maruti Suzuki Celerio,₹1.72 Lakh,Dec 2014,"56,001 Kms",Second Owner,Petrol,Manual,FWD,998 cc,67.77 bhp,25.24 kmpl,3.0,,5 Seats,810 kg,,32 Litres,,
Jaguar XE,₹30 Lakh,Mar 2020,"4,000 Kms",First Owner,Petrol,Automatic,RWD,1997 cc,246.74 bhp,,4.0,Yes,5 Seats,1639-1655s kg,125 mm,61.7 Litres,,
Tata Nexon,₹3.82 Lakh,Oct 2018,"88,984 Kms",First Owner,Petrol,Automatic,FWD,1198 cc,108.5 bhp,17 kmpl,3.0,Yes,5 Seats,1252 kg,,44 Litres,,
Hyundai i10,₹2.57 Lakh,Jan 2016,"38,636 Kms",First Owner,Petrol,Manual,FWD,1197 cc,78.9 bhp,20.36 kmpl,4.0,No,5 Seats,1100 kg,165 mm,35 Litres,,
MG Astor,₹10.60 Lakh,Aug 2023,"23,588 Kms",First Owner,Petrol,Automatic,,1498 cc,108.49 bhp,14.85 kmpl,4.0,No,5 Seats,1400 kg,,48 Litres,,
BMW 6 Series,₹57 Lakh,May 2023,"18,400 Kms",First Owner,Petrol,Automatic,,1998 cc,254.79 bhp,,4.0,Yes,4 Seats,1885 kg,124 mm,68 Litres,,
Maruti Suzuki Wagon R,₹3.35 Lakh,Feb 2020,"1,15,676 Kms",First Owner,Petrol,Manual,FWD,998 cc,67.05 bhp,21.79 kmpl,3.0,No,5 Seats,805-825 kg,,32 Litres,,
Honda City,₹6.31 Lakh,Jan 2023,"94,588 Kms",First Owner,Petrol,Manual,,1497 cc,117.60 bhp,17.4 kmpl,4.0,,5 Seats,1063 kg,,40 Litres,,
Nissan Magnite,₹3.85 Lakh,Oct 2021,"54,006 Kms",First Owner,Petrol,Manual,,999 cc,71.02 bhp,18.75 kmpl,3.0,No,5 Seats,939 kg,205 mm,40 Litres,,
BMW 3 Series GT,₹15.90 Lakh,Jun 2016,"79,200 Kms",First Owner,Diesel,Automatic,RWD,1995 cc,188 bhp,,4.0,Yes,5 Seats,1720 kg,165 mm,,60 Litres,
Renault Kiger,₹5.18 Lakh,Aug 2021,"24,590 Kms",First Owner,Petrol,Manual,,999 cc,98.63 bhp,20.5 kmpl,3.0,Yes,5 Seats,1014 kg,205 mm,40 Litres,,
Volkswagen Polo,₹2.62 Lakh,Nov 2014,"70,943 Kms",Second Owner,Petrol,Manual,FWD,1198 cc,74 bhp,16.47 kmpl,3.0,No,5 Seats,1033 kg,165 mm,45 Litres,,
Hyundai i20,₹3.38 Lakh,Sept 2016,"48,752 Kms",First Owner,Petrol,Manual,FWD,1197 cc,81.83 bhp,18.6 kmpl,4.0,No,5 Seats,1066 kg,170 mm,45 Litres,,
BMW 3 Series,₹68 Lakh,May 2025,"11,859 Kms",First Owner,Petrol,Automatic,4WD,2998 cc,368.78 bhp,,6.0,Twin,5 Seats,1745 kg,,59 Litres,,
Maruti Suzuki Wagon R,₹1.99 Lakh,Feb 2016,"94,304 Kms",First Owner,Petrol,Manual,FWD,998 cc,67.04 bhp,20.51 kmpl,3.0,No,5 Seats,890 kg,165 mm,35 Litres,,
Honda City,₹6.46 Lakh,Oct 2020,"79,411 Kms",Second Owner,Petrol,Automatic,,1498 cc,119.35 bhp,18.3 kmpl,4.0,,5 Seats,1107-1153 kg,,40 Litres,,
Renault KWID,₹2.91 Lakh,May 2022,"30,564 Kms",First Owner,Petrol,Manual,FWD,999 cc,67 bhp,21.74 kmpl,3.0,No,5 Seats,730 kg,184 mm,28 Litres,,
Renault Triber,₹5.21 Lakh,Feb 2023,"80,115 Kms",First Owner,Petrol,Manual,FWD,999 cc,71.01 bhp,20 kmpl,3.0,,7 Seats,,182 mm,40 Litres,,
Maruti Suzuki Ciaz,₹7.10 Lakh,Oct 2019,"87,934 Kms",First Owner,Petrol,Automatic,FWD,1462 cc,103.25 bhp,20.28 kmpl,4.0,No,5 Seats,1065 kg,170 mm,43 Litres,,
Mercedes-Benz CLA,₹16.90 Lakh,Nov 2017,"50,200 Kms",First Owner,Petrol,Automatic,FWD,1991 cc,183 bhp,,4.0,Yes,5 Seats,1510 kg,160 mm,56 Litres,,
Volkswagen Vento,₹2.95 Lakh,Jul 2015,"74,000 Kms",Second Owner,Petrol,Manual,FWD,1598 cc,103.2 bhp,16.09 kmpl,4.0,No,5 Seats,1126 kg,163 mm,55 Litres,,
Tata Tiago,₹3.26 Lakh,Mar 2021,"69,258 Kms",Second Owner,Petrol,Manual,,1199 cc,84.82 bhp,19.01 kmpl,3.0,,5 Seats,982 kg,170 mm,35 Litres,,
BMW X7,₹1.10 Crore,,"17,159 Kms",,Petrol,Automatic,4WD,2998 cc,375.48 bhp,,6.0,Yes,6 Seats,,,83 Litres,,
Volkswagen Vento,₹5.70 Lakh,Jan 2018,"84,000 Kms",First Owner,Petrol,Automatic,FWD,1197 cc,103.2 bhp,18.19 kmpl,4.0,Yes,5 Seats,1179 kg,163 mm,55 Litres,,
Maruti Suzuki Celerio,₹2.09 Lakh,Feb 2014,"72,902 Kms",Second Owner,Petrol,Manual,FWD,998 cc,67.77 bhp,25.24 kmpl,3.0,,5 Seats,810 kg,,32 Litres,,
Maruti Suzuki Baleno,₹3.17 Lakh,Feb 2018,"77,176 Kms",First Owner,Petrol,Manual,FWD,1197 cc,83.1 bhp,21.4 kmpl,4.0,No,5 Seats,870 kg,170 mm,37 Litres,,
Volvo EC40,₹43 Lakh,Nov 2024,"16,151 Kms",First Owner,,Automatic,AWD,,402.30 bhp,,,,5 Seats,,,,,
Honda Amaze,₹2.89 Lakh,Feb 2017,"60,920 Kms",First Owner,Petrol,Manual,FWD,1199 cc,88.76 bhp,19.5 kmpl,4.0,No,5 Seats,917 kg,170 mm,35 Litres,,
Honda City,₹4.65 Lakh,Nov 2015,"1,25,009 Kms",First Owner,Petrol,Automatic,FWD,1497 cc,117.3 bhp,18 kmpl,4.0,No,5 Seats,1065 kg,165 mm,40 Litres,,
Kia Seltos,₹7.70 Lakh,Mar 2021,"59,000 Kms",First Owner,Petrol,Manual,FWD,1497 cc,113.43 bhp,16.8 kmpl,4.0,No,5 Seats,1340 kg,,50 Litres,,
Volvo XC60,₹41 Lakh,Jul 2022,"33,254 Kms",Second Owner,,Automatic,AWD,1998 cc,246.74 bhp,11.2 kmpl,5.0,Yes,5 Seats,1875 kg,230 mm,70 Litres,,
Toyota Etios,₹4.65 Lakh,Jun 2017,"67,320 Kms",First Owner,Petrol,Manual,FWD,1496 cc,88.73 bhp,16.78 kmpl,4.0,No,5 Seats,945 kg,170 mm,45 Litres,,
Toyota Corolla Altis,₹3.35 Lakh,Jul 2013,"87,881 Kms",Second Owner,Petrol,Manual,FWD,1798 cc,138 bhp,14.53 kmpl,4.0,No,5 Seats,1180-1270 kg,175 mm,55 Litres,,
Nissan Micra,₹3.25 Lakh,Jul 2017,"82,000 Kms",First Owner,Petrol,Automatic,FWD,1198 cc,76 bhp,19.34 kmpl,3.0,No,5 Seats,1070 kg,154 mm,41 Litres,,
Ford Mustang,₹72 Lakh,Apr 2018,"1,180 Kms",Second Owner,Petrol,Automatic,RWD,4951 cc,395 bhp,13 kmpl,8.0,No,4 Seats,1800 kg,137 mm,61 Litres,,
Honda Amaze 2nd Gen,₹5.98 Lakh,Feb 2021,"42,799 Kms",First Owner,Petrol,Manual,FWD,1199 cc,88.50 bhp,18.6 kmpl,4.0,,5 Seats,934 kg,,35 Litres,,
Honda Jazz,₹2.49 Lakh,Aug 2015,"90,358 Kms",Second Owner,Petrol,Manual,FWD,1199 cc,88.7 bhp,18.7 kmpl,4.0,No,5 Seats,1044 kg,165 mm,40 Litres,,
Ford Ecosport,₹5.25 Lakh,Sept 2020,"85,791 Kms",First Owner,Petrol,Manual,FWD,1496 cc,120.69 bhp,15.9 kmpl,3.0,No,5 Seats,1212 kg,,52 Litres,,
Volvo EC40,₹39 Lakh,Nov 2024,"14,909 Kms",First Owner,,Automatic,AWD,,402.30 bhp,,,,5 Seats,,,,,
Maruti Suzuki Baleno,₹3.38 Lakh,Oct 2016,"59,709 Kms",First Owner,Petrol,Manual,FWD,1197 cc,83.1 bhp,21.4 kmpl,4.0,No,5 Seats,880 kg,170 mm,37 Litres,,
Hyundai Alcazar,₹11.95 Lakh,Jul 2021,"69,534 Kms",Second Owner,Diesel,Automatic,,1493 cc,113.98 bhp,18.1 kmpl,4.0,Yes,6 Seats,1565 kg,,,50 Litres,
Rolls-Royce Cullinan,₹9.90 Crore,Jun 2025,350 Kms,First Owner,Petrol,Automatic,AWD,6750 cc,563 bhp,,12.0,Yes,5 Seats,,173 mm,,,
Kia Carens,₹12.69 Lakh,Apr 2022,"68,075 Kms",First Owner,Diesel,Automatic,FWD,1493 cc,114.41 bhp,,4.0,Yes,6 Seats,,,,45 Litres,
Toyota Etios,₹1.75 Lakh,May 2011,"71,000 Kms",Second Owner,Petrol,Manual,,1496 cc,,17.6 kmpl,4.0,,5 Seats,920 kg,,45 Litres,,
Ford Ecosport,₹3.45 Lakh,Dec 2015,"73,246 Kms",Second Owner,,Manual,FWD,1499 cc,110.4 bhp,15.85 kmpl,4.0,No,5 Seats,1230 kg,200 mm,52 Litres,,
Hyundai Grand i10,₹2.39 Lakh,Jan 2017,"69,860 Kms",Second Owner,Petrol,Manual,FWD,1197 cc,81.86 bhp,18.9 kmpl,4.0,No,5 Seats,1100 kg,165 mm,43 Litres,,
Honda City,₹4.70 Lakh,Mar 2016,"60,000 Kms",First Owner,Petrol,Manual,FWD,1497 cc,117.3 bhp,17.8 kmpl,4.0,No,5 Seats,1065 kg,165 mm,40 Litres,,
Honda Amaze,₹2.71 Lakh,May 2014,"70,423 Kms",Second Owner,Petrol,Manual,FWD,1198 cc,86.7 bhp,17.8 kmpl,4.0,No,5 Seats,955 kg,165 mm,35 Litres,,
Honda City,₹5.75 Lakh,Aug 2016,"14,800 Kms",First Owner,Petrol,Automatic,FWD,1497 cc,117.3 bhp,18 kmpl,4.0,No,5 Seats,1085 kg,165 mm,40 Litres,,
Hyundai Grand i10,₹2.71 Lakh,Jul 2015,"1,16,432 Kms",Second Owner,Petrol,Automatic,FWD,1197 cc,81.86 bhp,18.9 kmpl,4.0,No,5 Seats,1100 kg,165 mm,43 Litres,,
Hyundai Grand i10,₹2.07 Lakh,Jun 2014,"81,983 Kms",Third Owner,Petrol,Automatic,FWD,1197 cc,82 bhp,18.9 kmpl,4.0,No,5 Seats,935 kg,165 mm,43 Litres,,
Mercedes-Benz EQE SUV,₹90 Lakh,Apr 2025,"8,500 Kms",First Owner,,Automatic,AWD,,402.3 bhp,,,,5 Seats,2560 kg,,,,
Renault Captur,₹5.10 Lakh,Dec 2018,"27,000 Kms",First Owner,Petrol,Manual,,1498 cc,104.55 bhp,13.87 kmpl,4.0,Yes,5 Seats,1200 kg,,50 Litres,,
Honda Amaze,₹4.79 Lakh,Aug 2016,"18,706 Kms",First Owner,Petrol,Automatic,FWD,1199 cc,88.7 bhp,18.1 kmpl,4.0,No,5 Seats,985 kg,165 mm,35 Litres,,
Kia Seltos,₹9.84 Lakh,Oct 2019,"65,852 Kms",First Owner,Petrol,Manual,FWD,1353 cc,138.08 bhp,16.5 kmpl,4.0,Yes,5 Seats,1515 kg,,50 Litres,,
MG Hector,₹12 Lakh,2021,"1,03,000 Kms",First Owner,,Automatic,FWD,1451 cc,141 bhp,8.61 kmpl,4.0,Yes,5 Seats,1820 kg,192 mm,60 Litres,,
Kia Sonet,₹7.95 Lakh,Dec 2020,"55,000 Kms",First Owner,Petrol,Manual,FWD,998 cc,118.36 bhp,18.2 kmpl,3.0,Yes,5 Seats,1211 kg,,45 Litres,,
Ford Ecosport,₹3.57 Lakh,Feb 2015,"71,526 Kms",First Owner,,Automatic,FWD,1499 cc,110.4 bhp,15.63 kmpl,4.0,No,5 Seats,1250 kg,200 mm,52 Litres,,
Honda Amaze,₹5.31 Lakh,Aug 2018,"36,403 Kms",First Owner,Petrol,Automatic,FWD,1199 cc,88.76 bhp,18.3 kmpl,4.0,No,5 Seats,945 kg,,35 Litres,,
BMW 3 Series Long Wheelbase,₹50 Lakh,Feb 2025,"12,942 Kms",First Owner,Diesel,Automatic,RWD,1998 cc,187.74 bhp,19.61 kmpl,4.0,,5 Seats,1640 kg,,,,
V MT,₹2.85 Lakh,Apr 2013,"85,000 Kms",Second Owner,Petrol,Manual,FWD,1497 cc,116.3 bhp,16.8 kmpl,4.0,No,5 Seats,1095 kg,165 mm,42 Litres,,
Hyundai Grand i10,₹2.90 Lakh,Mar 2014,"84,615 Kms",Second Owner,Petrol,Manual,FWD,1197 cc,81.86 bhp,18.9 kmpl,4.0,No,5 Seats,1060 kg,165 mm,43 Litres,,
Toyota Corolla Altis,₹5.09 Lakh,Nov 2014,"74,560 Kms",Second Owner,Petrol,Manual,FWD,1798 cc,138 bhp,14.53 kmpl,4.0,No,5 Seats,1180-1270 kg,175 mm,55 Litres,,
Kia Seltos,₹13.50 Lakh,2023,"20,000 Kms",First Owner,Petrol,Automatic,2WD,1497 cc,113.42 bhp,17.7 kmpl,4.0,No,5 Seats,,,50 Litres,,
Renault Triber,₹3.79 Lakh,Jun 2020,"63,898 Kms",Second Owner,Petrol,Manual,FWD,999 cc,72 bhp,20 kmpl,3.0,No,7 Seats,947 kg,182 mm,40 Litres,,
Maruti Suzuki Grand Vitara,₹11.03 Lakh,Jan 2024,"32,519 Kms",First Owner,Petrol,Manual,2WD,1462 cc,101.64 bhp,21.11 kmpl,4.0,,5 Seats,1150 - 1185 kg,,45 Litres,,
Honda Amaze,₹5.56 Lakh,Feb 2018,"15,335 Kms",First Owner,Petrol,Automatic,FWD,1199 cc,88.7 bhp,18.1 kmpl,4.0,No,5 Seats,985 kg,165 mm,35 Litres,,
Toyota Innova Crysta,₹11.50 Lakh,2017,"67,000 Kms",First Owner,Diesel,Automatic,RWD,2755 cc,171.5 bhp,,4.0,Yes,7 Seats,1830 kg,,,55 Litres,
Volkswagen Vento,₹4.95 Lakh,Dec 2017,"72,000 Kms",First Owner,Petrol,Automatic,FWD,1197 cc,103.2 bhp,18.19 kmpl,4.0,Yes,5 Seats,1179 kg,163 mm,55 Litres,,
Honda Amaze,₹2.95 Lakh,Feb 2014,"70,100 Kms",First Owner,Petrol,Manual,FWD,1198 cc,86.7 bhp,18 kmpl,4.0,No,5 Seats,950 kg,165 mm,35 Litres,,
Ford Ecosport,₹6.31 Lakh,Dec 2020,"56,574 Kms",First Owner,Petrol,Manual,FWD,1496 cc,120.69 bhp,15.9 kmpl,3.0,No,5 Seats,1225 kg,,52 Litres,,
Kia Carens,₹10 Lakh,2023,"60,000 Kms",First Owner,Petrol,Manual,2WD,1497 cc,113.42 bhp,,4.0,No,7 Seats,1540 kg,,45 Litres,,
Maruti Suzuki Celerio,₹3.43 Lakh,Mar 2018,"20,139 Kms",Second Owner,Petrol,Automatic,FWD,998 cc,67.77 bhp,26.68 kmpl,3.0,,5 Seats,815 kg,,32 Litres,,
Honda City,₹3.94 Lakh,Apr 2015,"83,482 Kms",First Owner,Petrol,Automatic,FWD,1497 cc,117.3 bhp,18 kmpl,4.0,No,5 Seats,1085 kg,165 mm,40 Litres,,
Skoda Fabia,₹1.85 Lakh,Jan 2012,"68,000 Kms",First Owner,Petrol,Manual,FWD,1198 cc,75 bhp,16.25 kmpl,3.0,No,5 Seats,1070 kg,158 mm,45 Litres,,
BMW X1,₹29 Lakh,Apr 2024,"15,689 Kms",First Owner,Petrol,Automatic,,1998 cc,189.08 bhp,14.82 kmpl,4.0,Twin,5 Seats,1570 kg,,51 Litres,,
Maruti Suzuki Baleno,₹4.30 Lakh,Mar 2017,"55,383 Kms",Second Owner,Petrol,Automatic,FWD,1197 cc,83.1 bhp,21.4 kmpl,4.0,No,5 Seats,910 kg,170 mm,37 Litres,,
Kia Sonet,₹7.59 Lakh,Mar 2023,"42,406 Kms",First Owner,Petrol,Manual,FWD,998 cc,118.36 bhp,18.2 kmpl,3.0,Yes,5 Seats,1232 kg,,45 Litres,,
Tata Nexon,₹7.32 Lakh,Aug 2022,"44,142 Kms",First Owner,Diesel,Manual,,1497 cc,108.49 bhp,21.19 kmpl,4.0,Yes,5 Seats,1415 kg,209 mm,,44 Litres,
Lexus NX,₹28 Lakh,Dec 2018,"58,398 Kms",First Owner,Petrol,Automatic,AWD,2499 cc,194.3 bhp,,4.0,Yes,5 Seats,1785 kg,185 mm,56 Litres,,
Hyundai Venue,₹6.06 Lakh,Jul 2019,"55,591 Kms",Second Owner,Diesel,Manual,FWD,1498 cc,98.6 bhp,23.7 kmpl,4.0,Yes,5 Seats,1360 kg,,,45 Litres,
Tata Tiago,₹4.04 Lakh,Mar 2022,"43,285 Kms",First Owner,Petrol,Manual,,1199 cc,84.82 bhp,19.01 kmpl,3.0,,5 Seats,982 kg,170 mm,35 Litres,,
Honda City,₹6.40 Lakh,May 2018,"32,094 Kms",First Owner,Petrol,Automatic,FWD,1497 cc,117.6 bhp,18 kmpl,4.0,No,5 Seats,1107 kg,165 mm,40 Litres,,
Toyota Innova Crysta,₹10.90 Lakh,Nov 2017,"43,000 Kms",First Owner,Petrol,Manual,RWD,2694 cc,163.7 bhp,,4.0,No,7 Seats,1730 kg,,65 Litres,,
Tata Nexon,₹6.24 Lakh,Jul 2022,"93,142 Kms",First Owner,Diesel,Manual,,1497 cc,108.49 bhp,21.19 kmpl,4.0,Yes,5 Seats,1395 kg,209 mm,,44 Litres,
Hyundai Grand i10 Nios,₹5.78 Lakh,Jul 2023,"37,449 Kms",First Owner,Petrol,Manual,FWD,1197 cc,82 bhp,18 kmpl,4.0,,5 Seats,,,37 Litres,,
Tata Tiago,₹3.22 Lakh,Apr 2019,"1,15,772 Kms",First Owner,Petrol,Manual,FWD,1199 cc,83.83 bhp,23.84 kmpl,3.0,No,5 Seats,1012 kg,170 mm,35 Litres,,
Volkswagen Taigun,₹14 Lakh,2022,"30,000 Kms",First Owner,Petrol,Manual,,1498 cc,147.51 bhp,17.88 kmpl,4.0,Yes,5 Seats,1312 kg,188 mm,50 Litres,,
Kia Carens,₹12.81 Lakh,May 2022,"75,969 Kms",First Owner,Diesel,Automatic,FWD,1493 cc,114.41 bhp,,4.0,Yes,6 Seats,,,,45 Litres,
Ford Ecosport,₹3.52 Lakh,Apr 2015,"78,043 Kms",First Owner,,Automatic,FWD,1499 cc,110.4 bhp,15.63 kmpl,4.0,No,5 Seats,1250 kg,200 mm,52 Litres,,
Volkswagen Vento,₹2.25 Lakh,Dec 2011,"94,000 Kms",First Owner,Petrol,Automatic,FWD,1598 cc,103.6 bhp,14.4 kmpl,4.0,No,5 Seats,1180 kg,168 mm,55 Litres,,
Ford Endeavour,₹16.50 Lakh,2016,"55,000 Kms",Second Owner,,Manual,RWD,2198 cc,157.7 bhp,13.5 kmpl,4.0,Yes,7 Seats,1879 kg,225 mm,,80 Litres,
Maruti Suzuki Ciaz,₹4.25 Lakh,Oct 2017,"1,03,000 Kms",First Owner,Diesel,Manual,FWD,1248 cc,88.5 bhp,28.09 kmpl,4.0,Yes,5 Seats,1115 kg,170 mm,,43 Litres,
Tata Tiago,₹3.29 Lakh,Sept 2020,"46,826 Kms",First Owner,Petrol,Manual,,1199 cc,84.82 bhp,19.01 kmpl,3.0,,5 Seats,982 kg,170 mm,35 Litres,,
Kia Carens,₹12.52 Lakh,Apr 2022,"62,112 Kms",First Owner,Diesel,Manual,FWD,1493 cc,114.41 bhp,,4.0,Yes,6 Seats,,,,45 Litres,
Honda City,₹5.50 Lakh,2017,"1,50,000 Kms",First Owner,Petrol,Automatic,FWD,1497 cc,117.3 bhp,18 kmpl,4.0,No,5 Seats,1065 kg,165 mm,40 Litres,,
Ford Aspire,₹3.75 Lakh,Aug 2018,"74,000 Kms",First Owner,Diesel,Manual,FWD,1498 cc,99.23 bhp,25.5 kmpl,4.0,Yes,5 Seats,1053-1080 kg,174 mm,,40 Litres,
Kia Carens,₹9.61 Lakh,Mar 2022,"1,07,371 Kms",First Owner,Diesel,Manual,FWD,1493 cc,114.41 bhp,,4.0,Yes,7 Seats,,,,45 Litres,
Ford Figo,₹2.85 Lakh,Sept 2016,"49,000 Kms",Second Owner,Petrol,Manual,FWD,1196 cc,86.8 bhp,18.16 kmpl,4.0,No,5 Seats,1040-1130 kg,174 mm,42 Litres,,
Ford Ecosport,₹5.99 Lakh,Jul 2020,"62,000 Kms",Second Owner,,Manual,FWD,1498 cc,98.96 bhp,21.7 kmpl,4.0,Yes,5 Seats,1277 kg,200 mm,,52 Litres,
Volkswagen Ameo,₹3.40 Lakh,Mar 2017,"90,000 Kms",Second Owner,Petrol,Manual,FWD,1198 cc,73.75 bhp,17 kmpl,3.0,No,5 Seats,1069 kg,163 mm,45 Litres,,
Hyundai Verna,₹4.95 Lakh,Mar 2015,"66,500 Kms",First Owner,Petrol,Automatic,FWD,1591 cc,121.4 bhp,17.1 kmpl,4.0,No,5 Seats,1290 kg,165 mm,43 Litres,,
Hyundai Santro Xing,₹1 Lakh,Sept 2011,"92,772 Kms",First Owner,Petrol,Manual,FWD,1086 cc,62.1 bhp,17.92 kmpl,3.0,No,5 Seats,825 kg,,35 Litres,,
Honda Amaze,₹2.94 Lakh,2014,"60,000 Kms",First Owner,Petrol,Manual,FWD,1198 cc,86.7 bhp,18 kmpl,4.0,No,5 Seats,950 kg,165 mm,35 Litres,,
Mahindra Scorpio,₹11.95 Lakh,Jan 2021,"73,600 Kms",First Owner,Diesel,Manual,,2179 cc,136.78 bhp,15.4 kmpl,4.0,Yes,7 Seats,1755 kg,180 mm,,60 Litres,
Hyundai Santro,₹4.15 Lakh,Dec 2021,"17,456 Kms",First Owner,Petrol,Manual,FWD,1086 cc,68.05 bhp,20.3 kmpl,4.0,No,5 Seats,1050 kg,,35 Litres,,
BMW X1,₹20.22 Lakh,Jan 2021,"89,000 Kms",Second Owner,Diesel,Automatic,,1995 cc,187.74 bhp,19.62 kmpl,4.0,Twin,5 Seats,1590 kg,,,51 Litres,
Volkswagen Virtus,₹16.50 Lakh,2024,"30,000 Kms",First Owner,Petrol,Automatic,FWD,1498 cc,147.51 bhp,18.67 kmpl,4.0,Yes,5 Seats,1275 kg,179 mm,45 Litres,,
Jeep Compass,₹5.95 Lakh,Jun 2019,"1,47,604 Kms",Second Owner,,Manual,4X2,1368 cc,160 bhp,16 kmpl,4.0,Yes,5 Seats,1537 s kg,178 mm,60 Litres,,
Jeep Compass,₹9.95 Lakh,Aug 2018,"62,200 Kms",Second Owner,,Automatic,4X2,1368 cc,160 bhp,16 kmpl,4.0,Yes,5 Seats,1562 s kg,178 mm,60 Litres,,
Jeep Compass,₹8.75 Lakh,Jan 2018,"54,278 Kms",First Owner,,Automatic,4X2,1368 cc,160 bhp,16 kmpl,4.0,Yes,5 Seats,1562 s kg,178 mm,60 Litres,,
Kia Seltos,₹14 Lakh,2022,"12,600 Kms",First Owner,Petrol,Manual,FWD,1497 cc,113.43 bhp,16.8 kmpl,4.0,No,5 Seats,1404 kg,,50 Litres,,
Maruti Suzuki Alto 800,₹3.33 Lakh,Sept 2022,"49,374 Kms",First Owner,Petrol,Manual,FWD,796 cc,47.3 bhp,24.7 kmpl,3.0,No,5 Seats,725 kg,160 mm,35 Litres,,
Maruti Suzuki Alto 800,₹2.93 Lakh,Oct 2019,"29,668 Kms",First Owner,Petrol,Manual,FWD,796 cc,46.3 bhp,19.7 kmpl,3.0,No,5 Seats,705 kg,160 mm,35 Litres,,
Honda Amaze,₹2.50 Lakh,2014,"80,000 Kms",First Owner,Petrol,Manual,FWD,1198 cc,86.7 bhp,18 kmpl,4.0,No,5 Seats,940 kg,165 mm,35 Litres,,
MG Hector,₹7.75 Lakh,Jul 2019,"1,22,732 Kms",First Owner,Petrol,Manual,FWD,1451 cc,141 bhp,15.81 kmpl,4.0,Yes,5 Seats,1775 kg,,60 Litres,,
Mahindra XUV500,₹7.95 Lakh,Aug 2017,"1,13,700 Kms",First Owner,,Automatic,FWD,1997 cc,140 bhp,16 kmpl,4.0,Yes,7 Seats,1960 kg,200 mm,,70 Litres,
Maruti Suzuki Ciaz,₹3.10 Lakh,2016,"62,000 Kms",Third Owner,Diesel,Manual,FWD,1248 cc,88.5 bhp,28.09 kmpl,4.0,Yes,5 Seats,1115 kg,170 mm,,43 Litres,
Maruti Suzuki Swift Dzire,₹4.75 Lakh,Jan 2018,"70,170 Kms",Second Owner,Diesel,Automatic,FWD,1248 cc,74.02 bhp,28.4 kmpl,4.0,Yes,5 Seats,955-990 kg,163 mm,,37 Litres,
Kia Sonet,₹7.80 Lakh,Dec 2020,"55,613 Kms",First Owner,Petrol,Automatic,FWD,998 cc,118.36 bhp,18.3 kmpl,3.0,Yes,5 Seats,1505 kg,,45 Litres,,
Hyundai Creta,₹6.15 Lakh,Feb 2017,"96,000 Kms",First Owner,,Manual,FWD,1591 cc,121.3 bhp,13 kmpl,4.0,No,5 Seats,1280 kg,190 mm,55 Litres,,
Nissan Sunny,₹1.80 Lakh,2012,"1,20,000 Kms",Second Owner,Petrol,Manual,FWD,1498 cc,97.7 bhp,16.95 kmpl,4.0,No,5 Seats,1027 kg,,41 Litres,,
Maruti Suzuki Baleno,₹4.45 Lakh,Nov 2015,"29,012 Kms",First Owner,Petrol,Manual,FWD,1197 cc,83.1 bhp,21.4 kmpl,4.0,No,5 Seats,890 kg,170 mm,37 Litres,,
Honda City,₹8.35 Lakh,Jul 2021,"57,284 Kms",First Owner,Petrol,Manual,FWD,1497 cc,,17 kmpl,4.0,No,5 Seats,1100 kg,160 mm,42 Litres,,
Renault KWID,₹3.17 Lakh,Nov 2020,"30,371 Kms",First Owner,Petrol,Manual,FWD,999 cc,67 bhp,21.74 kmpl,3.0,No,5 Seats,730 kg,184 mm,28 Litres,,
MG Astor,₹9.95 Lakh,Aug 2022,"31,900 Kms",First Owner,Petrol,Automatic,,1498 cc,108.49 bhp,14.82 kmpl,4.0,No,5 Seats,1450 kg,,48 Litres,,
Tata Nexon,₹5.45 Lakh,Sept 2022,"56,339 Kms",First Owner,Petrol,Manual,,1199 cc,118.35 bhp,17.33 kmpl,3.0,NO,5 Seats,1345 kg,209 mm,44 Litres,,
Kia Seltos,₹8.73 Lakh,Sept 2019,"97,658 Kms",First Owner,Petrol,Manual,FWD,1353 cc,138.08 bhp,16.5 kmpl,4.0,Yes,5 Seats,1515 kg,,50 Litres,,
Renault Triber,₹5.79 Lakh,Jul 2022,"21,972 Kms",First Owner,Petrol,Manual,FWD,999 cc,71.01 bhp,20 kmpl,3.0,,7 Seats,,182 mm,40 Litres,,
Ford Ecosport,₹5 Lakh,2017,"73,000 Kms",First Owner,,Automatic,FWD,1497 cc,121.36 bhp,14.8 kmpl,3.0,No,5 Seats,1320 kg,200 mm,52 Litres,,
Hyundai i20,₹3.35 Lakh,Jan 2015,"59,000 Kms",Second Owner,Petrol,Manual,FWD,1197 cc,81.83 bhp,18.6 kmpl,4.0,No,5 Seats,1066 kg,170 mm,45 Litres,,
Renault KWID,₹2.34 Lakh,Nov 2019,"66,752 Kms",Third Owner,Petrol,Manual,FWD,999 cc,67 bhp,21.74 kmpl,3.0,No,5 Seats,730 kg,184 mm,28 Litres,,
Honda City,₹2.50 Lakh,May 2015,"1,03,783 Kms",Third Owner,Petrol,Manual,FWD,1497 cc,117.3 bhp,17.4 kmpl,4.0,No,5 Seats,1042 kg,165 mm,40 Litres,,
Mahindra XUV700,₹19 Lakh,2023,"10,000 Kms",First Owner,Petrol,Automatic,FWD,1999 cc,197 bhp,13 kmpl,4.0,Yes,7 Seats,,,60 Litres,,
MG Hector Plus,₹9.64 Lakh,Apr 2021,"91,620 Kms",Second Owner,Diesel,Manual,,1956 cc,167.67 bhp,16.56 kmpl,4.0,YES,7 Seats,1860 kg,,,60 Litres,
Maruti Suzuki Baleno,₹4.71 Lakh,Sept 2019,"1,18,626 Kms",First Owner,Diesel,Manual,FWD,1248 cc,74 bhp,27.39 kmpl,4.0,Yes,5 Seats,985 kg,170 mm,,37 Litres,
Maruti Suzuki Baleno,₹3.10 Lakh,Feb 2018,"83,471 Kms",First Owner,Petrol,Manual,FWD,1197 cc,83.1 bhp,21.4 kmpl,4.0,No,5 Seats,865 kg,170 mm,37 Litres,,
Maruti Suzuki Baleno,₹3.80 Lakh,2016,"60,212 Kms",Second Owner,Petrol,Manual,FWD,1197 cc,83.1 bhp,21.4 kmpl,4.0,No,5 Seats,890 kg,170 mm,37 Litres,,
Maruti Suzuki Baleno,₹4.56 Lakh,May 2019,"79,096 Kms",First Owner,Diesel,Manual,FWD,1248 cc,74 bhp,27.39 kmpl,4.0,Yes,5 Seats,960-985 kg,170 mm,,37 Litres,
Kia Carens,₹9.30 Lakh,May 2023,"52,858 Kms",First Owner,Petrol,Manual,2WD,1353 cc,138.05 bhp,,4.0,Yes,6 Seats,,,45 Litres,,
Tata Punch,₹5.33 Lakh,Apr 2022,"52,739 Kms",First Owner,,Manual,FWD,1199 cc,87 bhp,20.09 kmpl,3.0,,5 Seats,,187 mm,37 Litres,,
Maruti Suzuki Baleno,₹3.50 Lakh,2017,"70,000 Kms",Second Owner,Petrol,Manual,FWD,1197 cc,83.1 bhp,21.4 kmpl,4.0,No,5 Seats,890 kg,170 mm,37 Litres,,
Tata Tiago,₹3.41 Lakh,Oct 2018,"44,525 Kms",First Owner,Petrol,Manual,FWD,1199 cc,84 bhp,23.84 kmpl,3.0,No,5 Seats,980 kg,170 mm,35 Litres,,
Kia Carens,₹12.69 Lakh,Nov 2023,"21,583 Kms",First Owner,Diesel,Manual,FWD,1493 cc,114.41 bhp,,4.0,Yes,7 Seats,,,,45 Litres,
Maruti Suzuki Baleno,₹3.76 Lakh,Jan 2020,"76,256 Kms",First Owner,Petrol,Manual,FWD,1197 cc,83.1 bhp,21.4 kmpl,4.0,No,5 Seats,870 kg,170 mm,37 Litres,,
Ford Freestyle,₹4.50 Lakh,2019,"22,000 Kms",First Owner,Petrol,Manual,FWD,1194 cc,94.68 bhp,19 kmpl,3.0,No,5 Seats,1036 kg,,42 Litres,,
Hyundai Xcent,₹4.47 Lakh,Jun 2017,"28,997 Kms",First Owner,Petrol,Manual,,,,,4.0,,,1120 kg,,,,
Honda City,₹4.03 Lakh,Nov 2017,"88,941 Kms",First Owner,Petrol,Manual,FWD,1497 cc,117.3 bhp,17.8 kmpl,4.0,No,5 Seats,1049 kg,165 mm,40 Litres,,
Maruti Suzuki Ciaz,₹6.29 Lakh,Jul 2019,"32,282 Kms",First Owner,Petrol,Manual,FWD,1373 cc,91.1 bhp,20.73 kmpl,4.0,No,5 Seats,1030 kg,170 mm,43 Litres,,
Tata Tiago,₹2.60 Lakh,2018,"1,21,000 Kms",First Owner,Petrol,Automatic,FWD,1199 cc,84 bhp,23.84 kmpl,3.0,No,5 Seats,980 kg,170 mm,35 Litres,,
Maruti Suzuki Dzire,₹4.03 Lakh,Mar 2018,"82,173 Kms",First Owner,Petrol,Manual,FWD,1197 cc,80 bhp,24.79 kmpl,3.0,,5 Seats,920-960 kg,163 mm,37 Litres,,
Toyota Yaris,₹3.76 Lakh,Jul 2018,"75,472 Kms",Second Owner,Petrol,Manual,FWD,1496 cc,105.5 bhp,17.1 kmpl,4.0,No,5 Seats,1090 kg,,42 Litres,,
Honda City,₹7.36 Lakh,Mar 2019,"94,795 Kms",First Owner,Petrol,Automatic,FWD,1498 cc,119.35 bhp,18.4 kmpl,4.0,,5 Seats,1153 kg,,,,
Jaguar XF,₹9.50 Lakh,Dec 2015,"80,000 Kms",First Owner,Diesel,Automatic,RWD,2179 cc,187.7 bhp,,4.0,Yes,5 Seats,1780 kg,141 mm,,68 Litres,
Toyota Corolla Altis,₹5.10 Lakh,Jul 2014,"1,17,406 Kms",Second Owner,Petrol,Manual,FWD,1798 cc,138 bhp,14.53 kmpl,4.0,No,5 Seats,1180-1270 kg,175 mm,55 Litres,,
Maruti Suzuki Baleno,₹4.70 Lakh,Oct 2018,"39,953 Kms",Second Owner,Petrol,Automatic,FWD,1197 cc,83.1 bhp,21.4 kmpl,4.0,No,5 Seats,935 kg,170 mm,37 Litres,,
Renault Duster,₹3.21 Lakh,Jun 2013,"58,735 Kms",Second Owner,,Manual,FWD,1598 cc,102.53 bhp,13.06 kmpl,4.0,No,5 Seats,1210 kg,205 mm,50 Litres,,
Maruti Suzuki Ciaz,₹8.60 Lakh,2024,"9,400 Kms",First Owner,Petrol,Automatic,FWD,1462 cc,103.25 bhp,20.04 kmpl,4.0,,5 Seats,,,43 Litres,,
Ford Ecosport,₹3.19 Lakh,Jun 2014,"62,861 Kms",First Owner,,Manual,FWD,1499 cc,110 bhp,15.8 kmpl,4.0,No,5 Seats,1290 kg,200 mm,52 Litres,,
Kia Carnival,₹20.70 Lakh,Apr 2020,"56,544 Kms",First Owner,Diesel,Automatic,2WD,2199 cc,197.26 bhp,,4.0,Yes,7 Seats,2230 kg,,,60 Litres,
Tata Punch,₹5.61 Lakh,Apr 2022,"57,147 Kms",First Owner,,Manual,FWD,1199 cc,86.63 bhp,20.09 kmpl,3.0,,5 Seats,,187 mm,37 Litres,,
Mahindra XUV300,₹5 Lakh,2019,"1,20,000 Kms",Third Owner,,Manual,FWD,1497 cc,115 bhp,20 kmpl,4.0,Yes,5 Seats,1475 kg,180 mm,,42 Litres,
Hyundai i20,₹3.17 Lakh,Jun 2015,"51,511 Kms",First Owner,Petrol,Manual,FWD,1197 cc,81.83 bhp,18.6 kmpl,4.0,No,5 Seats,1066 kg,170 mm,45 Litres,,
Maruti Suzuki Wagon R,₹3.89 Lakh,Aug 2022,"39,393 Kms",First Owner,Petrol,Manual,,1197 cc,88.50 bhp,23.56 kmpl,4.0,,5 Seats,835-850 kg,,32 Litres,,
Hyundai i10,₹2.10 Lakh,Mar 2015,"96,525 Kms",First Owner,Petrol,Manual,FWD,1197 cc,78.9 bhp,20.36 kmpl,4.0,No,5 Seats,1100 kg,165 mm,35 Litres,,
Tata Harrier,₹10.50 Lakh,2021,"30,000 Kms",First Owner,Diesel,Automatic,,1956 cc,167.67 bhp,14.6 kmpl,4.0,Yes,5 Seats,1700 kg,,,50 Litres,
Honda City,₹6.38 Lakh,Mar 2019,"40,460 Kms",First Owner,Petrol,Automatic,FWD,1497 cc,117.6 bhp,18 kmpl,4.0,No,5 Seats,1107 kg,165 mm,40 Litres,,
Hyundai Grand i10,₹2.34 Lakh,Mar 2018,"97,912 Kms",Second Owner,Diesel,Manual,FWD,1186 cc,73.97 bhp,24 kmpl,3.0,No,5 Seats,1100 kg,165 mm,,43 Litres,
Maruti Suzuki Baleno,₹4.09 Lakh,Aug 2018,"86,263 Kms",First Owner,Diesel,Manual,FWD,1248 cc,74 bhp,27.39 kmpl,4.0,Yes,5 Seats,960-985 kg,170 mm,,37 Litres,
Hyundai Creta,₹12.50 Lakh,2021,"54,000 Kms",First Owner,Petrol,Automatic,FWD,1353 cc,138.08 bhp,16.8 kmpl,4.0,Yes,5 Seats,1340 kg,,50 Litres,,
Honda Amaze,₹3.71 Lakh,Jan 2019,"33,203 Kms",Second Owner,Petrol,Manual,FWD,1199 cc,88.76 bhp,19.5 kmpl,4.0,No,5 Seats,924 kg,170 mm,35 Litres,,
Honda Amaze 2nd Gen,₹6.05 Lakh,Jan 2022,"24,709 Kms",First Owner,Petrol,Automatic,,1199 cc,88.50 bhp,18.3 kmpl,4.0,,5 Seats,945-957 kg,,35 Litres,,
Maruti Suzuki Baleno,₹3.50 Lakh,Jul 2016,"73,372 Kms",Second Owner,Diesel,Manual,FWD,1248 cc,74 bhp,27.39 kmpl,4.0,Yes,5 Seats,985 kg,170 mm,,37 Litres,
Kia Sonet,₹7.50 Lakh,2021,"89,000 Kms",Second Owner,Diesel,Manual,FWD,1493 cc,98.63 bhp,,4.0,Yes,5 Seats,1351 kg,,,45 Litres,
Honda Amaze,₹7.45 Lakh,Aug 2023,"17,487 Kms",First Owner,Petrol,Automatic,FWD,1199 cc,89 bhp,19.46 kmpl,4.0,,5 Seats,952-986 kg,172 mm,35 Litres,,
Hyundai Grand i10,₹2.73 Lakh,Feb 2014,"28,146 Kms",First Owner,Petrol,Manual,FWD,1197 cc,81.86 bhp,18.9 kmpl,4.0,No,5 Seats,1100 kg,165 mm,43 Litres,,
Hyundai Venue,₹8.69 Lakh,Oct 2023,"28,492 Kms",Second Owner,Petrol,Automatic,FWD,998 cc,118 bhp,18.31 kmpl,3.0,Yes,5 Seats,,,45 Litres,,
Maruti Suzuki Baleno,₹4 Lakh,2020,"54,000 Kms",First Owner,Petrol,Manual,FWD,1197 cc,81.80 bhp,21.01 kmpl,4.0,No,5 Seats,865-890 kg,170 mm,37 Litres,,
Tata Tiago,₹3.35 Lakh,Apr 2019,"47,728 Kms",First Owner,Petrol,Manual,FWD,1199 cc,83.83 bhp,23.84 kmpl,3.0,No,5 Seats,1012 kg,170 mm,35 Litres,,
Maruti Suzuki Grand Vitara,₹11.92 Lakh,Nov 2022,"1,01,163 Kms",First Owner,,Automatic,FWD,1462 cc,101.64 bhp,20.58 kmpl,4.0,,5 Seats,1185-1210 kg,210 mm,45 Litres,,
Hyundai Grand i10,₹2.74 Lakh,Oct 2013,"54,012 Kms",First Owner,Petrol,Manual,FWD,1197 cc,81.86 bhp,18.9 kmpl,4.0,No,5 Seats,1120 kg,165 mm,43 Litres,,
Maruti Suzuki Vitara Brezza,₹6.50 Lakh,2020,"41,000 Kms",First Owner,,Manual,FWD,1248 cc,88.5 bhp,24.3 kmpl,4.0,Yes,5 Seats,1190 kg,198 mm,,48 Litres,
Maruti Suzuki Baleno,₹4.69 Lakh,Mar 2020,"74,947 Kms",First Owner,Petrol,Manual,FWD,1197 cc,81.80 bhp,21.01 kmpl,4.0,No,5 Seats,865-890 kg,170 mm,37 Litres,,
Maruti Suzuki Baleno,₹5.45 Lakh,Sept 2021,"43,394 Kms",First Owner,Diesel,Manual,FWD,1248 cc,74 bhp,27.39 kmpl,4.0,Yes,5 Seats,960-985 kg,170 mm,,37 Litres,
Kia Seltos,₹12.06 Lakh,Nov 2020,"39,491 Kms",First Owner,Petrol,Automatic,FWD,1353 cc,138.08 bhp,16.5 kmpl,4.0,Yes,5 Seats,1535 kg,,50 Litres,,
Maruti Suzuki Vitara Brezza,₹6.20 Lakh,2019,"90,000 Kms",First Owner,,Manual,FWD,1248 cc,88.5 bhp,24.3 kmpl,4.0,Yes,5 Seats,1180 kg,198 mm,,48 Litres,
Tata Tiago,₹2.65 Lakh,Feb 2017,"58,494 Kms",First Owner,Petrol,Manual,FWD,1199 cc,84 bhp,23.84 kmpl,3.0,No,5 Seats,1012 kg,170 mm,35 Litres,,
Maruti Suzuki Dzire,₹6.69 Lakh,Oct 2022,"52,062 Kms",First Owner,Petrol,Automatic,FWD,1197 cc,80 bhp,25.71 kmpl,3.0,,5 Seats,920-960 kg,163 mm,37 Litres,,
Maruti Suzuki Baleno,₹3.50 Lakh,Dec 2018,"88,174 Kms",First Owner,Petrol,Automatic,FWD,1197 cc,83.1 bhp,21.4 kmpl,4.0,No,5 Seats,910 kg,170 mm,37 Litres,,
Mini Cooper SE,₹34 Lakh,Apr 2024,"11,200 Kms",First Owner,,Automatic,FWD,,181.03 bhp,,,,4 Seats,1365 kg,,,,
Maruti Suzuki Dzire,₹5.41 Lakh,Nov 2018,"62,443 Kms",First Owner,Petrol,Manual,FWD,1197 cc,80 bhp,24.79 kmpl,3.0,,5 Seats,920-960 kg,163 mm,37 Litres,,
Maruti Suzuki Baleno,₹4.57 Lakh,Aug 2018,"42,116 Kms",First Owner,Diesel,Manual,FWD,1248 cc,74 bhp,27.39 kmpl,4.0,Yes,5 Seats,960-985 kg,170 mm,,37 Litres,
Maruti Suzuki Celerio,₹3.80 Lakh,May 2019,"75,230 Kms",Second Owner,Petrol,Automatic,FWD,998 cc,67.05 bhp,21.63 kmpl,3.0,No,5 Seats,850 kg,165 mm,35 Litres,,
Maruti Suzuki Baleno,₹7 Lakh,2023,"16,000 Kms",First Owner,Petrol,Automatic,FWD,1197 cc,88.50 bhp,22.94 kmpl,4.0,No,5 Seats,940-960 kg,,37 Litres,,
Tata Nexon,₹7.65 Lakh,May 2022,"27,102 Kms",First Owner,Diesel,Manual,,1497 cc,108.49 bhp,21.19 kmpl,4.0,Yes,5 Seats,1395 kg,209 mm,,44 Litres,
Maruti Suzuki Baleno,₹4.80 Lakh,Jul 2019,"74,565 Kms",First Owner,Petrol,Automatic,FWD,1197 cc,83.1 bhp,21.4 kmpl,4.0,No,5 Seats,935 kg,170 mm,37 Litres,,
Renault KWID,₹2.90 Lakh,Jan 2020,"26,653 Kms",First Owner,Petrol,Manual,,799 cc,53.26 bhp,22.25 kmpl,3.0,,5 Seats,690 kg,184 mm,28 Litres,,
Jaguar XE,₹18 Lakh,Sept 2018,"72,738 Kms",Second Owner,Petrol,Automatic,RWD,1999 cc,246.74 bhp,,4.0,Yes,5 Seats,1650 kg,,68 Litres,,
Volkswagen Polo,₹2.38 Lakh,Mar 2013,"61,616 Kms",Third Owner,Petrol,Manual,FWD,1198 cc,73.9 bhp,16.47 kmpl,3.0,No,5 Seats,1030 kg,168 mm,45 Litres,,
Hyundai Aura,₹7.07 Lakh,Nov 2024,"31,767 Kms",First Owner,CNG,Manual,,1197 cc,68.05 bhp,,4.0,No,5 Seats,1110 kg,,,,
Maruti Suzuki Wagon R,₹4.15 Lakh,Apr 2022,"51,752 Kms",First Owner,Petrol,Manual,FWD,998 cc,65.71 bhp,24.35 kmpl,3.0,,5 Seats,825 kg,,32 Litres,,
Mercedes-Benz C-Class,₹34 Lakh,Sept 2021,"30,000 Kms",First Owner,Petrol,Automatic,RWD,1950 cc,201.15 bhp,,4.0,Yes,5 Seats,1655 kg,157 mm,66 Litres,,
Renault Triber,₹4.93 Lakh,Oct 2021,"34,701 Kms",First Owner,Petrol,Manual,FWD,999 cc,71.01 bhp,20 kmpl,3.0,,7 Seats,,182 mm,40 Litres,,
Hyundai Verna,₹6.74 Lakh,Oct 2018,"60,884 Kms",Second Owner,Petrol,Manual,FWD,1591 cc,121.3 bhp,17.01 kmpl,4.0,No,5 Seats,1290 kg,165 mm,43 Litres,,
Kia Seltos,₹12.38 Lakh,Aug 2020,"13,562 Kms",First Owner,Petrol,Automatic,FWD,1353 cc,138.08 bhp,16.5 kmpl,4.0,Yes,5 Seats,1535 kg,,50 Litres,,
BMW 5 Series,₹53 Lakh,May 2023,"35,000 Kms",Second Owner,Petrol,Automatic,,1998 cc,248.08 bhp,14.82 kmpl,4.0,Twin,5 Seats,1695 kg,,,,
Maruti Suzuki Baleno,₹5.23 Lakh,May 2019,"41,178 Kms",First Owner,Diesel,Manual,FWD,1248 cc,74 bhp,27.39 kmpl,4.0,Yes,5 Seats,960-985 kg,170 mm,,37 Litres,
Jeep Compass,₹9.50 Lakh,Mar 2019,"66,811 Kms",Second Owner,,Automatic,4X2,1368 cc,160 bhp,16 kmpl,4.0,Yes,5 Seats,1562 s kg,178 mm,60 Litres,,
Toyota Glanza,₹5.36 Lakh,Oct 2022,"68,253 Kms",First Owner,Petrol,Manual,,1197 cc,88.50 bhp,22.35 kmpl,4.0,,5 Seats,920-955 kg,,37 Litres,,
Mercedes-Benz C-Class,₹31 Lakh,Nov 2020,"32,000 Kms",Second Owner,Petrol,Automatic,RWD,1950 cc,201.15 bhp,,4.0,Yes,5 Seats,1655 kg,157 mm,66 Litres,,
Maruti Suzuki Celerio,₹2.73 Lakh,Dec 2015,"57,174 Kms",First Owner,Petrol,Manual,FWD,998 cc,67.77 bhp,25.24 kmpl,3.0,,5 Seats,810 kg,,32 Litres,,
Tata Altroz,₹5.66 Lakh,Mar 2022,"38,738 Kms",First Owner,Petrol,Manual,,1199 cc,86.83 bhp,19.33 kmpl,3.0,No,5 Seats,1030 kg,165 mm,37 Litres,,
Hyundai i20,₹4.90 Lakh,Mar 2019,"54,232 Kms",First Owner,Petrol,Manual,FWD,1197 cc,81.86 bhp,18.6 kmpl,4.0,No,5 Seats,1120 kg,170 mm,40 Litres,,
BMW 5 Series,₹42 Lakh,Dec 2022,"25,000 Kms",Second Owner,Diesel,Automatic,,1995 cc,187.74 bhp,20.37 kmpl,4.0,Turbo,5 Seats,1660 kg,,,,
Hyundai Verna,₹6.96 Lakh,Mar 2018,"46,864 Kms",Second Owner,Petrol,Automatic,FWD,1591 cc,121.3 bhp,15.74 kmpl,4.0,No,5 Seats,1198 kg,170 mm,43 Litres,,
Maruti Suzuki Baleno,₹5.26 Lakh,Feb 2019,"63,840 Kms",First Owner,Diesel,Manual,FWD,1248 cc,74 bhp,27.39 kmpl,4.0,Yes,5 Seats,985 kg,170 mm,,37 Litres,
Kia Seltos,₹10.90 Lakh,Jul 2023,"31,309 Kms",First Owner,Petrol,Automatic,2WD,1353 cc,138 bhp,16.2 kmpl,4.0,Yes,5 Seats,1505 kg,,50 Litres,,
Kia Seltos,₹8.95 Lakh,Jul 2023,"51,000 Kms",First Owner,Petrol,Manual,2WD,1497 cc,113.42 bhp,17 kmpl,4.0,No,5 Seats,,,50 Litres,,
Honda Amaze,₹5.25 Lakh,Sept 2019,"28,526 Kms",First Owner,Petrol,Manual,FWD,1199 cc,89 bhp,18.65 kmpl,4.0,,5 Seats,952-986 kg,172 mm,35 Litres,,
Maruti Suzuki Grand Vitara,₹13.01 Lakh,Dec 2022,"44,405 Kms",First Owner,,Automatic,FWD,1462 cc,101.64 bhp,20.58 kmpl,4.0,,5 Seats,1185-1210 kg,210 mm,45 Litres,,
Tata Tiago,₹3.53 Lakh,Oct 2021,"63,689 Kms",First Owner,Petrol,Manual,,1199 cc,84.82 bhp,19.01 kmpl,3.0,,5 Seats,982 kg,170 mm,35 Litres,,
Hyundai i20,₹7.51 Lakh,Aug 2023,"22,000 Kms",First Owner,Petrol,Manual,,1197 cc,81.80 bhp,21 kmpl,4.0,No,5 Seats,1160 kg,,37 Litres,,
Skoda Slavia,₹10.45 Lakh,Mar 2022,"34,844 Kms",First Owner,Petrol,Manual,FWD,999 cc,113.98 bhp,19 kmpl,3.0,Yes,5 Seats,1160-1216 kg,145 mm,45 Litres,,
Maruti Suzuki Baleno,₹4.75 Lakh,Jun 2018,"49,229 Kms",First Owner,Petrol,Automatic,FWD,1197 cc,88.50 bhp,22.94 kmpl,4.0,No,5 Seats,940-960 kg,,37 Litres,,
Tata Altroz,₹3.35 Lakh,Sept 2021,"70,238 Kms",First Owner,Petrol,Manual,,1199 cc,86.83 bhp,19.33 kmpl,3.0,No,5 Seats,965 kg,165 mm,37 Litres,,
Kia Seltos,₹18.25 Lakh,Nov 2024,"28,000 Kms",First Owner,Diesel,Automatic,2WD,1493 cc,114.41 bhp,19.1 kmpl,4.0,Yes,5 Seats,,,,50 Litres,
Honda Jazz,₹3.87 Lakh,Dec 2017,"82,232 Kms",First Owner,Petrol,Automatic,FWD,1199 cc,88.7 bhp,19 kmpl,4.0,No,5 Seats,1066 kg,165 mm,40 Litres,,
Hyundai Aura,₹6.98 Lakh,Jul 2022,"55,885 Kms",First Owner,Diesel,Automatic,,1186 cc,73.97 bhp,25.4 kmpl,4.0,Yes,5 Seats,1150 kg,,,37 Litres,
Maruti Suzuki Ciaz,₹4.89 Lakh,Feb 2019,"90,492 Kms",First Owner,Petrol,Automatic,FWD,1462 cc,103.25 bhp,20.28 kmpl,4.0,No,5 Seats,1105 kg,170 mm,43 Litres,,
Hyundai Grand i10,₹2.99 Lakh,Nov 2013,"69,000 Kms",First Owner,Petrol,Manual,FWD,1197 cc,82 bhp,18.9 kmpl,4.0,No,5 Seats,935 kg,165 mm,43 Litres,,
Nissan Magnite,₹5.29 Lakh,Mar 2021,"22,946 Kms",First Owner,,Manual,FWD,999 cc,71.01 bhp,19.35 kmpl,3.0,No,5 Seats,,205 mm,40 Litres,,
MG Hector,₹9.54 Lakh,Aug 2019,"60,455 Kms",Second Owner,,Automatic,FWD,1451 cc,141 bhp,8.61 kmpl,4.0,Yes,5 Seats,1820 kg,192 mm,60 Litres,,
Honda WR-V,₹4.39 Lakh,Nov 2019,"51,998 Kms",First Owner,,Manual,FWD,1199 cc,88.7 bhp,17.5 kmpl,4.0,No,5 Seats,1084 kg,188 mm,40 Litres,,
Kia Seltos,₹15.75 Lakh,Sept 2023,"25,000 Kms",First Owner,Petrol,Automatic,FWD,1353 cc,138.08 bhp,16.5 kmpl,4.0,Yes,5 Seats,1535 kg,,50 Litres,,
Hyundai Alcazar,₹12.93 Lakh,Feb 2022,"95,570 Kms",First Owner,Diesel,Manual,FWD,1493 cc,113.98 bhp,20.4 kmpl,4.0,Yes,7 Seats,,,,50 Litres,
Ford Ecosport,₹7.48 Lakh,May 2021,"81,508 Kms",First Owner,Petrol,Manual,FWD,1496 cc,120.69 bhp,15.9 kmpl,3.0,No,5 Seats,1262 kg,,52 Litres,,
Maruti Suzuki Ciaz,₹4.72 Lakh,Dec 2017,"71,869 Kms",First Owner,Diesel,Manual,,1248 cc,88.5 bhp,,4.0,Yes,,1065 kg,,,,
Volkswagen Polo,₹2.99 Lakh,Aug 2014,"61,000 Kms",First Owner,Petrol,Manual,FWD,1198 cc,74 bhp,16.47 kmpl,3.0,No,5 Seats,1049 kg,165 mm,45 Litres,,
Hyundai Venue,₹5.30 Lakh,Jan 2021,"46,817 Kms",First Owner,Petrol,Manual,FWD,1197 cc,81.86 bhp,17.52 kmpl,4.0,No,5 Seats,1080 kg,,45 Litres,,
Hyundai Santro,₹2.80 Lakh,Feb 2021,"83,781 Kms",Second Owner,Petrol,Manual,FWD,1086 cc,68.05 bhp,20.3 kmpl,4.0,No,5 Seats,1050 kg,,35 Litres,,
Mahindra XUV300,₹5.15 Lakh,Jun 2021,"29,450 Kms",First Owner,Petrol,Manual,,1197 cc,108.62 bhp,16.82 kmpl,3.0,Yes,5 Seats,1300 kg,,42 Litres,,
Ford Endeavour,₹16.50 Lakh,Aug 2017,"1,00,000 Kms",Second Owner,,Automatic,4WD,3198 cc,197 bhp,10.91 kmpl,4.0,Yes,7 Seats,1879 kg,225 mm,,80 Litres,
Nissan Magnite,₹5.97 Lakh,Apr 2022,"50,457 Kms",First Owner,,Manual,FWD,999 cc,98.63 bhp,20 kmpl,3.0,Yes,5 Seats,,205 mm,40 Litres,,
Maruti Suzuki Baleno,₹2.95 Lakh,Feb 2016,"88,369 Kms",Second Owner,Petrol,Manual,FWD,1197 cc,83.1 bhp,21.4 kmpl,4.0,No,5 Seats,890 kg,170 mm,37 Litres,,
Kia Sonet,₹7.82 Lakh,Jul 2023,"49,998 Kms",First Owner,Petrol,Automatic,FWD,998 cc,118.36 bhp,18.2 kmpl,3.0,Yes,5 Seats,1245 kg,,,,
Renault KWID,₹2.55 Lakh,May 2018,"54,000 Kms",First Owner,Petrol,Automatic,FWD,999 cc,67 bhp,24.04 kmpl,3.0,No,5 Seats,750 kg,180 mm,28 Litres,,
Hyundai Verna,₹11.82 Lakh,Jun 2023,"30,672 Kms",First Owner,Petrol,Manual,FWD,1497 cc,113.18 bhp,18.6 kmpl,4.0,No,5 Seats,,,45 Litres,,
Renault Kiger,₹5.71 Lakh,Nov 2021,"43,238 Kms",Second Owner,,Automatic,FWD,999 cc,98.63 bhp,18.24 kmpl,3.0,Yes,5 Seats,,205 mm,40 Litres,,
MG Hector Plus,₹9.75 Lakh,Sept 2020,"65,948 Kms",Second Owner,Petrol,Automatic,,1451 cc,141 bhp,12.34 kmpl,4.0,YES,7 Seats,1780 kg,,60 Litres,,
Audi A4,₹17.50 Lakh,Jul 2017,"32,000 Kms",Second Owner,Petrol,Automatic,FWD,1395 cc,147.51 bhp,,4.0,Yes,5 Seats,1450 kg,165 mm,54 Litres,,
Maruti Suzuki Baleno,₹7.08 Lakh,Aug 2023,"36,254 Kms",First Owner,Petrol,Automatic,FWD,1197 cc,88.50 bhp,22.94 kmpl,4.0,No,5 Seats,940-960 kg,,37 Litres,,
Hyundai Creta,₹4.40 Lakh,Mar 2016,"98,539 Kms",Second Owner,,Manual,FWD,1591 cc,121.3 bhp,13 kmpl,4.0,No,5 Seats,1280 kg,190 mm,55 Litres,,
Honda Jazz,₹4.15 Lakh,Sept 2015,"18,261 Kms",First Owner,Petrol,Automatic,FWD,1199 cc,88.7 bhp,19 kmpl,4.0,No,5 Seats,1066 kg,165 mm,40 Litres,,
Hyundai Tucson,₹9.75 Lakh,Jan 2018,"76,000 Kms",First Owner,,Automatic,2WD,1995 cc,182.46 bhp,16.38 kmpl,4.0,Yes,5 Seats,1517 kg,195 mm,,62 Litres,
Hyundai Creta,₹4.85 Lakh,Feb 2017,"74,097 Kms",Second Owner,,Automatic,FWD,1591 cc,121.3 bhp,13 kmpl,4.0,No,5 Seats,1280 kg,190 mm,55 Litres,,
Mahindra XUV300,₹8.04 Lakh,Aug 2022,"68,186 Kms",First Owner,Petrol,Manual,FWD,1197 cc,108.62 bhp,16.82 kmpl,3.0,Yes,5 Seats,,,42 Litres,,
Maruti Suzuki Swift,₹5.91 Lakh,Sept 2022,"47,544 Kms",First Owner,Petrol,Manual,FWD,1197 cc,81.80 bhp,21.21 kmpl,4.0,No,5 Seats,855-885 kg,163 mm,37 Litres,,
Audi A3,₹15 Lakh,Apr 2019,"35,000 Kms",First Owner,Diesel,Automatic,FWD,1968 cc,143 bhp,20.38 kmpl,4.0,Yes,5 Seats,1490 kg,165 mm,,50 Litres,
Hyundai Venue,₹9.10 Lakh,Oct 2024,"32,932 Kms",First Owner,Petrol,Manual,FWD,1197 cc,82 bhp,20.36 kmpl,4.0,No,5 Seats,,,45 Litres,,
Hyundai Venue,₹7.58 Lakh,Nov 2023,"24,543 Kms",First Owner,Petrol,Manual,FWD,1197 cc,82 bhp,20.36 kmpl,4.0,No,5 Seats,,,45 Litres,,
Maruti Suzuki Swift,₹4.57 Lakh,Jun 2019,"62,036 Kms",First Owner,Petrol,Manual,FWD,1197 cc,81.80 bhp,21.21 kmpl,4.0,No,5 Seats,855-885 kg,163 mm,37 Litres,,
MG Hector,₹11.40 Lakh,Jan 2021,"61,000 Kms",First Owner,,Automatic,FWD,1451 cc,141 bhp,9 kmpl,4.0,Yes,5 Seats,1820 kg,192 mm,60 Litres,,
Kia Seltos,₹7.60 Lakh,Jan 2020,"99,072 Kms",First Owner,Petrol,Automatic,2WD,1353 cc,138 bhp,16.2 kmpl,4.0,Yes,5 Seats,1505 kg,,50 Litres,,
Honda Amaze,₹1.93 Lakh,Jun 2015,"1,23,011 Kms",Second Owner,Petrol,Manual,FWD,1198 cc,86.7 bhp,18 kmpl,4.0,No,5 Seats,960 kg,165 mm,35 Litres,,
Maruti Suzuki Swift,₹3.88 Lakh,Feb 2018,"48,784 Kms",Second Owner,Petrol,Manual,FWD,1197 cc,88.50 bhp,22.38 kmpl,4.0,,5 Seats,875-905 kg,,37 Litres,,
Toyota Innova Crysta,₹15.50 Lakh,Apr 2026,"55,000 Kms",First Owner,Diesel,Automatic,RWD,2755 cc,171.5 bhp,,4.0,Yes,7 Seats,1830 kg,,,55 Litres,
Honda City,₹4.52 Lakh,Sept 2015,"45,808 Kms",First Owner,Petrol,Manual,FWD,1497 cc,116.3 bhp,16.8 kmpl,4.0,No,5 Seats,1095 kg,165 mm,42 Litres,,
Ford Ecosport,₹3.04 Lakh,Feb 2017,"60,315 Kms",Second Owner,,Automatic,FWD,1499 cc,110.4 bhp,15.63 kmpl,4.0,No,5 Seats,1250 kg,200 mm,52 Litres,,
Nissan Magnite,₹5.47 Lakh,Jun 2023,"24,775 Kms",First Owner,,Manual,2WD,999 cc,98.63 bhp,20 kmpl,3.0,Yes,5 Seats,1014 kg,205 mm,40 Litres,,
Tata Nexon EV,₹7 Lakh,Jul 2021,"51,854 Kms",Second Owner,,Automatic,,,127 bhp,,,,5 Seats,1400 kg,205 mm,,,
Honda Jazz,₹3.22 Lakh,Mar 2017,"63,606 Kms",First Owner,Petrol,Automatic,FWD,1199 cc,88.7 bhp,19 kmpl,4.0,No,5 Seats,1066 kg,165 mm,40 Litres,,
Mercedes-Benz AMG C 63,₹32 Lakh,Dec 2020,"58,000 Kms",Second Owner,Petrol,Automatic,,3982 cc,469.35 bhp,,8.0,Yes,5 Seats,1785 kg,,,,
Maruti Suzuki Baleno,₹4 Lakh,Sept 2017,"90,000 Kms",First Owner,Petrol,Automatic,FWD,1197 cc,83.1 bhp,21.4 kmpl,4.0,No,5 Seats,910 kg,170 mm,37 Litres,,
Kia Seltos,₹16.25 Lakh,Jun 2024,"30,600 Kms",First Owner,Petrol,Automatic,2WD,1482 cc,157.81 bhp,17.9 kmpl,4.0,Yes,5 Seats,,,50 Litres,,
Kia Carens,₹9.85 Lakh,Jan 2023,"52,800 Kms",First Owner,Petrol,Manual,2WD,1497 cc,113.42 bhp,,4.0,No,7 Seats,1540 kg,,45 Litres,,
Tata Tiago,₹7.25 Lakh,Dec 2023,"26,000 Kms",First Owner,Petrol,Manual,FWD,1199 cc,85 bhp,19.01 kmpl,3.0,,5 Seats,,170 mm,35 Litres,,
Mahindra Verito,₹4.10 Lakh,May 2019,"53,856 Kms",Second Owner,Diesel,Manual,2WD,1461 cc,64.1 bhp,21 kmpl,4.0,Yes,5 Seats,1140 kg,172 mm,,50 Litres,
Jeep Compass,₹13.50 Lakh,Jan 2021,"29,500 Kms",First Owner,,Automatic,4X2,1368 cc,160.77 bhp,14.1 kmpl,4.0,Yes,5 Seats,1562 s kg,178 mm,,,
MG Astor,₹12.50 Lakh,Jan 2023,"15,000 Kms",First Owner,Petrol,Automatic,,1498 cc,108.49 bhp,14.85 kmpl,4.0,No,5 Seats,1400 kg,,48 Litres,,
Toyota Camry,₹33.75 Lakh,Mar 2024,"37,000 Kms",First Owner,Petrol,Automatic,FWD,2487 cc,175.67 bhp,16 kmpl,4.0,,5 Seats,1665 kg,,50 Litres,,
Mahindra Thar,₹13.49 Lakh,Jan 2024,"17,500 Kms",First Owner,,Manual,4X4,1997 cc,150 bhp,15.2 kmpl,4.0,Yes,4 Seats,1815 kg,226 mm,57 Litres,,
Kia Syros,₹11.70 Lakh,Feb 2025,"1,878 Kms",First Owner,,Manual,FWD,998 cc,118 bhp,18.2 kmpl,3.0,Yes,5 Seats,,190 mm,45 Litres,,
Maruti Suzuki Invicto,₹22 Lakh,Mar 2024,"50,000 Kms",First Owner,Petrol,Automatic,FWD,1987 cc,150.19 bhp,,4.0,,7 Seats,1620-1630 kg,,52 Litres,,
Hyundai Tucson,₹8.95 Lakh,Feb 2017,"70,493 Kms",First Owner,,Automatic,2WD,1999 cc,152.88 bhp,12.95 kmpl,4.0,No,5 Seats,1497 kg,195 mm,62 Litres,,
Mahindra Thar,₹11.49 Lakh,Jun 2022,"20,500 Kms",First Owner,,Manual,4X4,1997 cc,150 bhp,15.2 kmpl,4.0,Yes,4 Seats,1815 kg,226 mm,57 Litres,,
Maruti Suzuki XL6,₹8.25 Lakh,Jan 2021,"26,000 Kms",First Owner,Petrol,Manual,FWD,1462 cc,103.2 bhp,19.01 kmpl,4.0,,6 Seats,1180 kg,,45 Litres,,
Land Rover Discovery Sport,₹18.50 Lakh,Jan 2016,"44,000 Kms",Second Owner,Petrol,Automatic,4WD,1997 cc,237.36 bhp,,4.0,Yes,7 Seats,2064 kg,212 mm,65 Litres,,
Mahindra XUV500,₹8.25 Lakh,May 2018,"68,300 Kms",Second Owner,,Manual,FWD,1997 cc,140 bhp,16 kmpl,4.0,Yes,7 Seats,2000 kg,200 mm,,70 Litres,
Jeep Wrangler,₹45 Lakh,Jul 2021,"19,000 Kms",First Owner,,Automatic,4WD,1998 cc,268 bhp,12.1 kmpl,4.0,Yes,5 Seats,1994 kg,214 mm,,,
Kia Seltos,₹14.50 Lakh,Feb 2023,"57,800 Kms",First Owner,Petrol,Automatic,FWD,1353 cc,138.08 bhp,16.5 kmpl,4.0,Yes,5 Seats,1535 kg,,50 Litres,,
Maruti Suzuki Swift,₹2.65 Lakh,May 2015,"95,000 Kms",First Owner,Petrol,Manual,FWD,1197 cc,81.80 bhp,22 kmpl,4.0,No,5 Seats,855 kg,163 mm,42 Litres,,
Mahindra Alturas G4,₹16.99 Lakh,Mar 2021,"94,000 Kms",First Owner,Diesel,Automatic,,2157 cc,178.49 bhp,12.35 kmpl,4.0,Yes,7 Seats,2010 kg,,,70 Litres,
BMW X1,₹11.45 Lakh,Dec 2017,"1,08,250 Kms",First Owner,Diesel,Automatic,AWD,1995 cc,190 bhp,,4.0,Yes,5 Seats,1610 kg,165 mm,,51 Litres,
Kia Seltos,₹13.50 Lakh,Apr 2022,"56,500 Kms",First Owner,Petrol,Automatic,FWD,1353 cc,138.08 bhp,16.5 kmpl,4.0,Yes,5 Seats,1535 kg,,50 Litres,,
MG Astor,₹13.90 Lakh,Jan 2023,"30,000 Kms",First Owner,Petrol,Automatic,,1498 cc,108.49 bhp,14.85 kmpl,4.0,No,5 Seats,1400 kg,,48 Litres,,
Hyundai Venue,₹6.75 Lakh,Nov 2020,"45,000 Kms",Second Owner,Petrol,Automatic,FWD,998 cc,118.35 bhp,18.15 kmpl,3.0,Yes,5 Seats,1440 kg,,45 Litres,,
Honda Brio,₹2.63 Lakh,Aug 2015,"1,11,506 Kms",First Owner,Petrol,Manual,FWD,1198 cc,86.8 bhp,19.4 kmpl,4.0,No,5 Seats,925 kg,165 mm,35 Litres,,
Hyundai Venue,₹5.48 Lakh,Jul 2020,"56,321 Kms",First Owner,Petrol,Manual,FWD,998 cc,118.35 bhp,18.27 kmpl,3.0,Yes,5 Seats,1340 kg,,45 Litres,,
Chevrolet Captiva,₹5.45 Lakh,Aug 2015,"58,386 Kms",Second Owner,,Automatic,AWD,2231 cc,184 bhp,12.12 kmpl,4.0,Yes,7 Seats,1775 kg,176 mm,,65 Litres,
Audi A4,₹19.75 Lakh,Jan 2017,"42,000 Kms",First Owner,Petrol,Automatic,FWD,1395 cc,147.51 bhp,,4.0,Yes,5 Seats,1450 kg,165 mm,54 Litres,,
Hyundai Santro,₹4.10 Lakh,Dec 2021,"82,000 Kms",First Owner,Petrol,Manual,FWD,1086 cc,68.05 bhp,20.3 kmpl,4.0,No,5 Seats,1050 kg,,35 Litres,,
Hyundai Grand i10 Nios,₹6.25 Lakh,Mar 2024,"15,500 Kms",First Owner,Petrol,Manual,,1197 cc,81.86 bhp,20.7 kmpl,4.0,No,5 Seats,1160 kg,,37 Litres,,
Toyota Corolla Altis,₹8.68 Lakh,Feb 2018,"72,009 Kms",Second Owner,Petrol,Manual,FWD,1798 cc,138 bhp,14.53 kmpl,4.0,No,5 Seats,1180-1270 kg,175 mm,55 Litres,,
Maruti Suzuki Celerio,₹3.95 Lakh,2020,"1,20,000 Kms",First Owner,CNG,Manual,FWD,998 cc,58.33 bhp,30.47 km/kg,3.0,No,5 Seats,925 kg,165 mm,,,60 Litres
Skoda Octavia,₹24.25 Lakh,Jul 2022,"44,000 Kms",First Owner,Petrol,Automatic,FWD,1984 cc,187.74 bhp,15.81 kmpl,4.0,Yes,5 Seats,1459 kg,137 mm,50 Litres,,
Mahindra Thar,₹11.35 Lakh,Apr 2022,"44,453 Kms",Second Owner,,Automatic,4WD,2184 cc,130.07 bhp,9 kmpl,4.0,Yes,4 Seats,,226 mm,,57 Litres,
Hyundai Grand i10,₹2.69 Lakh,Apr 2014,"88,549 Kms",First Owner,Petrol,Manual,FWD,1197 cc,81.86 bhp,18.9 kmpl,4.0,No,5 Seats,1100 kg,165 mm,43 Litres,,
Hyundai Venue,₹7.94 Lakh,Feb 2022,"45,083 Kms",First Owner,Petrol,Manual,FWD,998 cc,118 bhp,24.2 kmpl,3.0,Yes,5 Seats,,,45 Litres,,
Kia Seltos,₹9.22 Lakh,Jun 2020,"92,633 Kms",First Owner,Petrol,Automatic,FWD,1353 cc,138.08 bhp,16.5 kmpl,4.0,Yes,5 Seats,1535 kg,,50 Litres,,
Hyundai Venue,₹7.58 Lakh,Feb 2021,"29,469 Kms",First Owner,Petrol,Manual,FWD,998 cc,118 bhp,24.2 kmpl,3.0,Yes,5 Seats,,,45 Litres,,
Skoda Kushaq,₹11.24 Lakh,Sept 2022,"60,274 Kms",First Owner,Petrol,Manual,FWD,999 cc,113.98 bhp,19.76 kmpl,3.0,Yes,5 Seats,1193-1248 kg,,50 Litres,,
Kia Carens,₹11.54 Lakh,Apr 2023,"69,341 Kms",First Owner,Diesel,Manual,FWD,1493 cc,114.41 bhp,,4.0,Yes,7 Seats,,,,45 Litres,
Maruti Suzuki Swift,₹3.13 Lakh,Nov 2014,"51,303 Kms",First Owner,Petrol,Manual,FWD,1197 cc,81.80 bhp,21.21 kmpl,4.0,No,5 Seats,855-885 kg,163 mm,37 Litres,,
Hyundai Venue,₹9.34 Lakh,Apr 2022,"41,082 Kms",First Owner,Petrol,Automatic,FWD,998 cc,118 bhp,18.31 kmpl,3.0,Yes,5 Seats,,,,,
Kia Seltos,₹10.03 Lakh,Apr 2021,"57,961 Kms",First Owner,Petrol,Automatic,FWD,1353 cc,138.08 bhp,16.5 kmpl,4.0,Yes,5 Seats,1535 kg,,50 Litres,,
Renault KWID,₹2.45 Lakh,May 2017,"82,776 Kms",Second Owner,Petrol,Automatic,FWD,999 cc,67 bhp,22 kmpl,3.0,No,5 Seats,750 kg,184 mm,28 Litres,,
Kia Seltos,₹10.77 Lakh,Nov 2020,"56,859 Kms",First Owner,Petrol,Automatic,FWD,1353 cc,138.08 bhp,16.5 kmpl,4.0,Yes,5 Seats,1535 kg,,50 Litres,,
Mercedes-Benz E-Class,₹27.17 Lakh,Sept 2017,"50,906 Kms",Second Owner,Petrol,Automatic,RWD,1991 cc,184 bhp,,4.0,Yes,5 Seats,1720 kg,123 mm,80 Litres,,
Jeep Compass,₹9.56 Lakh,Jul 2021,"74,783 Kms",First Owner,,Manual,4X2,1368 cc,160 bhp,16 kmpl,4.0,Yes,5 Seats,1537 s kg,178 mm,60 Litres,,
Nissan Micra,₹3.26 Lakh,Sept 2016,"65,668 Kms",Second Owner,Petrol,Automatic,FWD,1198 cc,75.94 bhp,19.15 kmpl,3.0,No,5 Seats,1100 kg,154 mm,41 Litres,,
Tata Nexon,₹7.84 Lakh,Oct 2022,"58,318 Kms",First Owner,Diesel,Automatic,,1497 cc,108.49 bhp,22.07 kmpl,4.0,Yes,5 Seats,1280 kg,209 mm,,44 Litres,
Honda BR-V,₹6 Lakh,Apr 2018,"1,21,325 Kms",First Owner,,Manual,FWD,1498 cc,98.6 bhp,21.9 kmpl,4.0,Yes,7 Seats,1301 kg,210 mm,,42 Litres,
Hyundai Creta,₹7.98 Lakh,Jun 2018,"95,926 Kms",First Owner,,Manual,FWD,1591 cc,121.3 bhp,13 kmpl,4.0,No,5 Seats,1280 kg,190 mm,55 Litres,,
Mercedes-Benz S-Class,₹60 Lakh,Jan 2019,"37,000 Kms",First Owner,Diesel,Automatic,RWD,2925 cc,281.61 bhp,,6.0,Yes,5 Seats,2045 kg,,,70 Litres,
Tata Nexon,₹7.19 Lakh,Feb 2022,"1,07,152 Kms",First Owner,Diesel,Automatic,,1497 cc,108.49 bhp,22.07 kmpl,4.0,Yes,5 Seats,1270 kg,209 mm,,44 Litres,
Maruti Suzuki Grand Vitara,₹10.09 Lakh,Jun 2024,"26,824 Kms",First Owner,,Manual,FWD,1462 cc,101.64 bhp,21.11 kmpl,4.0,,5 Seats,1140-1185 kg,210 mm,45 Litres,,
Ford Figo,₹4.31 Lakh,Jan 2020,"53,929 Kms",First Owner,Petrol,Automatic,FWD,1497 cc,121 bhp,20.4 kmpl,3.0,No,5 Seats,1078 kg,174 mm,42 Litres,,
Honda City,₹6.95 Lakh,May 2018,"68,000 Kms",First Owner,Petrol,Automatic,FWD,1497 cc,117.6 bhp,18 kmpl,4.0,No,5 Seats,1100 kg,165 mm,40 Litres,,
Maruti Suzuki Ciaz,₹4.71 Lakh,Oct 2016,"42,270 Kms",First Owner,Petrol,Manual,FWD,1373 cc,91.1 bhp,20.73 kmpl,4.0,No,5 Seats,1030 kg,170 mm,43 Litres,,
Tata Nexon,₹6.95 Lakh,2022,"40,000 Kms",First Owner,Petrol,Manual,,1199 cc,118.36 bhp,17.57 kmpl,3.0,Yes,5 Seats,1375 kg,209 mm,44 Litres,,
Hyundai Creta,₹9.90 Lakh,Aug 2020,"72,795 Kms",First Owner,Petrol,Automatic,,1497 cc,113.18 bhp,14 kmpl,4.0,No,5 Seats,1490 kg,,50 Litres,,
Hyundai Grand i10 Nios,₹5.87 Lakh,Oct 2021,"55,691 Kms",First Owner,Diesel,Automatic,,1186 cc,73.97 bhp,26.2 kmpl,4.0,Yes,5 Seats,1180 kg,,,37 Litres,
Hyundai Venue,₹9.66 Lakh,Jul 2023,"45,387 Kms",First Owner,Petrol,Automatic,FWD,998 cc,118 bhp,18.31 kmpl,3.0,Yes,5 Seats,,,45 Litres,,
Maruti Suzuki XL6,₹7.31 Lakh,Oct 2020,"1,02,961 Kms",First Owner,Petrol,Automatic,FWD,1462 cc,103.2 bhp,,4.0,,6 Seats,1190 kg,,45 Litres,,
Maruti Suzuki XL6,₹7.46 Lakh,Aug 2021,"1,19,087 Kms",Second Owner,Petrol,Automatic,FWD,1462 cc,103.2 bhp,,4.0,,6 Seats,1190 kg,,45 Litres,,
Hyundai Grand i10,₹3.27 Lakh,Apr 2017,"72,509 Kms",First Owner,Petrol,Manual,FWD,1197 cc,81.86 bhp,18.9 kmpl,4.0,No,5 Seats,1120 kg,165 mm,43 Litres,,
Kia Seltos,₹9.18 Lakh,Jan 2020,"95,617 Kms",First Owner,Petrol,Automatic,FWD,1353 cc,138.08 bhp,16.5 kmpl,4.0,Yes,5 Seats,1535 kg,,50 Litres,,
Jeep Compass,₹7.50 Lakh,Dec 2017,"74,163 Kms",First Owner,,Automatic,4X2,1368 cc,160 bhp,16 kmpl,4.0,Yes,5 Seats,1562 s kg,178 mm,60 Litres,,
Tata Nexon,₹5.05 Lakh,Nov 2017,"58,704 Kms",First Owner,Diesel,Manual,,1497 cc,108.49 bhp,21.19 kmpl,4.0,Yes,5 Seats,1395 kg,209 mm,,44 Litres,
Honda Brio,₹2.19 Lakh,Oct 2012,"65,354 Kms",First Owner,Petrol,Manual,FWD,1198 cc,86.8 bhp,19.4 kmpl,4.0,No,5 Seats,925 kg,165 mm,35 Litres,,
Honda City,₹11.17 Lakh,Apr 2023,"23,153 Kms",First Owner,Petrol,Manual,,1498 cc,119.35 bhp,18.6 kmpl,4.0,,5 Seats,1107-1153 kg,,40 Litres,,
Maruti Suzuki Ciaz,₹5.01 Lakh,Apr 2018,"53,701 Kms",Second Owner,Diesel,Manual,,1248 cc,88.5 bhp,,4.0,Yes,,1065 kg,,,,
Mahindra Thar,₹9.95 Lakh,Dec 2021,"69,636 Kms",First Owner,,Manual,RWD,1497 cc,116.93 bhp,9 kmpl,4.0,Yes,4 Seats,1710 kg,226 mm,,57 Litres,
Mercedes-Benz GLC,₹45 Lakh,Jan 2022,"38,000 Kms",First Owner,Petrol,Automatic,AWD,1991 cc,197 bhp,,4.0,No,5 Seats,1585 kg,,66 Litres,,
Kia Sonet,₹6.89 Lakh,Jul 2021,"45,150 Kms",First Owner,Petrol,Automatic,2WD,998 cc,118.35 bhp,18.2 kmpl,3.0,Yes,5 Seats,,,45 Litres,,
Kia Seltos,₹9.20 Lakh,Jan 2020,"31,075 Kms",First Owner,Petrol,Manual,FWD,1353 cc,113.43 bhp,16.8 kmpl,4.0,No,5 Seats,1485 kg,,,,
Mahindra Thar,₹10.13 Lakh,Nov 2021,"1,11,980 Kms",First Owner,,Automatic,4WD,2184 cc,130.07 bhp,9 kmpl,4.0,Yes,4 Seats,,226 mm,,57 Litres,
Kia Seltos,₹14.90 Lakh,Oct 2023,"39,000 Kms",First Owner,Petrol,Automatic,2WD,1482 cc,157.81 bhp,17.9 kmpl,4.0,Yes,5 Seats,,,50 Litres,,
Skoda Kushaq,₹8.78 Lakh,Feb 2023,"1,00,399 Kms",First Owner,Petrol,Manual,FWD,1498 cc,147.51 bhp,18.6 kmpl,4.0,Yes,5 Seats,1269-1300 kg,,50 Litres,,
Maruti Suzuki Ciaz,₹5.01 Lakh,Jul 2016,"71,015 Kms",First Owner,Petrol,Automatic,FWD,1373 cc,91.1 bhp,19.12 kmpl,4.0,No,5 Seats,1010 kg,170 mm,43 Litres,,
Honda Jazz,₹3.60 Lakh,Sept 2015,"64,000 Kms",First Owner,Petrol,Manual,FWD,1199 cc,88.7 bhp,18.7 kmpl,4.0,No,5 Seats,1040 kg,165 mm,40 Litres,,
Honda Jazz,₹4.25 Lakh,Nov 2015,"52,000 Kms",First Owner,Petrol,Manual,FWD,1199 cc,88.7 bhp,18.7 kmpl,4.0,No,5 Seats,1042 kg,165 mm,40 Litres,,
Volvo XC40,₹23 Lakh,Nov 2020,"48,000 Kms",First Owner,Petrol,Automatic,FWD,1969 cc,187.40 bhp,,4.0,,5 Seats,1640 kg,211 mm,54 Litres,,
Tata Nexon,₹6.50 Lakh,Nov 2021,"43,000 Kms",First Owner,Petrol,Manual,,1199 cc,118.35 bhp,17.33 kmpl,3.0,Yes,5 Seats,1230 kg,209 mm,44 Litres,,
Renault KWID,₹1.90 Lakh,2017,"70,000 Kms",Second Owner,Petrol,Manual,FWD,999 cc,67 bhp,23.01 kmpl,3.0,No,5 Seats,675 kg,180 mm,28 Litres,,
Mahindra XUV700,₹13.90 Lakh,Feb 2022,"33,194 Kms",First Owner,Petrol,Manual,FWD,1999 cc,197 bhp,15 kmpl,4.0,Yes,7 Seats,,,60 Litres,,
Ford Ecosport,₹3.41 Lakh,Apr 2016,"1,01,597 Kms",Third Owner,,Manual,FWD,999 cc,123.24 bhp,18.88 kmpl,3.0,Yes,5 Seats,1250 kg,200 mm,52 Litres,,
Hyundai i20,₹2.87 Lakh,Oct 2014,"96,827 Kms",First Owner,Petrol,Manual,FWD,1197 cc,81.83 bhp,18.6 kmpl,4.0,No,5 Seats,1066 kg,170 mm,45 Litres,,
MG Hector Plus,₹12.75 Lakh,Nov 2021,"42,000 Kms",First Owner,Petrol,Automatic,,1451 cc,141 bhp,16.56 kmpl,4.0,YES,6 Seats,1820 kg,,60 Litres,,
Nissan Micra,₹3.02 Lakh,Oct 2016,"91,851 Kms",First Owner,Petrol,Automatic,FWD,1198 cc,75.94 bhp,19.34 kmpl,3.0,No,5 Seats,1100 kg,154 mm,41 Litres,,
Mahindra XUV700,₹18.44 Lakh,May 2022,"42,601 Kms",First Owner,Diesel,Automatic,AWD,2198 cc,182.38 bhp,17.19 kmpl,4.0,Yes,7 Seats,1855 kg,,,60 Litres,
Mahindra Thar,₹11.04 Lakh,Mar 2022,"34,522 Kms",First Owner,,Manual,4X4,2184 cc,130 bhp,15.2 kmpl,4.0,Yes,4 Seats,1760 kg,226 mm,,57 Litres,
Maruti Suzuki Wagon R,₹2.17 Lakh,Mar 2013,"30,692 Kms",First Owner,Petrol,Manual,FWD,1197 cc,81.80 bhp,20.52 kmpl,4.0,No,5 Seats,830-845 kg,,32 Litres,,
21+ used cars for sale from ₹4.35 Lakh in Gurgaon,,,,,,,,,,,,,,,,,,
Honda Brio,₹2.31 Lakh,Oct 2012,"36,419 Kms",First Owner,Petrol,Manual,FWD,1198 cc,86.8 bhp,19.4 kmpl,4.0,No,5 Seats,925 kg,165 mm,35 Litres,,
Maruti Suzuki Swift,₹2.89 Lakh,Mar 2014,"65,764 Kms",Second Owner,Petrol,Automatic,FWD,1197 cc,81.80 bhp,21.21 kmpl,4.0,No,5 Seats,855-885 kg,163 mm,37 Litres,,
Hyundai Grand i10 Nios,₹5.52 Lakh,Nov 2021,"60,472 Kms",First Owner,Diesel,Manual,,1186 cc,73.97 bhp,26.2 kmpl,4.0,Yes,5 Seats,1160 kg,,,37 Litres,
Hyundai Grand i10,₹3.10 Lakh,Jul 2014,"42,431 Kms",Second Owner,Petrol,Manual,FWD,1197 cc,81.86 bhp,18.9 kmpl,4.0,No,5 Seats,1060 kg,165 mm,43 Litres,,
Volkswagen Taigun,₹7.97 Lakh,May 2022,"77,557 Kms",First Owner,,Manual,FWD,999 cc,114 bhp,19.2 kmpl,3.0,Yes,5 Seats,1220 kg,188 mm,50 Litres,,
Maruti Suzuki Grand Vitara,₹9.49 Lakh,Jul 2023,"41,307 Kms",First Owner,,Manual,FWD,1462 cc,101.64 bhp,21.11 kmpl,4.0,,5 Seats,1140-1185 kg,210 mm,45 Litres,,
Mahindra XUV300,₹9.20 Lakh,Oct 2023,"17,967 Kms",First Owner,Diesel,Manual,FWD,1497 cc,115.05 bhp,,4.0,Yes,5 Seats,,,,42 Litres,
Honda Brio,₹2.05 Lakh,Mar 2013,"55,597 Kms",Second Owner,Petrol,Manual,FWD,1198 cc,86.8 bhp,19.4 kmpl,4.0,No,5 Seats,925 kg,165 mm,35 Litres,,
Honda City,₹9.90 Lakh,Feb 2022,"54,187 Kms",First Owner,Petrol,Manual,,1498 cc,119.35 bhp,18.6 kmpl,4.0,,5 Seats,1107-1153 kg,,40 Litres,,
Maruti Suzuki Wagon R,₹2.49 Lakh,Jul 2014,"51,992 Kms",Second Owner,Petrol,Manual,FWD,998 cc,65.71 bhp,24.35 kmpl,3.0,,5 Seats,825 kg,,32 Litres,,
Ford Ecosport,₹5.31 Lakh,Apr 2018,"74,205 Kms",First Owner,Petrol,Manual,FWD,1496 cc,120.69 bhp,15.9 kmpl,3.0,No,5 Seats,1225 kg,,52 Litres,,
Ford Ecosport,₹4.86 Lakh,Mar 2018,"1,16,893 Kms",First Owner,Petrol,Automatic,FWD,1496 cc,120.69 bhp,14.7 kmpl,3.0,No,5 Seats,1300 kg,,52 Litres,,
Hyundai Venue,₹6.25 Lakh,Dec 2021,"60,673 Kms",First Owner,Petrol,Manual,FWD,998 cc,118 bhp,24.2 kmpl,3.0,Yes,5 Seats,,,45 Litres,,
Nissan Sunny,₹2.69 Lakh,Sept 2012,"74,805 Kms",First Owner,Petrol,Manual,FWD,1498 cc,97.7 bhp,16.95 kmpl,4.0,No,5 Seats,1027 kg,,41 Litres,,
Maruti Suzuki Eeco,₹4.79 Lakh,Aug 2023,"27,594 Kms",First Owner,Petrol,Manual,RWD,1197 cc,79.65 bhp,19.71 kmpl,4.0,,5 Seats,935 kg,,32 Litres,,
Maruti Suzuki Celerio,₹3.84 Lakh,Dec 2017,"43,111 Kms",First Owner,Petrol,Automatic,FWD,998 cc,67.05 bhp,21.63 kmpl,3.0,No,5 Seats,850 kg,165 mm,35 Litres,,
Ford Freestyle,₹3.99 Lakh,Mar 2019,"49,000 Kms",First Owner,Petrol,Manual,FWD,1194 cc,94.68 bhp,19 kmpl,3.0,No,5 Seats,1036 kg,,42 Litres,,
BMW X1,₹21.49 Lakh,Jun 2020,"43,407 Kms",Second Owner,Petrol,Automatic,,1998 cc,257.47 bhp,14.82 kmpl,4.0,Twin,5 Seats,1550 kg,,51 Litres,,
Maruti Suzuki S Cross,₹4 Lakh,2016,"90,000 Kms",First Owner,,Manual,FWD,1248 cc,88.5 bhp,23.65 kmpl,4.0,Yes,5 Seats,1220 kg,180 mm,,48 Litres,
Hyundai Verna,₹6.93 Lakh,May 2018,"34,064 Kms",Second Owner,Petrol,Automatic,FWD,1591 cc,121.3 bhp,15.74 kmpl,4.0,No,5 Seats,1198 kg,170 mm,43 Litres,,
Honda City,₹5.30 Lakh,Jul 2017,"66,784 Kms",First Owner,Petrol,Automatic,FWD,1497 cc,117.6 bhp,18 kmpl,4.0,No,5 Seats,1080 kg,165 mm,40 Litres,,
Maruti Suzuki Baleno,₹4.50 Lakh,2022,"63,000 Kms",First Owner,Petrol,Manual,FWD,1197 cc,81.80 bhp,21.01 kmpl,4.0,No,5 Seats,865-890 kg,170 mm,37 Litres,,
Hyundai i20,₹3.50 Lakh,2018,"1,20,000 Kms",First Owner,Petrol,Manual,FWD,1197 cc,81.83 bhp,18.6 kmpl,4.0,No,5 Seats,1066 kg,170 mm,45 Litres,,
Hyundai Verna,₹2 Lakh,2013,"80,000 Kms",Third Owner,Petrol,Manual,FWD,1396 cc,105.5 bhp,17.43 kmpl,4.0,No,5 Seats,1140 kg,165 mm,43 Litres,,
BMW 3 Series,₹17.58 Lakh,Feb 2017,"46,240 Kms",Second Owner,Petrol,Automatic,RWD,1998 cc,184 bhp,,4.0,Yes,5 Seats,1550 kg,157 mm,57 Litres,,
Renault Kiger,₹4.94 Lakh,Apr 2021,"76,720 Kms",First Owner,,Manual,FWD,999 cc,98.63 bhp,20.5 kmpl,3.0,Yes,5 Seats,,205 mm,40 Litres,,
Skoda Rapid,₹2.15 Lakh,Feb 2013,"72,000 Kms",First Owner,Petrol,Automatic,FWD,1598 cc,103.52 bhp,14.3 kmpl,4.0,No,5 Seats,1180 kg,168 mm,55 Litres,,
Tata Tiago,₹3.05 Lakh,Jun 2017,"68,000 Kms",First Owner,Petrol,Manual,FWD,1199 cc,84 bhp,23.84 kmpl,3.0,No,5 Seats,1012 kg,170 mm,35 Litres,,
Maruti Suzuki Baleno,₹6.45 Lakh,Apr 2023,"47,400 Kms",First Owner,Petrol,Manual,FWD,1197 cc,81.80 bhp,21.01 kmpl,4.0,No,5 Seats,865-890 kg,170 mm,37 Litres,,
Renault KWID,₹1.68 Lakh,Sept 2017,"75,770 Kms",Second Owner,Petrol,Manual,FWD,799 cc,53.3 bhp,25.17 kmpl,3.0,No,5 Seats,690 kg,180 mm,28 Litres,,
Honda City,₹3.55 Lakh,Oct 2016,"91,696 Kms",First Owner,Petrol,Automatic,FWD,1497 cc,117.3 bhp,18 kmpl,4.0,No,5 Seats,1085 kg,165 mm,40 Litres,,
Maruti Suzuki Celerio,₹2.37 Lakh,Jul 2015,"46,926 Kms",First Owner,Petrol,Automatic,FWD,998 cc,67.77 bhp,26 kmpl,3.0,,5 Seats,820 kg,,32 Litres,,
Kia Seltos,₹9.18 Lakh,Apr 2023,"38,780 Kms",First Owner,Petrol,Manual,FWD,1497 cc,113.43 bhp,16.8 kmpl,4.0,No,5 Seats,1404 kg,,50 Litres,,
Jeep Compass,₹12.95 Lakh,Jul 2022,"47,325 Kms",First Owner,Petrol,Automatic,4x2,1368 cc,160.77 bhp,14.1 kmpl,4.0,,5 Seats,1530 kg,,60 Litres,,
Volkswagen Taigun,₹8.95 Lakh,May 2022,"66,536 Kms",First Owner,Petrol,Manual,,999 cc,113.98 bhp,20.08 kmpl,3.0,Yes,5 Seats,1220 kg,188 mm,50 Litres,,
Volkswagen Taigun,₹8.75 Lakh,May 2022,"66,539 Kms",First Owner,Petrol,Manual,,999 cc,113.98 bhp,20.08 kmpl,3.0,Yes,5 Seats,1220 kg,188 mm,50 Litres,,
Hyundai Xcent,₹2.01 Lakh,Aug 2014,"68,140 Kms",First Owner,Petrol,Manual,FWD,1197 cc,82 bhp,19.1 kmpl,4.0,No,5 Seats,1160 kg,165 mm,43 Litres,,
Hyundai Creta,₹9.90 Lakh,Aug 2020,"72,700 Kms",First Owner,Petrol,Automatic,,1497 cc,113.18 bhp,14 kmpl,4.0,No,5 Seats,1450 kg,,50 Litres,,
Tata Nexon,₹4.11 Lakh,Apr 2019,"76,610 Kms",First Owner,Petrol,Manual,FWD,1198 cc,108.5 bhp,17 kmpl,3.0,Yes,5 Seats,1252 kg,,44 Litres,,
Toyota Hyryder,₹11.90 Lakh,Jun 2023,"75,000 Kms",First Owner,Petrol,Automatic,2WD,1490 cc,91.18 bhp,27.97 kmpl,3.0,,5 Seats,1265-1295 kg,,45 Litres,,
Ford Freestyle,₹3.75 Lakh,Nov 2018,"56,000 Kms",First Owner,Petrol,Manual,FWD,1194 cc,94.68 bhp,19 kmpl,3.0,No,5 Seats,1036 kg,,42 Litres,,
Tata Altroz,₹3.90 Lakh,Sept 2021,"61,945 Kms",First Owner,Petrol,Manual,,1199 cc,86.83 bhp,19.33 kmpl,3.0,No,5 Seats,1036 kg,165 mm,37 Litres,,
Hyundai i20,₹3.91 Lakh,Nov 2020,"99,016 Kms",First Owner,Petrol,Manual,FWD,1197 cc,81.83 bhp,18.6 kmpl,4.0,No,5 Seats,1066 kg,170 mm,45 Litres,,
Maruti Suzuki Brezza,₹12.90 Lakh,Oct 2023,"7,700 Kms",First Owner,,Automatic,FWD,1462 cc,101.64 bhp,19.8 kmpl,4.0,,5 Seats,,198 mm,48 Litres,,
Maruti Suzuki Eeco,₹1.60 Lakh,2014,"60,000 Kms",Second Owner,CNG,Manual,RWD,1196 cc,63 bhp,20 km/kg,4.0,No,5 Seats,1020 kg,160 mm,,,5 Litres
Maruti Suzuki Wagon R,₹3.75 Lakh,2019,"1,00,000 Kms",Second Owner,Petrol,Automatic,FWD,1197 cc,81.80 bhp,21.5 kmpl,4.0,,5 Seats,845 kg,,32 Litres,,
Hyundai Creta,₹4.58 Lakh,Oct 2016,"78,009 Kms",First Owner,,Automatic,FWD,1591 cc,121.3 bhp,13 kmpl,4.0,No,5 Seats,1280 kg,190 mm,55 Litres,,
Audi Q5,₹33.50 Lakh,Mar 2020,"45,000 Kms",Second Owner,Diesel,Automatic,AWD,1968 cc,188 bhp,,4.0,Yes,5 Seats,1990 kg,200 mm,,70 Litres,
Mahindra Thar,₹11.20 Lakh,May 2022,"89,372 Kms",First Owner,,Automatic,4WD,2184 cc,130.07 bhp,9 kmpl,4.0,Yes,4 Seats,,226 mm,,57 Litres,
Mercedes-Benz GLC Coupe,₹57 Lakh,Jul 2022,"23,000 Kms",First Owner,Petrol,Automatic,,1991 cc,254.79 bhp,,4.0,,5 Seats,1900 kg,,66 Litres,,
Hyundai Grand i10,₹3.10 Lakh,May 2015,"68,000 Kms",First Owner,Petrol,Manual,FWD,1197 cc,82 bhp,18.9 kmpl,4.0,No,5 Seats,935 kg,165 mm,43 Litres,,
Kia Seltos,₹12.45 Lakh,Nov 2023,"19,300 Kms",First Owner,Petrol,Manual,2WD,1497 cc,113.42 bhp,17 kmpl,4.0,No,5 Seats,,,50 Litres,,
Kia Seltos,₹9.10 Lakh,Oct 2019,"1,06,000 Kms",First Owner,Petrol,Manual,FWD,1353 cc,138.08 bhp,16.5 kmpl,4.0,Yes,5 Seats,1515 kg,,50 Litres,,
Hyundai Verna,₹6.85 Lakh,Jan 2019,"42,000 Kms",First Owner,Petrol,Manual,FWD,1591 cc,121.3 bhp,17 kmpl,4.0,No,5 Seats,1228 kg,165 mm,45 Litres,,
Honda City,₹2.99 Lakh,Sept 2016,"70,341 Kms",First Owner,Petrol,Manual,FWD,1497 cc,117.3 bhp,17.8 kmpl,4.0,No,5 Seats,1041 kg,165 mm,40 Litres,,
Hyundai Xcent,₹3.15 Lakh,Apr 2014,"48,000 Kms",First Owner,Petrol,Manual,FWD,1197 cc,82 bhp,19.1 kmpl,4.0,No,5 Seats,1160 kg,165 mm,43 Litres,,
Tata Tigor,₹3.99 Lakh,Apr 2023,"60,776 Kms",First Owner,CNG,Manual,FWD,1199 cc,72.41 bhp,26.49 km/kg,3.0,No,5 Seats,,,,,70 Litres
Honda BR-V,₹6.45 Lakh,Jan 2019,"72,000 Kms",First Owner,,Manual,FWD,1498 cc,98.6 bhp,21.9 kmpl,4.0,Yes,7 Seats,1306 kg,210 mm,,42 Litres,
Toyota Innova Crysta,₹14.50 Lakh,Jun 2020,"1,29,900 Kms",First Owner,Diesel,Manual,RWD,2393 cc,147.51 bhp,,4.0,Yes,7 Seats,1840 kg,178 mm,,55 Litres,
Hyundai Grand i10,₹3.25 Lakh,Oct 2016,"39,800 Kms",First Owner,Petrol,Manual,FWD,1197 cc,82 bhp,18.9 kmpl,4.0,No,5 Seats,935 kg,165 mm,43 Litres,,
Hyundai Creta,₹5.90 Lakh,Apr 2016,"69,800 Kms",Second Owner,,Manual,FWD,1591 cc,121.3 bhp,13 kmpl,4.0,No,5 Seats,1280 kg,190 mm,55 Litres,,
Maruti Suzuki Swift Dzire,₹5.75 Lakh,Jun 2019,"68,000 Kms",First Owner,Diesel,Automatic,FWD,1248 cc,74.02 bhp,28.4 kmpl,4.0,Yes,5 Seats,955-990 kg,163 mm,,37 Litres,
Honda Amaze,₹3.75 Lakh,Mar 2017,"50,000 Kms",Second Owner,Petrol,Manual,FWD,1198 cc,86.7 bhp,17.8 kmpl,4.0,No,5 Seats,955 kg,165 mm,35 Litres,,
Lexus ES,₹32 Lakh,Jan 2021,"80,000 Kms",Second Owner,Petrol,Automatic,FWD,2487 cc,214.56 bhp,22.37 kmpl,4.0,Yes,5 Seats,1740 kg,,65 Litres,,
Mercedes-Benz S-Class,₹1.30 Crore,Jan 2019,"45,000 Kms",Second Owner,Petrol,Automatic,AWD,3982 cc,469 bhp,7.08 kmpl,8.0,Yes,4 Seats,2245 kg,109 mm,80 Litres,,
Jaguar XF,₹35 Lakh,Jun 2019,"18,000 Kms",First Owner,Petrol,Automatic,RWD,1997 cc,197 bhp,,4.0,Yes,5 Seats,1729 kg,141 mm,66 Litres,,
Toyota Yaris,₹5.70 Lakh,Nov 2018,"78,000 Kms",First Owner,Petrol,Automatic,FWD,1496 cc,105.5 bhp,17.8 kmpl,4.0,No,5 Seats,1135 kg,,42 Litres,,
Honda Elevate,₹11.50 Lakh,Jan 2024,"25,000 Kms",First Owner,Petrol,Manual,FWD,1498 cc,119 bhp,15.31 kmpl,4.0,,5 Seats,1259 kg,,40 Litres,,
BMW 6 Series,₹53 Lakh,Nov 2022,"11,000 Kms",First Owner,Petrol,Automatic,,1998 cc,254.79 bhp,,4.0,Yes,4 Seats,1885 kg,124 mm,68 Litres,,
Mercedes-Benz GLE,₹13.50 Lakh,Jan 2016,"1,40,000 Kms",First Owner,,Automatic,AWD,2143 cc,201.15 bhp,17.9 kmpl,4.0,Yes,5 Seats,2150 kg,200 mm,,93 Litres,
Honda City,₹6.50 Lakh,2023,"20,000 Kms",Second Owner,Petrol,Manual,,1498 cc,119.35 bhp,18.6 kmpl,4.0,,5 Seats,1107-1153 kg,,40 Litres,,
Hyundai Grand i10 Nios,₹5.60 Lakh,2022,"30,000 Kms",First Owner,CNG,Manual,,1197 cc,68.05 bhp,,4.0,No,5 Seats,1080 kg,,,,60 Litres
Renault KWID,₹1.93 Lakh,Dec 2019,"63,301 Kms",First Owner,Petrol,Manual,FWD,799 cc,53.3 bhp,25.17 kmpl,3.0,No,5 Seats,690 kg,180 mm,28 Litres,,
Nissan Magnite,₹3.81 Lakh,Nov 2021,"64,663 Kms",First Owner,Petrol,Manual,,999 cc,71.02 bhp,18.75 kmpl,3.0,No,5 Seats,939 kg,205 mm,40 Litres,,
Tata Altroz,₹3.76 Lakh,Oct 2022,"46,019 Kms",Second Owner,Petrol,Manual,,1199 cc,86.83 bhp,19.33 kmpl,3.0,No,5 Seats,1028 kg,165 mm,37 Litres,,
MG Astor,₹9.40 Lakh,Jul 2023,"27,978 Kms",First Owner,Petrol,Manual,,1498 cc,108.49 bhp,15.43 kmpl,4.0,No,5 Seats,1450 kg,,48 Litres,,
Hyundai Verna,₹4 Lakh,Feb 2017,"85,000 Kms",Second Owner,Petrol,Manual,FWD,1396 cc,105.5 bhp,17.43 kmpl,4.0,No,5 Seats,1170 kg,165 mm,43 Litres,,
Maruti Suzuki Ertiga,₹7.25 Lakh,Dec 2018,"54,900 Kms",First Owner,Petrol,Manual,2WD,1462 cc,103 bhp,19.34 kmpl,4.0,No,7 Seats,1170 kg,,45 Litres,,
Mercedes-Benz E-Class,₹82 Lakh,Nov 2025,"6,100 Kms",First Owner,Petrol,Automatic,AWD,1999 cc,201 bhp,15 kmpl,4.0,,5 Seats,1810 kg,,66 Litres,,
Volvo XC90,₹65 Lakh,Jul 2021,"45,000 Kms",First Owner,,Automatic,AWD,1969 cc,235 bhp,17.2 kmpl,4.0,Yes,7 Seats,2350 kg,238 mm,,68 Litres,
Maruti Suzuki Wagon R,₹1.25 Lakh,Feb 2013,"98,548 Kms",Second Owner,Petrol,Manual,FWD,998 cc,67.1 bhp,18.9 kmpl,3.0,No,5 Seats,885 kg,165 mm,35 Litres,,
Tata Tiago,₹3.55 Lakh,Aug 2017,"55,000 Kms",First Owner,Petrol,Manual,FWD,1199 cc,84 bhp,23.84 kmpl,3.0,No,5 Seats,990 kg,170 mm,35 Litres,,
Hyundai Aura,₹4.89 Lakh,Jun 2022,"65,422 Kms",Second Owner,Diesel,Automatic,,1186 cc,73.97 bhp,25.4 kmpl,4.0,Yes,5 Seats,1150 kg,,,37 Litres,
Maruti Suzuki Alto 800,₹3.64 Lakh,Aug 2022,"8,380 Kms",First Owner,Petrol,Manual,FWD,796 cc,47.33 bhp,22.05 kmpl,3.0,,5 Seats,762 kg,,35 Litres,,
Volkswagen Virtus,₹12.24 Lakh,Jul 2024,"49,185 Kms",First Owner,Petrol,Manual,FWD,999 cc,113.98 bhp,19.4 kmpl,3.0,Yes,5 Seats,1210 kg,179 mm,45 Litres,,
Ford Endeavour,₹25.75 Lakh,Aug 2021,"80,000 Kms",First Owner,Diesel,Automatic,RWD,1996 cc,167.62 bhp,13.9 kmpl,4.0,,7 Seats,2310 kg,,,80 Litres,
Maruti Suzuki Vitara Brezza,₹6.80 Lakh,Mar 2021,"36,473 Kms",First Owner,Petrol,Manual,FWD,1462 cc,103.26 bhp,17.03 kmpl,4.0,,5 Seats,1110-1130 kg,,48 Litres,,
Hyundai Verna,₹13.54 Lakh,Nov 2023,"47,168 Kms",First Owner,Petrol,Automatic,FWD,1482 cc,157.57 bhp,20.6 kmpl,4.0,Yes,5 Seats,,,45 Litres,,
Nissan Magnite,₹4.59 Lakh,Sept 2023,"46,586 Kms",First Owner,,Manual,FWD,999 cc,71.01 bhp,19.35 kmpl,3.0,No,5 Seats,,205 mm,40 Litres,,
Maruti Suzuki Baleno,₹5.73 Lakh,May 2024,"15,247 Kms",First Owner,Petrol,Manual,FWD,1197 cc,88.50 bhp,22.35 kmpl,4.0,No,5 Seats,925-955 kg,,37 Litres,,
Hyundai Santro,₹3.47 Lakh,Jun 2019,"78,715 Kms",First Owner,CNG,Manual,FWD,1086 cc,58 bhp,30.48 km/kg,4.0,No,5 Seats,1070 kg,,,,60 Litres
Hyundai Grand i10,₹3.98 Lakh,Apr 2019,"53,313 Kms",First Owner,CNG,Manual,FWD,1197 cc,65.39 bhp,18.9 km/kg,4.0,No,5 Seats,1080 kg,165 mm,,,60 Litres
Volkswagen Vento,₹3.55 Lakh,Jun 2015,"81,000 Kms",Second Owner,Petrol,Automatic,FWD,1197 cc,103.2 bhp,16.93 kmpl,4.0,Yes,5 Seats,1174 kg,168 mm,55 Litres,,
Audi A4,₹8.72 Lakh,Nov 2014,"62,586 Kms",Second Owner,Petrol,Automatic,FWD,1798 cc,167.62 bhp,15.64 kmpl,4.0,Yes,5 Seats,1545 kg,165 mm,63 Litres,,
Maruti Suzuki Ertiga,₹7.30 Lakh,Nov 2018,"51,693 Kms",First Owner,Petrol,Automatic,FWD,1462 cc,103.26 bhp,17.99 kmpl,4.0,No,7 Seats,1135-1170 kg,,45 Litres,,
Maruti Suzuki Wagon R,₹2.06 Lakh,Oct 2012,"70,181 Kms",Second Owner,CNG,Manual,FWD,998 cc,58.16 bhp,26.6 km/kg,3.0,No,5 Seats,960 kg,165 mm,,,7 Litres
Honda City,₹3.99 Lakh,May 2014,"70,000 Kms",First Owner,Petrol,Automatic,FWD,1497 cc,117.3 bhp,18 kmpl,4.0,No,5 Seats,1085 kg,165 mm,40 Litres,,
Hyundai Aura,₹7.21 Lakh,May 2024,"35,733 Kms",First Owner,CNG,Manual,,1197 cc,68.05 bhp,,4.0,No,5 Seats,1110 kg,,,,
Ford Ecosport,₹5.29 Lakh,Jul 2021,"59,336 Kms",First Owner,,Manual,FWD,1498 cc,98.59 bhp,22.77 kmpl,4.0,Yes,5 Seats,1220 kg,200 mm,,52 Litres,
BMW X3,₹21.80 Lakh,Dec 2017,"58,292 Kms",First Owner,Petrol,Automatic,4WD,1998 cc,245 bhp,,4.0,Yes,5 Seats,1720 kg,211 mm,67 Litres,,
Hyundai Verna,₹6.15 Lakh,Oct 2016,"58,000 Kms",First Owner,Petrol,Automatic,FWD,1591 cc,121.3 bhp,17.01 kmpl,4.0,No,5 Seats,,165 mm,43 Litres,,
Tata Curvv EV,₹20 Lakh,2025,"8,000 Kms",First Owner,,Automatic,FWD,,165 bhp,,,,5 Seats,,186 mm,,,
Jeep Compass,₹15.50 Lakh,2021,"90,000 Kms",Second Owner,,Automatic,4X4,1956 cc,170 bhp,17.1 kmpl,4.0,Yes,5 Seats,1551 s kg,178 mm,,60 Litres,
Mercedes-Benz CLA,₹20 Lakh,2019,"40,000 Kms",First Owner,Petrol,Automatic,FWD,1991 cc,183 bhp,,4.0,Yes,5 Seats,1510 kg,160 mm,56 Litres,,
Maruti Suzuki Ciaz,₹4.65 Lakh,Mar 2015,"64,000 Kms",First Owner,Petrol,Manual,FWD,1373 cc,91.1 bhp,20.73 kmpl,4.0,No,5 Seats,1010 kg,170 mm,43 Litres,,
BMW X1,₹26 Lakh,2021,"50,000 Kms",Second Owner,Diesel,Automatic,,1995 cc,187.74 bhp,19.62 kmpl,4.0,Twin,5 Seats,1590 kg,,,51 Litres,
Hyundai Grand i10,₹2.55 Lakh,2015,"1,20,000 Kms",First Owner,Petrol,Manual,FWD,1197 cc,82 bhp,18.9 kmpl,4.0,No,5 Seats,935 kg,165 mm,43 Litres,,
Mercedes-Benz C-Class,₹16.50 Lakh,2016,"35,000 Kms",Second Owner,Petrol,Automatic,RWD,1991 cc,184 bhp,,4.0,Yes,5 Seats,1545 kg,130 mm,66 Litres,,
Mahindra Thar,₹16.75 Lakh,Jan 2025,"7,000 Kms",First Owner,,Automatic,4WD,2184 cc,130.07 bhp,9 kmpl,4.0,Yes,4 Seats,,226 mm,,57 Litres,
Mercedes-Benz GLA,₹28 Lakh,2022,"50,000 Kms",First Owner,Diesel,Automatic,FWD,1950 cc,187.74 bhp,,4.0,Yes,5 Seats,1605 kg,,,,
MG Gloster,₹22 Lakh,2022,"60,000 Kms",First Owner,Diesel,Automatic,2WD,1996 cc,160.77 bhp,14.5 kmpl,4.0,Yes,7 Seats,2500 kg,,,75 Litres,
Mahindra Scorpio N,₹19 Lakh,2025,"20,000 Kms",First Owner,Diesel,Automatic,RWD,2198 cc,172.45 bhp,15.42 kmpl,4.0,Yes,7 Seats,,,,57 Litres,
Maruti Suzuki Celerio,₹3.60 Lakh,Jun 2019,"57,000 Kms",First Owner,Petrol,Manual,FWD,998 cc,67.04 bhp,23.1 kmpl,3.0,No,5 Seats,820 kg,165 mm,35 Litres,,
Mahindra Thar,₹11.36 Lakh,May 2022,"21,916 Kms",First Owner,,Manual,4WD,1997 cc,150.19 bhp,8 kmpl,4.0,Yes,4 Seats,,226 mm,57 Litres,,
Maruti Suzuki Swift,₹4.98 Lakh,Aug 2022,"55,929 Kms",First Owner,Petrol,Manual,FWD,1197 cc,81.80 bhp,21.21 kmpl,4.0,No,5 Seats,855-885 kg,163 mm,37 Litres,,
Maruti Suzuki Ciaz,₹10.27 Lakh,Jul 2024,"9,519 Kms",First Owner,Petrol,Automatic,FWD,1373 cc,91.1 bhp,19.12 kmpl,4.0,No,5 Seats,1010 kg,170 mm,43 Litres,,
Toyota Corolla Altis,₹4.99 Lakh,Mar 2016,"1,04,000 Kms",First Owner,Petrol,Manual,FWD,1798 cc,138 bhp,14.53 kmpl,4.0,No,5 Seats,1180-1270 kg,175 mm,55 Litres,,
Maruti Suzuki Celerio,₹4.47 Lakh,May 2022,"22,885 Kms",First Owner,CNG,Manual,FWD,998 cc,55.92 bhp,34.43 km/kg,3.0,,5 Seats,905 kg,,,,60 Litres
Maruti Suzuki Swift,₹4.18 Lakh,Dec 2020,"51,803 Kms",First Owner,Petrol,Manual,FWD,1197 cc,81.80 bhp,22 kmpl,4.0,No,5 Seats,855 kg,163 mm,42 Litres,,
Renault KWID,₹4.15 Lakh,Feb 2024,"7,163 Kms",First Owner,Petrol,Manual,FWD,999 cc,67 bhp,23.01 kmpl,3.0,No,5 Seats,710 kg,180 mm,,,
Toyota Corolla Altis,₹5.65 Lakh,Mar 2015,"1,20,000 Kms",First Owner,Petrol,Automatic,FWD,1798 cc,138.03 bhp,14.28 kmpl,4.0,No,5 Seats,1185 kg,175 mm,55 Litres,,
Nissan Magnite,₹4.13 Lakh,Mar 2022,"43,123 Kms",First Owner,Petrol,Manual,,999 cc,71.02 bhp,18.75 kmpl,3.0,No,5 Seats,939 kg,205 mm,40 Litres,,
Tata Nexon,₹3.54 Lakh,Apr 2019,"1,18,744 Kms",First Owner,Petrol,Manual,,1199 cc,118.35 bhp,17.33 kmpl,3.0,NO,5 Seats,1345 kg,209 mm,44 Litres,,
Hyundai Venue,₹9.54 Lakh,Jan 2023,"58,018 Kms",First Owner,Petrol,Automatic,FWD,998 cc,118 bhp,18.31 kmpl,3.0,Yes,5 Seats,,,45 Litres,,
Hyundai i20,₹3.85 Lakh,Feb 2015,"65,000 Kms",First Owner,Petrol,Manual,FWD,1197 cc,81.83 bhp,18.6 kmpl,4.0,No,5 Seats,1066 kg,170 mm,45 Litres,,
Tata Tigor,₹5.34 Lakh,Jul 2022,"98,631 Kms",First Owner,CNG,Manual,,1199 cc,72.40 bhp,26.49 km/kg,3.0,,5 Seats,1030 kg,,,,60 Litres
Maruti Suzuki Alto 800,₹1.62 Lakh,Nov 2015,"74,458 Kms",First Owner,Petrol,Manual,,796 cc,47.33 bhp,22.05 kmpl,3.0,,5 Seats,755 kg,,35 Litres,,
Hyundai i10,₹1.75 Lakh,Mar 2016,"1,11,888 Kms",Second Owner,Petrol,Manual,FWD,1086 cc,68.05 bhp,19.81 kmpl,4.0,No,5 Seats,860 kg,165 mm,35 Litres,,
Toyota Fortuner,₹23.75 Lakh,Apr 2018,"55,000 Kms",First Owner,,Automatic,RWD,2755 cc,174.5 bhp,12.9 kmpl,4.0,Yes,7 Seats,2360 kg,220 mm,,80 Litres,
Land Rover Range Rover Evoque,₹24.14 Lakh,Feb 2019,"67,894 Kms",First Owner,Petrol,Automatic,4WD,1999 cc,237 bhp,,4.0,Yes,5 Seats,1810 kg,210 mm,54 Litres,,
Maruti Suzuki Swift,₹3.62 Lakh,Nov 2018,"91,957 Kms",First Owner,Petrol,Manual,FWD,1197 cc,88.50 bhp,22.38 kmpl,4.0,,5 Seats,875-905 kg,,37 Litres,,
Nissan Kicks,₹4.57 Lakh,Nov 2021,"1,18,370 Kms",First Owner,Petrol,Manual,FWD,1498 cc,104.55 bhp,14.23 kmpl,4.0,No,5 Seats,1150 kg,,50 Litres,,
Skoda Slavia,₹9.32 Lakh,Jul 2022,"51,858 Kms",Second Owner,Petrol,Automatic,FWD,999 cc,113.98 bhp,18.73 kmpl,3.0,Yes,5 Seats,1219-1252 kg,145 mm,45 Litres,,
Hyundai Grand i10 Nios,₹4.65 Lakh,Sept 2021,"60,846 Kms",First Owner,CNG,Manual,,1197 cc,68.05 bhp,24 km/kg,4.0,No,5 Seats,1100 kg,,,,60 Litres
Kia Seltos,₹8.82 Lakh,Nov 2019,"60,975 Kms",First Owner,Diesel,Automatic,FWD,1493 cc,113.43 bhp,18 kmpl,4.0,Yes,5 Seats,1540 kg,,,50 Litres,
Maruti Suzuki Celerio,₹3 Lakh,Oct 2016,"74,521 Kms",First Owner,CNG,Manual,FWD,998 cc,58.2 bhp,31.79 km/kg,3.0,No,5 Seats,915 kg,165 mm,,,7 Litres
Hyundai Creta,₹4.90 Lakh,Mar 2017,"37,125 Kms",First Owner,,Manual,FWD,1591 cc,121.3 bhp,15.29 kmpl,4.0,No,5 Seats,"1,290 kg",190 mm,55 Litres,,
Maruti Suzuki Alto K10,₹2.25 Lakh,Dec 2016,"44,427 Kms",First Owner,Petrol,Automatic,FWD,998 cc,67.05 bhp,23.95 kmpl,3.0,No,5 Seats,784 kg,160 mm,35 Litres,,
Tata Tiago,₹6.31 Lakh,Aug 2023,"13,513 Kms",First Owner,Petrol,Automatic,,1199 cc,84.82 bhp,20.09 kmpl,3.0,,5 Seats,1150 kg,170 mm,35 Litres,,
Maruti Suzuki Alto K10,₹3.10 Lakh,Dec 2017,"58,000 Kms",First Owner,Petrol,Manual,FWD,998 cc,67.05 bhp,23.95 kmpl,3.0,No,5 Seats,779 kg,160 mm,35 Litres,,
Maruti Suzuki Vitara Brezza,₹6.98 Lakh,Feb 2022,"75,015 Kms",First Owner,Petrol,Manual,FWD,1462 cc,103.26 bhp,17.03 kmpl,4.0,,5 Seats,1110-1130 kg,,48 Litres,,
Hyundai Verna,₹10.81 Lakh,Apr 2023,"91,187 Kms",First Owner,Petrol,Manual,FWD,1482 cc,157.57 bhp,20 kmpl,4.0,Yes,5 Seats,,,45 Litres,,
Maruti Suzuki Wagon R,₹1.40 Lakh,Apr 2014,"93,143 Kms",Third Owner,Petrol,Manual,FWD,998 cc,67.04 bhp,20.51 kmpl,3.0,No,5 Seats,870 kg,165 mm,35 Litres,,
Mahindra Thar,₹14.75 Lakh,Jun 2023,"28,000 Kms",First Owner,,Automatic,4X4,2184 cc,130 bhp,9 kmpl,4.0,Yes,4 Seats,1755 kg,226 mm,,57 Litres,
Maruti Suzuki Alto 800,₹1.75 Lakh,Apr 2018,"1,09,887 Kms",Second Owner,Petrol,Manual,,796 cc,47.33 bhp,22.05 kmpl,3.0,,5 Seats,755 kg,,35 Litres,,
Renault KWID,₹1.68 Lakh,Mar 2018,"52,175 Kms",Second Owner,Petrol,Manual,,799 cc,53.26 bhp,22.25 kmpl,3.0,,5 Seats,690 kg,184 mm,28 Litres,,
Maruti Suzuki S-Presso,₹3.15 Lakh,Oct 2020,"29,227 Kms",First Owner,Petrol,Automatic,FWD,998 cc,67.05 bhp,21.7 kmpl,3.0,,5 Seats,726-767 kg,,27 Litres,,
Hyundai Aura,₹6.40 Lakh,Apr 2023,"61,895 Kms",First Owner,CNG,Manual,,1197 cc,68.05 bhp,,4.0,No,5 Seats,1110 kg,,,,
C 200,₹55.45 Lakh,Aug 2025,"6,613 Kms",First Owner,Petrol,Automatic,RWD,1496 cc,201.15 bhp,,4.0,yes,5 Seats,1615 kg,,66 Litres,,
Renault KWID,₹1.97 Lakh,Dec 2016,"94,908 Kms",Third Owner,Petrol,Automatic,FWD,999 cc,67.06 bhp,22.3 kmpl,3.0,,5 Seats,,184 mm,28 Litres,,
Mahindra XUV700,₹22.75 Lakh,Jun 2024,"37,000 Kms",First Owner,Diesel,Automatic,FWD,2198 cc,182 bhp,16.57 kmpl,4.0,Yes,7 Seats,,,,60 Litres,
Maruti Suzuki Alto 800,₹1.85 Lakh,Aug 2014,"68,870 Kms",Second Owner,Petrol,Manual,FWD,796 cc,46.3 bhp,19.7 kmpl,3.0,No,5 Seats,705 kg,160 mm,35 Litres,,
Maruti Suzuki Vitara Brezza,₹6.64 Lakh,Mar 2022,"59,227 Kms",First Owner,Petrol,Manual,FWD,1462 cc,103.26 bhp,17.03 kmpl,4.0,,5 Seats,1110-1130 kg,,48 Litres,,
Renault KWID,₹2.49 Lakh,Mar 2020,"56,990 Kms",First Owner,Petrol,Automatic,FWD,999 cc,67 bhp,24.04 kmpl,3.0,No,5 Seats,770 kg,,28 Litres,,
Hyundai Verna,₹13.75 Lakh,Nov 2023,"43,000 Kms",First Owner,Petrol,Automatic,FWD,1482 cc,157.57 bhp,20.6 kmpl,4.0,Yes,5 Seats,,,45 Litres,,
MG Gloster,₹26 Lakh,2022,"73,000 Kms",Second Owner,Diesel,Automatic,4WD,1996 cc,215.01 bhp,12 kmpl,4.0,Twin,7 Seats,2395 kg,,,75 Litres,
MG Gloster,₹20 Lakh,2021,"1,50,000 Kms",First Owner,Diesel,Automatic,4WD,1996 cc,215.01 bhp,12.4 kmpl,4.0,Twin,6 Seats,2235 kg,,,75 Litres,
Maruti Suzuki Wagon R,₹2.12 Lakh,Mar 2012,"84,020 Kms",Second Owner,CNG,Manual,FWD,998 cc,58.16 bhp,26.6 km/kg,3.0,No,5 Seats,960 kg,165 mm,,,7 Litres
Maruti Suzuki Baleno,₹5.10 Lakh,Mar 2021,"9,594 Kms",First Owner,Petrol,Manual,FWD,1197 cc,81.80 bhp,21.01 kmpl,4.0,No,5 Seats,865-890 kg,170 mm,37 Litres,,
Datsun RediGO,₹2.96 Lakh,Nov 2020,"31,018 Kms",First Owner,Petrol,Manual,2WD,999 cc,67 bhp,22.5 kmpl,3.0,No,5 Seats,730 kg,,28 Litres,,
Maruti Suzuki Baleno,₹2.88 Lakh,Feb 2017,"94,604 Kms",First Owner,Petrol,Manual,FWD,1197 cc,83.1 bhp,21.4 kmpl,4.0,No,5 Seats,890 kg,170 mm,37 Litres,,
Renault KWID,₹1.62 Lakh,Apr 2017,"41,654 Kms",Second Owner,Petrol,Manual,FWD,799 cc,54 bhp,25.17 kmpl,3.0,No,5 Seats,655 kg,180 mm,28 Litres,,
Jaguar XF,₹25.75 Lakh,Nov 2018,"16,000 Kms",First Owner,Diesel,Automatic,RWD,1999 cc,177 bhp,19.33 kmpl,4.0,Yes,5 Seats,1681 kg,141 mm,,66 Litres,
Tata Punch,₹7.23 Lakh,Aug 2024,"19,094 Kms",First Owner,,Automatic,FWD,1199 cc,87 bhp,18.8 kmpl,3.0,,5 Seats,,187 mm,37 Litres,,
Nissan Micra Active,₹1.92 Lakh,Oct 2018,"50,586 Kms",Second Owner,Petrol,Manual,FWD,1198 cc,67.04 bhp,19.49 kmpl,3.0,No,5 Seats,980 kg,154 mm,41 Litres,,
Tata Harrier,₹6.80 Lakh,Dec 2020,"92,457 Kms",First Owner,,Manual,FWD,1956 cc,138.1 bhp,17 kmpl,4.0,Yes,5 Seats,1655 kg,205 mm,,50 Litres,
Volkswagen Tiguan,₹19.75 Lakh,Dec 2020,"64,000 Kms",First Owner,,Automatic,AWD,1968 cc,141 bhp,16.65 kmpl,4.0,Yes,5 Seats,1720 kg,149 mm,,71 Litres,
Tata Tigor,₹4.85 Lakh,Jul 2023,"87,546 Kms",First Owner,CNG,Manual,FWD,1199 cc,74.47 bhp,26.49 km/kg,3.0,,5 Seats,,,,,70 Litres
Skoda Slavia,₹8.16 Lakh,Dec 2022,"78,434 Kms",First Owner,Petrol,Manual,FWD,999 cc,113.98 bhp,19.47 kmpl,3.0,Yes,5 Seats,1160-1215 kg,179 mm,45 Litres,,
Hyundai Creta,₹8.64 Lakh,Feb 2021,"74,980 Kms",First Owner,Petrol,Manual,,1497 cc,113.18 bhp,14 kmpl,4.0,No,5 Seats,1430 kg,,50 Litres,,
Audi Q7,₹24.75 Lakh,Nov 2016,"80,000 Kms",First Owner,,Automatic,AWD,2967 cc,245 bhp,14.75 kmpl,4.0,Yes,7 Seats,2330 kg,205 mm,,85 Litres,
Hyundai Santro,₹3.87 Lakh,Dec 2021,"40,821 Kms",First Owner,CNG,Manual,FWD,1086 cc,59.18 bhp,30.48 km/kg,4.0,No,5 Seats,1070 kg,,,,60 Litres
Maruti Suzuki Ertiga,₹7.55 Lakh,May 2022,"45,498 Kms",Second Owner,Petrol,Manual,FWD,1462 cc,103.26 bhp,19.01 kmpl,4.0,No,7 Seats,1135-1170 kg,,45 Litres,,
Volkswagen Virtus,₹11.97 Lakh,Jun 2023,"31,314 Kms",First Owner,Petrol,Manual,FWD,999 cc,113.98 bhp,19.4 kmpl,3.0,Yes,5 Seats,1210 kg,179 mm,45 Litres,,
Honda Amaze,₹5.60 Lakh,Jan 2021,"68,465 Kms",First Owner,Diesel,Automatic,FWD,1498 cc,78.9 bhp,21 kmpl,4.0,Yes,5 Seats,1059 kg,,,35 Litres,
Tata Harrier,₹10.75 Lakh,Nov 2021,"62,200 Kms",First Owner,Diesel,Manual,,1956 cc,167.67 bhp,16.35 kmpl,4.0,Yes,5 Seats,1725 kg,,,50 Litres,
Land Rover Discovery Sport,₹24.75 Lakh,Nov 2019,"36,000 Kms",First Owner,Diesel,Automatic,4WD,2179 cc,147.5 bhp,,4.0,Yes,7 Seats,1845 kg,212 mm,,65 Litres,
Maruti Suzuki Ertiga,₹3.60 Lakh,Jun 2013,"91,855 Kms",First Owner,Petrol,Manual,FWD,1373 cc,93.7 bhp,16.02 kmpl,4.0,No,7 Seats,1160 kg,185 mm,45 Litres,,
Hyundai i20 N-Line,₹8.75 Lakh,Nov 2022,"37,000 Kms",First Owner,Petrol,Automatic,,998 cc,118.41 bhp,20.25 kmpl,3.0,Yes,5 Seats,1210 kg,,37 Litres,,
MG Astor,₹11.95 Lakh,Dec 2023,"32,000 Kms",First Owner,Petrol,Automatic,,1498 cc,108.49 bhp,14.82 kmpl,4.0,No,5 Seats,1450 kg,,48 Litres,,
Tata Harrier,₹11.56 Lakh,May 2022,"1,14,866 Kms",First Owner,Diesel,Manual,,1956 cc,167.67 bhp,16.35 kmpl,4.0,Yes,5 Seats,1725 kg,,,50 Litres,
Maruti Suzuki S Cross,₹7.02 Lakh,Aug 2021,"55,460 Kms",First Owner,Petrol,Manual,FWD,1462 cc,103.25 bhp,18.55 kmpl,4.0,,5 Seats,1130-1170 kg,,48 Litres,,
Hyundai Verna,₹9.94 Lakh,May 2023,"48,272 Kms",First Owner,Petrol,Manual,FWD,1497 cc,113.18 bhp,18.6 kmpl,4.0,No,5 Seats,,,45 Litres,,
Hyundai Aura,₹6.85 Lakh,Apr 2023,"19,397 Kms",First Owner,Diesel,Automatic,,1186 cc,73.97 bhp,25.4 kmpl,4.0,Yes,5 Seats,1150 kg,,,37 Litres,
Maruti Suzuki Swift,₹4.87 Lakh,Feb 2022,"83,814 Kms",First Owner,Petrol,Manual,FWD,1197 cc,81.80 bhp,21.21 kmpl,4.0,No,5 Seats,855-885 kg,163 mm,37 Litres,,
Maruti Suzuki Ertiga,₹4.34 Lakh,Nov 2016,"96,696 Kms",First Owner,Petrol,Manual,2WD,1462 cc,101.65 bhp,20.51 kmpl,4.0,,7 Seats,1150-1205 kg,,45 Litres,,
Mercedes-Benz S-Class,₹62 Lakh,Oct 2023,"40,000 Kms",First Owner,Diesel,Automatic,RWD,2925 cc,281.61 bhp,,6.0,Yes,5 Seats,2045 kg,,,70 Litres,
Mercedes-Benz GLE,₹69 Lakh,Jan 2020,"20,000 Kms",First Owner,Petrol,Automatic,AWD,2996 cc,384.87 bhp,,6.0,Yes,5 Seats,2240 kg,232 mm,93 Litres,,
C 200,₹48 Lakh,Feb 2024,"25,000 Kms",First Owner,Petrol,Automatic,RWD,1496 cc,201.15 bhp,,4.0,yes,5 Seats,1615 kg,,66 Litres,,
Volvo XC90,₹69 Lakh,Jan 2022,"10,800 Kms",First Owner,Petrol,Automatic,AWD,1969 cc,295.89 bhp,17.2 kmpl,4.0,,7 Seats,2400 kg,,,,
Maruti Suzuki Wagon R,₹1.43 Lakh,Aug 2014,"87,492 Kms",Second Owner,Petrol,Manual,FWD,998 cc,67.04 bhp,20.51 kmpl,3.0,No,5 Seats,870 kg,165 mm,35 Litres,,
Jaguar XJ,₹45 Lakh,Jul 2019,"45,000 Kms",First Owner,Diesel,Automatic,AWD,2993 cc,301.73 bhp,,6.0,Yes,5 Seats,1931 kg,104 mm,,77 Litres,
Jaguar XJ,₹31 Lakh,Jul 2017,"40,000 Kms",Second Owner,Diesel,Automatic,AWD,2993 cc,301.73 bhp,,6.0,Yes,5 Seats,1870 kg,104 mm,,82 Litres,
Jaguar F-Pace,₹38.50 Lakh,Nov 2019,"59,000 Kms",First Owner,Petrol,Automatic,AWD,1997 cc,246.74 bhp,,4.0,Yes,5 Seats,1715 kg,171 mm,82 Litres,,
Tata Tigor,₹5.63 Lakh,May 2022,"58,728 Kms",First Owner,CNG,Manual,,1199 cc,72.40 bhp,26.49 km/kg,3.0,,5 Seats,1030 kg,,,,60 Litres
MG Hector Plus,₹19 Lakh,2024,"30,000 Kms",First Owner,Petrol,Automatic,FWD,1451 cc,141.04 bhp,12.34 kmpl,4.0,Yes,7 Seats,,,60 Litres,,
Tata Harrier,₹19 Lakh,2025,"10,000 Kms",First Owner,Diesel,Automatic,FWD,1956 cc,167.62 bhp,16.8 kmpl,4.0,Yes,5 Seats,,,,50 Litres,
BMW X1,₹30 Lakh,2022,"90,000 Kms",First Owner,Petrol,Automatic,,1998 cc,189.08 bhp,14.82 kmpl,4.0,Twin,5 Seats,1570 kg,,51 Litres,,
Ford Endeavour,₹29 Lakh,2021,"80,000 Kms",First Owner,Diesel,Automatic,RWD,1996 cc,167.62 bhp,13.9 kmpl,4.0,,7 Seats,2310 kg,,,80 Litres,
Mahindra Scorpio N,₹22.50 Lakh,2025,"7,000 Kms",First Owner,Petrol,Automatic,RWD,1997 cc,200 bhp,12.12 kmpl,4.0,Yes,7 Seats,,,,,
Hyundai i20,₹3 Lakh,2015,"88,000 Kms",Second Owner,Petrol,Manual,FWD,1197 cc,81.83 bhp,18.6 kmpl,4.0,No,5 Seats,1066 kg,170 mm,45 Litres,,
Maruti Suzuki Ciaz,₹3.12 Lakh,2017,"1,50,000 Kms",Second Owner,Diesel,Manual,FWD,1248 cc,88.5 bhp,28.09 kmpl,4.0,Yes,5 Seats,1115 kg,170 mm,,43 Litres,
Mahindra XUV500,₹6.70 Lakh,2018,"1,50,000 Kms",First Owner,,Automatic,FWD,2179 cc,140 bhp,16 kmpl,4.0,Yes,7 Seats,1960 kg,200 mm,,70 Litres,
Tata Nexon,₹7.50 Lakh,2023,"30,000 Kms",First Owner,Petrol,Manual,,1199 cc,118.35 bhp,17.33 kmpl,3.0,Yes,5 Seats,,209 mm,44 Litres,,
Hyundai Grand i10,₹3 Lakh,2016,"1,12,000 Kms",First Owner,Petrol,Manual,FWD,1197 cc,82 bhp,18.9 kmpl,4.0,No,5 Seats,935 kg,165 mm,43 Litres,,
Hyundai Grand i10,₹3 Lakh,2016,"82,000 Kms",First Owner,Petrol,Manual,FWD,1197 cc,82 bhp,18.9 kmpl,4.0,No,5 Seats,935 kg,165 mm,43 Litres,,
Hyundai Santa Fe,₹6.50 Lakh,Jun 2015,"70,000 Kms",Second Owner,,Automatic,4WD,2199 cc,194.3 bhp,13.01 kmpl,4.0,Yes,7 Seats,2001 kg,185 mm,,64 Litres,
Maruti Suzuki Ritz,₹1.25 Lakh,2013,"1,06,000 Kms",First Owner,Petrol,Manual,FWD,1197 cc,85.80 bhp,18.5 kmpl,4.0,No,5 Seats,1015 kg,170 mm,43 Litres,,
Maruti Suzuki Brezza,₹8.50 Lakh,2023,"40,000 Kms",First Owner,,Manual,FWD,1462 cc,86.63 bhp,22.1 km/kg,4.0,,5 Seats,,198 mm,,,55 Litres
Maruti Suzuki Wagon R,₹1.80 Lakh,2014,"1,50,000 Kms",Third Owner,CNG,Manual,FWD,998 cc,58.16 bhp,26.6 km/kg,3.0,No,5 Seats,960 kg,165 mm,,,7 Litres
Toyota Innova Crysta,₹11 Lakh,2017,"1,05,800 Kms",First Owner,Diesel,Manual,RWD,2393 cc,147.8 bhp,,4.0,Yes,7 Seats,1805 kg,178 mm,,55 Litres,
Kia Seltos,₹10.50 Lakh,2020,"80,000 Kms",First Owner,Diesel,Automatic,FWD,1493 cc,113.43 bhp,18 kmpl,4.0,Yes,5 Seats,1540 kg,,,50 Litres,
Isuzu S-CAB Z,₹14.82 Lakh,2024,"28,000 Kms",First Owner,Diesel,Manual,4x2,2499 cc,77.77 bhp,,4.0,Yes,5 Seats,1915 kg,,,55 Litres,
Kia Sonet,₹6.50 Lakh,2021,"50,000 Kms",First Owner,Petrol,Manual,FWD,998 cc,118.36 bhp,18.2 kmpl,3.0,Yes,5 Seats,1201 kg,,45 Litres,,
Maruti Suzuki Vitara Brezza,₹3.50 Lakh,2016,"1,50,000 Kms",First Owner,,Manual,FWD,1248 cc,88.5 bhp,24.3 kmpl,4.0,Yes,5 Seats,1175 kg,198 mm,,48 Litres,
Tata Nexon,₹9 Lakh,2024,"14,000 Kms",First Owner,,Manual,FWD,1199 cc,118.27 bhp,17.44 kmpl,3.0,Yes,5 Seats,,208 mm,44 Litres,,
Tata Tiago,₹2.50 Lakh,2018,"1,16,000 Kms",Second Owner,Petrol,Manual,FWD,1199 cc,84 bhp,23.84 kmpl,3.0,No,5 Seats,980 kg,170 mm,35 Litres,,
Maruti Suzuki XL6,₹8 Lakh,2019,"66,000 Kms",First Owner,Petrol,Automatic,FWD,1462 cc,103.2 bhp,,4.0,,6 Seats,1190 kg,,45 Litres,,
Ford Ecosport,₹3.80 Lakh,2013,"1,20,000 Kms",Second Owner,,Manual,FWD,1499 cc,110 bhp,15.8 kmpl,4.0,No,5 Seats,1290s kg,200 mm,52 Litres,,
Nissan Magnite,₹5 Lakh,2023,"10,000 Kms",First Owner,,Manual,FWD,999 cc,71.01 bhp,19.35 kmpl,3.0,No,5 Seats,,205 mm,40 Litres,,
Hyundai i20,₹2.70 Lakh,2016,"1,24,000 Kms",Second Owner,Petrol,Manual,FWD,1197 cc,81.83 bhp,18.6 kmpl,4.0,No,5 Seats,1066 kg,170 mm,45 Litres,,
Mahindra XUV500,₹7 Lakh,2018,"60,000 Kms",Second Owner,,Manual,FWD,2179 cc,140 bhp,16 kmpl,4.0,Yes,7 Seats,1840 kg,200 mm,,70 Litres,
Maruti Suzuki Swift,₹3 Lakh,2014,"80,000 Kms",First Owner,Petrol,Manual,FWD,1197 cc,85.8 bhp,18.6 kmpl,4.0,No,5 Seats,970 kg,170 mm,42 Litres,,
Honda WR-V,₹4.75 Lakh,2019,"1,50,000 Kms",First Owner,,Manual,FWD,1199 cc,88.7 bhp,17.5 kmpl,4.0,No,5 Seats,1103 kg,188 mm,40 Litres,,
Mahindra XUV500,₹4.87 Lakh,2017,"75,000 Kms",First Owner,,Manual,FWD,2179 cc,140 bhp,16 kmpl,4.0,Yes,7 Seats,1785 kg,200 mm,,70 Litres,
Hyundai Creta,₹9.20 Lakh,2023,"60,000 Kms",First Owner,Petrol,Manual,2WD,1497 cc,113.18 bhp,17 kmpl,4.0,No,5 Seats,1360 kg,,50 Litres,,
Tata Nexon,₹9.25 Lakh,Jul 2024,"12,500 Kms",First Owner,,Automatic,FWD,1199 cc,118.27 bhp,17.18 kmpl,3.0,Yes,5 Seats,,208 mm,44 Litres,,
Maruti Suzuki Swift,₹4.50 Lakh,2019,"1,10,000 Kms",First Owner,Petrol,Manual,FWD,1197 cc,81.80 bhp,21.21 kmpl,4.0,No,5 Seats,855-885 kg,163 mm,37 Litres,,
Maruti Suzuki Baleno,₹8 Lakh,2024,"17,900 Kms",First Owner,CNG,Manual,FWD,1197 cc,76.43 bhp,30.61 km/kg,4.0,No,5 Seats,1020-1035 kg,,,,55 Litres
Hyundai Creta,₹12 Lakh,2025,"10,000 Kms",First Owner,Petrol,Manual,FWD,1497 cc,113.18 bhp,17.4 kmpl,4.0,No,5 Seats,,,50 Litres,,
Skoda Rapid,₹4.50 Lakh,2018,"70,000 Kms",First Owner,Diesel,Manual,FWD,1498 cc,108.6 bhp,21.13 kmpl,4.0,Yes,5 Seats,1210 kg,163 mm,,55 Litres,
Mahindra XUV500,₹10 Lakh,2017,"1,00,000 Kms",First Owner,,Manual,FWD,2179 cc,140 bhp,16 kmpl,4.0,Yes,7 Seats,1655 kg,200 mm,,70 Litres,
Maruti Suzuki Wagon R,₹2.60 Lakh,2016,"61,000 Kms",Second Owner,CNG,Manual,FWD,998 cc,58.16 bhp,26.6 km/kg,3.0,No,5 Seats,960 kg,165 mm,,,7 Litres
Kia Seltos,₹9.60 Lakh,2023,"27,000 Kms",First Owner,Petrol,Manual,FWD,1497 cc,113.43 bhp,16.8 kmpl,4.0,No,5 Seats,1335 kg,,50 Litres,,
Maruti Suzuki Swift,₹5.30 Lakh,2023,"50,000 Kms",First Owner,Petrol,Manual,FWD,1197 cc,88.50 bhp,22.38 kmpl,4.0,,5 Seats,875-905 kg,,37 Litres,,
Maruti Suzuki Baleno,₹5.50 Lakh,2022,"25,000 Kms",First Owner,Petrol,Manual,FWD,1197 cc,81.80 bhp,21.01 kmpl,4.0,No,5 Seats,865-890 kg,170 mm,37 Litres,,
Ford Ecosport,₹4.25 Lakh,2018,"1,35,000 Kms",Second Owner,,Manual,FWD,1498 cc,98.96 bhp,23 kmpl,4.0,Yes,5 Seats,1280 kg,200 mm,,52 Litres,
Mahindra Thar,₹11 Lakh,2022,"80,000 Kms",First Owner,,Manual,4X4,2184 cc,130 bhp,15.2 kmpl,4.0,Yes,4 Seats,1730 kg,226 mm,,57 Litres,
Maruti Suzuki Alto 800,₹1.52 Lakh,2013,"40,000 Kms",Second Owner,Petrol,Manual,FWD,796 cc,47.3 bhp,22.74 kmpl,3.0,No,5 Seats,725 kg,160 mm,35 Litres,,
MG Hector,₹11.50 Lakh,2021,"44,000 Kms",First Owner,,Automatic,FWD,1451 cc,141 bhp,9 kmpl,4.0,Yes,5 Seats,1820 kg,192 mm,60 Litres,,
MG Hector,₹14 Lakh,2022,"1,02,000 Kms",First Owner,,Automatic,FWD,1451 cc,141 bhp,9 kmpl,4.0,Yes,5 Seats,1820 kg,192 mm,60 Litres,,
Honda WR-V,₹6 Lakh,2019,"80,000 Kms",First Owner,,Manual,FWD,1199 cc,88.7 bhp,17.5 kmpl,4.0,No,5 Seats,1103 kg,188 mm,40 Litres,,
Volkswagen Taigun,₹9.90 Lakh,Jul 2022,"38,000 Kms",First Owner,Petrol,Automatic,,999 cc,113.98 bhp,18.41 kmpl,3.0,Yes,5 Seats,1255 kg,188 mm,50 Litres,,
Maruti Suzuki Swift Dzire,₹5 Lakh,2019,"70,000 Kms",Second Owner,Diesel,Automatic,FWD,1248 cc,74.02 bhp,28.4 kmpl,4.0,Yes,5 Seats,955-990 kg,163 mm,,37 Litres,
Maruti Suzuki Wagon R,₹1.70 Lakh,2014,"1,60,000 Kms",Second Owner,Petrol,Manual,FWD,998 cc,67.04 bhp,20.51 kmpl,3.0,No,5 Seats,870 kg,165 mm,35 Litres,,
Hyundai Creta,₹7 Lakh,2018,"99,000 Kms",First Owner,Petrol,Manual,FWD,1591 cc,121.3 bhp,15.8 kmpl,4.0,No,5 Seats,1260 kg,,55 Litres,,
Maruti Suzuki Baleno,₹4.05 Lakh,2019,"70,000 Kms",First Owner,Petrol,Manual,FWD,1197 cc,81.80 bhp,21.01 kmpl,4.0,No,5 Seats,865-890 kg,170 mm,37 Litres,,
BMW X1,₹3 Lakh,2011,"30,000 Kms",Third Owner,Petrol,Automatic,,1995 cc,150 bhp,,4.0,Yes,5 Seats,1455 kg,194 mm,63 Litres,,
Toyota Etios,₹1.55 Lakh,2011,"80,000 Kms",First Owner,Petrol,Manual,FWD,1496 cc,88.7 bhp,17.6 kmpl,4.0,No,5 Seats,930 kg,170 mm,45 Litres,,
MG Astor,₹11.70 Lakh,2024,"18,000 Kms",First Owner,Petrol,Automatic,FWD,1498 cc,108.49 bhp,14.82 kmpl,4.0,No,5 Seats,,,48 Litres,,
Hyundai Grand i10 Nios,₹4.50 Lakh,2020,"60,000 Kms",First Owner,Petrol,Manual,,1197 cc,81.86 bhp,20.7 kmpl,4.0,No,5 Seats,1160 kg,,37 Litres,,
Mahindra XUV500,₹13 Lakh,2019,"90,000 Kms",First Owner,,Manual,FWD,2179 cc,138 bhp,16 kmpl,4.0,Yes,7 Seats,1785 kg,200 mm,,70 Litres,
Hyundai Grand i10 Nios,₹5.20 Lakh,2022,"30,000 Kms",First Owner,Petrol,Manual,,1197 cc,81.86 bhp,20.7 kmpl,4.0,No,5 Seats,1100 kg,,37 Litres,,
Mahindra Marazzo,₹5.45 Lakh,Mar 2019,"85,000 Kms",First Owner,Diesel,Manual,FWD,1497 cc,121 bhp,,4.0,Yes,7 Seats,1650 s kg,,,45 Litres,
Honda City,₹3.90 Lakh,2014,"60,000 Kms",First Owner,Petrol,Automatic,FWD,1497 cc,117.3 bhp,18 kmpl,4.0,No,5 Seats,1085 kg,165 mm,40 Litres,,
Mahindra XUV 3XO,₹13.49 Lakh,Sept 2024,"1,500 Kms",First Owner,Petrol,Automatic,FWD,1197 cc,128.73 bhp,18.2 kmpl,3.0,Yes,5 Seats,,,42 Litres,,
Tata Punch,₹5.50 Lakh,2023,"30,000 Kms",First Owner,,Manual,FWD,1199 cc,87 bhp,20.09 kmpl,3.0,,5 Seats,,187 mm,37 Litres,,
Maruti Suzuki Wagon R,₹4.90 Lakh,2023,"30,438 Kms",First Owner,Petrol,Manual,FWD,998 cc,65.71 bhp,24.35 kmpl,3.0,,5 Seats,825 kg,,32 Litres,,
Kia Seltos,₹9.50 Lakh,2022,"68,000 Kms",First Owner,Petrol,Manual,FWD,1497 cc,113.43 bhp,16.8 kmpl,4.0,No,5 Seats,1335 kg,,50 Litres,,
BMW X1,₹9 Lakh,2018,"1,60,000 Kms",Fourth Owner,Diesel,Automatic,FWD,1995 cc,188 bhp,,4.0,Yes,5 Seats,1590 kg,179 mm,,61 Litres,
Maruti Suzuki Swift Dzire,₹4 Lakh,2017,"70,000 Kms",Second Owner,Diesel,Automatic,FWD,1248 cc,74.02 bhp,28.4 kmpl,4.0,Yes,5 Seats,955-990 kg,163 mm,,37 Litres,
Toyota Corolla Altis,₹6.99 Lakh,Jul 2018,"1,44,000 Kms",First Owner,Petrol,Automatic,FWD,1798 cc,138.03 bhp,14.28 kmpl,4.0,No,5 Seats,1310 kg,175 mm,55 Litres,,
Maruti Suzuki A-Star,₹1.40 Lakh,2013,"1,00,000 Kms",First Owner,Petrol,Manual,FWD,998 cc,66.1 bhp,19 kmpl,3.0,No,5 Seats,860-895 kg,170 mm,35 Litres,,
Toyota Taisor,₹8.75 Lakh,2024,"12,000 Kms",First Owner,Petrol,Automatic,FWD,1197 cc,88.5 bhp,22.8 kmpl,4.0,No,5 Seats,975 kg,,37 Litres,,
Maruti Suzuki Brezza,₹9.50 Lakh,2023,"50,000 Kms",First Owner,,Manual,FWD,1462 cc,101.64 bhp,19.89 kmpl,4.0,,5 Seats,,198 mm,48 Litres,,
Renault Kiger,₹4.75 Lakh,2021,"20,000 Kms",First Owner,Petrol,Manual,,999 cc,71.01 bhp,19.17 kmpl,3.0,,5 Seats,1012 kg,205 mm,40 Litres,,
Ford Ecosport,₹4 Lakh,2017,"71,000 Kms",First Owner,,Manual,FWD,1498 cc,98.96 bhp,23 kmpl,4.0,Yes,5 Seats,1300 kg,200 mm,,52 Litres,
Maruti Suzuki Ciaz,₹3.70 Lakh,2016,"92,000 Kms",Second Owner,Petrol,Manual,FWD,1373 cc,91.1 bhp,20.73 kmpl,4.0,No,5 Seats,1030 kg,170 mm,43 Litres,,
Audi Q3,₹8 Lakh,2016,"1,50,000 Kms",Second Owner,Diesel,Automatic,AWD,1968 cc,184 bhp,,4.0,Yes,5 Seats,1520 kg,170 mm,,64 Litres,
BMW 5 Series,₹12 Lakh,2015,"60,000 Kms",First Owner,Diesel,Automatic,RWD,1995 cc,190 bhp,,4.0,Yes,5 Seats,"1,575 kg",158 mm,,70 Litres,
Mahindra XUV500,₹6 Lakh,2017,"60,000 Kms",First Owner,,Automatic,FWD,2179 cc,140 bhp,16 kmpl,4.0,Yes,7 Seats,1990 kg,200 mm,,70 Litres,
Skoda Fabia,₹2 Lakh,2011,"39,000 Kms",First Owner,Petrol,Manual,Two Wheel Drive,1198 cc,73.9 bhp,16.25 kmpl,3.0,No,5 Seats,1100 kg,146 mm,45 Litres,,
Volkswagen Polo,₹1.80 Lakh,2011,"80,000 Kms",Second Owner,Petrol,Manual,2 WD,1198 cc,,17 kmpl,3.0,No,5 Seats,1030 kg,168 mm,45 Litres,,
Hyundai Santro,₹4.45 Lakh,2022,"4,800 Kms",First Owner,Petrol,Manual,FWD,1086 cc,68.05 bhp,20.3 kmpl,4.0,No,5 Seats,1050 kg,,35 Litres,,
Tata Punch EV,₹11.80 Lakh,2025,"16,500 Kms",First Owner,,Automatic,FWD,,120.69 bhp,,,,5 Seats,,190 mm,,,
Ford Ecosport,₹4.10 Lakh,2017,"1,00,000 Kms",First Owner,,Manual,FWD,1497 cc,121.36 bhp,17 kmpl,3.0,No,5 Seats,1220 kg,200 mm,52 Litres,,
Toyota Etios,₹1.53 Lakh,2011,"1,42,000 Kms",Second Owner,Petrol,Manual,FWD,1496 cc,88.7 bhp,17.6 kmpl,4.0,No,5 Seats,930 kg,170 mm,45 Litres,,
Maruti Suzuki Alto 800,₹1 Lakh,2011,"70,000 Kms",First Owner,Petrol,Manual,FWD,796 cc,46.3 bhp,19.7 kmpl,3.0,No,5 Seats,705 kg,160 mm,35 Litres,,
Jeep Compass,₹6 Lakh,2017,"1,20,000 Kms",First Owner,,Manual,4X2,1956 cc,170 bhp,17.1 kmpl,4.0,Yes,5 Seats,1551 s kg,178 mm,,60 Litres,
Jeep Compass,₹6 Lakh,2017,"1,06,000 Kms",First Owner,,Manual,4X2,1956 cc,170 bhp,17.1 kmpl,4.0,Yes,5 Seats,1551 s kg,178 mm,,60 Litres,
Maruti Suzuki Celerio,₹3.35 Lakh,Sept 2018,"46,000 Kms",First Owner,CNG,Manual,FWD,998 cc,58.33 bhp,31.79 km/kg,3.0,No,5 Seats,925 kg,165 mm,,,60 Litres
Mahindra XUV500,₹8 Lakh,2017,"80,000 Kms",First Owner,,Manual,FWD,2179 cc,140 bhp,16 kmpl,4.0,Yes,7 Seats,1785 kg,200 mm,,70 Litres,
Maruti Suzuki Swift,₹5.50 Lakh,2022,"30,000 Kms",First Owner,Petrol,Manual,,1197 cc,88.50 bhp,22.38 kmpl,4.0,,5 Seats,875-905 kg,,37 Litres,,
Hyundai Verna,₹6.20 Lakh,2019,"70,000 Kms",First Owner,Diesel,Manual,FWD,1582 cc,126.2 bhp,22 kmpl,4.0,Yes,5 Seats,1275 kg,165 mm,,45 Litres,
BMW 3 Series,₹45 Lakh,2022,"30,000 Kms",First Owner,Petrol,Automatic,RWD,1998 cc,254.79 bhp,,4.0,Yes,5 Seats,"1,520 kg",165 mm,59 Litres,,
Maruti Suzuki Wagon R,₹3 Lakh,2016,"21,000 Kms",First Owner,Petrol,Automatic,FWD,998 cc,67 bhp,20.51 kmpl,3.0,No,5 Seats,890 kg,165 mm,35 Litres,,
Honda City,₹2 Lakh,2011,"70,000 Kms",First Owner,Petrol,Manual,FWD,1497 cc,116.3 bhp,16.8 kmpl,4.0,No,5 Seats,1090 kg,165 mm,42 Litres,,
Hyundai Venue,₹10.45 Lakh,2025,"10,000 Kms",First Owner,Petrol,Automatic,FWD,998 cc,118 bhp,18.31 kmpl,3.0,Yes,5 Seats,,,45 Litres,,
Honda City,₹4 Lakh,2016,"78,000 Kms",First Owner,Petrol,Manual,FWD,1497 cc,117.3 bhp,17.8 kmpl,4.0,No,5 Seats,1029 kg,165 mm,40 Litres,,
Mahindra Thar,₹12 Lakh,2023,"28,000 Kms",First Owner,,Automatic,4X4,1997 cc,150 bhp,8 kmpl,4.0,Yes,4 Seats,1825 kg,226 mm,57 Litres,,
Hyundai i20,₹2.20 Lakh,2012,"92,000 Kms",First Owner,Petrol,Manual,FWD,1197 cc,82.85 bhp,18.5 kmpl,4.0,No,5 Seats,1120 kg,,45 Litres,,
Ford Ecosport,₹7.75 Lakh,2020,"60,000 Kms",First Owner,,Manual,FWD,1498 cc,98.96 bhp,21.7 kmpl,4.0,Yes,5 Seats,1309 kg,200 mm,,52 Litres,
Tata Tiago,₹3.25 Lakh,2016,"53,000 Kms",First Owner,Petrol,Manual,FWD,1199 cc,84 bhp,23.84 kmpl,3.0,No,5 Seats,960 kg,165 mm,35 Litres,,
Mahindra XUV700,₹13.49 Lakh,Mar 2023,"29,000 Kms",First Owner,Petrol,Manual,FWD,1999 cc,197 bhp,15 kmpl,4.0,Yes,5 Seats,,,60 Litres,,
Maruti Suzuki Baleno,₹4 Lakh,2017,"48,000 Kms",Second Owner,Petrol,Manual,FWD,1197 cc,83.1 bhp,21.4 kmpl,4.0,No,5 Seats,890 kg,170 mm,37 Litres,,
Hyundai Venue,₹7.60 Lakh,2025,"13,000 Kms",First Owner,Petrol,Manual,FWD,1197 cc,82 bhp,20.36 kmpl,4.0,No,5 Seats,,,45 Litres,,
Hyundai Verna,₹14.50 Lakh,2024,"20,000 Kms",First Owner,Petrol,Automatic,FWD,1482 cc,157.57 bhp,20.6 kmpl,4.0,Yes,5 Seats,,,45 Litres,,
Maruti Suzuki Baleno,₹7.80 Lakh,2023,"40,000 Kms",First Owner,Petrol,Manual,FWD,1197 cc,88.50 bhp,22.35 kmpl,4.0,No,5 Seats,925-955 kg,,37 Litres,,
BMW X7,₹90 Lakh,2022,"30,000 Kms",First Owner,Petrol,Automatic,AWD,2998 cc,335.25 bhp,10.54 kmpl,6.0,Twin,7 Seats,2370 kg,,83 Litres,,
Honda City,₹3 Lakh,2017,"1,00,000 Kms",First Owner,Petrol,Manual,FWD,1497 cc,117.3 bhp,17.8 kmpl,4.0,No,5 Seats,1029 kg,165 mm,40 Litres,,
Ford Ecosport,₹4.19 Lakh,2018,"90,000 Kms",Second Owner,,Manual,FWD,999 cc,123.24 bhp,18.88 kmpl,3.0,Yes,5 Seats,1200 kg,200 mm,52 Litres,,
Nissan Magnite,₹4.90 Lakh,2021,"70,000 Kms",Second Owner,Petrol,Manual,,999 cc,98.63 bhp,20 kmpl,3.0,Yes,5 Seats,1014 kg,205 mm,40 Litres,,
Kia Seltos,₹10 Lakh,2020,"90,000 Kms",First Owner,Petrol,Manual,FWD,1353 cc,138.08 bhp,16.5 kmpl,4.0,Yes,5 Seats,1515 kg,,50 Litres,,
Renault KWID,₹2 Lakh,2017,"1,60,000 Kms",First Owner,Petrol,Manual,FWD,999 cc,67 bhp,23.01 kmpl,3.0,No,5 Seats,675 kg,180 mm,28 Litres,,
Maruti Suzuki Swift,₹5.25 Lakh,2021,"79,000 Kms",First Owner,Petrol,Manual,,1197 cc,88.50 bhp,22.38 kmpl,4.0,,5 Seats,875-905 kg,,37 Litres,,
Hyundai i20,₹5 Lakh,2017,"50,000 Kms",First Owner,Petrol,Manual,FWD,1197 cc,81.83 bhp,18.6 kmpl,4.0,No,5 Seats,1066 kg,170 mm,45 Litres,,
Maruti Suzuki Ciaz,₹7.25 Lakh,2023,"35,000 Kms",First Owner,Petrol,Automatic,FWD,1462 cc,103.25 bhp,20.04 kmpl,4.0,,5 Seats,1115 kg,,43 Litres,,
Chevrolet Sail,₹1.34 Lakh,2016,"1,60,000 Kms",First Owner,Petrol,Manual,FWD,1199 cc,82.4 bhp,18.2 kmpl,4.0,No,5 Seats,1065 kg,174 mm,42 Litres,,
Tata Harrier,₹12 Lakh,2022,"82,000 Kms",First Owner,Diesel,Automatic,,1956 cc,167.67 bhp,14.6 kmpl,4.0,Yes,5 Seats,1700 kg,,,50 Litres,
Hyundai Creta,₹8.42 Lakh,2019,"80,000 Kms",First Owner,Diesel,Automatic,FWD,1582 cc,126.2 bhp,17.6 kmpl,4.0,Yes,5 Seats,1340 kg,,,55 Litres,
Mahindra XUV300,₹8 Lakh,2022,"50,000 Kms",First Owner,,Manual,FWD,1497 cc,115 bhp,20 kmpl,4.0,Yes,5 Seats,1375 kg,180 mm,,42 Litres,
Hyundai Santro Xing,₹1.30 Lakh,2012,"80,000 Kms",First Owner,Petrol,Manual,,1086 cc,62 bhp,,4.0,No,5 Seats,854 kg,164 mm,35 Litres,,
Maruti Suzuki Gypsy,₹6.50 Lakh,2016,"80,000 Kms",First Owner,,Manual,4WD,1298 cc,80 bhp,11.96 kmpl,4.0,No,8 Seats,1020 kg,210 mm,40 Litres,,
Maruti Suzuki Swift,₹3.50 Lakh,2016,"40,000 Kms",First Owner,Petrol,Manual,FWD,1197 cc,81.80 bhp,20.4 kmpl,4.0,No,5 Seats,855 kg,163 mm,42 Litres,,
Mahindra Marazzo,₹6 Lakh,2020,"70,000 Kms",First Owner,Diesel,Manual,FWD,1497 cc,121 bhp,,4.0,Yes,7 Seats,1650 s kg,,,45 Litres,
Mahindra Scorpio,₹9 Lakh,2017,"20,000 Kms",First Owner,,Manual,RWD,2179 cc,120 bhp,15.4 kmpl,4.0,Yes,7 Seats,1735 kg,180 mm,,60 Litres,
Maruti Suzuki S-Presso,₹3.15 Lakh,2020,"30,000 Kms",First Owner,Petrol,Manual,FWD,998 cc,65.71 bhp,21.7 kmpl,3.0,,5 Seats,736-775 kg,,27 Litres,,
Honda City,₹10.50 Lakh,2022,"50,000 Kms",First Owner,Petrol,Manual,,1498 cc,119.35 bhp,18.6 kmpl,4.0,,5 Seats,1107-1153 kg,,40 Litres,,
Mahindra XUV500,₹7.50 Lakh,2017,"30,000 Kms",First Owner,,Manual,FWD,2179 cc,140 bhp,16 kmpl,4.0,Yes,7 Seats,1655 kg,200 mm,,70 Litres,
Tata Nexon,₹7.50 Lakh,2023,"65,000 Kms",First Owner,Diesel,Manual,,1497 cc,113.42 bhp,23.22 kmpl,4.0,Yes,5 Seats,1330 kg,209 mm,,44 Litres,
Kia Seltos,₹9 Lakh,2021,"70,000 Kms",First Owner,Petrol,Manual,FWD,1497 cc,113.43 bhp,16.8 kmpl,4.0,No,5 Seats,1340 kg,,50 Litres,,
Ford Aspire,₹2.80 Lakh,2016,"1,00,000 Kms",First Owner,Diesel,Manual,FWD,1498 cc,99 bhp,25.83 kmpl,4.0,Yes,5 Seats,1023-1048 kg,174 mm,,40 Litres,
Tata Nexon,₹6.60 Lakh,2023,"80,000 Kms",First Owner,,Automatic,FWD,1199 cc,118.27 bhp,17.18 kmpl,3.0,Yes,5 Seats,,208 mm,44 Litres,,
MG Hector,₹14 Lakh,2024,"43,000 Kms",First Owner,Petrol,Automatic,FWD,1451 cc,141.04 bhp,12.34 kmpl,4.0,Yes,5 Seats,,,60 Litres,,
Hyundai Creta,₹5.80 Lakh,2016,"50,000 Kms",First Owner,,Automatic,FWD,1582 cc,126.2 bhp,17.01 kmpl,4.0,Yes,5 Seats,1320 kg,190 mm,,55 Litres,
Mahindra Thar ROXX,₹17 Lakh,2024,"10,000 Kms",First Owner,Diesel,Manual,RWD,2184 cc,150 bhp,15.2 kmpl,4.0,Yes,5 Seats,,,,57 Litres,
Honda City,₹6 Lakh,2018,"80,000 Kms",Second Owner,Petrol,Manual,FWD,1497 cc,117.6 bhp,17.4 kmpl,4.0,No,5 Seats,1061 kg,165 mm,40 Litres,,
Maruti Suzuki S Cross,₹6.10 Lakh,2021,"70,000 Kms",First Owner,Petrol,Manual,FWD,1462 cc,103.25 bhp,18.55 kmpl,4.0,,5 Seats,1130-1170 kg,,48 Litres,,
Toyota Innova Crysta,₹10 Lakh,2016,"1,60,000 Kms",First Owner,Petrol,Automatic,RWD,2694 cc,163.7 bhp,,4.0,No,7 Seats,1790 kg,,65 Litres,,
Toyota Innova Crysta,₹14 Lakh,2018,"1,04,000 Kms",First Owner,Diesel,Automatic,RWD,2755 cc,171.5 bhp,,4.0,Yes,7 Seats,1830 kg,,,55 Litres,
Maruti Suzuki Alto K10,₹2.50 Lakh,2016,"85,000 Kms",First Owner,Petrol,Manual,FWD,998 cc,67.05 bhp,23.95 kmpl,3.0,No,5 Seats,779 kg,160 mm,35 Litres,,
Tata Altroz,₹5.40 Lakh,2022,"34,000 Kms",First Owner,Petrol,Manual,,1199 cc,86.83 bhp,19.33 kmpl,3.0,No,5 Seats,1036 kg,165 mm,37 Litres,,
Maruti Suzuki Ignis,₹4.50 Lakh,2020,"1,00,000 Kms",First Owner,Petrol,Manual,,1197 cc,81.80 bhp,20.89 kmpl,4.0,,5 Seats,840-865 kg,,32 Litres,,
Kia Seltos,₹9.75 Lakh,2020,"50,000 Kms",Second Owner,Petrol,Automatic,FWD,1353 cc,138.08 bhp,16.5 kmpl,4.0,Yes,5 Seats,1535 kg,,50 Litres,,
Maruti Suzuki Ertiga,₹7.38 Lakh,2020,"90,000 Kms",First Owner,Petrol,Automatic,FWD,1462 cc,103.26 bhp,17.99 kmpl,4.0,No,7 Seats,1135-1170 kg,,45 Litres,,
Maruti Suzuki Alto 800,₹1 Lakh,2011,"2,10,000 Kms",First Owner,Petrol,Manual,FWD,796 cc,46.3 bhp,19.7 kmpl,3.0,No,5 Seats,705 kg,160 mm,35 Litres,,
Tata Nexon,₹9.85 Lakh,Dec 2023,"52,300 Kms",First Owner,Petrol,Manual,,1199 cc,118.35 bhp,17.33 kmpl,3.0,Yes,5 Seats,1280 kg,209 mm,44 Litres,,
Maruti Suzuki Alto K10,₹85 Thousand,2011,"1,60,000 Kms",Second Owner,Petrol,Manual,FWD,998 cc,67.1 bhp,20.92 kmpl,3.0,No,5 Seats,760 kg,160 mm,35 Litres,,
Hyundai Creta,₹6 Lakh,2016,"50,600 Kms",Second Owner,,Automatic,FWD,1591 cc,121.3 bhp,13 kmpl,4.0,No,5 Seats,1280 kg,190 mm,55 Litres,,
Nissan Magnite,₹7.95 Lakh,2025,"20,000 Kms",First Owner,,Automatic,FWD,999 cc,99 bhp,17.9 kmpl,3.0,Yes,5 Seats,1103 kg,205 mm,40 Litres,,
Honda City,₹4 Lakh,2015,"1,20,000 Kms",Third Owner,Petrol,Manual,FWD,1497 cc,117.3 bhp,17.4 kmpl,4.0,No,5 Seats,1049 kg,165 mm,40 Litres,,
Nissan Magnite,₹6.50 Lakh,2022,"60,000 Kms",First Owner,Petrol,Automatic,,999 cc,98.63 bhp,17.4 kmpl,3.0,Yes,5 Seats,1039 kg,205 mm,40 Litres,,
Maruti Suzuki Wagon R,₹1.15 Lakh,2011,"1,00,000 Kms",Second Owner,Petrol,Manual,FWD,998 cc,67.1 bhp,18.9 kmpl,3.0,No,5 Seats,870 kg,165 mm,35 Litres,,
Volkswagen Ameo,₹4.55 Lakh,Jan 2019,"68,000 Kms",First Owner,Petrol,Manual,FWD,999 cc,75 bhp,19.44 kmpl,3.0,No,5 Seats,1050 kg,165 mm,45 Litres,,
Volkswagen Polo,₹2.95 Lakh,Feb 2015,"44,000 Kms",First Owner,Petrol,Manual,FWD,1199 cc,74 bhp,16.2 kmpl,3.0,No,5 Seats,1030 kg,165 mm,45 Litres,,
Volkswagen Vento,₹3.75 Lakh,Apr 2016,"78,000 Kms",First Owner,Petrol,Manual,FWD,1598 cc,103.2 bhp,16.09 kmpl,4.0,No,5 Seats,1142 kg,163 mm,55 Litres,,
Skoda Rapid,₹4.95 Lakh,Jun 2017,"74,000 Kms",First Owner,Petrol,Manual,FWD,1598 cc,103.2 bhp,14.84 kmpl,4.0,No,5 Seats,1179 kg,163 mm,,,
Volkswagen Polo,₹4.95 Lakh,Jun 2021,"62,000 Kms",First Owner,Petrol,Manual,FWD,999 cc,75.10 bhp,17.74 kmpl,3.0,No,5 Seats,1030 kg,165 mm,45 Litres,,
Nissan Micra,₹1.90 Lakh,Aug 2013,"43,000 Kms",First Owner,Petrol,Automatic,FWD,1198 cc,76 bhp,19.34 kmpl,3.0,No,5 Seats,1100 kg,154 mm,41 Litres,,
Honda City,₹4.75 Lakh,2017,"1,20,000 Kms",Second Owner,Petrol,Manual,FWD,1497 cc,117.3 bhp,17.8 kmpl,4.0,No,5 Seats,1049 kg,165 mm,40 Litres,,
Tata Zest,₹1.85 Lakh,2014,"1,00,000 Kms",First Owner,Petrol,Manual,FWD,1193 cc,88.7 bhp,17.57 kmpl,4.0,Yes,5 Seats,1115 kg,170 mm,44 Litres,,
Hyundai Creta,₹6.80 Lakh,2018,"1,00,000 Kms",First Owner,,Manual,FWD,1582 cc,126.2 bhp,19.67 kmpl,4.0,Yes,5 Seats,1300 kg,190 mm,,55 Litres,
Maruti Suzuki Alto K10,₹2 Lakh,2018,"88,000 Kms",Third Owner,CNG,Manual,FWD,998 cc,58.3 bhp,32.26 km/kg,3.0,No,4 Seats,867 kg,160 mm,,,60 Litres
Maruti Suzuki Ciaz,₹4.95 Lakh,2019,"1,00,000 Kms",First Owner,Petrol,Automatic,FWD,1462 cc,103.25 bhp,20.28 kmpl,4.0,No,5 Seats,1105 kg,170 mm,43 Litres,,
Kia Seltos,₹12 Lakh,2022,"30,000 Kms",First Owner,Petrol,Manual,FWD,1497 cc,113.43 bhp,16.8 kmpl,4.0,No,5 Seats,1404 kg,,50 Litres,,
Maruti Suzuki Ciaz,₹3.50 Lakh,2015,"54,000 Kms",Second Owner,Petrol,Automatic,FWD,1373 cc,91.1 bhp,19.12 kmpl,4.0,No,5 Seats,1010 kg,170 mm,43 Litres,,
Hyundai Creta,₹7.15 Lakh,2017,"70,000 Kms",First Owner,,Manual,FWD,1591 cc,121.3 bhp,13 kmpl,4.0,No,5 Seats,1280 kg,190 mm,55 Litres,,
Maruti Suzuki Vitara Brezza,₹5.50 Lakh,2018,"1,00,000 Kms",First Owner,,Manual,FWD,1248 cc,88.5 bhp,24.3 kmpl,4.0,Yes,5 Seats,1190 kg,198 mm,,48 Litres,
Hyundai i10,₹1.24 Lakh,2011,"1,20,000 Kms",Second Owner,Petrol,Manual,FWD,1197 cc,78.9 bhp,20.36 kmpl,4.0,No,5 Seats,960 kg,165 mm,35 Litres,,
Tata Nexon,₹7.70 Lakh,2022,"36,000 Kms",First Owner,Petrol,Manual,,1199 cc,118.36 bhp,17.57 kmpl,3.0,Yes,5 Seats,1325 kg,209 mm,44 Litres,,
Volkswagen Vento,₹1.20 Lakh,2011,"60,000 Kms",First Owner,Petrol,Manual,Two Wheel Drive,1598 cc,,15.8 kmpl,4.0,No,5 Seats,1121 kg,168 mm,55 Litres,,
Mahindra XUV500,₹6.50 Lakh,2016,"40,000 Kms",Second Owner,,Manual,FWD,2179 cc,140 bhp,16 kmpl,4.0,Yes,7 Seats,1785 kg,200 mm,,70 Litres,
Maruti Suzuki Baleno,₹5.50 Lakh,2022,"1,00,000 Kms",First Owner,Petrol,Manual,FWD,1197 cc,81.80 bhp,21.01 kmpl,4.0,No,5 Seats,865-890 kg,170 mm,37 Litres,,
Honda City,₹3 Lakh,2008,"1,00,000 Kms",First Owner,Petrol,Manual,FWD,1497 cc,,17 kmpl,4.0,No,5 Seats,1100 kg,160 mm,42 Litres,,
Toyota Taisor,₹8.50 Lakh,2026,"10,000 Kms",First Owner,Petrol,Manual,FWD,1197 cc,88.5 bhp,21.7 kmpl,4.0,No,5 Seats,965-970 kg,,37 Litres,,
Toyota Corolla Altis,₹10 Lakh,2018,"80,000 Kms",Second Owner,Petrol,Automatic,FWD,1798 cc,138.03 bhp,14.28 kmpl,4.0,No,5 Seats,1310 kg,175 mm,55 Litres,,
Tata Nexon,₹3.80 Lakh,2018,"80,000 Kms",First Owner,Petrol,Manual,FWD,1198 cc,108.5 bhp,17 kmpl,3.0,Yes,5 Seats,1252 kg,,44 Litres,,
Maruti Suzuki Alto 800,₹1.70 Lakh,2015,"80,000 Kms",Second Owner,Petrol,Manual,FWD,796 cc,47.3 bhp,22.74 kmpl,3.0,No,5 Seats,720 kg,160 mm,35 Litres,,
Honda City,₹6.75 Lakh,2019,"80,000 Kms",Second Owner,Petrol,Automatic,FWD,1497 cc,117.6 bhp,18 kmpl,4.0,No,5 Seats,1100 kg,165 mm,40 Litres,,
Honda Elevate,₹13.40 Lakh,2023,"20,000 Kms",First Owner,Petrol,Automatic,FWD,1498 cc,119 bhp,16.92 kmpl,4.0,,5 Seats,1213 kg,,40 Litres,,
Maruti Suzuki FRONX,₹6.50 Lakh,2023,"26,000 Kms",First Owner,Petrol,Manual,FWD,1197 cc,88.50 bhp,21.79 kmpl,4.0,No,5 Seats,960-970 kg,,37 Litres,,
Toyota Etios,₹1.58 Lakh,2011,"90,000 Kms",First Owner,Petrol,Manual,FWD,1496 cc,88.7 bhp,17.6 kmpl,4.0,No,5 Seats,930 kg,170 mm,45 Litres,,
Hyundai i20,₹3.50 Lakh,2018,"80,000 Kms",Second Owner,Petrol,Manual,FWD,1197 cc,81.83 bhp,18.6 kmpl,4.0,No,5 Seats,1066 kg,170 mm,45 Litres,,
Mahindra XUV300,₹5.50 Lakh,2021,"40,000 Kms",First Owner,Petrol,Manual,,1197 cc,108.62 bhp,16.82 kmpl,3.0,Yes,5 Seats,1300 kg,,42 Litres,,
Hyundai Creta,₹13 Lakh,2023,"13,000 Kms",First Owner,Petrol,Manual,2WD,1497 cc,113.18 bhp,17 kmpl,4.0,No,5 Seats,1430 kg,,50 Litres,,
Tata Tigor,₹3.40 Lakh,2018,"70,000 Kms",First Owner,Petrol,Manual,FWD,1199 cc,84 bhp,20.3 kmpl,3.0,No,5 Seats,1062 kg,170 mm,35 Litres,,
Ford Ecosport,₹5 Lakh,2018,"1,20,000 Kms",First Owner,,Automatic,FWD,1497 cc,121.36 bhp,14.8 kmpl,3.0,No,5 Seats,1296 kg,200 mm,52 Litres,,
Maruti Suzuki Vitara Brezza,₹4.50 Lakh,2017,"1,00,000 Kms",First Owner,,Manual,FWD,1248 cc,88.5 bhp,24.3 kmpl,4.0,Yes,5 Seats,1190 kg,198 mm,,48 Litres,
Honda Amaze,₹3.73 Lakh,2020,"90,000 Kms",Second Owner,Petrol,Manual,FWD,1199 cc,88.76 bhp,18.6 kmpl,4.0,No,5 Seats,905 kg,,35 Litres,,
Hyundai Grand i10 Nios,₹4.80 Lakh,2020,"50,000 Kms",First Owner,Petrol,Automatic,,1197 cc,81.86 bhp,20.7 kmpl,4.0,No,5 Seats,1140 kg,,37 Litres,,
Renault KWID,₹2.40 Lakh,2019,"27,147 Kms",Third Owner,Petrol,Manual,FWD,999 cc,67 bhp,23.01 kmpl,3.0,No,5 Seats,750 kg,,28 Litres,,
Mahindra Marazzo,₹5.25 Lakh,2018,"70,000 Kms",First Owner,Diesel,Manual,FWD,1497 cc,121 bhp,,4.0,Yes,7 Seats,1650 s kg,,,45 Litres,
Toyota Corolla,₹1.30 Lakh,2006,"70,000 Kms",First Owner,Petrol,Manual,,1794 cc,,13.4 kmpl,4.0,No,5 Seats,"1,160 kg",170 mm,50 Litres,,
Tata Nexon,₹8 Lakh,2022,"60,000 Kms",First Owner,Petrol,Manual,,1199 cc,118.35 bhp,17.33 kmpl,3.0,Yes,5 Seats,1230 kg,209 mm,44 Litres,,
Nissan Sunny,₹2.50 Lakh,2014,"90,000 Kms",Second Owner,Petrol,Automatic,FWD,1498 cc,99.61 bhp,17.97 kmpl,4.0,No,5 Seats,1040 kg,,41 Litres,,
Hyundai Creta,₹5.30 Lakh,2016,"80,000 Kms",Second Owner,,Automatic,FWD,1582 cc,126.2 bhp,17.01 kmpl,4.0,Yes,5 Seats,1320 kg,190 mm,,55 Litres,
MG Comet EV,₹6.25 Lakh,2023,"14,000 Kms",First Owner,,Automatic,RWD,,41.42 bhp,,,,4 Seats,,,,,
Hyundai i10,₹90 Thousand,2011,"1,50,000 Kms",First Owner,Petrol,Manual,FWD,1197 cc,78.9 bhp,20.36 kmpl,4.0,No,5 Seats,930 kg,165 mm,35 Litres,,
Mahindra Scorpio,₹14 Lakh,2020,"1,50,000 Kms",First Owner,,Manual,RWD,2179 cc,140 bhp,16.36 kmpl,4.0,Yes,8 Seats,1715 kg,180 mm,,60 Litres,
Honda City,₹5 Lakh,2016,"50,000 Kms",Second Owner,Petrol,Manual,FWD,1497 cc,117.3 bhp,17.8 kmpl,4.0,No,5 Seats,1029 kg,165 mm,40 Litres,,
Hyundai Venue,₹7 Lakh,2021,"1,00,000 Kms",First Owner,Petrol,Manual,FWD,998 cc,118.35 bhp,18.27 kmpl,3.0,Yes,5 Seats,1340 kg,,45 Litres,,
Hyundai Tucson,₹9.50 Lakh,Jan 2017,"29,000 Kms",Second Owner,,Automatic,2WD,1995 cc,183 bhp,16.38 kmpl,4.0,Yes,5 Seats,1557 kg,195 mm,,62 Litres,
Ford Endeavour,₹23 Lakh,Jan 2019,"58,000 Kms",First Owner,Diesel,Automatic,RWD,2198 cc,158.2 bhp,14.2 kmpl,4.0,No,7 Seats,2238 kg,,,80 Litres,
Kia Seltos,₹7.35 Lakh,2019,"1,00,000 Kms",First Owner,Petrol,Manual,FWD,1497 cc,113.43 bhp,16.8 kmpl,4.0,No,5 Seats,1335 kg,,50 Litres,,
Tata Nexon,₹8 Lakh,2024,"26,500 Kms",First Owner,,Manual,FWD,1199 cc,118.27 bhp,17.44 kmpl,3.0,Yes,5 Seats,,208 mm,44 Litres,,
Renault KWID,₹1.50 Lakh,2016,"90,000 Kms",Second Owner,Petrol,Manual,FWD,799 cc,53.3 bhp,25.17 kmpl,3.0,No,5 Seats,675 kg,180 mm,28 Litres,,
Tata Punch EV,₹10 Lakh,2024,"60,000 Kms",First Owner,,Automatic,FWD,,,,,,5 Seats,,190 mm,,,
Hyundai Creta,₹10.65 Lakh,2023,"30,000 Kms",First Owner,Petrol,Manual,2WD,1497 cc,113.18 bhp,17 kmpl,4.0,No,5 Seats,1355 kg,,50 Litres,,
Maruti Suzuki Swift,₹3 Lakh,2016,"1,21,000 Kms",First Owner,Petrol,Manual,FWD,1197 cc,81.80 bhp,20.4 kmpl,4.0,No,5 Seats,855 kg,163 mm,42 Litres,,
Hyundai Creta,₹10.80 Lakh,2021,"30,000 Kms",First Owner,Petrol,Automatic,,1497 cc,113.18 bhp,14 kmpl,4.0,No,5 Seats,1450 kg,,50 Litres,,
Jeep Compass,₹6.25 Lakh,2018,"80,000 Kms",Third Owner,,Automatic,4X2,1368 cc,160 bhp,16 kmpl,4.0,Yes,5 Seats,1562 s kg,178 mm,60 Litres,,
BMW X1,₹20.50 Lakh,2019,"57,400 Kms",First Owner,Petrol,Automatic,FWD,1998 cc,189 bhp,,4.0,Yes,5 Seats,1530 kg,179 mm,51 Litres,,
BYD Atto 3,₹25.50 Lakh,2024,"20,000 Kms",First Owner,,Automatic,FWD,,201 bhp,,,,5 Seats,1750 kg,175 mm,,,
Hyundai Grand i10,₹2.49 Lakh,2014,"80,000 Kms",Second Owner,Petrol,Manual,FWD,1197 cc,82 bhp,18.9 kmpl,4.0,No,5 Seats,935 kg,165 mm,43 Litres,,
Mahindra XUV400 EV,₹15.10 Lakh,2024,"12,000 Kms",First Owner,,Automatic,FWD,,147.51 bhp,,,,5 Seats,,,,,
Audi A4,₹18.50 Lakh,2019,"80,000 Kms",Second Owner,Petrol,Automatic,FWD,1395 cc,147.51 bhp,,4.0,Yes,5 Seats,1450 kg,165 mm,54 Litres,,
Mahindra TUV 300,₹4 Lakh,2018,"66,000 Kms",Second Owner,,Manual,RWD,1493 cc,100 bhp,18.49 kmpl,3.0,Yes,7 Seats,1650 kg,184 mm,,60 Litres,
Ford Ecosport,₹4.10 Lakh,2017,"94,000 Kms",First Owner,,Manual,FWD,1497 cc,121.36 bhp,17 kmpl,3.0,No,5 Seats,1225 kg,200 mm,52 Litres,,
Hyundai Venue,₹6.50 Lakh,2020,"50,000 Kms",First Owner,Petrol,Automatic,FWD,998 cc,118.35 bhp,18.15 kmpl,3.0,Yes,5 Seats,1440 kg,,45 Litres,,
Tata Bolt,₹4 Lakh,2016,"50,000 Kms",First Owner,Petrol,Manual,FWD,1193 cc,88.7 bhp,17.57 kmpl,4.0,Yes,5 Seats,1095-1125 kg,165 mm,44 Litres,,
Kia Seltos,₹9.25 Lakh,2020,"50,000 Kms",First Owner,Petrol,Manual,FWD,1497 cc,113.43 bhp,16.8 kmpl,4.0,No,5 Seats,1335 kg,,50 Litres,,
Tata Tigor,₹3.80 Lakh,2019,"60,000 Kms",First Owner,Petrol,Manual,FWD,1199 cc,83.81 bhp,20.3 kmpl,3.0,No,5 Seats,1035-1062 kg,170 mm,35 Litres,,
Chevrolet Sail,₹1.95 Lakh,2017,"1,50,000 Kms",First Owner,Diesel,Manual,FWD,1248 cc,74 bhp,22.1 kmpl,4.0,Yes,5 Seats,1124 kg,168 mm,,40 Litres,
Kia Seltos,₹13 Lakh,2023,"80,000 Kms",First Owner,Petrol,Automatic,FWD,1353 cc,138.08 bhp,16.5 kmpl,4.0,Yes,5 Seats,1535 kg,,50 Litres,,
Maruti Suzuki Swift,₹5 Lakh,2020,"39,000 Kms",First Owner,Petrol,Manual,FWD,1197 cc,81.80 bhp,21.21 kmpl,4.0,No,5 Seats,855-885 kg,163 mm,37 Litres,,
Maruti Suzuki Zen Estilo,₹1.30 Lakh,2013,"1,60,000 Kms",First Owner,CNG,Manual,FWD,998 cc,67.1 bhp,26.3 km/kg,3.0,No,5 Seats,845 kg,165 mm,,,35 Litres
Tata Tigor,₹3.77 Lakh,2019,"70,000 Kms",First Owner,Petrol,Manual,FWD,1199 cc,84 bhp,20.3 kmpl,3.0,No,5 Seats,1052 kg,170 mm,35 Litres,,
Jeep Compass Trailhawk,₹14 Lakh,2020,"1,00,000 Kms",Second Owner,Diesel,Automatic,,1956 cc,,16.3 kmpl,4.0,Yes,5 Seats,1655 kg,,,60 Litres,
Nissan Micra,₹1.50 Lakh,2014,"1,00,000 Kms",Second Owner,Petrol,Manual,FWD,1198 cc,75 bhp,18.44 kmpl,3.0,No,5 Seats,1060 kg,154 mm,41 Litres,,
MG Hector,₹11.22 Lakh,2021,"42,000 Kms",First Owner,Petrol,Automatic,FWD,1451 cc,141 bhp,13.96 kmpl,4.0,Yes,5 Seats,1800 kg,,60 Litres,,
Honda Amaze,₹4.75 Lakh,2019,"60,000 Kms",Second Owner,Petrol,Manual,FWD,1199 cc,88.76 bhp,19.5 kmpl,4.0,No,5 Seats,921 kg,170 mm,35 Litres,,
Hyundai Venue,₹7.80 Lakh,2022,"10,000 Kms",First Owner,Petrol,Manual,,1197 cc,81.80 bhp,16 kmpl,4.0,No,5 Seats,1106 kg,,45 Litres,,
Jeep Compass,₹6 Lakh,2017,"1,20,000 Kms",Second Owner,,Manual,4X2,1956 cc,170 bhp,17.1 kmpl,4.0,Yes,5 Seats,1562 s kg,178 mm,,60 Litres,
Hyundai Grand i10 Nios,₹4.60 Lakh,Jul 2020,"57,032 Kms",First Owner,Petrol,Manual,,1197 cc,81.86 bhp,20.7 kmpl,4.0,No,5 Seats,1100 kg,,37 Litres,,
Maruti Suzuki Wagon R,₹3 Lakh,2016,"30,000 Kms",Second Owner,Petrol,Automatic,FWD,998 cc,67 bhp,20.51 kmpl,3.0,No,5 Seats,890 kg,165 mm,35 Litres,,
Honda New Accord,₹3 Lakh,2012,"1,50,000 Kms",Third Owner,Petrol,Manual,FWD,2354 cc,177.6 bhp,12.8 kmpl,4.0,No,5 Seats,1500 kg,155 mm,70 Litres,,
Hyundai Aura,₹7 Lakh,2022,"74,000 Kms",First Owner,CNG,Manual,,1197 cc,68.05 bhp,,4.0,No,5 Seats,1110 kg,,,,
Hyundai Creta,₹11 Lakh,2021,"70,000 Kms",First Owner,Petrol,Manual,,1497 cc,113.18 bhp,14 kmpl,4.0,No,5 Seats,1430 kg,,50 Litres,,
Maruti Suzuki Wagon R,₹3.90 Lakh,2022,"60,000 Kms",First Owner,Petrol,Manual,FWD,998 cc,67.05 bhp,21.79 kmpl,3.0,No,5 Seats,805-825 kg,,32 Litres,,
Maruti Suzuki Alto 800,₹3 Lakh,2022,"70,000 Kms",First Owner,Petrol,Manual,,796 cc,47.33 bhp,22.05 kmpl,3.0,,5 Seats,762 kg,,35 Litres,,
Maruti Suzuki Swift,₹4.60 Lakh,2023,"70,000 Kms",First Owner,Petrol,Manual,FWD,1197 cc,88.50 bhp,22.38 kmpl,4.0,,5 Seats,875-905 kg,,37 Litres,,
Maruti Suzuki XL6,₹11.30 Lakh,2024,"20,000 Kms",First Owner,Petrol,Manual,FWD,1462 cc,101.64 bhp,20.97 kmpl,4.0,,6 Seats,1200 kg,,45 Litres,,
Tata Punch,₹4 Lakh,2022,"1,04,000 Kms",First Owner,Petrol,Manual,,1199 cc,86.63 bhp,20.09 kmpl,3.0,,5 Seats,,,37 Litres,,
Honda City,₹2.50 Lakh,2012,"50,000 Kms",First Owner,Petrol,Manual,FWD,1497 cc,116.3 bhp,16.8 kmpl,4.0,No,5 Seats,1090 kg,165 mm,42 Litres,,
Ford Ecosport,₹4.50 Lakh,2019,"88,000 Kms",First Owner,,Manual,FWD,1498 cc,98.96 bhp,23 kmpl,4.0,Yes,5 Seats,1300 kg,200 mm,,52 Litres,
Hyundai Aura,₹5.15 Lakh,2021,"1,00,000 Kms",First Owner,CNG,Manual,,1197 cc,68.05 bhp,28 km/kg,4.0,No,5 Seats,1090 kg,,,,
MG Hector,₹11 Lakh,2021,"50,000 Kms",First Owner,,Manual,FWD,1451 cc,141 bhp,10 kmpl,4.0,Yes,5 Seats,1545 kg,192 mm,60 Litres,,
Hyundai Verna,₹6.25 Lakh,2019,"60,000 Kms",Second Owner,Petrol,Manual,FWD,1368 cc,98.6 bhp,19.1 kmpl,4.0,No,5 Seats,1208 kg,165 mm,45 Litres,,
Hyundai Santa Fe,₹5.85 Lakh,Oct 2016,"1,70,000 Kms",First Owner,,Automatic,FWD,2199 cc,194.3 bhp,13.01 kmpl,4.0,Yes,7 Seats,2001 kg,185 mm,,64 Litres,
Hyundai Verna,₹3.59 Lakh,Mar 2014,"44,000 Kms",First Owner,Petrol,Manual,FWD,1591 cc,121.3 bhp,17.01 kmpl,4.0,No,5 Seats,1260 kg,165 mm,43 Litres,,
Maruti Suzuki Vitara Brezza,₹7.40 Lakh,2021,"20,000 Kms",First Owner,Petrol,Manual,FWD,1462 cc,103.26 bhp,17.03 kmpl,4.0,,5 Seats,1110-1130 kg,,48 Litres,,
Tata Curvv,₹11 Lakh,Feb 2025,"23,500 Kms",First Owner,,Automatic,FWD,1199 cc,118 bhp,11 kmpl,3.0,No,5 Seats,,208 mm,44 Litres,,
Honda Elevate,₹11 Lakh,2024,"20,000 Kms",First Owner,Petrol,Automatic,FWD,1498 cc,119 bhp,16.92 kmpl,4.0,,5 Seats,1213 kg,,40 Litres,,
Skoda Superb,₹12.50 Lakh,2018,"1,16,000 Kms",First Owner,Diesel,Automatic,FWD,1984 cc,174.5 bhp,18.19 kmpl,4.0,Yes,5 Seats,1565 kg,164 mm,,66 Litres,
Tata Punch,₹5 Lakh,2021,"30,000 Kms",First Owner,Petrol,Manual,,1199 cc,86.63 bhp,20.09 kmpl,3.0,,5 Seats,,,37 Litres,,
Skoda Kushaq,₹8.50 Lakh,2023,"79,400 Kms",First Owner,Petrol,Manual,FWD,999 cc,113.98 bhp,19.76 kmpl,3.0,Yes,5 Seats,1193-1248 kg,,50 Litres,,
BMW X1,₹14 Lakh,Dec 2017,"1,00,000 Kms",First Owner,Diesel,Automatic,FWD,1995 cc,188 bhp,,4.0,Yes,5 Seats,1590 kg,179 mm,,61 Litres,
Audi A4,₹7.50 Lakh,2017,"1,15,000 Kms",First Owner,Diesel,Automatic,FWD,1968 cc,174.33 bhp,17.11 kmpl,4.0,Yes,5 Seats,1595 kg,165 mm,,63 Litres,
Kia Sonet,₹9.45 Lakh,Dec 2022,"30,700 Kms",First Owner,Petrol,Automatic,2WD,998 cc,118.35 bhp,18.2 kmpl,3.0,Yes,5 Seats,,,45 Litres,,
Hyundai Verna,₹6 Lakh,2019,"70,000 Kms",First Owner,Petrol,Manual,FWD,1368 cc,98.6 bhp,19.1 kmpl,4.0,No,5 Seats,1208 kg,165 mm,45 Litres,,
Tata Nexon,₹5.50 Lakh,2018,"32,700 Kms",First Owner,Petrol,Manual,FWD,1198 cc,108.5 bhp,17 kmpl,3.0,Yes,5 Seats,1252 kg,,44 Litres,,
Maruti Suzuki Swift Dzire,₹6.50 Lakh,2022,"1,00,700 Kms",First Owner,CNG,Manual,,1197 cc,76.43 bhp,31.12 km/kg,4.0,,5 Seats,990-995 kg,,,,55 Litres
Ford Ecosport,₹6 Lakh,2018,"40,000 Kms",Second Owner,,Manual,FWD,1497 cc,121.31 bhp,17 kmpl,3.0,No,5 Seats,1242 kg,200 mm,52 Litres,,
Jeep Compass,₹12.50 Lakh,2019,"81,000 Kms",First Owner,,Automatic,4X2,1368 cc,160.77 bhp,16 kmpl,4.0,Yes,5 Seats,1562 s kg,178 mm,60 Litres,,
Maruti Suzuki Ertiga,₹10 Lakh,2024,"50,000 Kms",First Owner,CNG,Manual,FWD,1462 cc,86.63 bhp,26.11 km/kg,4.0,,7 Seats,1250-1255 kg,,,,60 Litres
Mahindra XUV500,₹9.50 Lakh,2021,"60,000 Kms",Second Owner,,Manual,FWD,2179 cc,152.87 bhp,15.1 kmpl,4.0,Yes,7 Seats,1625 kg,200 mm,,70 Litres,
Hyundai Xcent,₹3.15 Lakh,2018,"80,000 Kms",First Owner,Petrol,Manual,FWD,1197 cc,81.86 bhp,20.14 kmpl,4.0,No,5 Seats,1100 kg,165 mm,43 Litres,,
Nissan Magnite,₹3.90 Lakh,2021,"70,000 Kms",First Owner,Petrol,Manual,,999 cc,71.02 bhp,18.75 kmpl,3.0,No,5 Seats,939 kg,205 mm,40 Litres,,
Maruti Suzuki Vitara Brezza,₹4 Lakh,2017,"1,03,275 Kms",First Owner,,Manual,FWD,1248 cc,88.5 bhp,24.3 kmpl,4.0,Yes,5 Seats,1180 kg,198 mm,,48 Litres,
Maruti Suzuki Celerio,₹4 Lakh,2020,"50,000 Kms",First Owner,Petrol,Automatic,FWD,998 cc,67.05 bhp,21.63 kmpl,3.0,No,5 Seats,847 kg,165 mm,35 Litres,,
Tata Nexon,₹8.50 Lakh,2022,"40,000 Kms",First Owner,Petrol,Manual,,1199 cc,118.35 bhp,17.33 kmpl,3.0,NO,5 Seats,1315 kg,209 mm,44 Litres,,
Volkswagen Vento,₹4.10 Lakh,2016,"1,20,000 Kms",First Owner,Petrol,Manual,FWD,1598 cc,103.2 bhp,16.09 kmpl,4.0,No,5 Seats,1142 kg,163 mm,55 Litres,,
Hyundai i20,₹5.70 Lakh,2019,"62,000 Kms",First Owner,Petrol,Manual,FWD,1197 cc,81.86 bhp,18.6 kmpl,4.0,No,5 Seats,1140 kg,170 mm,40 Litres,,
Skoda Slavia,₹13.50 Lakh,2023,"70,000 Kms",First Owner,Petrol,Automatic,FWD,1498 cc,147.51 bhp,18.73 kmpl,4.0,Yes,5 Seats,1246-1277 kg,145 mm,45 Litres,,
Maruti Suzuki Swift Dzire,₹3.25 Lakh,2013,"20,000 Kms",Second Owner,Petrol,Manual,FWD,1197 cc,85.8 bhp,19.1 kmpl,4.0,No,5 Seats,970 kg,170 mm,42 Litres,,
Tata Nexon EV,₹7 Lakh,2021,"70,000 Kms",Second Owner,,Automatic,,,127 bhp,,,,5 Seats,1400 kg,205 mm,,,
Toyota Fortuner,₹36.78 Lakh,2022,"1,50,000 Kms",First Owner,Diesel,Automatic,4WD,2755 cc,201.15 bhp,8 kmpl,4.0,Yes,7 Seats,2400 kg,,,80 Litres,
Toyota Hyryder,₹14.54 Lakh,2023,"40,000 Kms",First Owner,Petrol,Automatic,FWD,1462 cc,101.64 bhp,20.58 kmpl,4.0,,5 Seats,1185-1215 kg,,45 Litres,,
Maruti Suzuki Ciaz,₹6 Lakh,2019,"60,000 Kms",Second Owner,Petrol,Automatic,FWD,1462 cc,103.25 bhp,20.28 kmpl,4.0,No,5 Seats,1105 kg,170 mm,43 Litres,,
Maruti Suzuki Vitara Brezza,₹4.75 Lakh,2016,"1,05,000 Kms",First Owner,,Manual,FWD,1248 cc,88.5 bhp,24.3 kmpl,4.0,Yes,5 Seats,1200 kg,198 mm,,48 Litres,
Tata Tiago,₹2.50 Lakh,2017,"20,000 Kms",First Owner,Diesel,Manual,FWD,1047 cc,69 bhp,27.28 kmpl,3.0,Yes,5 Seats,1060 kg,170 mm,,35 Litres,
Tata Punch,₹6.50 Lakh,2023,"30,000 Kms",First Owner,Petrol,Manual,,1199 cc,86.63 bhp,20.09 kmpl,3.0,,5 Seats,,,37 Litres,,
Maruti Suzuki S Cross,₹7 Lakh,2022,"61,000 Kms",First Owner,Petrol,Manual,FWD,1462 cc,103.25 bhp,18.55 kmpl,4.0,,5 Seats,1130-1170 kg,,48 Litres,,
Tata Nexon,₹5.50 Lakh,2020,"26,000 Kms",First Owner,Petrol,Manual,FWD,1198 cc,108.5 bhp,17 kmpl,3.0,Yes,5 Seats,1252 kg,,44 Litres,,
Maruti Suzuki Baleno,₹5 Lakh,2018,"1,08,000 Kms",First Owner,Diesel,Manual,FWD,1248 cc,74 bhp,27.39 kmpl,4.0,Yes,5 Seats,975 kg,170 mm,,37 Litres,
39+ used cars for sale from ₹2.50 Lakh in Gurgaon,,,,,,,,,,,,,,,,,,
Audi A4,₹9 Lakh,2016,"50,000 Kms",Second Owner,Diesel,Automatic,FWD,1968 cc,174.33 bhp,17.11 kmpl,4.0,Yes,5 Seats,1595 kg,165 mm,,63 Litres,
Maruti Suzuki Gypsy,₹6.25 Lakh,2017,"10,000 Kms",First Owner,,Manual,4WD,1298 cc,80 bhp,11.96 kmpl,4.0,No,8 Seats,1020 kg,210 mm,40 Litres,,
Tata Harrier,₹10 Lakh,2021,"70,000 Kms",First Owner,Diesel,Manual,,1956 cc,167.67 bhp,16.35 kmpl,4.0,Yes,5 Seats,1725 kg,,,50 Litres,
Maruti Suzuki Celerio,₹2.45 Lakh,2017,"1,50,000 Kms",First Owner,Petrol,Manual,FWD,998 cc,67.04 bhp,23.1 kmpl,3.0,No,5 Seats,825 kg,165 mm,35 Litres,,
Ford Aspire,₹2.50 Lakh,2017,"1,74,000 Kms",First Owner,Petrol,Manual,FWD,1196 cc,86.8 bhp,18.16 kmpl,4.0,Yes,5 Seats,995-1015 kg,174 mm,42 Litres,,
Honda City,₹10.50 Lakh,2023,"10,000 Kms",First Owner,Petrol,Automatic,,1498 cc,119.35 bhp,18.3 kmpl,4.0,,5 Seats,1107-1153 kg,,40 Litres,,
Tata Tiago,₹3.80 Lakh,2019,"38,000 Kms",First Owner,Petrol,Manual,FWD,1199 cc,84 bhp,23.84 kmpl,3.0,No,5 Seats,940 kg,165 mm,35 Litres,,
Honda City,₹8 Lakh,2020,"30,000 Kms",First Owner,Petrol,Manual,,1498 cc,119.35 bhp,18.6 kmpl,4.0,,5 Seats,1107-1153 kg,,40 Litres,,
Tata Nexon,₹7 Lakh,2023,"30,000 Kms",First Owner,Petrol,Manual,,1199 cc,118.35 bhp,17.33 kmpl,3.0,Yes,5 Seats,1200 kg,209 mm,44 Litres,,
Maruti Suzuki Baleno,₹3.75 Lakh,2016,"1,05,000 Kms",First Owner,Diesel,Manual,FWD,1248 cc,74 bhp,27.39 kmpl,4.0,Yes,5 Seats,970 kg,170 mm,,37 Litres,
Tata Harrier,₹14.50 Lakh,2022,"30,000 Kms",First Owner,Diesel,Automatic,,1956 cc,167.67 bhp,14.6 kmpl,4.0,Yes,5 Seats,1675 kg,,,50 Litres,
Toyota Corolla Altis,₹2.85 Lakh,2012,"80,000 Kms",First Owner,Petrol,Manual,FWD,1798 cc,138.1 bhp,14.53 kmpl,4.0,No,5 Seats,1340 kg,175 mm,55 Litres,,
Tata Tiago,₹3.06 Lakh,2018,"70,000 Kms",First Owner,Petrol,Automatic,FWD,1199 cc,84 bhp,23.84 kmpl,3.0,No,5 Seats,980 kg,170 mm,35 Litres,,
Maruti Suzuki Ciaz,₹5 Lakh,2020,"2,16,000 Kms",First Owner,Petrol,Manual,FWD,1462 cc,103.25 bhp,20.65 kmpl,4.0,,5 Seats,1120 kg,,43 Litres,,
Hyundai Grand i10,₹4 Lakh,2018,"28,000 Kms",First Owner,Petrol,Manual,FWD,1197 cc,81.86 bhp,18.9 kmpl,4.0,No,5 Seats,1160 kg,165 mm,43 Litres,,
Hyundai Verna,₹3.10 Lakh,2014,"1,00,000 Kms",First Owner,Petrol,Manual,FWD,1396 cc,105.5 bhp,17.43 kmpl,4.0,No,5 Seats,1140 kg,165 mm,43 Litres,,
Honda City,₹5.75 Lakh,2019,"1,60,000 Kms",First Owner,Petrol,Automatic,FWD,1497 cc,117.6 bhp,18 kmpl,4.0,No,5 Seats,1107 kg,165 mm,40 Litres,,
Toyota Innova Crysta,₹13.20 Lakh,2020,"80,000 Kms",First Owner,Diesel,Manual,RWD,2393 cc,147.8 bhp,,7.0,Yes,8 Seats,1825 kg,,,55 Litres,
Maruti Suzuki Vitara Brezza,₹6.50 Lakh,2019,"93,000 Kms",First Owner,,Manual,FWD,1248 cc,88.5 bhp,24.3 kmpl,4.0,Yes,5 Seats,1180 kg,198 mm,,48 Litres,
Nissan Kicks,₹5.40 Lakh,Nov 2020,"58,000 Kms",First Owner,Petrol,Manual,FWD,1498 cc,104.55 bhp,14.23 kmpl,4.0,No,5 Seats,1365 kg,,50 Litres,,
Tata Harrier,₹13 Lakh,2023,"80,000 Kms",First Owner,Diesel,Automatic,,1956 cc,167.67 bhp,14.6 kmpl,4.0,Yes,5 Seats,1675 kg,,,50 Litres,
Kia Seltos,₹10.50 Lakh,2021,"60,000 Kms",First Owner,Diesel,Manual,FWD,1493 cc,113.43 bhp,20.8 kmpl,4.0,Yes,5 Seats,1435 kg,,,50 Litres,
Audi Q7,₹40 Lakh,2019,"40,000 Kms",Second Owner,,Automatic,AWD,2967 cc,248 bhp,13.55 kmpl,4.0,Yes,7 Seats,2330 kg,205 mm,85 Litres,,
Tata Altroz,₹5.60 Lakh,2023,"40,000 Kms",First Owner,Petrol,Manual,,1199 cc,86.83 bhp,19.33 kmpl,3.0,No,5 Seats,1135 kg,165 mm,37 Litres,,
Maruti Suzuki Alto 800,₹1.50 Lakh,2013,"70,000 Kms",First Owner,Petrol,Manual,FWD,796 cc,47.3 bhp,22.74 kmpl,3.0,No,5 Seats,720 kg,160 mm,35 Litres,,
Toyota Fortuner,₹34 Lakh,2023,"50,000 Kms",First Owner,Diesel,Manual,2WD,2755 cc,201.15 bhp,14 kmpl,4.0,Yes,7 Seats,,,,80 Litres,
Hyundai Creta,₹14.99 Lakh,May 2024,"15,000 Kms",First Owner,,Manual,FWD,1497 cc,113.18 bhp,17.4 kmpl,4.0,No,5 Seats,,1 mm,50 Litres,,
Maruti Suzuki Ertiga,₹4.50 Lakh,2015,"78,000 Kms",First Owner,Petrol,Manual,FWD,1373 cc,93.7 bhp,16.02 kmpl,4.0,No,7 Seats,1160 kg,185 mm,45 Litres,,
Maruti Suzuki Swift,₹4.70 Lakh,2021,"60,000 Kms",Second Owner,Petrol,Manual,FWD,1197 cc,81.80 bhp,21.21 kmpl,4.0,No,5 Seats,855-885 kg,163 mm,37 Litres,,
Tata Altroz,₹3.80 Lakh,2020,"80,000 Kms",First Owner,Petrol,Manual,,1199 cc,86.83 bhp,19.33 kmpl,3.0,No,5 Seats,1135 kg,165 mm,37 Litres,,
Hyundai i10,₹1.60 Lakh,2011,"37,000 Kms",First Owner,Petrol,Manual,FWD,1086 cc,68.05 bhp,19.81 kmpl,4.0,No,5 Seats,860 kg,165 mm,35 Litres,,
Skoda Slavia,₹11 Lakh,2023,"70,000 Kms",First Owner,Petrol,Automatic,FWD,999 cc,113.98 bhp,18.73 kmpl,3.0,Yes,5 Seats,1219-1252 kg,145 mm,45 Litres,,
Tata Tiago,₹4.35 Lakh,2024,"10,000 Kms",First Owner,Petrol,Manual,FWD,1199 cc,85 bhp,19.01 kmpl,3.0,,5 Seats,,170 mm,35 Litres,,
Maruti Suzuki Swift,₹3.25 Lakh,2015,"90,000 Kms",Second Owner,Petrol,Manual,FWD,1197 cc,81.80 bhp,22 kmpl,4.0,No,5 Seats,855 kg,163 mm,42 Litres,,
Volkswagen Ameo,₹4.40 Lakh,Mar 2019,"78,000 Kms",First Owner,Petrol,Manual,FWD,999 cc,75 bhp,19.44 kmpl,3.0,No,5 Seats,1050 kg,165 mm,45 Litres,,
Maruti Suzuki Alto 800,₹2.80 Lakh,2021,"40,000 Kms",First Owner,Petrol,Manual,,796 cc,47.33 bhp,22.05 kmpl,3.0,,5 Seats,755 kg,,35 Litres,,
Toyota Corolla Altis,₹1.50 Lakh,2011,"1,50,000 Kms",Second Owner,Petrol,Manual,FWD,1798 cc,138 bhp,14.53 kmpl,4.0,No,5 Seats,1180-1270 kg,175 mm,55 Litres,,
Toyota Glanza,₹5.50 Lakh,2022,"30,000 Kms",First Owner,Petrol,Manual,FWD,1197 cc,88.50 bhp,23.87 kmpl,4.0,No,5 Seats,910 kg,,37 Litres,,
MG Hector,₹10.80 Lakh,2020,"40,000 Kms",First Owner,,Automatic,FWD,1451 cc,141 bhp,13.96 kmpl,4.0,Yes,5 Seats,1800 kg,183 mm,60 Litres,,
Kia Seltos,₹9.50 Lakh,2020,"50,000 Kms",First Owner,Petrol,Automatic,2WD,1497 cc,113.42 bhp,16.8 kmpl,4.0,No,5 Seats,1555 kg,,50 Litres,,
BMW X1,₹13 Lakh,2017,"70,000 Kms",First Owner,Diesel,Automatic,FWD,1995 cc,188 bhp,,4.0,Yes,5 Seats,1590 kg,179 mm,,61 Litres,
Honda City,₹5.65 Lakh,Apr 2017,"83,000 Kms",Second Owner,Petrol,Automatic,FWD,1497 cc,117.6 bhp,18 kmpl,4.0,No,5 Seats,1107 kg,165 mm,40 Litres,,
Tata Punch,₹8.45 Lakh,2024,"20,000 Kms",First Owner,,Automatic,FWD,1199 cc,87 bhp,18.8 kmpl,3.0,,5 Seats,,187 mm,37 Litres,,
Chevrolet Spark,₹80 Thousand,2011,"58,000 Kms",First Owner,Petrol,Manual,FWD,995 cc,62 bhp,18 kmpl,4.0,No,5 Seats,840 kg,170 mm,35 Litres,,
Kia Sonet,₹8 Lakh,2023,"70,000 Kms",First Owner,Petrol,Manual,FWD,998 cc,118.36 bhp,18.2 kmpl,3.0,Yes,5 Seats,1201 kg,,45 Litres,,
Maruti Suzuki Ertiga,₹4.15 Lakh,2014,"80,000 Kms",Second Owner,Petrol,Manual,FWD,1373 cc,93.7 bhp,16.02 kmpl,4.0,No,7 Seats,1160 kg,185 mm,45 Litres,,
Tata Nexon EV,₹8.65 Lakh,Mar 2023,"78,512 Kms",First Owner,,Automatic,,,127 bhp,,,,5 Seats,1400 kg,205 mm,,,
Maruti Suzuki Vitara Brezza,₹5 Lakh,2016,"1,50,000 Kms",First Owner,,Manual,FWD,1248 cc,88.5 bhp,24.3 kmpl,4.0,Yes,5 Seats,1200 kg,198 mm,,48 Litres,
Hyundai i20,₹4.50 Lakh,2015,"70,000 Kms",Second Owner,Petrol,Manual,FWD,1197 cc,81.83 bhp,18.6 kmpl,4.0,No,5 Seats,1066 kg,170 mm,45 Litres,,
Tata Punch,₹5 Lakh,2023,"10,000 Kms",First Owner,,Manual,FWD,1199 cc,87 bhp,20.09 kmpl,3.0,,5 Seats,,187 mm,37 Litres,,
Maruti Suzuki Alto K10,₹4.20 Lakh,2023,"20,000 Kms",First Owner,Petrol,Manual,,998 cc,65.71 bhp,24.39 kmpl,3.0,,5 Seats,755 kg,,27 Litres,,
Maruti Suzuki Grand Vitara,₹9.75 Lakh,2024,"30,000 Kms",First Owner,,Manual,FWD,1462 cc,101.64 bhp,21.11 kmpl,4.0,,5 Seats,1140-1185 kg,210 mm,45 Litres,,
Kia Sonet,₹9.50 Lakh,2023,"27,000 Kms",First Owner,Petrol,Automatic,FWD,998 cc,118.36 bhp,18.2 kmpl,3.0,Yes,5 Seats,1245 kg,,,,
Maruti Suzuki Vitara Brezza,₹6.15 Lakh,2020,"60,000 Kms",First Owner,Petrol,Manual,FWD,1462 cc,103.26 bhp,17.03 kmpl,4.0,,5 Seats,1110-1130 kg,,48 Litres,,
Toyota Etios,₹1.86 Lakh,2011,"80,000 Kms",First Owner,Petrol,Manual,FWD,1496 cc,88.7 bhp,17.6 kmpl,4.0,No,5 Seats,930 kg,170 mm,45 Litres,,
MG Astor,₹8.20 Lakh,2023,"31,000 Kms",First Owner,Petrol,Manual,2WD,1498 cc,108.49 bhp,15.43 kmpl,4.0,No,5 Seats,,,48 Litres,,
Honda City,₹3.50 Lakh,2014,"80,000 Kms",First Owner,Petrol,Automatic,FWD,1497 cc,117.3 bhp,18 kmpl,4.0,No,5 Seats,1065 kg,165 mm,40 Litres,,
Tata Tiago,₹3 Lakh,2016,"70,000 Kms",First Owner,Petrol,Automatic,FWD,1199 cc,84 bhp,23.84 kmpl,3.0,No,5 Seats,980 kg,170 mm,35 Litres,,
Hyundai i20,₹2 Lakh,2012,"1,00,000 Kms",Second Owner,Petrol,Manual,FWD,1197 cc,,17 kmpl,4.0,No,5 Seats,1020 kg,165 mm,45 Litres,,
MG Gloster,₹40 Lakh,2024,"47,000 Kms",First Owner,Diesel,Automatic,4WD,1996 cc,212.55 bhp,10 kmpl,4.0,Twin,7 Seats,,,,75 Litres,
Mahindra XUV500,₹3 Lakh,2014,"1,20,000 Kms",Second Owner,Diesel,Manual,FWD,2179 cc,140 bhp,15.1 kmpl,4.0,Yes,7 Seats,1870 kg,,,70 Litres,
Volkswagen Virtus,₹11.50 Lakh,2025,"10,000 Kms",First Owner,Petrol,Manual,FWD,999 cc,113.98 bhp,19.4 kmpl,3.0,Yes,5 Seats,1192 kg,179 mm,45 Litres,,
Maruti Suzuki Ignis,₹3.60 Lakh,2018,"45,300 Kms",Second Owner,Petrol,Automatic,FWD,1197 cc,81.80 bhp,20.89 kmpl,4.0,No,5 Seats,855 kg,180 mm,32 Litres,,
Maruti Suzuki Swift Dzire,₹3.30 Lakh,2016,"60,000 Kms",Second Owner,Petrol,Manual,FWD,1197 cc,83.14 bhp,20.85 kmpl,4.0,No,5 Seats,945 kg,170 mm,42 Litres,,
Maruti Suzuki Wagon R,₹3.95 Lakh,2021,"89,000 Kms",First Owner,CNG,Manual,FWD,998 cc,58.33 bhp,32.52 km/kg,3.0,No,5 Seats,905-910 kg,,,,60 Litres
Honda Amaze,₹3.60 Lakh,2017,"80,000 Kms",First Owner,Petrol,Manual,FWD,1198 cc,86.7 bhp,17.8 kmpl,4.0,No,5 Seats,955 kg,165 mm,35 Litres,,
MG Gloster,₹33 Lakh,2022,"30,000 Kms",First Owner,Diesel,Automatic,4WD,1996 cc,215.01 bhp,12.4 kmpl,4.0,Twin,7 Seats,2500 kg,,,75 Litres,
Maruti Suzuki Celerio,₹2.60 Lakh,2015,"70,000 Kms",First Owner,Petrol,Manual,FWD,998 cc,67.04 bhp,23.1 kmpl,3.0,No,5 Seats,835 kg,120 mm,35 Litres,,
Ambassador,₹6 Lakh,Jan 2012,"42,000 Kms",First Owner,Petrol,Manual,,1817 cc,,12.8 kmpl,4.0,,5 Seats,1104 kg,152 mm,42 Litres,,
Ford Figo,₹2 Lakh,2016,"1,25,000 Kms",First Owner,Diesel,Manual,FWD,1498 cc,99 bhp,25.83 kmpl,4.0,Yes,5 Seats,1040-1130 kg,174 mm,,40 Litres,
Kia Carens,₹12.75 Lakh,2022,"80,000 Kms",First Owner,Diesel,Automatic,2WD,1493 cc,114.41 bhp,,4.0,Yes,7 Seats,1595 kg,,,45 Litres,
Skoda Fabia,₹1.45 Lakh,2012,"80,000 Kms",Third Owner,Petrol,Manual,Two Wheel Drive,1198 cc,73.9 bhp,16.25 kmpl,3.0,No,5 Seats,1070 kg,158 mm,45 Litres,,
Maruti Suzuki Vitara Brezza,₹4.60 Lakh,2017,"1,20,000 Kms",First Owner,,Manual,FWD,1248 cc,88.5 bhp,24.3 kmpl,4.0,Yes,5 Seats,1200 kg,198 mm,,48 Litres,
Mahindra KUV 100,₹2.10 Lakh,2017,"1,08,000 Kms",First Owner,,Manual,FWD,1198 cc,77 bhp,25.32 kmpl,3.0,Yes,6 Seats,1075 kg,170 mm,,35 Litres,
Hyundai Grand i10 Nios,₹4.80 Lakh,Jan 2021,"15,870 Kms",First Owner,Petrol,Manual,,1197 cc,81.86 bhp,20.7 kmpl,4.0,No,5 Seats,1100 kg,,37 Litres,,
Maruti Suzuki Wagon R,₹4.80 Lakh,Feb 2020,"74,886 Kms",First Owner,Petrol,Automatic,FWD,998 cc,67.05 bhp,21.79 kmpl,3.0,No,5 Seats,805-825 kg,,32 Litres,,
Maruti Suzuki Swift Dzire,₹3.80 Lakh,May 2016,"85,804 Kms",First Owner,Petrol,Manual,FWD,1197 cc,83.14 bhp,20.85 kmpl,4.0,No,5 Seats,945 kg,170 mm,42 Litres,,
Maruti Suzuki Vitara Brezza,₹5.50 Lakh,2017,"70,000 Kms",First Owner,,Manual,FWD,1248 cc,88.5 bhp,24.3 kmpl,4.0,Yes,5 Seats,1185 kg,198 mm,,48 Litres,
BMW 5 Series,₹12.50 Lakh,Nov 2016,"85,585 Kms",First Owner,Diesel,Automatic,RWD,1995 cc,190 bhp,,,,5 Seats,,,,,
Toyota Camry,₹10.50 Lakh,Jul 2016,"96,585 Kms",Second Owner,Petrol,Automatic,FWD,2494 cc,157.7 bhp,19.16 kmpl,4.0,No,5 Seats,1635 kg,160 mm,65 Litres,,
Maruti Suzuki Wagon R,₹4.85 Lakh,Apr 2023,"42,000 Kms",First Owner,Petrol,Manual,FWD,998 cc,65.71 bhp,24.35 kmpl,3.0,,5 Seats,825 kg,,32 Litres,,
Maruti Suzuki Wagon R,₹5 Lakh,2021,"80,000 Kms",First Owner,CNG,Manual,FWD,998 cc,58.33 bhp,32.52 km/kg,3.0,No,5 Seats,905-910 kg,,,,60 Litres
Maruti Suzuki Alto K10,₹3 Lakh,2015,"60,000 Kms",Second Owner,Petrol,Manual,FWD,998 cc,67.05 bhp,23.95 kmpl,3.0,No,5 Seats,779 kg,160 mm,35 Litres,,
Toyota Hyryder,₹11 Lakh,Oct 2025,"5,000 Kms",First Owner,Petrol,Manual,FWD,1462 cc,101.64 bhp,21.12 kmpl,4.0,,5 Seats,1145-1190 kg,,45 Litres,,
Tata Nexon,₹7.50 Lakh,2022,"30,000 Kms",First Owner,Petrol,Manual,,1199 cc,118.36 bhp,17.57 kmpl,3.0,Yes,5 Seats,1355 kg,209 mm,44 Litres,,
BMW X3,₹53 Lakh,May 2023,"12,000 Kms",First Owner,Diesel,Automatic,AWD,1995 cc,187.74 bhp,16.55 kmpl,4.0,Yes,5 Seats,1690 kg,,,50 Litres,
Toyota Innova Crysta,₹14.50 Lakh,May 2020,"1,28,000 Kms",First Owner,Diesel,Manual,RWD,2393 cc,148 bhp,,4.0,Yes,7 Seats,1855 kg,,,55 Litres,
Toyota Glanza,₹5.80 Lakh,2023,"40,000 Kms",First Owner,Petrol,Manual,FWD,1197 cc,88.50 bhp,22.35 kmpl,4.0,,5 Seats,920-955 kg,,37 Litres,,
Kia Sonet,₹11.45 Lakh,Aug 2022,"14,000 Kms",First Owner,Diesel,Automatic,FWD,1493 cc,113.43 bhp,,4.0,Yes,5 Seats,kerb weight kg,,,45 Litres,
Maruti Suzuki Ignis,₹3.50 Lakh,2019,"80,000 Kms",First Owner,Petrol,Manual,FWD,1197 cc,81.80 bhp,20.89 kmpl,4.0,No,5 Seats,835 kg,180 mm,32 Litres,,
Honda City,₹5 Lakh,2018,"90,000 Kms",First Owner,Petrol,Manual,FWD,1497 cc,117.6 bhp,17.4 kmpl,4.0,No,5 Seats,1063 kg,165 mm,40 Litres,,
Kia Seltos,₹11.45 Lakh,Nov 2023,"19,343 Kms",First Owner,Petrol,Manual,2WD,1497 cc,113.42 bhp,17 kmpl,4.0,No,5 Seats,,,50 Litres,,
Hyundai Grand i10,₹2.62 Lakh,2018,"90,000 Kms",Second Owner,Diesel,Manual,FWD,1186 cc,73.97 bhp,24 kmpl,3.0,No,5 Seats,1100 kg,165 mm,,43 Litres,
Hyundai Exter,₹8.25 Lakh,Jan 2025,"4,023 Kms",First Owner,Petrol,Automatic,FWD,1197 cc,81.8 bhp,19.2 kmpl,4.0,,5 Seats,,,37 Litres,,
Hyundai Verna,₹3.30 Lakh,Apr 2013,"81,559 Kms",First Owner,Petrol,Manual,FWD,1591 cc,121.3 bhp,17.01 kmpl,4.0,No,5 Seats,1260 kg,165 mm,43 Litres,,
Mahindra Bolero,₹5.95 Lakh,Feb 2020,"86,657 Kms",Second Owner,Diesel,Manual,RWD,1493 cc,74.96 bhp,16 kmpl,3.0,Yes,7 Seats,1630 kg,,,60 Litres,
Hyundai Exter,₹8.25 Lakh,Jan 2025,"4,023 Kms",First Owner,Petrol,Automatic,FWD,,,19.2 kmpl,4.0,,5 Seats,,,37 Litres,,
Mahindra Thar,₹12 Lakh,2024,"40,000 Kms",First Owner,,Manual,4WD,2184 cc,130.07 bhp,9 kmpl,4.0,Yes,4 Seats,,226 mm,,57 Litres,
Hyundai Creta,₹10.95 Lakh,Dec 2021,"42,575 Kms",First Owner,Petrol,Manual,,1497 cc,113.18 bhp,14 kmpl,4.0,No,5 Seats,1430 kg,,50 Litres,,
Mahindra Thar,₹11.70 Lakh,Dec 2021,"26,520 Kms",Second Owner,,Manual,4X4,2184 cc,130 bhp,15.2 kmpl,4.0,Yes,4 Seats,1730 kg,226 mm,,57 Litres,
Lexus ES,₹55 Lakh,2024,"40,000 Kms",First Owner,Petrol,Automatic,RWD,2487 cc,175.67 bhp,,4.0,Yes,5 Seats,,,50 Litres,,
Hyundai Grand i10,₹4 Lakh,2018,"40,000 Kms",First Owner,Petrol,Manual,FWD,1197 cc,81.86 bhp,18.9 kmpl,4.0,No,5 Seats,1100 kg,165 mm,43 Litres,,
Ford Endeavour,₹20 Lakh,2020,"1,20,000 Kms",Second Owner,Diesel,Automatic,RWD,1996 cc,167.62 bhp,13.9 kmpl,4.0,,7 Seats,2285 kg,,,80 Litres,
Hyundai i10,₹1.20 Lakh,2012,"80,000 Kms",First Owner,Petrol,Manual,FWD,1197 cc,78.9 bhp,20.36 kmpl,4.0,No,5 Seats,930 kg,165 mm,35 Litres,,
Hyundai Creta,₹7.70 Lakh,2019,"90,000 Kms",First Owner,Petrol,Automatic,FWD,1591 cc,121.3 bhp,14.8 kmpl,4.0,No,5 Seats,1300 kg,,55 Litres,,
Maruti Suzuki Baleno,₹6 Lakh,2022,"60,000 Kms",Second Owner,Petrol,Manual,FWD,1197 cc,81.80 bhp,21.01 kmpl,4.0,No,5 Seats,865-890 kg,170 mm,37 Litres,,
Hyundai Creta,₹9.50 Lakh,2021,"1,50,000 Kms",First Owner,Diesel,Manual,,1493 cc,113.98 bhp,,4.0,Yes,5 Seats,1505 kg,,,50 Litres,
Skoda Rapid,₹7 Lakh,2019,"1,50,000 Kms",First Owner,Diesel,Automatic,FWD,1498 cc,108.6 bhp,21.72 kmpl,4.0,Yes,5 Seats,1228 kg,163 mm,,55 Litres,
Mercedes-Benz E-Class,₹51.80 Lakh,2022,"50,000 Kms",First Owner,Petrol,Automatic,RWD,1991 cc,194.44 bhp,,4.0,,5 Seats,1635 kg,,80 Litres,,
Hyundai Santro Xing,₹1.70 Lakh,2013,"1,50,000 Kms",First Owner,CNG,Manual,,1086 cc,,17 km/kg,4.0,,5 Seats,825 kg,,,,35 Litres
Kia Seltos,₹8.25 Lakh,2020,"80,000 Kms",First Owner,Diesel,Manual,FWD,1493 cc,113.43 bhp,20.8 kmpl,4.0,Yes,5 Seats,1435 kg,,,50 Litres,
Toyota Hyryder,₹11.50 Lakh,2023,"40,000 Kms",Second Owner,Petrol,Manual,AWD,1462 cc,101.64 bhp,19.39 kmpl,4.0,,5 Seats,1255 kg,,45 Litres,,
Skoda Superb,₹9 Lakh,2017,"1,04,000 Kms",First Owner,Petrol,Automatic,FWD,1798 cc,177.46 bhp,14.67 kmpl,4.0,Yes,5 Seats,1540 kg,164 mm,66 Litres,,
Hyundai Venue,₹6.95 Lakh,Nov 2019,"36,500 Kms",Second Owner,Petrol,Automatic,FWD,998 cc,118.35 bhp,18.15 kmpl,3.0,Yes,5 Seats,1440 kg,,45 Litres,,
Maruti Suzuki XL6,₹9.45 Lakh,Mar 2022,"30,767 Kms",First Owner,Petrol,Automatic,FWD,1462 cc,103.2 bhp,17.99 kmpl,4.0,,6 Seats,1190 kg,,45 Litres,,
Tata Nexon EV,₹9.95 Lakh,Jun 2023,"52,468 Kms",First Owner,,Automatic,,,141.04 bhp,,,,5 Seats,1400 kg,190 mm,,,
Mahindra Scorpio N,₹14.90 Lakh,2025,"20,000 Kms",First Owner,Petrol,Manual,RWD,1997 cc,200 bhp,12.17 kmpl,4.0,Yes,7 Seats,,,57 Litres,,
Skoda Slavia,₹13.45 Lakh,Apr 2025,"1,681 Kms",First Owner,Petrol,Automatic,FWD,999 cc,114 bhp,18.73 kmpl,3.0,,5 Seats,1219-1252 kg,179 mm,45 Litres,,
Volkswagen Polo,₹3.75 Lakh,May 2015,"28,587 Kms",Second Owner,Petrol,Manual,FWD,1198 cc,74 bhp,16.47 kmpl,3.0,No,5 Seats,1053 kg,165 mm,45 Litres,,
Mahindra KUV 100,₹1.60 Lakh,2016,"40,000 Kms",First Owner,,Manual,FWD,1198 cc,77 bhp,25.32 kmpl,3.0,Yes,6 Seats,1075 kg,170 mm,,35 Litres,
Ford Ecosport,₹5.95 Lakh,Aug 2018,"61,930 Kms",First Owner,,Automatic,FWD,1497 cc,121.36 bhp,14.8 kmpl,3.0,No,5 Seats,1296 kg,200 mm,52 Litres,,
Hyundai i10,₹2.30 Lakh,2017,"80,000 Kms",Third Owner,Petrol,Manual,FWD,1086 cc,68.05 bhp,19.81 kmpl,4.0,No,5 Seats,860 kg,165 mm,35 Litres,,
Kia Sonet,₹7.95 Lakh,Dec 2020,"1,11,598 Kms",Second Owner,Petrol,Automatic,FWD,998 cc,118.36 bhp,18.3 kmpl,3.0,Yes,5 Seats,1525 kg,,45 Litres,,
Hyundai Creta,₹9.50 Lakh,Dec 2020,"61,281 Kms",First Owner,Petrol,Manual,,1497 cc,113.18 bhp,,4.0,No,5 Seats,1360 kg,,50 Litres,,
Hyundai Santro Xing,₹1.20 Lakh,2014,"50,000 Kms",First Owner,Petrol,Manual,FWD,1086 cc,62.1 bhp,17.92 kmpl,3.0,No,5 Seats,805 kg,,35 Litres,,
Mahindra Scorpio,₹11.95 Lakh,Jan 2021,"73,435 Kms",First Owner,Diesel,Manual,,2179 cc,136.78 bhp,15.4 kmpl,4.0,Yes,7 Seats,1755 kg,180 mm,,60 Litres,
Tata Tiago,₹4.20 Lakh,2021,"40,000 Kms",First Owner,Petrol,Manual,,1199 cc,84.82 bhp,19.01 kmpl,3.0,,5 Seats,,170 mm,35 Litres,,
Maruti Suzuki Swift,₹5 Lakh,2021,"70,000 Kms",First Owner,Petrol,Manual,,1197 cc,88.50 bhp,22.38 kmpl,4.0,,5 Seats,875-905 kg,,37 Litres,,
Maruti Suzuki Baleno,₹4.50 Lakh,2020,"70,000 Kms",First Owner,Petrol,Manual,FWD,1197 cc,81.80 bhp,21.01 kmpl,4.0,No,5 Seats,865-890 kg,170 mm,37 Litres,,
Ford Ecosport,₹6.15 Lakh,2019,"70,000 Kms",Second Owner,,Automatic,FWD,1497 cc,121.36 bhp,14.8 kmpl,3.0,No,5 Seats,1320 kg,200 mm,52 Litres,,
Mercedes-Benz A-Class Limousine,₹32 Lakh,2024,"22,000 Kms",First Owner,Petrol,Automatic,FWD,1332 cc,160.92 bhp,,4.0,Yes,5 Seats,1395 kg,,66 Litres,,
Maruti Suzuki Wagon R,₹2.50 Lakh,2016,"90,000 Kms",Second Owner,Petrol,Manual,FWD,998 cc,67.04 bhp,20.51 kmpl,3.0,No,5 Seats,885 kg,165 mm,35 Litres,,
Maruti Suzuki Baleno,₹5 Lakh,2020,"50,000 Kms",First Owner,Petrol,Manual,FWD,1197 cc,81.80 bhp,21.01 kmpl,4.0,No,5 Seats,865-890 kg,170 mm,37 Litres,,
BMW X1,₹25.75 Lakh,Feb 2022,"50,000 Kms",Second Owner,Petrol,Automatic,,1998 cc,189.08 bhp,14.82 kmpl,4.0,Twin,5 Seats,1570 kg,,51 Litres,,
Honda Jazz,₹4.75 Lakh,Sept 2018,"73,000 Kms",First Owner,Petrol,Automatic,FWD,1199 cc,88.7 bhp,19 kmpl,4.0,No,5 Seats,1066 kg,165 mm,40 Litres,,
MG Hector,₹12.50 Lakh,Nov 2022,"15,000 Kms",Second Owner,,Automatic,FWD,1451 cc,141 bhp,9 kmpl,4.0,Yes,5 Seats,1820 kg,192 mm,60 Litres,,
Jeep Compass,₹12.50 Lakh,Nov 2020,"52,000 Kms",Second Owner,,Automatic,4X2,1368 cc,160.77 bhp,14.1 kmpl,4.0,Yes,5 Seats,1562 s kg,178 mm,60 Litres,,
Honda City,₹9.95 Lakh,Jan 2022,"62,000 Kms",Second Owner,Petrol,Automatic,,1498 cc,119.35 bhp,18.3 kmpl,4.0,,5 Seats,1107-1153 kg,,40 Litres,,
Hyundai i20,₹7.50 Lakh,Nov 2021,"68,000 Kms",First Owner,Petrol,Automatic,,998 cc,118.36 bhp,20.28 kmpl,3.0,Yes,5 Seats,1260 kg,,37 Litres,,
Toyota Innova Crysta,₹13.99 Lakh,Sept 2020,"1,32,000 Kms",First Owner,Diesel,Manual,RWD,2393 cc,148 bhp,,4.0,Yes,7 Seats,1840 kg,,,55 Litres,
Mercedes-Benz CLA,₹20 Lakh,Apr 2026,"45,000 Kms",First Owner,Diesel,Automatic,FWD,2143 cc,134.1 bhp,,4.0,Yes,5 Seats,1570 kg,160 mm,,56 Litres,
BMW X1,₹14.50 Lakh,Sept 2018,"58,000 Kms",First Owner,Diesel,Automatic,FWD,1995 cc,188 bhp,,4.0,Yes,5 Seats,1590 kg,179 mm,,61 Litres,
Honda City,₹10.75 Lakh,Apr 2022,"18,000 Kms",Second Owner,Petrol,Automatic,,1498 cc,119.35 bhp,18.3 kmpl,4.0,,5 Seats,1107-1153 kg,,40 Litres,,
Maruti Suzuki Swift Dzire,₹5.75 Lakh,May 2021,"59,000 Kms",First Owner,Petrol,Automatic,,1197 cc,88.50 bhp,22.61 kmpl,4.0,,5 Seats,880-915 kg,,37 Litres,,
Maruti Suzuki Celerio,₹4 Lakh,Feb 2020,"54,000 Kms",First Owner,CNG,Manual,FWD,998 cc,58.33 bhp,30.47 km/kg,3.0,No,5 Seats,925 kg,165 mm,,,60 Litres
Hyundai Xcent,₹3.65 Lakh,Apr 2017,"63,000 Kms",First Owner,Petrol,Automatic,FWD,1197 cc,82 bhp,19.1 kmpl,4.0,No,5 Seats,1100 kg,165 mm,43 Litres,,
Maruti Suzuki Swift Dzire,₹4.55 Lakh,Oct 2019,"58,000 Kms",First Owner,Petrol,Manual,FWD,1197 cc,81.80 bhp,21.21 kmpl,4.0,No,5 Seats,860-895 kg,163 mm,37 Litres,,
Tata Altroz,₹4.45 Lakh,Jan 2021,"65,000 Kms",First Owner,Diesel,Manual,,1497 cc,88.77 bhp,23.64 kmpl,4.0,Yes,5 Seats,1187 kg,165 mm,,37 Litres,
Toyota Etios Liva,₹3.85 Lakh,May 2019,"60,000 Kms",First Owner,Petrol,Manual,FWD,1197 cc,78.9 bhp,17.71 kmpl,4.0,No,5 Seats,895 kg,170 mm,45 Litres,,
Mahindra Scorpio N,₹19.50 Lakh,Apr 2026,"10,000 Kms",First Owner,Petrol,Manual,RWD,1997 cc,200 bhp,12.17 kmpl,4.0,Yes,7 Seats,,,57 Litres,,
Skoda Kushaq,₹10.95 Lakh,Oct 2022,"13,000 Kms",First Owner,,Manual,FWD,1498 cc,147.51 bhp,17.95 kmpl,4.0,Yes,5 Seats,1298 kg,188 mm,50 Litres,,
Kia Seltos,₹11.25 Lakh,May 2023,"44,000 Kms",First Owner,Petrol,Manual,2WD,1497 cc,113.42 bhp,17 kmpl,4.0,No,5 Seats,,,50 Litres,,
Kia Seltos,₹8.45 Lakh,Oct 2020,"62,000 Kms",First Owner,Petrol,Manual,FWD,1497 cc,113.43 bhp,16.8 kmpl,4.0,No,5 Seats,1335 kg,,50 Litres,,
Tata Nexon,₹7.95 Lakh,May 2022,"47,000 Kms",First Owner,Petrol,Automatic,,1199 cc,118.36 bhp,16.35 kmpl,3.0,Yes,5 Seats,1230 kg,209 mm,44 Litres,,
Hyundai Creta,₹8.85 Lakh,Sept 2021,"62,000 Kms",First Owner,Diesel,Manual,,1493 cc,113.98 bhp,,4.0,Yes,5 Seats,1490 kg,,,50 Litres,
Tata Tigor,₹4.85 Lakh,Mar 2022,"59,000 Kms",Second Owner,CNG,Manual,,1199 cc,72.40 bhp,26.49 km/kg,3.0,,5 Seats,1030 kg,,,,60 Litres
Hyundai i10,₹1.65 Lakh,Jul 2013,"65,000 Kms",Second Owner,Petrol,Manual,FWD,1086 cc,68.05 bhp,19.81 kmpl,4.0,No,5 Seats,860 kg,165 mm,35 Litres,,
Honda City,₹6.75 Lakh,Aug 2019,"64,000 Kms",First Owner,Petrol,Automatic,FWD,1497 cc,117.6 bhp,18 kmpl,4.0,No,5 Seats,1080 kg,165 mm,40 Litres,,
Kia Seltos,₹11.25 Lakh,Mar 2024,"9,000 Kms",First Owner,Petrol,Manual,2WD,1497 cc,113.42 bhp,17 kmpl,4.0,No,5 Seats,,,50 Litres,,
Honda Amaze,₹3.15 Lakh,Mar 2016,"44,000 Kms",First Owner,Petrol,Manual,FWD,1198 cc,86.7 bhp,17.8 kmpl,4.0,No,5 Seats,955 kg,165 mm,35 Litres,,
Tata Tigor,₹5.75 Lakh,Nov 2022,"52,000 Kms",First Owner,CNG,Manual,,1199 cc,72.40 bhp,26.49 km/kg,3.0,,5 Seats,1030 kg,,,,60 Litres
Kia Seltos,₹8.75 Lakh,Jun 2020,"59,000 Kms",First Owner,Diesel,Manual,FWD,1493 cc,113.43 bhp,20.8 kmpl,4.0,Yes,5 Seats,1475 kg,,,50 Litres,
Tata Tigor,₹4.75 Lakh,Jan 2023,"65,000 Kms",First Owner,CNG,Manual,,1199 cc,72.40 bhp,26.49 km/kg,3.0,,5 Seats,1030 kg,,,,60 Litres
Maruti Suzuki Swift,₹4.45 Lakh,Jan 2019,"37,000 Kms",Second Owner,Petrol,Automatic,FWD,1197 cc,81.80 bhp,21.21 kmpl,4.0,No,5 Seats,855-885 kg,163 mm,37 Litres,,
Honda City,₹7.25 Lakh,Mar 2020,"47,100 Kms",First Owner,Petrol,Manual,,1498 cc,119.35 bhp,18.6 kmpl,4.0,,5 Seats,1107-1153 kg,,40 Litres,,
Hyundai i20,₹5.95 Lakh,Feb 2021,"57,000 Kms",First Owner,Petrol,Manual,,1197 cc,81.80 bhp,21 kmpl,4.0,No,5 Seats,1160 kg,,37 Litres,,
Maruti Suzuki XL6,₹7.55 Lakh,Aug 2019,"62,000 Kms",First Owner,Petrol,Automatic,FWD,1462 cc,103.2 bhp,,4.0,,6 Seats,1190 kg,,45 Litres,,
Mercedes-Benz GLS,₹1.20 Crore,Nov 2024,"4,000 Kms",First Owner,Petrol,Automatic,AWD,2999 cc,375.48 bhp,12 kmpl,6.0,,7 Seats,,,,,
Maruti Suzuki Baleno,₹3.70 Lakh,Feb 2016,"68,000 Kms",First Owner,Petrol,Manual,FWD,1197 cc,83.1 bhp,21.4 kmpl,4.0,No,5 Seats,870 kg,170 mm,37 Litres,,
Tata Tiago,₹2.50 Lakh,Nov 2017,"68,000 Kms",Second Owner,Petrol,Manual,FWD,1199 cc,84 bhp,23.84 kmpl,3.0,No,5 Seats,960 kg,165 mm,35 Litres,,
Mahindra Bolero Neo,₹6.85 Lakh,Nov 2021,"62,000 Kms",First Owner,,Manual,RWD(with MTT),1493 cc,100 bhp,17.29 kmpl,3.0,Yes,7 Seats,1505 kg,180 mm,,50 Litres,
Maruti Suzuki Swift,₹5.35 Lakh,Mar 2021,"39,000 Kms",First Owner,Petrol,Manual,FWD,1197 cc,81.80 bhp,21.21 kmpl,4.0,No,5 Seats,855-885 kg,163 mm,37 Litres,,
Kia Seltos,₹16.75 Lakh,Sept 2023,"25,000 Kms",First Owner,Petrol,Automatic,2WD,1482 cc,157.81 bhp,17.9 kmpl,4.0,Yes,5 Seats,,,50 Litres,,
Nissan Sunny,₹1.95 Lakh,Aug 2013,"86,000 Kms",Second Owner,Petrol,Automatic,FWD,1498 cc,99.61 bhp,17.97 kmpl,4.0,No,5 Seats,1040 kg,,41 Litres,,
Maruti Suzuki Brezza,₹10.75 Lakh,Jul 2025,"5,000 Kms",First Owner,,Manual,FWD,1462 cc,86.63 bhp,22.1 km/kg,4.0,,5 Seats,,198 mm,,,55 Litres
Kia Seltos,₹11 Lakh,Jul 2020,"52,000 Kms",First Owner,Petrol,Automatic,FWD,1353 cc,138.08 bhp,16.5 kmpl,4.0,Yes,5 Seats,1535 kg,,50 Litres,,
BMW X1,₹44.50 Lakh,Dec 2024,"16,000 Kms",First Owner,Petrol,Automatic,FWD,1499 cc,134.10 bhp,20.37 kmpl,3.0,Twin,5 Seats,1535 kg,,51 Litres,,
Mercedes-Benz C-Class,₹18.50 Lakh,Apr 2018,"75,000 Kms",First Owner,Diesel,Automatic,RWD,2143 cc,201.15 bhp,,4.0,Yes,5 Seats,1650 kg,157 mm,,66 Litres,
Hyundai Creta,₹16.80 Lakh,Mar 2023,"29,000 Kms",First Owner,Diesel,Automatic,2WD,1493 cc,113.45 bhp,14 kmpl,4.0,Yes,5 Seats,1690 kg,,,50 Litres,
Mahindra Thar,₹12.25 Lakh,Aug 2024,"14,000 Kms",First Owner,,Manual,RWD,1497 cc,116.93 bhp,9 kmpl,4.0,Yes,4 Seats,,226 mm,,45 Litres,
Mercedes-Benz S-Class,₹1.25 Crore,Aug 2024,"17,000 Kms",First Owner,Petrol,Automatic,AWD,2999 cc,362.07 bhp,,6.0,,5 Seats,1980 kg,,76 Litres,,
Mercedes-Benz GLE,₹48 Lakh,Aug 2021,"68,000 Kms",First Owner,Diesel,Automatic,AWD,1950 cc,241.38 bhp,,4.0,Yes,5 Seats,2150 kg,200 mm,,93 Litres,
Honda CR-V,₹9.90 Lakh,Jun 2016,"55,000 Kms",Second Owner,,Automatic,FWD,1997 cc,153.86 bhp,13.7 kmpl,4.0,No,5 Seats,1505 kg,185 mm,58 Litres,,
Toyota Fortuner,₹18.90 Lakh,Dec 2016,"72,000 Kms",First Owner,,Automatic,RWD,2694 cc,163.7 bhp,10.26 kmpl,4.0,No,7 Seats,2160 kg,220 mm,80 Litres,,
Mercedes-Benz GLA Class,₹16.90 Lakh,Mar 2016,"37,000 Kms",Fourth Owner,Petrol,Automatic,AWD,1991 cc,183 bhp,,4.0,Yes,5 Seats,1525 kg,183 mm,50 Litres,,
Mahindra XUV300,₹7.50 Lakh,Dec 2022,"61,000 Kms",First Owner,,Manual,FWD,1497 cc,115 bhp,20 kmpl,4.0,Yes,5 Seats,1375 kg,180 mm,,42 Litres,
Mercedes-Benz GLA,₹33 Lakh,Jul 2024,"65,000 Kms",First Owner,Petrol,Automatic,2WD,1332 cc,160.92 bhp,,4.0,Yes,5 Seats,1480 kg,,50 Litres,,
Honda City,₹6.50 Lakh,Jun 2018,"70,000 Kms",First Owner,Petrol,Manual,FWD,1497 cc,117.6 bhp,17.4 kmpl,4.0,No,5 Seats,1061 kg,165 mm,40 Litres,,
BMW X5,₹55 Lakh,Nov 2021,"52,000 Kms",First Owner,Petrol,Automatic,AWD,2998 cc,335.25 bhp,11.24 kmpl,6.0,Twin,5 Seats,2140 kg,,,,
Hyundai EON,₹1.45 Lakh,Feb 2012,"39,000 Kms",First Owner,Petrol,Manual,FWD,814 cc,55.2 bhp,21.1 kmpl,3.0,No,5 Seats,910 kg,170 mm,32 Litres,,
Maruti Suzuki Ciaz,₹5.50 Lakh,May 2017,"80,000 Kms",First Owner,Diesel,Manual,FWD,1248 cc,88.5 bhp,28.09 kmpl,4.0,Yes,5 Seats,1135 kg,170 mm,,43 Litres,
MG Hector,₹10.90 Lakh,Oct 2019,"60,000 Kms",First Owner,,Automatic,FWD,1451 cc,141 bhp,13.96 kmpl,4.0,Yes,5 Seats,1800 kg,183 mm,60 Litres,,
Audi A6,₹28.75 Lakh,Jan 2021,"64,000 Kms",First Owner,Petrol,Automatic,,1984 cc,241.3 bhp,14.11 kmpl,,,5 Seats,,,,,
Toyota Corolla Altis,₹7.50 Lakh,May 2017,"60,000 Kms",First Owner,Petrol,Manual,FWD,1798 cc,138.03 bhp,14.28 kmpl,4.0,No,5 Seats,1190 kg,175 mm,55 Litres,,
Maruti Suzuki XL6,₹7.50 Lakh,Aug 2019,"60,000 Kms",First Owner,Petrol,Automatic,FWD,1462 cc,103.2 bhp,,4.0,,6 Seats,1190 kg,,45 Litres,,
Kia Sonet,₹7.75 Lakh,Dec 2020,"65,000 Kms",First Owner,Petrol,Manual,FWD,1197 cc,81.86 bhp,18.4 kmpl,4.0,No,5 Seats,1192 kg,,45 Litres,,
MG Hector,₹11.50 Lakh,Jun 2020,"27,000 Kms",First Owner,,Automatic,FWD,1451 cc,141 bhp,13.96 kmpl,4.0,Yes,5 Seats,1800 kg,183 mm,60 Litres,,
Maruti Suzuki Ciaz,₹5.90 Lakh,Jun 2017,"72,000 Kms",First Owner,Petrol,Automatic,FWD,1373 cc,91.1 bhp,19.12 kmpl,4.0,No,5 Seats,1030 kg,170 mm,43 Litres,,
Mercedes-Benz C-Class,₹28.50 Lakh,Aug 2019,"27,000 Kms",First Owner,Petrol,Automatic,RWD,1950 cc,201.15 bhp,,4.0,Yes,5 Seats,1655 kg,157 mm,66 Litres,,
Honda City,₹4.99 Lakh,Jun 2015,"46,000 Kms",First Owner,Petrol,Manual,FWD,1497 cc,117.3 bhp,17.4 kmpl,4.0,No,5 Seats,1049 kg,165 mm,40 Litres,,
Honda Jazz,₹3.55 Lakh,Jun 2016,"67,500 Kms",First Owner,Petrol,Manual,FWD,1199 cc,88.7 bhp,18.7 kmpl,4.0,No,5 Seats,1042 kg,165 mm,40 Litres,,
Mercedes-Benz B Class,₹9.90 Lakh,Jun 2014,"37,000 Kms",Second Owner,Petrol,Automatic,FWD,1595 cc,120.7 bhp,,4.0,Yes,5 Seats,1425 kg,,50 Litres,,
Tata Tiago,₹3.85 Lakh,Jan 2020,"66,000 Kms",First Owner,Petrol,Manual,FWD,1199 cc,84 bhp,23.84 kmpl,3.0,No,5 Seats,1012 kg,170 mm,35 Litres,,
Mahindra Scorpio,₹11.75 Lakh,Jul 2022,"14,000 Kms",First Owner,Diesel,Manual,,2179 cc,136.78 bhp,17 kmpl,4.0,Yes,7 Seats,1725 kg,180 mm,,60 Litres,
Honda City,₹4.85 Lakh,Apr 2017,"80,000 Kms",Third Owner,Petrol,Automatic,FWD,1497 cc,117.6 bhp,18 kmpl,4.0,No,5 Seats,1080 kg,165 mm,40 Litres,,
Kia Seltos,₹15.50 Lakh,Aug 2023,"24,922 Kms",First Owner,Petrol,Automatic,2WD,1497 cc,113.42 bhp,17.7 kmpl,4.0,No,5 Seats,,,50 Litres,,
MG Hector,₹12.95 Lakh,Oct 2021,"17,000 Kms",First Owner,Petrol,Automatic,FWD,1451 cc,141 bhp,13.96 kmpl,4.0,Yes,5 Seats,1800 kg,,60 Litres,,
Kia Seltos,₹14.25 Lakh,Feb 2022,"33,000 Kms",First Owner,Petrol,Automatic,2WD,1497 cc,113.42 bhp,16.8 kmpl,4.0,No,5 Seats,1555 kg,,50 Litres,,
Ford Ecosport,₹5.25 Lakh,Jun 2017,"67,000 Kms",Second Owner,,Automatic,FWD,1497 cc,121.36 bhp,14.8 kmpl,3.0,No,5 Seats,1320 kg,200 mm,52 Litres,,
Ford Ecosport,₹5.11 Lakh,Jan 2019,"61,500 Kms",First Owner,,Automatic,FWD,1497 cc,121.36 bhp,14.8 kmpl,3.0,No,5 Seats,1320 kg,200 mm,52 Litres,,
Honda Amaze,₹3.85 Lakh,Feb 2017,"47,000 Kms",First Owner,Petrol,Manual,FWD,1198 cc,86.7 bhp,17.8 kmpl,4.0,No,5 Seats,955 kg,165 mm,35 Litres,,
Kia Carnival,₹29 Lakh,Feb 2022,"49,000 Kms",First Owner,Diesel,Automatic,2WD,2199 cc,197.26 bhp,,4.0,Yes,7 Seats,2270 kg,,,60 Litres,
Renault Triber,₹6.89 Lakh,Jun 2024,"12,000 Kms",First Owner,Petrol,Manual,FWD,999 cc,71.01 bhp,20 kmpl,3.0,,7 Seats,,182 mm,40 Litres,,
Jeep Compass,₹11.50 Lakh,Apr 2020,"69,000 Kms",Second Owner,,Automatic,4X2,1368 cc,160.77 bhp,16 kmpl,4.0,Yes,5 Seats,1562 s kg,178 mm,60 Litres,,
Honda City,₹4.99 Lakh,Dec 2017,"81,000 Kms",Second Owner,Petrol,Automatic,FWD,1497 cc,117.6 bhp,18 kmpl,4.0,No,5 Seats,1080 kg,165 mm,40 Litres,,
MG Hector,₹10.75 Lakh,Aug 2021,"42,000 Kms",First Owner,,Automatic,FWD,1451 cc,141 bhp,9 kmpl,4.0,Yes,5 Seats,1820 kg,192 mm,60 Litres,,
Kia Carens,₹14.50 Lakh,Aug 2022,"39,000 Kms",First Owner,Petrol,Automatic,2WD,1353 cc,138.05 bhp,,4.0,Yes,6 Seats,1630 kg,,45 Litres,,
MG Hector Plus,₹16.90 Lakh,Jul 2023,"26,000 Kms",First Owner,Petrol,Automatic,,1451 cc,141 bhp,12.34 kmpl,4.0,YES,6 Seats,1750 kg,,60 Litres,,
MG Hector,₹12.50 Lakh,Nov 2022,"15,000 Kms",First Owner,,Automatic,FWD,1451 cc,141 bhp,9 kmpl,4.0,Yes,5 Seats,1820 kg,192 mm,60 Litres,,
Hyundai Creta,₹6.40 Lakh,May 2016,"64,000 Kms",First Owner,,Manual,FWD,1591 cc,121.3 bhp,15.29 kmpl,4.0,No,5 Seats,"1,310 kg",190 mm,55 Litres,,
Kia Carens,₹10.25 Lakh,Mar 2024,"16,000 Kms",First Owner,Petrol,Manual,FWD,1497 cc,113.42 bhp,15 kmpl,4.0,No,7 Seats,,,45 Litres,,
Honda Jazz,₹4.90 Lakh,Feb 2019,"45,000 Kms",First Owner,Petrol,Manual,FWD,1199 cc,88.7 bhp,18.2 kmpl,4.0,No,5 Seats,1044 kg,165 mm,40 Litres,,
Honda Jazz,₹3.85 Lakh,Jul 2015,"68,000 Kms",First Owner,Petrol,Automatic,FWD,1199 cc,88.7 bhp,19 kmpl,4.0,No,5 Seats,1066 kg,165 mm,40 Litres,,
Kia Seltos,₹16.90 Lakh,Feb 2024,"27,000 Kms",First Owner,Petrol,Automatic,2WD,1482 cc,157.81 bhp,17.9 kmpl,4.0,Yes,5 Seats,,,50 Litres,,
Kia Carnival,₹31.50 Lakh,Jul 2022,"53,000 Kms",First Owner,Diesel,Automatic,2WD,2199 cc,197.26 bhp,,4.0,Yes,7 Seats,2270 kg,,,60 Litres,
Kia Seltos,₹8.95 Lakh,Apr 2021,"25,000 Kms",First Owner,Petrol,Manual,FWD,1497 cc,113.43 bhp,16.8 kmpl,4.0,No,5 Seats,1340 kg,,50 Litres,,
Maruti Suzuki Ciaz,₹7.95 Lakh,Aug 2023,"38,000 Kms",First Owner,Petrol,Manual,FWD,1462 cc,103.25 bhp,20.65 kmpl,4.0,,5 Seats,,,43 Litres,,
Kia Carnival,₹23.90 Lakh,Dec 2021,"95,000 Kms",First Owner,Diesel,Automatic,2WD,2199 cc,197.26 bhp,,4.0,Yes,7 Seats,2270 kg,,,60 Litres,
Toyota Innova Crysta,₹12 Lakh,Feb 2018,"62,000 Kms",Second Owner,Petrol,Manual,RWD,2694 cc,163.7 bhp,,4.0,No,7 Seats,1720 kg,,65 Litres,,
Maruti Suzuki Celerio,₹4.25 Lakh,May 2019,"58,210 Kms",First Owner,Petrol,Manual,FWD,998 cc,67.04 bhp,23.1 kmpl,3.0,No,5 Seats,830 kg,165 mm,35 Litres,,
Honda City,₹5.90 Lakh,Mar 2018,"65,213 Kms",First Owner,Diesel,Manual,FWD,1498 cc,97.9 bhp,25.6 kmpl,4.0,Yes,5 Seats,1175 kg,165 mm,,40 Litres,
Hyundai Creta,₹6.25 Lakh,Aug 2017,"1,25,000 Kms",Second Owner,,Manual,FWD,1582 cc,126.2 bhp,19.67 kmpl,4.0,Yes,5 Seats,1320 kg,190 mm,,55 Litres,
Kia Carnival,₹22.50 Lakh,Mar 2021,"1,07,000 Kms",First Owner,Diesel,Automatic,2WD,2199 cc,197.26 bhp,,4.0,Yes,7 Seats,2270 kg,,,60 Litres,
Hyundai Creta,₹6.25 Lakh,Mar 2016,"65,000 Kms",First Owner,,Manual,FWD,1591 cc,121.3 bhp,15.29 kmpl,4.0,No,5 Seats,"1,310 kg",190 mm,55 Litres,,
Mercedes-Benz GLA Class,₹17 Lakh,May 2017,"34,000 Kms",First Owner,Diesel,Automatic,AWD,2143 cc,136 bhp,,4.0,Yes,5 Seats,1585 kg,183 mm,,50 Litres,
MG Hector Plus,₹9.95 Lakh,Jul 2020,"45,000 Kms",Second Owner,Petrol,Automatic,,1451 cc,141 bhp,11.67 kmpl,4.0,YES,6 Seats,1820 kg,,60 Litres,,
Maruti Suzuki Baleno,₹5.25 Lakh,Oct 2021,"41,000 Kms",First Owner,Petrol,Manual,FWD,1197 cc,81.80 bhp,21.01 kmpl,4.0,No,5 Seats,865-890 kg,170 mm,37 Litres,,
MG Hector,₹11.50 Lakh,Mar 2021,"61,000 Kms",First Owner,Petrol,Automatic,FWD,1451 cc,141 bhp,13.96 kmpl,4.0,Yes,5 Seats,1800 kg,,60 Litres,,
Honda City,₹11.50 Lakh,Apr 2021,"53,698 Kms",First Owner,Petrol,Automatic,,1498 cc,119.35 bhp,18.3 kmpl,4.0,,5 Seats,1107-1153 kg,,40 Litres,,
Toyota Innova Crysta,₹11.50 Lakh,Oct 2019,"74,000 Kms",Second Owner,Petrol,Automatic,RWD,2694 cc,163.7 bhp,,4.0,No,7 Seats,1735 kg,,65 Litres,,
Toyota Innova Crysta,₹16.25 Lakh,Apr 2021,"61,000 Kms",First Owner,Diesel,Manual,RWD,2393 cc,148 bhp,,4.0,Yes,7 Seats,1840 kg,,,55 Litres,
Hyundai i20,₹5.75 Lakh,Oct 2018,"64,273 Kms",First Owner,Petrol,Manual,FWD,1197 cc,81.86 bhp,18.6 kmpl,4.0,No,5 Seats,1140 kg,170 mm,40 Litres,,
Tata Tiago,₹3.70 Lakh,Jun 2019,"6,70,000 Kms",First Owner,Petrol,Manual,FWD,1199 cc,84 bhp,23.84 kmpl,3.0,No,5 Seats,1012 kg,170 mm,35 Litres,,
Hyundai Creta,₹6.70 Lakh,Oct 2016,"55,000 Kms",First Owner,,Automatic,FWD,1591 cc,121.3 bhp,13 kmpl,4.0,No,5 Seats,1280 kg,190 mm,55 Litres,,
Renault Triber,₹5.25 Lakh,Aug 2022,"48,000 Kms",First Owner,Petrol,Manual,,999 cc,71.01 bhp,20 kmpl,3.0,,7 Seats,947 kg,182 mm,40 Litres,,
Hyundai i20,₹4.50 Lakh,Nov 2019,"22,000 Kms",First Owner,Petrol,Manual,FWD,1197 cc,81.86 bhp,18.6 kmpl,4.0,No,5 Seats,1100 kg,170 mm,40 Litres,,
Hyundai Creta,₹7.50 Lakh,May 2019,"61,080 Kms",Second Owner,,Manual,FWD,1591 cc,121.3 bhp,13 kmpl,4.0,No,5 Seats,1280 kg,190 mm,55 Litres,,
Kia Carnival,₹36.50 Lakh,Apr 2023,"56,000 Kms",First Owner,Diesel,Automatic,2WD,2199 cc,197.26 bhp,,4.0,Yes,7 Seats,2270 kg,,,60 Litres,
Mercedes-Benz AMG E 53,₹58 Lakh,Apr 2023,"25,000 Kms",First Owner,Petrol,Manual,AWD,2999 cc,429.12 bhp,,6.0,Yes,5 Seats,2035 kg,,66 Litres,,
Ford Ecosport,₹6.95 Lakh,Mar 2020,"63,000 Kms",First Owner,,Automatic,FWD,1496 cc,120.69 bhp,14.7 kmpl,3.0,No,5 Seats,1281 kg,200 mm,52 Litres,,
Kia Seltos,₹16 Lakh,Oct 2023,"35,856 Kms",First Owner,Petrol,Automatic,2WD,1482 cc,157.81 bhp,17.9 kmpl,4.0,Yes,5 Seats,,,50 Litres,,
MG Hector,₹8.35 Lakh,Dec 2019,"82,000 Kms",Third Owner,,Automatic,FWD,1451 cc,141 bhp,13.96 kmpl,4.0,Yes,5 Seats,1800 kg,183 mm,60 Litres,,
Hyundai Venue,₹8 Lakh,Dec 2019,"34,000 Kms",Second Owner,Petrol,Automatic,FWD,998 cc,118.35 bhp,18.15 kmpl,3.0,Yes,5 Seats,1440 kg,,45 Litres,,
Mercedes-Benz GLA Class,₹17.50 Lakh,Oct 2019,"37,000 Kms",First Owner,Diesel,Automatic,2WD,2143 cc,136 bhp,,4.0,Yes,5 Seats,1585 kg,183 mm,,50 Litres,
Mercedes-Benz CLA,₹16.50 Lakh,Mar 2026,"34,000 Kms",First Owner,Petrol,Automatic,FWD,1991 cc,183 bhp,,4.0,Yes,5 Seats,1510 kg,160 mm,56 Litres,,
Hyundai Creta,₹9.50 Lakh,Nov 2020,"59,000 Kms",First Owner,Petrol,Manual,,1497 cc,113.18 bhp,14 kmpl,4.0,No,5 Seats,1430 kg,,50 Litres,,
BMW X4,₹34.90 Lakh,May 2020,"49,000 Kms",First Owner,Diesel,Automatic,4WD,1995 cc,187.74 bhp,,4.0,Twin,5 Seats,1770 kg,,,60 Litres,
Maruti Suzuki Ciaz,₹3.90 Lakh,Apr 2015,"60,000 Kms",First Owner,Petrol,Manual,FWD,1373 cc,91.1 bhp,20.73 kmpl,4.0,No,5 Seats,1010 kg,170 mm,43 Litres,,
Hyundai Creta,₹6.75 Lakh,Apr 2019,"53,000 Kms",First Owner,Petrol,Manual,FWD,1591 cc,121.3 bhp,15.8 kmpl,4.0,No,5 Seats,1260 kg,,55 Litres,,
BMW 6 Series,₹29.75 Lakh,Apr 2018,"41,000 Kms",Second Owner,Petrol,Automatic,FWD,1998 cc,254.7 bhp,,4.0,Yes,4 Seats,1885 kg,124 mm,65 Litres,,
Honda City,₹3.85 Lakh,Oct 2015,"73,000 Kms",First Owner,Petrol,Automatic,FWD,1497 cc,117.3 bhp,18 kmpl,4.0,No,5 Seats,1085 kg,165 mm,40 Litres,,
Hyundai Creta,₹9 Lakh,Apr 2021,"65,586 Kms",Second Owner,Petrol,Manual,,1497 cc,113.18 bhp,,4.0,No,5 Seats,1360 kg,,50 Litres,,
Kia Seltos,₹13.85 Lakh,Apr 2021,"30,000 Kms",First Owner,Petrol,Manual,FWD,1353 cc,138.08 bhp,16.5 kmpl,4.0,Yes,5 Seats,1515 kg,,50 Litres,,
Toyota Innova Crysta,₹19.50 Lakh,Oct 2021,"62,000 Kms",First Owner,Diesel,Manual,RWD,2393 cc,148 bhp,,4.0,Yes,7 Seats,1895 kg,,,55 Litres,
Hyundai i20,₹6.49 Lakh,Aug 2022,"45,000 Kms",First Owner,Petrol,Manual,,1197 cc,81.80 bhp,21 kmpl,4.0,No,5 Seats,1120 kg,,37 Litres,,
Kia Carens,₹13.50 Lakh,Mar 2024,"32,000 Kms",First Owner,Petrol,Manual,FWD,1482 cc,157.81 bhp,,4.0,Yes,7 Seats,,,45 Litres,,
Toyota Etios,₹3.25 Lakh,Sept 2015,"73,000 Kms",First Owner,Petrol,Manual,FWD,1496 cc,88.73 bhp,16.78 kmpl,4.0,No,5 Seats,945 kg,174 mm,45 Litres,,
Maruti Suzuki Baleno,₹5.60 Lakh,Feb 2023,"39,000 Kms",First Owner,Petrol,Manual,FWD,1197 cc,88.50 bhp,22.35 kmpl,4.0,No,5 Seats,925-955 kg,,37 Litres,,
Hyundai Creta,₹8.25 Lakh,Jun 2019,"73,000 Kms",First Owner,Petrol,Automatic,FWD,1591 cc,121.3 bhp,14.8 kmpl,4.0,No,5 Seats,1300 kg,,55 Litres,,
Hyundai Grand i10,₹3.65 Lakh,Apr 2017,"25,000 Kms",First Owner,Petrol,Manual,FWD,1197 cc,82 bhp,18.9 kmpl,4.0,No,5 Seats,935 kg,165 mm,43 Litres,,
Toyota Innova Crysta,₹13.40 Lakh,Jul 2018,"1,44,000 Kms",First Owner,Diesel,Manual,RWD,2393 cc,147.8 bhp,,7.0,Yes,8 Seats,1825 kg,,,55 Litres,
Kia Seltos,₹10.75 Lakh,Mar 2021,"45,000 Kms",First Owner,Petrol,Automatic,2WD,1497 cc,113.42 bhp,16.8 kmpl,4.0,No,5 Seats,1555 kg,,50 Litres,,
Toyota Innova Crysta,₹16.50 Lakh,Nov 2020,"63,856 Kms",First Owner,Diesel,Automatic,RWD,2393 cc,148 bhp,,4.0,Yes,7 Seats,1870 kg,,,55 Litres,
Kia Seltos,₹12.75 Lakh,Jun 2024,"22,000 Kms",First Owner,Petrol,Automatic,2WD,1497 cc,113.42 bhp,17.7 kmpl,4.0,No,5 Seats,,,50 Litres,,
Maruti Suzuki Baleno,₹5.30 Lakh,Jul 2019,"27,000 Kms",First Owner,Petrol,Automatic,FWD,1197 cc,81.80 bhp,19.56 kmpl,4.0,No,5 Seats,910-935 kg,170 mm,37 Litres,,
Toyota Innova Crysta,₹14 Lakh,Sept 2020,"1,20,000 Kms",First Owner,Diesel,Manual,RWD,2393 cc,147.51 bhp,,4.0,Yes,7 Seats,1840 kg,178 mm,,55 Litres,
Tata Tiago,₹3.70 Lakh,Jun 2019,"67,000 Kms",First Owner,Petrol,Manual,FWD,1199 cc,84 bhp,23.84 kmpl,3.0,No,5 Seats,1012 kg,170 mm,35 Litres,,
Maruti Suzuki Baleno,₹5.42 Lakh,Jan 2021,"51,800 Kms",First Owner,Petrol,Automatic,FWD,1197 cc,81.80 bhp,19.56 kmpl,4.0,No,5 Seats,910-935 kg,170 mm,37 Litres,,
BMW X3,₹40.25 Lakh,Sept 2021,"41,000 Kms",First Owner,Petrol,Automatic,AWD,1998 cc,248.08 bhp,,4.0,Yes,5 Seats,1700 kg,211 mm,60 Litres,,
Kia Seltos,₹16.90 Lakh,Mar 2024,"24,000 Kms",First Owner,Petrol,Automatic,2WD,1482 cc,157.81 bhp,17.9 kmpl,4.0,Yes,5 Seats,,,50 Litres,,
Honda Jazz,₹4 Lakh,Nov 2015,"76,000 Kms",First Owner,Petrol,Automatic,FWD,1199 cc,88.7 bhp,19 kmpl,4.0,No,5 Seats,1066 kg,165 mm,40 Litres,,
Hyundai Grand i10,₹4.25 Lakh,Nov 2019,"44,000 Kms",First Owner,Petrol,Manual,FWD,1197 cc,81.86 bhp,18.9 kmpl,4.0,No,5 Seats,1100 kg,165 mm,43 Litres,,
Tata Nexon,₹8.90 Lakh,Jul 2021,"39,000 Kms",First Owner,Petrol,Manual,,1199 cc,118.35 bhp,17.33 kmpl,3.0,Yes,5 Seats,1230 kg,209 mm,44 Litres,,
Tata Tiago,₹3.99 Lakh,Dec 2019,"32,000 Kms",First Owner,Petrol,Manual,FWD,1199 cc,84 bhp,23.84 kmpl,3.0,No,5 Seats,1012 kg,170 mm,35 Litres,,
Toyota Etios,₹3.15 Lakh,Sept 2015,"73,000 Kms",First Owner,Petrol,Manual,FWD,1496 cc,88.73 bhp,16.78 kmpl,4.0,No,5 Seats,945 kg,174 mm,45 Litres,,
Honda City,₹9.75 Lakh,May 2022,"73,000 Kms",First Owner,Petrol,Automatic,,1498 cc,119.35 bhp,18.3 kmpl,4.0,,5 Seats,1107-1153 kg,,40 Litres,,
Mahindra Scorpio,₹11.50 Lakh,Jul 2020,"70,000 Kms",Second Owner,Diesel,Manual,,2179 cc,136.78 bhp,17 kmpl,4.0,Yes,7 Seats,1795 kg,180 mm,,60 Litres,
Tata Punch,₹7.45 Lakh,Mar 2026,"26,000 Kms",First Owner,,Manual,FWD,1199 cc,72 bhp,26.99 km/kg,3.0,,5 Seats,,187 mm,,,60 Litres
Mahindra Thar,₹12.35 Lakh,Feb 2022,"32,500 Kms",First Owner,,Automatic,4X4,1997 cc,150 bhp,8 kmpl,4.0,Yes,4 Seats,1825 kg,226 mm,57 Litres,,
Land Rover Range Rover Evoque,₹22.90 Lakh,Aug 2017,"40,000 Kms",First Owner,Petrol,Automatic,4WD,1999 cc,237 bhp,,4.0,Yes,5 Seats,1810 kg,210 mm,54 Litres,,
Land Rover Discovery Sport,₹20.90 Lakh,Feb 2017,"72,000 Kms",First Owner,Petrol,Automatic,4WD,1999 cc,177 bhp,,4.0,Yes,5 Seats,2064 kg,212 mm,65 Litres,,
Toyota Camry,₹34 Lakh,Feb 2024,"36,000 Kms",First Owner,Petrol,Automatic,FWD,2487 cc,175.67 bhp,16 kmpl,4.0,,5 Seats,1665 kg,,50 Litres,,
Hyundai i20,₹4.90 Lakh,Oct 2019,"39,000 Kms",First Owner,Petrol,Manual,FWD,1197 cc,81.86 bhp,18.6 kmpl,4.0,No,5 Seats,1120 kg,170 mm,40 Litres,,
Mercedes-Benz GLS,₹1.31 Crore,Jan 2026,300 Kms,First Owner,Petrol,Automatic,AWD,2999 cc,375.48 bhp,12 kmpl,6.0,,7 Seats,,,,,
Toyota Innova Crysta,₹16.50 Lakh,Nov 2020,"63,586 Kms",First Owner,Diesel,Automatic,RWD,2393 cc,148 bhp,,4.0,Yes,7 Seats,1870 kg,,,55 Litres,
Maruti Suzuki Baleno,₹3.95 Lakh,Apr 2017,"72,000 Kms",First Owner,Petrol,Manual,FWD,1197 cc,83.1 bhp,21.4 kmpl,4.0,No,5 Seats,870 kg,170 mm,37 Litres,,
Maruti Suzuki Wagon R,₹3.90 Lakh,Jan 2020,"61,000 Kms",First Owner,Petrol,Manual,FWD,1197 cc,81.80 bhp,20.52 kmpl,4.0,No,5 Seats,830-845 kg,,32 Litres,,
Ford Ecosport,₹4.75 Lakh,Apr 2017,"35,000 Kms",First Owner,,Manual,FWD,1498 cc,98.96 bhp,23 kmpl,4.0,Yes,5 Seats,1300 kg,200 mm,,52 Litres,
Hyundai Verna,₹6.25 Lakh,Feb 2018,"78,000 Kms",First Owner,Petrol,Manual,FWD,1591 cc,121.3 bhp,17 kmpl,4.0,No,5 Seats,1228 kg,165 mm,45 Litres,,
Ford Ecosport,₹3.20 Lakh,Feb 2015,"68,000 Kms",First Owner,,Manual,FWD,1499 cc,110 bhp,15.8 kmpl,4.0,No,5 Seats,1290s kg,200 mm,52 Litres,,
Maruti Suzuki Wagon R,₹4.70 Lakh,Jul 2022,"51,000 Kms",First Owner,Petrol,Automatic,FWD,998 cc,67.05 bhp,21.79 kmpl,3.0,No,5 Seats,805-825 kg,,32 Litres,,
Audi Q3,₹11.49 Lakh,Oct 2017,"68,000 Kms",First Owner,Diesel,Manual,FWD,1968 cc,138.13 bhp,,4.0,Yes,5 Seats,1520 kg,170 mm,,64 Litres,
Toyota Etios Liva,₹3.65 Lakh,Oct 2016,"88,000 Kms",First Owner,Petrol,Manual,FWD,1197 cc,78.9 bhp,17.71 kmpl,4.0,No,5 Seats,915 kg,170 mm,45 Litres,,
Hyundai Verna,₹4.10 Lakh,Aug 2015,"44,000 Kms",First Owner,Petrol,Manual,FWD,1591 cc,121.4 bhp,17.01 kmpl,4.0,No,5 Seats,1270 kg,165 mm,43 Litres,,
Mahindra Thar,₹13 Lakh,Jul 2024,"35,000 Kms",First Owner,,Automatic,4WD,1997 cc,150.19 bhp,8 kmpl,4.0,Yes,4 Seats,,226 mm,57 Litres,,
BMW 3 Series,₹11.75 Lakh,Jul 2016,"70,000 Kms",Second Owner,Diesel,Automatic,RWD,1995 cc,190 bhp,,4.0,Yes,5 Seats,1620 kg,157 mm,,57 Litres,
Mercedes-Benz GLA,₹28.50 Lakh,Jul 2021,"15,000 Kms",First Owner,Diesel,Automatic,FWD,1950 cc,187.74 bhp,,4.0,Yes,5 Seats,1605 kg,,,,
Renault Duster,₹4.25 Lakh,Jul 2018,"70,000 Kms",First Owner,Diesel,Manual,FWD,1461 cc,83.8 bhp,20 kmpl,4.0,Yes,5 Seats,1240 kg,,,50 Litres,
Maruti Suzuki Wagon R Stingray,₹2 Lakh,Jul 2014,"80,000 Kms",Second Owner,Petrol,Manual,FWD,998 cc,67.04 bhp,20.51 kmpl,3.0,No,5 Seats,890 kg,165 mm,35 Litres,,
Mahindra XUV500,₹5.75 Lakh,Jul 2016,"85,000 Kms",Second Owner,,Automatic,FWD,2179 cc,140 bhp,16 kmpl,4.0,Yes,7 Seats,1960 kg,200 mm,,70 Litres,
Porsche Macan,₹48 Lakh,Jul 2021,"75,000 Kms",First Owner,Petrol,Automatic,AWD,1984 cc,261.49 bhp,,4.0,Yes,5 Seats,1845 kg,202 mm,65 Litres,,
Toyota Etios Liva,₹2.35 Lakh,Apr 2014,"74,000 Kms",First Owner,Petrol,Manual,FWD,1197 cc,78.9 bhp,17.71 kmpl,4.0,No,5 Seats,915 kg,170 mm,45 Litres,,
Maruti Suzuki Celerio,₹3.80 Lakh,May 2018,"60,000 Kms",First Owner,Petrol,Automatic,FWD,998 cc,67.04 bhp,23.1 kmpl,3.0,No,5 Seats,842 kg,165 mm,35 Litres,,
Maruti Suzuki XL6,₹8.75 Lakh,May 2020,"50,000 Kms",First Owner,Petrol,Manual,FWD,1462 cc,103.2 bhp,19.01 kmpl,4.0,,6 Seats,1180 kg,,45 Litres,,
Ford Ecosport,₹7.45 Lakh,Jul 2021,"50,000 Kms",First Owner,Diesel,Manual,FWD,1498 cc,99.23 bhp,21.7 kmpl,4.0,Yes,5 Seats,1277 kg,,,52 Litres,
Maruti Suzuki XL6,₹12.25 Lakh,Apr 2024,"13,000 Kms",First Owner,Petrol,Automatic,FWD,1462 cc,101.64 bhp,,4.0,,6 Seats,1225 kg,,45 Litres,,
Hyundai Grand i10,₹3.80 Lakh,Jun 2018,"32,000 Kms",First Owner,Petrol,Manual,FWD,1197 cc,81.86 bhp,18.9 kmpl,4.0,No,5 Seats,1100 kg,165 mm,43 Litres,,
Hyundai Creta,₹8.10 Lakh,Nov 2018,"75,000 Kms",First Owner,Petrol,Automatic,FWD,1591 cc,121.3 bhp,14.8 kmpl,4.0,No,5 Seats,1300 kg,,55 Litres,,
Kia Seltos,₹8.15 Lakh,Mar 2020,"35,000 Kms",First Owner,Petrol,Manual,FWD,1497 cc,113.43 bhp,16.8 kmpl,4.0,No,5 Seats,1340 kg,,50 Litres,,
Hyundai Creta,₹9.85 Lakh,Feb 2021,"42,000 Kms",First Owner,Diesel,Manual,,1493 cc,113.98 bhp,,4.0,Yes,5 Seats,1430 kg,,,50 Litres,
Mercedes-Benz GLC,₹62.90 Lakh,Mar 2024,"6,000 Kms",First Owner,Petrol,Automatic,4WD,1999 cc,254.79 bhp,,4.0,,5 Seats,2000 kg,,66 Litres,,
Mercedes-Benz GLC,₹49 Lakh,Apr 2022,"25,869 Kms",First Owner,Petrol,Automatic,AWD,1991 cc,197 bhp,,4.0,No,5 Seats,1585 kg,,66 Litres,,
400d 4MATIC BSVI,₹90 Lakh,2022,"40,000 Kms",First Owner,Diesel,Automatic,AWD,2925 cc,325.86 bhp,,6.0,,7 Seats,2505 kg,,,,
Mercedes-Benz GLC,₹45 Lakh,Jan 2022,"41,258 Kms",First Owner,Petrol,Automatic,AWD,1991 cc,197 bhp,,4.0,No,5 Seats,1585 kg,,66 Litres,,
Mercedes-Benz GLC,₹44.50 Lakh,Jan 2022,"40,000 Kms",First Owner,Petrol,Automatic,AWD,1991 cc,197 bhp,,4.0,No,5 Seats,1585 kg,,66 Litres,,
Jeep Compass,₹11.50 Lakh,Mar 2021,"60,000 Kms",First Owner,,Manual,4X2,1956 cc,170.63 bhp,17.1 kmpl,4.0,Yes,5 Seats,1562 s kg,178 mm,,60 Litres,
BMW X4,₹34.90 Lakh,Mar 2020,"49,000 Kms",First Owner,Diesel,Automatic,4WD,1995 cc,187.74 bhp,,4.0,Twin,5 Seats,1770 kg,,,60 Litres,
Kia Seltos,₹11.25 Lakh,Jul 2021,"29,000 Kms",Second Owner,Petrol,Automatic,2WD,1497 cc,113.42 bhp,16.8 kmpl,4.0,No,5 Seats,1555 kg,,50 Litres,,
MG Hector,₹12.25 Lakh,Jun 2021,"55,000 Kms",First Owner,,Automatic,FWD,1451 cc,141 bhp,9 kmpl,4.0,Yes,5 Seats,1820 kg,192 mm,60 Litres,,
Honda Civic,₹13.50 Lakh,Apr 2019,"29,262 Kms",First Owner,Petrol,Automatic,FWD,1799 cc,139.46 bhp,16.5 kmpl,4.0,,5 Seats,1300 kg,,47 Litres,,
Honda City,₹5.99 Lakh,Oct 2020,"56,000 Kms",First Owner,Petrol,Manual,,1498 cc,119.35 bhp,18.6 kmpl,4.0,,5 Seats,1107-1153 kg,,40 Litres,,
Hyundai Alcazar,₹14.50 Lakh,Jul 2022,"56,000 Kms",First Owner,Diesel,Automatic,,1493 cc,113.98 bhp,18.1 kmpl,4.0,Yes,7 Seats,1660 kg,,,50 Litres,
Hyundai Venue,₹11 Lakh,Jul 2023,"13,000 Kms",First Owner,Petrol,Automatic,FWD,998 cc,118 bhp,18.31 kmpl,3.0,Yes,5 Seats,,,45 Litres,,
Kia Seltos,₹10.45 Lakh,Oct 2019,"49,000 Kms",First Owner,Petrol,Automatic,FWD,1353 cc,138.08 bhp,16.5 kmpl,4.0,Yes,5 Seats,1535 kg,,50 Litres,,
Toyota Innova Hycross,₹32.75 Lakh,Aug 2024,"21,800 Kms",First Owner,Petrol,Automatic,FWD,1987 cc,183.72 bhp,,4.0,,7 Seats,,,52 Litres,,
Maruti Suzuki Baleno,₹6.90 Lakh,May 2023,"78,000 Kms",First Owner,Petrol,Automatic,FWD,1197 cc,88.50 bhp,22.94 kmpl,4.0,No,5 Seats,940-960 kg,,37 Litres,,
Hyundai Creta,₹6.25 Lakh,Sept 2017,"65,000 Kms",Second Owner,,Manual,FWD,1591 cc,121.3 bhp,15.29 kmpl,4.0,No,5 Seats,"1,300 kg",190 mm,55 Litres,,
Hyundai Creta,₹9.50 Lakh,Feb 2019,"38,000 Kms",First Owner,,Automatic,FWD,1591 cc,121.3 bhp,13 kmpl,4.0,No,5 Seats,1280 kg,190 mm,55 Litres,,
Kia Seltos,₹16.65 Lakh,Feb 2023,"25,000 Kms",First Owner,Petrol,Automatic,2WD,1482 cc,157.81 bhp,17.9 kmpl,4.0,Yes,5 Seats,,,50 Litres,,
Honda City,₹4.85 Lakh,Jun 2016,"96,000 Kms",First Owner,Petrol,Automatic,FWD,1497 cc,117.3 bhp,18 kmpl,4.0,No,5 Seats,1085 kg,165 mm,40 Litres,,
Kia Sonet,₹11 Lakh,Sept 2023,"20,000 Kms",First Owner,Petrol,Automatic,FWD,998 cc,118.36 bhp,18.3 kmpl,3.0,Yes,5 Seats,1230 kg,,45 Litres,,
Hyundai Santro,₹3.20 Lakh,Feb 2019,"87,000 Kms",Second Owner,Petrol,Manual,,1086 cc,68 bhp,20.3 kmpl,4.0,,5 Seats,970 kg,,35 Litres,,
BMW X4,₹62 Lakh,May 2022,"7,000 Kms",First Owner,Petrol,Automatic,AWD,1998 cc,248.08 bhp,12.81 kmpl,4.0,twin,5 Seats,1830 kg,,,,
Honda Amaze,₹3.35 Lakh,Oct 2016,"61,000 Kms",First Owner,Petrol,Manual,FWD,1198 cc,86.7 bhp,18 kmpl,4.0,No,5 Seats,950 kg,165 mm,35 Litres,,
Hyundai Creta,₹8.50 Lakh,Jul 2019,"65,000 Kms",First Owner,Petrol,Automatic,FWD,1591 cc,121.3 bhp,14.8 kmpl,4.0,No,5 Seats,1300 kg,,55 Litres,,
Honda Amaze,₹6.50 Lakh,Nov 2020,"9,000 Kms",First Owner,Petrol,Automatic,FWD,1199 cc,88.76 bhp,18.3 kmpl,4.0,No,5 Seats,945 kg,,35 Litres,,
Hyundai Creta,₹5.60 Lakh,Jul 2016,"81,000 Kms",Second Owner,,Manual,FWD,1591 cc,121.3 bhp,13 kmpl,4.0,No,5 Seats,1280 kg,190 mm,55 Litres,,
Maruti Suzuki Grand Vitara,₹15.75 Lakh,Dec 2023,"42,000 Kms",First Owner,Petrol,Automatic,2WD,1490 cc,91.18 bhp,27.97 kmpl,3.0,,5 Seats,1290 - 1295 kg,,45 Litres,,
Maruti Suzuki Celerio,₹3.90 Lakh,May 2018,"73,600 Kms",Second Owner,Petrol,Manual,FWD,998 cc,67.04 bhp,23.1 kmpl,3.0,No,5 Seats,825 kg,165 mm,35 Litres,,
Kia Seltos,₹10.50 Lakh,Oct 2019,"30,256 Kms",First Owner,Petrol,Manual,2WD,1353 cc,138 bhp,16.1 kmpl,4.0,Yes,5 Seats,1445 kg,,50 Litres,,
Mercedes-Benz CLA,₹13.99 Lakh,Jul 2018,"41,000 Kms",Second Owner,Diesel,Automatic,FWD,2143 cc,136 bhp,,4.0,Yes,5 Seats,1570 kg,160 mm,,56 Litres,
Tata Altroz,₹6.49 Lakh,Aug 2022,"30,000 Kms",First Owner,Petrol,Manual,,1199 cc,86.83 bhp,19.33 kmpl,3.0,No,5 Seats,1025 kg,165 mm,37 Litres,,
MG Hector Plus,₹16 Lakh,Jan 2023,"49,000 Kms",First Owner,Petrol,Automatic,,1451 cc,141 bhp,12.34 kmpl,4.0,YES,7 Seats,1780 kg,,60 Litres,,
MG Hector,₹9.75 Lakh,Jul 2019,"25,000 Kms",Second Owner,,Automatic,FWD,1451 cc,141 bhp,13.96 kmpl,4.0,Yes,5 Seats,1800 kg,183 mm,60 Litres,,
Kia Seltos,₹9.75 Lakh,Nov 2019,"65,000 Kms",First Owner,Petrol,Manual,FWD,1353 cc,113.43 bhp,16.8 kmpl,4.0,No,5 Seats,1485 kg,,,,
Hyundai Creta,₹6.95 Lakh,Nov 2018,"65,000 Kms",First Owner,,Manual,FWD,1591 cc,121.3 bhp,13 kmpl,4.0,No,5 Seats,1280 kg,190 mm,,,
Hyundai Creta,₹5.10 Lakh,Mar 2016,"61,000 Kms",First Owner,,Manual,FWD,1591 cc,121.3 bhp,15.29 kmpl,4.0,No,5 Seats,"1,310 kg",190 mm,55 Litres,,
Hyundai Creta,₹9.50 Lakh,Jul 2020,"59,000 Kms",First Owner,Petrol,Manual,FWD,1591 cc,121.3 bhp,15.8 kmpl,4.0,No,5 Seats,1260 kg,,55 Litres,,
Hyundai Creta,₹16.90 Lakh,Feb 2024,"12,000 Kms",First Owner,Petrol,Automatic,FWD,1497 cc,113.18 bhp,17.7 kmpl,4.0,No,5 Seats,,,50 Litres,,
Honda Amaze 2nd Gen,₹7.45 Lakh,Apr 2023,"30,000 Kms",First Owner,Petrol,Automatic,FWD,1199 cc,88.50 bhp,18.3 kmpl,4.0,,5 Seats,957 kg,,35 Litres,,
Honda Brio,₹2.95 Lakh,Jan 2016,"35,000 Kms",First Owner,Petrol,Manual,FWD,1198 cc,86.8 bhp,18.5 kmpl,4.0,No,5 Seats,930 kg,165 mm,35 Litres,,
Honda Amaze,₹3 Lakh,Nov 2015,"31,000 Kms",Second Owner,Petrol,Manual,FWD,1198 cc,86.7 bhp,18 kmpl,4.0,No,5 Seats,950 kg,165 mm,35 Litres,,
Toyota Innova Crysta,₹11.25 Lakh,Nov 2017,"70,000 Kms",First Owner,Diesel,Manual,RWD,2393 cc,147.8 bhp,,4.0,Yes,7 Seats,1805 kg,178 mm,,55 Litres,
Mercedes-Benz CLA,₹21 Lakh,May 2018,"78,000 Kms",Second Owner,Petrol,Automatic,FWD,1991 cc,183 bhp,,4.0,Yes,5 Seats,1510 kg,160 mm,56 Litres,,
Honda WR-V,₹5.15 Lakh,Aug 2018,"48,000 Kms",First Owner,,Manual,FWD,1199 cc,88.7 bhp,17.5 kmpl,4.0,No,5 Seats,1084 kg,188 mm,40 Litres,,
Hyundai Creta,₹9.65 Lakh,Aug 2020,"65,000 Kms",First Owner,Petrol,Manual,,1497 cc,113.18 bhp,14 kmpl,4.0,No,5 Seats,1430 kg,,50 Litres,,
Jeep Meridian,₹26.25 Lakh,Dec 2023,"17,000 Kms",First Owner,Diesel,Automatic,FWD,1956 cc,172.35 bhp,8.5 kmpl,4.0,Yes,7 Seats,1890 kg,,,60 Litres,
Kia Carens,₹17.50 Lakh,Jan 2024,"5,500 Kms",First Owner,Diesel,Automatic,FWD,1493 cc,114.41 bhp,,4.0,Yes,7 Seats,,,,45 Litres,
BMW X1,₹17.90 Lakh,May 2018,"48,000 Kms",Second Owner,,Automatic,FWD,1995 cc,188 bhp,20.68 kmpl,4.0,Yes,5 Seats,1550 kg,179 mm,,61 Litres,
Kia Seltos,₹15.50 Lakh,Jun 2024,"15,686 Kms",First Owner,Petrol,Automatic,2WD,1497 cc,113.42 bhp,17.7 kmpl,4.0,No,5 Seats,,,50 Litres,,
Maruti Suzuki Ciaz,₹4.40 Lakh,Oct 2016,"68,000 Kms",First Owner,Petrol,Manual,FWD,1373 cc,91.1 bhp,20.73 kmpl,4.0,No,5 Seats,1030 kg,170 mm,43 Litres,,
Honda City,₹3.50 Lakh,Apr 2014,"72,800 Kms",First Owner,Petrol,Manual,FWD,1497 cc,117.3 bhp,17.4 kmpl,4.0,No,5 Seats,1041 kg,165 mm,40 Litres,,
Hyundai Grand i10,₹3.75 Lakh,Jun 2016,"62,348 Kms",Second Owner,Petrol,Manual,FWD,1197 cc,82 bhp,18.9 kmpl,4.0,No,5 Seats,935 kg,165 mm,43 Litres,,
Kia Carnival,₹31.50 Lakh,Aug 2022,"55,000 Kms",First Owner,Diesel,Automatic,2WD,2199 cc,197.26 bhp,,4.0,Yes,7 Seats,2270 kg,,,60 Litres,
BMW X5,₹23.90 Lakh,Oct 2016,"85,000 Kms",First Owner,Diesel,Automatic,4WD,2993 cc,258 bhp,,6.0,Yes,5 Seats,2030 kg,209 mm,,85 Litres,
Hyundai Creta,₹8.75 Lakh,Apr 2019,"70,000 Kms",First Owner,Petrol,Automatic,FWD,1591 cc,121.3 bhp,14.8 kmpl,4.0,No,5 Seats,1300 kg,,55 Litres,,
Ford Ecosport,₹4.75 Lakh,Jul 2017,"55,000 Kms",Second Owner,,Manual,FWD,1498 cc,98.59 bhp,22.77 kmpl,4.0,Yes,5 Seats,1240 kg,200 mm,,52 Litres,
Hyundai Creta,₹5.65 Lakh,Aug 2016,"68,000 Kms",First Owner,,Manual,FWD,1591 cc,121.3 bhp,15.29 kmpl,4.0,No,5 Seats,"1,310 kg",190 mm,55 Litres,,
Toyota Innova Crysta,₹10.50 Lakh,Mar 2017,"1,26,000 Kms",First Owner,Diesel,Manual,RWD,2393 cc,147.8 bhp,,4.0,Yes,7 Seats,1815 kg,,,55 Litres,
Kia Seltos,₹15 Lakh,Mar 2023,"13,000 Kms",First Owner,Diesel,Automatic,2WD,1493 cc,114.41 bhp,19.1 kmpl,4.0,Yes,5 Seats,,,,50 Litres,
Honda Amaze,₹3.65 Lakh,Nov 2016,"68,000 Kms",First Owner,Petrol,Manual,FWD,1199 cc,88.76 bhp,19.5 kmpl,4.0,No,5 Seats,917 kg,170 mm,35 Litres,,
Hyundai i10,₹1.25 Lakh,Jul 2011,"44,000 Kms",First Owner,Petrol,Manual,FWD,1086 cc,68.05 bhp,19.81 kmpl,4.0,No,5 Seats,860 kg,165 mm,35 Litres,,
Ford Ecosport,₹4.25 Lakh,Apr 2016,"42,000 Kms",Second Owner,,Automatic,FWD,1499 cc,110.4 bhp,15.63 kmpl,4.0,No,5 Seats,1250 kg,200 mm,52 Litres,,
Maruti Suzuki Baleno,₹4.25 Lakh,Feb 2017,"51,000 Kms",First Owner,Petrol,Automatic,FWD,1197 cc,83.1 bhp,21.4 kmpl,4.0,No,5 Seats,920 kg,170 mm,37 Litres,,
Hyundai Venue,₹5.46 Lakh,Nov 2019,"63,000 Kms",First Owner,Petrol,Manual,FWD,1197 cc,81.86 bhp,17.52 kmpl,4.0,No,5 Seats,1060 kg,,45 Litres,,
Tata Tigor,₹3.75 Lakh,Apr 2018,"56,000 Kms",First Owner,Petrol,Automatic,FWD,1199 cc,84 bhp,20.3 kmpl,3.0,No,5 Seats,1052 kg,170 mm,35 Litres,,
Kia Sonet,₹9.25 Lakh,Oct 2020,"58,000 Kms",First Owner,Petrol,Automatic,FWD,998 cc,118.36 bhp,18.3 kmpl,3.0,Yes,5 Seats,1525 kg,,45 Litres,,
Maruti Suzuki Baleno,₹4.70 Lakh,Oct 2017,"69,000 Kms",First Owner,Petrol,Automatic,FWD,1197 cc,83.1 bhp,21.4 kmpl,4.0,No,5 Seats,920 kg,170 mm,37 Litres,,
Honda City,₹7.15 Lakh,Feb 2018,"42,000 Kms",First Owner,Petrol,Automatic,FWD,1497 cc,117.6 bhp,18 kmpl,4.0,No,5 Seats,1107 kg,165 mm,40 Litres,,
Ford Ecosport,₹5.50 Lakh,Mar 2018,"80,000 Kms",First Owner,,Automatic,FWD,1497 cc,121.36 bhp,14.8 kmpl,3.0,No,5 Seats,1320 kg,200 mm,52 Litres,,
Toyota Innova Crysta,₹14.75 Lakh,Aug 2018,"63,000 Kms",First Owner,Diesel,Manual,RWD,2393 cc,147.8 bhp,,7.0,Yes,7 Seats,1820 kg,,,55 Litres,
Honda Amaze,₹4.50 Lakh,Mar 2018,"68,342 Kms",First Owner,Diesel,Manual,FWD,1498 cc,98.63 bhp,27.4 kmpl,4.0,Yes,5 Seats,1023 kg,170 mm,,35 Litres,
Ford Ecosport,₹4.75 Lakh,Nov 2017,"55,000 Kms",Second Owner,,Manual,FWD,1498 cc,98.59 bhp,22.77 kmpl,4.0,Yes,5 Seats,1240 kg,200 mm,,52 Litres,
Mahindra Thar,₹12.90 Lakh,Jun 2022,"38,000 Kms",First Owner,,Automatic,4X4,1997 cc,150 bhp,8 kmpl,4.0,Yes,4 Seats,1825 kg,226 mm,57 Litres,,
Kia Sonet,₹8.75 Lakh,Sept 2020,"22,000 Kms",First Owner,Petrol,Automatic,FWD,998 cc,118.36 bhp,18.3 kmpl,3.0,Yes,5 Seats,1230 kg,,45 Litres,,
Mahindra Thar,₹13.49 Lakh,Nov 2024,"15,000 Kms",First Owner,,Automatic,4WD,1997 cc,150.19 bhp,8 kmpl,4.0,Yes,4 Seats,,226 mm,57 Litres,,
Maruti Suzuki Grand Vitara,₹11.75 Lakh,May 2023,"31,000 Kms",First Owner,,Manual,FWD,1462 cc,101.64 bhp,21.11 kmpl,4.0,,5 Seats,1140-1185 kg,210 mm,45 Litres,,
Honda City,₹12 Lakh,Nov 2022,"13,000 Kms",First Owner,Petrol,Automatic,,1498 cc,119.35 bhp,18.3 kmpl,4.0,,5 Seats,1107-1153 kg,,40 Litres,,
Honda City,₹12.65 Lakh,Jan 2024,"10,892 Kms",First Owner,Petrol,Manual,FWD,1498 cc,119.35 bhp,17.8 kmpl,4.0,,5 Seats,1153 kg,,,,
Ford Ecosport,₹3.46 Lakh,Jun 2014,"62,000 Kms",First Owner,,Manual,FWD,999 cc,123.37 bhp,18.88 kmpl,3.0,Yes,5 Seats,1290 kg,200 mm,52 Litres,,
Hyundai Grand i10,₹2.85 Lakh,May 2016,"72,000 Kms",First Owner,Petrol,Manual,FWD,1197 cc,82 bhp,18.9 kmpl,4.0,No,5 Seats,935 kg,165 mm,43 Litres,,
Audi Q8,₹76 Lakh,Jul 2022,"16,000 Kms",First Owner,Petrol,Automatic,AWD,2995 cc,335.25 bhp,,4.0,Yes,5 Seats,2175 kg,,85 Litres,,
Maruti Suzuki Baleno,₹3.25 Lakh,Jan 2016,"85,000 Kms",First Owner,Petrol,Manual,FWD,1197 cc,83.1 bhp,21.4 kmpl,4.0,No,5 Seats,870 kg,170 mm,37 Litres,,
Maruti Suzuki Celerio,₹3.25 Lakh,Apr 2017,"65,000 Kms",First Owner,Petrol,Manual,FWD,998 cc,67.04 bhp,23.1 kmpl,3.0,No,5 Seats,815 kg,165 mm,35 Litres,,
MG Hector Plus,₹15.90 Lakh,Nov 2023,"26,000 Kms",First Owner,Petrol,Automatic,,1451 cc,141 bhp,12.34 kmpl,4.0,YES,7 Seats,1760 kg,,60 Litres,,
Asta Turbo iMT,₹6.75 Lakh,Apr 2022,"49,000 Kms",First Owner,Petrol,Manual,,998 cc,118.36 bhp,20 kmpl,3.0,Yes,5 Seats,1240 kg,,37 Litres,,
Mercedes-Benz GLE,₹13.11 Lakh,Dec 2017,"1,20,000 Kms",Third Owner,,Automatic,AWD,2143 cc,201.15 bhp,17.9 kmpl,4.0,Yes,5 Seats,2150 kg,200 mm,,93 Litres,
Hyundai i20,₹6.75 Lakh,Apr 2022,"49,000 Kms",First Owner,Petrol,Manual,,998 cc,118.36 bhp,20 kmpl,3.0,Yes,5 Seats,1240 kg,,37 Litres,,
Mahindra Thar,₹13.50 Lakh,May 2024,"13,000 Kms",First Owner,,Automatic,RWD,1997 cc,150.19 bhp,8 kmpl,4.0,Yes,4 Seats,,226 mm,57 Litres,,
Hyundai Creta,₹11.49 Lakh,Oct 2020,"71,000 Kms",First Owner,Petrol,Automatic,FWD,1353 cc,138.08 bhp,16.8 kmpl,4.0,Yes,5 Seats,1340 kg,,50 Litres,,
Tata Tiago,₹3.65 Lakh,Dec 2018,"56,000 Kms",First Owner,Petrol,Manual,FWD,1199 cc,84 bhp,23.84 kmpl,3.0,No,5 Seats,1012 kg,170 mm,35 Litres,,
Tata Tigor,₹3.40 Lakh,Feb 2018,"69,000 Kms",First Owner,Petrol,Manual,FWD,1199 cc,84 bhp,20.3 kmpl,3.0,No,5 Seats,1045 kg,170 mm,35 Litres,,
Mercedes-Benz GLC,₹49 Lakh,Mar 2022,"26,000 Kms",First Owner,Petrol,Automatic,AWD,1991 cc,197 bhp,,4.0,No,5 Seats,1585 kg,,66 Litres,,
Mercedes-Benz CLA,₹20 Lakh,Mar 2016,"16,000 Kms",First Owner,Petrol,Automatic,FWD,1991 cc,183 bhp,,4.0,Yes,5 Seats,1510 kg,160 mm,56 Litres,,
Toyota Innova Crysta,₹13.25 Lakh,Nov 2020,"1,35,000 Kms",First Owner,Diesel,Manual,RWD,2393 cc,147.51 bhp,,4.0,Yes,7 Seats,1840 kg,178 mm,,55 Litres,
MG Hector Plus,₹15.25 Lakh,Apr 2023,"37,000 Kms",First Owner,Petrol,Automatic,,1451 cc,141 bhp,16.56 kmpl,4.0,YES,6 Seats,1820 kg,,60 Litres,,
Toyota Vellfire,₹59.90 Lakh,Jul 2020,"1,25,000 Kms",First Owner,Petrol,Automatic,4WD,2494 cc,115.32 bhp,,4.0,No,7 Seats,2075 kg,,58 Litres,,
Honda City,₹4.80 Lakh,Aug 2016,"80,000 Kms",First Owner,Petrol,Manual,FWD,1497 cc,117.3 bhp,17.8 kmpl,4.0,No,5 Seats,1065 kg,165 mm,40 Litres,,
MG Hector,₹9.50 Lakh,Jul 2019,"88,000 Kms",First Owner,Diesel,Manual,FWD,1956 cc,167.68 bhp,17.41 kmpl,4.0,Yes,5 Seats,1525 kg,,,60 Litres,
Hyundai Creta,₹7.95 Lakh,Mar 2019,"56,000 Kms",First Owner,,Manual,FWD,1591 cc,121.3 bhp,13 kmpl,4.0,No,5 Seats,1280 kg,190 mm,55 Litres,,
Audi A4,₹15.99 Lakh,Apr 2017,"1,02,000 Kms",First Owner,Diesel,Automatic,FWD,1968 cc,187.74 bhp,,4.0,Yes,5 Seats,1640 kg,165 mm,,54 Litres,
Prestige 6 STR,₹20.50 Lakh,Nov 2020,"77,000 Kms",First Owner,Diesel,Automatic,2WD,2199 cc,197.26 bhp,,4.0,Yes,6 Seats,2320 kg,,,60 Litres,
Honda WR-V,₹5.95 Lakh,May 2019,"57,000 Kms",First Owner,,Manual,FWD,1199 cc,88.7 bhp,17.5 kmpl,4.0,No,5 Seats,1103 kg,188 mm,40 Litres,,
Kia Carnival,₹20.50 Lakh,Nov 2020,"77,000 Kms",First Owner,Diesel,Automatic,2WD,2199 cc,197.26 bhp,,4.0,Yes,6 Seats,2320 kg,,,60 Litres,
Maruti Suzuki Invicto,₹21.80 Lakh,Mar 2023,"50,000 Kms",First Owner,Petrol,Automatic,FWD,1987 cc,150.19 bhp,,4.0,,7 Seats,1620-1630 kg,,52 Litres,,
Honda City,₹5.50 Lakh,Mar 2016,"79,000 Kms",First Owner,Petrol,Automatic,FWD,1497 cc,117.3 bhp,18 kmpl,4.0,No,5 Seats,1085 kg,165 mm,40 Litres,,
Ford Ecosport,₹4.50 Lakh,Jan 2017,"1,05,000 Kms",First Owner,,Manual,FWD,1498 cc,98.96 bhp,23 kmpl,4.0,Yes,5 Seats,1300 kg,200 mm,,52 Litres,
MG Astor,₹10.50 Lakh,Oct 2022,"48,000 Kms",First Owner,Petrol,Automatic,,1498 cc,108.49 bhp,14.82 kmpl,4.0,No,5 Seats,1450 kg,,48 Litres,,
Toyota Innova Crysta,₹10.25 Lakh,Mar 2018,"1,67,250 Kms",Second Owner,Diesel,Manual,RWD,2393 cc,147.8 bhp,,4.0,Yes,7 Seats,1805 kg,178 mm,,55 Litres,
BMW 7 Series,₹24 Lakh,Dec 2015,"50,000 Kms",First Owner,Diesel,Automatic,RWD,2993 cc,258 bhp,,6.0,Yes,5 Seats,2100 kg,152 mm,,80 Litres,
Honda City,₹3.90 Lakh,Oct 2014,"87,000 Kms",First Owner,Petrol,Manual,FWD,1497 cc,117.3 bhp,17.4 kmpl,4.0,No,5 Seats,1042 kg,165 mm,40 Litres,,
Renault Scala,₹2.65 Lakh,Nov 2015,"67,000 Kms",First Owner,Diesel,Manual,FWD,1461 cc,84.8 bhp,21.64 kmpl,4.0,Yes,5 Seats,1080 kg,161 mm,,41 Litres,
Kia Seltos,₹11.50 Lakh,May 2021,"54,000 Kms",First Owner,Petrol,Manual,FWD,1353 cc,138.08 bhp,16.5 kmpl,4.0,Yes,5 Seats,1515 kg,,50 Litres,,
Hyundai Creta,₹14.75 Lakh,Jun 2023,"39,000 Kms",First Owner,Petrol,Automatic,2WD,1497 cc,113.18 bhp,14 kmpl,4.0,No,5 Seats,1490 kg,,50 Litres,,
Honda Amaze,₹3.80 Lakh,Apr 2018,"78,000 Kms",First Owner,Petrol,Automatic,FWD,1199 cc,88.7 bhp,18.1 kmpl,4.0,No,5 Seats,985 kg,165 mm,35 Litres,,
Jeep Grand Cherokee,₹52.50 Lakh,Feb 2024,"29,000 Kms",First Owner,Petrol,Automatic,4WD,1995 cc,268.27 bhp,,4.0,,5 Seats,2097 kg,,87 Litres,,
Honda City,₹5.40 Lakh,Oct 2017,"77,000 Kms",First Owner,Petrol,Manual,FWD,1497 cc,117.6 bhp,17.4 kmpl,4.0,No,5 Seats,1061 kg,165 mm,40 Litres,,
Kia Seltos,₹9 Lakh,Feb 2021,"51,000 Kms",First Owner,Petrol,Manual,FWD,1497 cc,113.43 bhp,16.8 kmpl,4.0,No,5 Seats,1335 kg,,50 Litres,,
Hyundai Venue,₹5.95 Lakh,Nov 2020,"15,005 Kms",First Owner,Petrol,Manual,FWD,1197 cc,81.86 bhp,17.52 kmpl,4.0,No,5 Seats,1080 kg,,45 Litres,,
MG Hector,₹11.25 Lakh,Jul 2020,"34,000 Kms",First Owner,,Automatic,FWD,1451 cc,141 bhp,13.96 kmpl,4.0,Yes,5 Seats,1800 kg,183 mm,60 Litres,,
Kia Carens,₹12.35 Lakh,Apr 2023,"50,000 Kms",First Owner,Petrol,Automatic,2WD,1482 cc,157.81 bhp,,4.0,No,7 Seats,1590 kg,,45 Litres,,
Hyundai Grand i10,₹4 Lakh,Feb 2019,"62,000 Kms",First Owner,Petrol,Manual,FWD,1197 cc,81.86 bhp,18.9 kmpl,4.0,No,5 Seats,1100 kg,165 mm,43 Litres,,
2.0 Model S Opt 4x4 AT,₹17.60 Lakh,2021,"90,000 Kms",First Owner,Diesel,Automatic,4WD,1956 cc,168 bhp,14.9 kmpl,4.0,Yes,5 Seats,,,,60 Litres,
Mercedes-Benz E-Class,₹27.50 Lakh,Dec 2019,"40,000 Kms",First Owner,Diesel,Automatic,RWD,1950 cc,191.7 bhp,,4.0,Yes,5 Seats,1805 kg,,,80 Litres,
Toyota Etios,₹1.70 Lakh,Apr 2012,"72,000 Kms",First Owner,Petrol,Manual,,1496 cc,88.73 bhp,17.6 kmpl,4.0,No,5 Seats,920 kg,,45 Litres,,
Honda City,₹4.40 Lakh,Mar 2014,"68,000 Kms",First Owner,Petrol,Automatic,FWD,1497 cc,117.3 bhp,18 kmpl,4.0,No,5 Seats,1085 kg,165 mm,40 Litres,,
Mercedes-Benz CLA,₹25.50 Lakh,Jul 2019,"25,000 Kms",First Owner,Petrol,Automatic,FWD,1991 cc,183 bhp,,4.0,Yes,5 Seats,1510 kg,160 mm,56 Litres,,
Kia Seltos,₹8 Lakh,Oct 2019,"45,000 Kms",First Owner,Petrol,Manual,FWD,1497 cc,113.43 bhp,16.8 kmpl,4.0,No,5 Seats,1335 kg,,50 Litres,,
Mercedes-Benz GLC,₹36.90 Lakh,Nov 2020,"31,000 Kms",First Owner,Petrol,Automatic,AWD,1991 cc,197 bhp,,4.0,No,5 Seats,1585 kg,,66 Litres,,
Hyundai i10,₹2.05 Lakh,Jul 2013,"33,000 Kms",First Owner,Petrol,Manual,FWD,1197 cc,78.9 bhp,20.36 kmpl,4.0,No,5 Seats,930 kg,165 mm,35 Litres,,
Hyundai Grand i10,₹2.85 Lakh,Dec 2015,"75,000 Kms",First Owner,Petrol,Manual,FWD,1197 cc,82 bhp,18.9 kmpl,4.0,No,5 Seats,935 kg,165 mm,43 Litres,,
Mercedes-Benz GLA Class,₹17 Lakh,May 2016,"7,00,000 Kms",Second Owner,Petrol,Automatic,AWD,1991 cc,183 bhp,,4.0,Yes,5 Seats,1525 kg,183 mm,50 Litres,,
Kia Sonet,₹9.95 Lakh,Nov 2022,"55,000 Kms",First Owner,Petrol,Automatic,FWD,998 cc,118.36 bhp,18.3 kmpl,3.0,Yes,5 Seats,1230 kg,,45 Litres,,
Mercedes-Benz GLC,₹36.50 Lakh,Dec 2020,"33,000 Kms",First Owner,Petrol,Automatic,AWD,1991 cc,197 bhp,,4.0,No,5 Seats,1585 kg,,66 Litres,,
Mercedes-Benz E-Class,₹32 Lakh,Mar 2019,"54,000 Kms",First Owner,Petrol,Automatic,RWD,1991 cc,194.4 bhp,,4.0,Yes,5 Seats,1585 kg,,80 Litres,,
Mercedes-Benz AMG A 45 S,₹35.50 Lakh,Nov 2024,"9,000 Kms",First Owner,Petrol,Automatic,AWD,1991 cc,415.71 bhp,,4.0,Yes,5 Seats,1680 kg,2729 mm,51 Litres,,
Honda City,₹5.40 Lakh,Jun 2015,"76,243 Kms",First Owner,Petrol,Manual,FWD,1497 cc,117.3 bhp,17.4 kmpl,4.0,No,5 Seats,1065 kg,165 mm,40 Litres,,
Hyundai Creta,₹8.75 Lakh,Mar 2019,"26,000 Kms",First Owner,,Automatic,FWD,1591 cc,121.3 bhp,13 kmpl,4.0,No,5 Seats,1280 kg,190 mm,55 Litres,,
Hyundai i20,₹4.45 Lakh,Aug 2018,"60,000 Kms",First Owner,Petrol,Manual,FWD,1197 cc,81.83 bhp,18.6 kmpl,4.0,No,5 Seats,1066 kg,170 mm,45 Litres,,
Kia Seltos,₹9.49 Lakh,May 2022,"37,000 Kms",First Owner,Petrol,Manual,FWD,1497 cc,113.43 bhp,16.8 kmpl,4.0,No,5 Seats,1340 kg,,50 Litres,,
Honda City,₹13.75 Lakh,Aug 2023,"44,000 Kms",First Owner,Petrol,Automatic,,1498 cc,119.35 bhp,18.3 kmpl,4.0,,5 Seats,1107-1153 kg,,40 Litres,,
Ford Ecosport,₹4.50 Lakh,Jan 2017,"1,05,000 Kms",First Owner,,Manual,FWD,1498 cc,98.96 bhp,23 kmpl,4.0,Yes,5 Seats,1304 kg,200 mm,,52 Litres,
Mercedes-Benz E-Class,₹38.99 Lakh,Nov 2020,"50,000 Kms",First Owner,Petrol,Automatic,RWD,1991 cc,194.4 bhp,,4.0,Yes,5 Seats,1585 kg,,80 Litres,,
MG Hector Plus,₹18.50 Lakh,Feb 2024,"11,000 Kms",First Owner,Petrol,Automatic,FWD,1451 cc,141.04 bhp,12.34 kmpl,4.0,YES,7 Seats,,,60 Litres,,
Maruti Suzuki Celerio,₹3.85 Lakh,Feb 2018,"66,000 Kms",First Owner,Petrol,Automatic,FWD,998 cc,67.04 bhp,23.1 kmpl,3.0,No,5 Seats,847 kg,165 mm,35 Litres,,
Maruti Suzuki XL6,₹10.50 Lakh,Dec 2022,"26,585 Kms",First Owner,Petrol,Automatic,2WD,1462 cc,101.65 bhp,,4.0,,6 Seats,1225 kg,,45 Litres,,
Kia Sonet,₹9 Lakh,Mar 2022,"26,000 Kms",First Owner,Petrol,Automatic,FWD,998 cc,118.36 bhp,18.3 kmpl,3.0,Yes,5 Seats,1230 kg,,45 Litres,,
Kia Seltos,₹15.95 Lakh,Apr 2024,"44,619 Kms",First Owner,Diesel,Automatic,2WD,1493 cc,114.41 bhp,19.1 kmpl,4.0,Yes,5 Seats,,,,50 Litres,
BMW 3 Series Long Wheelbase,₹46.50 Lakh,Dec 2023,"12,000 Kms",First Owner,Petrol,Automatic,RWD,1998 cc,254.79 bhp,15.3 kmpl,4.0,Twin,5 Seats,1680 kg,,59 Litres,,
Hyundai Venue,₹10.75 Lakh,Mar 2023,"9,500 Kms",First Owner,Petrol,Automatic,FWD,998 cc,118 bhp,18.31 kmpl,3.0,Yes,5 Seats,,,45 Litres,,
Mercedes-Benz GLA Class,₹22 Lakh,Jan 2020,"60,000 Kms",First Owner,Petrol,Automatic,2WD,1991 cc,183 bhp,,4.0,Yes,5 Seats,1585 kg,183 mm,50 Litres,,
Tata Nexon,₹10.95 Lakh,Apr 2024,"38,000 Kms",First Owner,,Automatic,FWD,1199 cc,118.27 bhp,17.01 kmpl,3.0,Yes,5 Seats,,208 mm,44 Litres,,
Kia Seltos,₹11.40 Lakh,Aug 2021,"62,000 Kms",First Owner,Petrol,Manual,FWD,1353 cc,138.08 bhp,16.5 kmpl,4.0,Yes,5 Seats,1515 kg,,50 Litres,,
Toyota Innova Crysta,₹12.75 Lakh,Aug 2018,"1,18,000 Kms",First Owner,Diesel,Automatic,RWD,2755 cc,171.5 bhp,,4.0,Yes,7 Seats,1830 kg,,,55 Litres,
Tata Tigor,₹5.65 Lakh,Jul 2022,"57,000 Kms",First Owner,CNG,Manual,,1199 cc,72.40 bhp,26.49 km/kg,3.0,,5 Seats,1160 kg,,,,60 Litres
Mahindra Thar,₹10.75 Lakh,Jan 2022,"53,000 Kms",Second Owner,,Automatic,4X4,1997 cc,150 bhp,8 kmpl,4.0,Yes,4 Seats,1825 kg,226 mm,57 Litres,,
Kia Seltos,₹14.75 Lakh,Aug 2023,"34,000 Kms",First Owner,Petrol,Automatic,FWD,1497 cc,113.43 bhp,,4.0,No,5 Seats,1400 kg,,50 Litres,,
Hyundai Creta,₹10.25 Lakh,Oct 2022,"45,000 Kms",First Owner,Diesel,Manual,,1493 cc,113.98 bhp,,4.0,Yes,5 Seats,1430 kg,,,50 Litres,
Toyota Innova Crysta,₹11.75 Lakh,Feb 2017,"67,000 Kms",First Owner,Diesel,Automatic,RWD,2755 cc,171.5 bhp,,4.0,Yes,8 Seats,1835 kg,,,55 Litres,
Honda Amaze,₹5.40 Lakh,2020,"10,000 Kms",First Owner,Petrol,Manual,,1199 cc,88.76 bhp,18.6 kmpl,,,5 Seats,,,,,
Maruti Suzuki Vitara Brezza,₹6.49 Lakh,Dec 2020,"24,100 Kms",First Owner,Petrol,Manual,FWD,1462 cc,103.26 bhp,17.03 kmpl,4.0,,5 Seats,1110-1130 kg,,48 Litres,,
Skoda Kushaq,₹9.45 Lakh,Nov 2021,"37,212 Kms",First Owner,,Manual,FWD,1498 cc,147.51 bhp,17.95 kmpl,4.0,Yes,5 Seats,1298 kg,188 mm,50 Litres,,
Volkswagen Ameo,₹3.55 Lakh,Nov 2016,"35,413 Kms",Second Owner,Petrol,Manual,FWD,1198 cc,73.75 bhp,17 kmpl,3.0,No,5 Seats,1059 kg,163 mm,45 Litres,,
Maruti Suzuki Ciaz,₹6.60 Lakh,2019,"40,000 Kms",First Owner,Petrol,Automatic,FWD,1462 cc,103.25 bhp,20.28 kmpl,4.0,No,5 Seats,1105 kg,170 mm,43 Litres,,
Volkswagen CrossPolo,₹3.45 Lakh,Dec 2016,"39,803 Kms",Second Owner,Petrol,Manual,FWD,1198 cc,74 bhp,16.47 kmpl,3.0,No,5 Seats,1155 kg,165 mm,45 Litres,,
Chevrolet Enjoy,₹3.75 Lakh,Feb 2016,"62,000 Kms",First Owner,Diesel,Manual,RWD,1248 cc,73.74 bhp,18.2 kmpl,4.0,Yes,8 Seats,1345 kg,165 mm,,50 Litres,
Tata Nexon EV,₹7.25 Lakh,Jun 2022,"48,321 Kms",First Owner,,Automatic,,,127 bhp,,,,5 Seats,1400 kg,205 mm,,,
Hyundai Creta,₹7.50 Lakh,2017,"40,000 Kms",Second Owner,,Automatic,FWD,1591 cc,121.3 bhp,13 kmpl,4.0,No,5 Seats,1280 kg,190 mm,55 Litres,,
Tata Nexon EV,₹6.50 Lakh,2021,"46,000 Kms",First Owner,,Automatic,,,127 bhp,,,,5 Seats,1400 kg,205 mm,,,
Renault KWID,₹1.80 Lakh,2017,"70,000 Kms",Third Owner,Petrol,Manual,FWD,999 cc,67 bhp,23.01 kmpl,3.0,No,5 Seats,710 kg,180 mm,,,
Datsun RediGO,₹2.50 Lakh,2020,"40,000 Kms",Second Owner,Petrol,Automatic,2WD,999 cc,67 bhp,23 kmpl,3.0,No,5 Seats,750 kg,,28 Litres,,
Maruti Suzuki Eeco,₹3.80 Lakh,2017,"40,000 Kms",Second Owner,Petrol,Manual,RWD,1196 cc,73 bhp,15.37 kmpl,4.0,No,5 Seats,928 kg,160 mm,40 Litres,,
Maruti Suzuki Eeco,₹4.20 Lakh,2020,"1,00,600 Kms",First Owner,CNG,Manual,RWD,1196 cc,61.7 bhp,21.94 km/kg,4.0,No,5 Seats,1050 kg,160 mm,,,65 Litres
Tata Harrier,₹12 Lakh,2022,"40,000 Kms",First Owner,Diesel,Automatic,,1956 cc,167.67 bhp,14.6 kmpl,4.0,Yes,5 Seats,1700 kg,,,50 Litres,
Toyota Hilux,₹36 Lakh,2025,"10,000 Kms",First Owner,Diesel,Automatic,4WD,2755 cc,201.15 bhp,10 kmpl,4.0,,5 Seats,,,,80 Litres,
Kia Seltos,₹17.50 Lakh,2023,"13,000 Kms",First Owner,Petrol,Automatic,2WD,1482 cc,157.81 bhp,17.9 kmpl,4.0,Yes,5 Seats,,,50 Litres,,
Hyundai Alcazar,₹17.95 Lakh,Jun 2024,"16,200 Kms",First Owner,Petrol,Manual,FWD,1482 cc,158 bhp,17.5 kmpl,4.0,Yes,7 Seats,,,50 Litres,,
Hyundai Venue,₹6.90 Lakh,Sept 2021,"33,621 Kms",First Owner,Petrol,Manual,FWD,1197 cc,81.86 bhp,17.52 kmpl,4.0,No,5 Seats,1080 kg,,45 Litres,,
Hyundai Venue,₹7.95 Lakh,Dec 2022,"7,000 Kms",First Owner,Petrol,Manual,,1197 cc,81.80 bhp,16 kmpl,4.0,No,5 Seats,1106 kg,,45 Litres,,
Maruti Suzuki XL6,₹13 Lakh,2024,"10,000 Kms",First Owner,Petrol,Manual,FWD,1462 cc,101.64 bhp,,4.0,,6 Seats,1200 kg,,45 Litres,,
Hyundai Creta,₹7.25 Lakh,Jul 2017,"48,000 Kms",Second Owner,,Manual,FWD,1591 cc,121.3 bhp,13 kmpl,4.0,No,5 Seats,1280 kg,190 mm,55 Litres,,
Maruti Suzuki S Cross,₹7.60 Lakh,Jan 2022,"29,100 Kms",Second Owner,Petrol,Manual,FWD,1462 cc,103.25 bhp,18.55 kmpl,4.0,,5 Seats,1130-1170 kg,,48 Litres,,
Maruti Suzuki Ciaz,₹6.35 Lakh,Mar 2026,"31,000 Kms",First Owner,Petrol,Automatic,FWD,1373 cc,91.1 bhp,19.12 kmpl,4.0,No,5 Seats,1030 kg,170 mm,43 Litres,,
MG Astor,₹11.99 Lakh,Mar 2023,"22,007 Kms",First Owner,Petrol,Automatic,,1498 cc,108.49 bhp,14.82 kmpl,4.0,No,5 Seats,1450 kg,,48 Litres,,
Mercedes-Benz GLS,₹35 Lakh,Jun 2016,"85,000 Kms",First Owner,Petrol,Automatic,AWD,2996 cc,333 bhp,,6.0,Yes,7 Seats,2455 kg,,100 Litres,,
Renault Triber,₹5.51 Lakh,Nov 2021,"29,218 Kms",First Owner,Petrol,Manual,FWD,999 cc,71.01 bhp,20 kmpl,3.0,,7 Seats,,182 mm,40 Litres,,
Tata Tiago,₹5.03 Lakh,Jul 2021,"28,949 Kms",First Owner,Petrol,Manual,FWD,1199 cc,83.83 bhp,23.84 kmpl,3.0,No,5 Seats,1012 kg,170 mm,35 Litres,,
Hyundai Elantra,₹8.49 Lakh,Feb 2019,"66,500 Kms",First Owner,Petrol,Manual,FWD,1999 cc,150.19 bhp,14.59 kmpl,4.0,No,5 Seats,1200 kg,167 mm,50 Litres,,
Ford Ecosport,₹5.91 Lakh,Jun 2019,"42,300 Kms",Second Owner,Petrol,Manual,FWD,1496 cc,120.69 bhp,15.9 kmpl,3.0,No,5 Seats,1225 kg,,52 Litres,,
Tata Tiago,₹5.07 Lakh,Oct 2021,"62,539 Kms",First Owner,Petrol,Manual,FWD,1199 cc,83.83 bhp,23.84 kmpl,3.0,No,5 Seats,1012 kg,170 mm,35 Litres,,
Renault Triber,₹5.63 Lakh,Apr 2022,"56,612 Kms",First Owner,Petrol,Manual,FWD,999 cc,71.01 bhp,20 kmpl,3.0,,7 Seats,,182 mm,40 Litres,,
Audi A4,₹8.60 Lakh,2016,"70,000 Kms",Second Owner,Diesel,Automatic,FWD,1968 cc,187.74 bhp,,4.0,Yes,5 Seats,1640 kg,165 mm,,54 Litres,
Maruti Suzuki Ignis,₹5.42 Lakh,Jun 2022,"28,356 Kms",First Owner,Petrol,Manual,FWD,1197 cc,81.80 bhp,20.89 kmpl,4.0,No,5 Seats,835 kg,180 mm,32 Litres,,
Honda Amaze,₹5.90 Lakh,Jun 2020,"55,000 Kms",First Owner,Petrol,Manual,FWD,1199 cc,88.76 bhp,18.6 kmpl,4.0,No,5 Seats,917 kg,,35 Litres,,
Kia Seltos,₹12.49 Lakh,Feb 2022,"93,700 Kms",First Owner,Diesel,Manual,FWD,1493 cc,113.43 bhp,20.8 kmpl,4.0,Yes,5 Seats,1535 kg,,,50 Litres,
Honda City,₹5.25 Lakh,Jul 2017,"51,621 Kms",First Owner,Petrol,Manual,FWD,1497 cc,117.3 bhp,17.8 kmpl,4.0,No,5 Seats,1042 kg,165 mm,40 Litres,,
Honda City,₹5.75 Lakh,Oct 2017,"29,000 Kms",Second Owner,Petrol,Manual,FWD,1497 cc,117.3 bhp,17.8 kmpl,4.0,No,5 Seats,1065 kg,165 mm,40 Litres,,
Honda City,₹3.85 Lakh,Apr 2014,"56,000 Kms",First Owner,Petrol,Manual,FWD,1497 cc,117.3 bhp,17.4 kmpl,4.0,No,5 Seats,1049 kg,165 mm,40 Litres,,
Mercedes-Benz GLS,₹35 Lakh,2016,"46,000 Kms",Third Owner,Diesel,Automatic,AWD,2987 cc,258 bhp,,6.0,Yes,7 Seats,2455 kg,,,100 Litres,
Honda City,₹5.75 Lakh,Jan 2016,"52,858 Kms",First Owner,Petrol,Manual,FWD,1497 cc,117.3 bhp,17.8 kmpl,4.0,No,5 Seats,1065 kg,165 mm,40 Litres,,
Mercedes-Benz GLS,₹39.75 Lakh,Sept 2016,"56,000 Kms",First Owner,Diesel,Automatic,AWD,2987 cc,258 bhp,,6.0,Yes,7 Seats,2455 kg,,,100 Litres,
Volkswagen Tiguan R Line,₹38.95 Lakh,Mar 2025,"7,900 Kms",First Owner,,Automatic,AWD,1984 cc,201 bhp,12.58 kmpl,4.0,Yes,5 Seats,1758 kg,176 mm,60 Litres,,
MG Astor,₹12.75 Lakh,2024,"6,200 Kms",First Owner,Petrol,Automatic,FWD,1498 cc,108.49 bhp,14.82 kmpl,4.0,No,5 Seats,,,48 Litres,,
Mahindra Marazzo,₹7.75 Lakh,Mar 2020,"91,000 Kms",Second Owner,Diesel,Manual,FWD,1497 cc,121 bhp,,4.0,Yes,7 Seats,1650 s kg,,,45 Litres,
Hyundai Creta,₹6.65 Lakh,Jun 2016,"81,209 Kms",Second Owner,,Automatic,FWD,1591 cc,121.3 bhp,13 kmpl,4.0,No,5 Seats,1280 kg,190 mm,55 Litres,,
Mercedes-Benz E-Class,₹28.90 Lakh,Nov 2017,"47,000 Kms",First Owner,Diesel,Automatic,RWD,2987 cc,254.8 bhp,,6.0,Yes,5 Seats,1835 kg,,,80 Litres,
Kia Seltos,₹11.95 Lakh,Jun 2021,"43,000 Kms",Second Owner,Petrol,Manual,FWD,1353 cc,138.08 bhp,16.5 kmpl,4.0,Yes,5 Seats,1515 kg,,50 Litres,,
Land Rover Discovery 4,₹30 Lakh,Jun 2013,"1,46,100 Kms",First Owner,Diesel,Automatic,,2993 cc,241 bhp,,4.0,Yes,7 Seats,2450 kg,,,65 Litres,
Mercedes-Benz GLE,₹27 Lakh,Jul 2018,"1,10,000 Kms",Second Owner,,Automatic,AWD,2143 cc,201.15 bhp,17.9 kmpl,4.0,Yes,5 Seats,2150 kg,200 mm,,93 Litres,
Kia Carens,₹16.90 Lakh,Aug 2024,"14,617 Kms",First Owner,Diesel,Automatic,FWD,1493 cc,114.41 bhp,,4.0,Yes,7 Seats,,,,45 Litres,
Land Rover Discovery Sport,₹21 Lakh,Nov 2017,"61,800 Kms",First Owner,Petrol,Automatic,4WD,1999 cc,177 bhp,,4.0,Yes,5 Seats,2064 kg,212 mm,65 Litres,,
Mercedes-Benz E-Class,₹29.75 Lakh,Aug 2018,"50,000 Kms",First Owner,Diesel,Automatic,RWD,1950 cc,191.7 bhp,,4.0,Yes,5 Seats,1805 kg,,,80 Litres,
Land Rover Discovery Sport,₹20.50 Lakh,Jan 2026,"79,000 Kms",First Owner,Diesel,Automatic,4WD,2179 cc,187.7 bhp,,4.0,No,5 Seats,2123 kg,212 mm,,75 Litres,
MG Astor,₹10 Lakh,2023,"20,000 Kms",First Owner,Petrol,Automatic,2WD,1498 cc,108.49 bhp,14.82 kmpl,4.0,No,5 Seats,,,48 Litres,,
Honda Amaze,₹5.40 Lakh,2020,"10,000 Kms",First Owner,Petrol,Manual,FWD,1199 cc,88.76 bhp,18.6 kmpl,4.0,No,5 Seats,905 kg,,35 Litres,,
Mercedes-Benz GLE,₹26 Lakh,Aug 2016,"61,844 Kms",Second Owner,,Automatic,AWD,2143 cc,201.15 bhp,17.9 kmpl,4.0,Yes,5 Seats,2150 kg,200 mm,,93 Litres,
Land Rover Discovery Sport,₹24.75 Lakh,Feb 2018,"40,000 Kms",First Owner,Diesel,Automatic,4WD,1999 cc,177 bhp,,4.0,No,7 Seats,2123 kg,212 mm,,65 Litres,
Mercedes-Benz E-Class,₹27.95 Lakh,Aug 2017,"27,000 Kms",First Owner,Diesel,Automatic,RWD,1950 cc,191.7 bhp,,4.0,Yes,5 Seats,1805 kg,,,,
Maruti Suzuki XL6,₹9.45 Lakh,Feb 2022,"35,000 Kms",First Owner,Petrol,Manual,FWD,1462 cc,103.2 bhp,19.01 kmpl,4.0,,6 Seats,1180 kg,,45 Litres,,
Land Rover Discovery,₹22.50 Lakh,Sept 2018,"75,000 Kms",First Owner,Diesel,Automatic,AWD,2993 cc,255 bhp,,6.0,Yes,7 Seats,2406 kg,,,85 Litres,
Jeep Meridian,₹15.50 Lakh,Nov 2022,"1,00,000 Kms",First Owner,Diesel,Manual,FWD,1956 cc,167.67 bhp,16.2 kmpl,4.0,Yes,7 Seats,1766 kg,,,60 Litres,
Hyundai Alcazar,₹11.78 Lakh,May 2022,"39,464 Kms",Second Owner,Petrol,Automatic,,1999 cc,156.9 bhp,14.2 kmpl,4.0,No,6 Seats,1730 kg,,50 Litres,,
Kia Sonet,₹8.99 Lakh,Jan 2022,"31,800 Kms",First Owner,Diesel,Manual,FWD,1493 cc,98.63 bhp,18.4 kmpl,4.0,Yes,5 Seats,1215 kg,,,45 Litres,
Honda City,₹11.36 Lakh,Jan 2023,"42,880 Kms",First Owner,Petrol,Manual,,1498 cc,119.35 bhp,18.6 kmpl,4.0,,5 Seats,1107-1153 kg,,40 Litres,,
Maruti Suzuki XL6,₹13.12 Lakh,Oct 2024,"27,941 Kms",First Owner,Petrol,Automatic,2WD,1462 cc,101.65 bhp,,4.0,,6 Seats,1225 kg,,45 Litres,,
Honda City,₹11.73 Lakh,Apr 2022,"44,107 Kms",First Owner,Petrol,Manual,,1498 cc,119.35 bhp,18.6 kmpl,4.0,,5 Seats,1107-1153 kg,,40 Litres,,
Hyundai Creta,₹7.75 Lakh,May 2016,"1,24,812 Kms",Second Owner,,Automatic,FWD,1582 cc,126.2 bhp,17.01 kmpl,4.0,Yes,5 Seats,1320 kg,190 mm,,55 Litres,
Honda CR-V,₹14.50 Lakh,Jan 2019,"80,618 Kms",First Owner,,Automatic,FWD,1997 cc,153.86 bhp,13.7 kmpl,4.0,No,5 Seats,1505 kg,185 mm,58 Litres,,
MG Astor,₹13.60 Lakh,Mar 2022,"22,000 Kms",First Owner,Petrol,Automatic,,1498 cc,108.49 bhp,14.82 kmpl,4.0,No,5 Seats,1400 kg,,48 Litres,,
Hyundai Alcazar,₹15 Lakh,Aug 2021,"59,000 Kms",First Owner,Diesel,Automatic,,1493 cc,113.98 bhp,18.1 kmpl,4.0,Yes,6 Seats,1675 kg,,,50 Litres,
Hyundai Aura,₹5.79 Lakh,Apr 2021,"49,000 Kms",First Owner,CNG,Manual,,1197 cc,68.05 bhp,28 km/kg,4.0,No,5 Seats,1090 kg,,,,
Mercedes-Benz GLA Class,₹14.25 Lakh,Jan 2015,"18,300 Kms",Second Owner,Petrol,Automatic,AWD,1991 cc,183 bhp,,4.0,Yes,5 Seats,1525 kg,183 mm,50 Litres,,
Honda City,₹12.75 Lakh,Jan 2023,"22,381 Kms",First Owner,Petrol,Automatic,,1498 cc,119.35 bhp,18.3 kmpl,4.0,,5 Seats,1107-1153 kg,,40 Litres,,
Honda City,₹12.75 Lakh,Mar 2023,"22,381 Kms",First Owner,Petrol,Automatic,,1498 cc,119.35 bhp,18.3 kmpl,4.0,,5 Seats,1107-1153 kg,,40 Litres,,
Honda WR-V,₹5.49 Lakh,Oct 2018,"20,800 Kms",First Owner,,Manual,FWD,1199 cc,88.7 bhp,17.5 kmpl,4.0,No,5 Seats,1103 kg,188 mm,40 Litres,,
Honda City,₹10.25 Lakh,Sept 2021,"27,170 Kms",First Owner,Petrol,Manual,FWD,1497 cc,117.3 bhp,17.4 kmpl,4.0,No,5 Seats,1058 kg,165 mm,40 Litres,,
Honda City,₹12.90 Lakh,Sept 2023,"24,000 Kms",First Owner,Petrol,Automatic,FWD,1498 cc,119.35 bhp,18.4 kmpl,4.0,,5 Seats,1153 kg,,40 Litres,,
Hyundai Venue,₹10.91 Lakh,Jan 2023,"10,000 Kms",First Owner,Petrol,Automatic,FWD,998 cc,118 bhp,18.31 kmpl,3.0,Yes,5 Seats,,,45 Litres,,
Mahindra XUV700,₹22 Lakh,2022,"1,32,000 Kms",First Owner,Diesel,Automatic,FWD,2198 cc,182.38 bhp,17.19 kmpl,4.0,Yes,7 Seats,1860 kg,,,60 Litres,
Hyundai Creta,₹15 Lakh,Aug 2020,"15,078 Kms",Second Owner,,Manual,FWD,1582 cc,126.2 bhp,19.67 kmpl,4.0,Yes,5 Seats,1280 kg,190 mm,,55 Litres,
Hyundai Creta,₹12.50 Lakh,Oct 2020,"47,200 Kms",Second Owner,Petrol,Automatic,,1353 cc,138.12 bhp,11 kmpl,4.0,Yes,5 Seats,1465 kg,,50 Litres,,
Hyundai Venue,₹10.45 Lakh,Sept 2023,"21,000 Kms",First Owner,Petrol,Automatic,FWD,998 cc,118 bhp,18.31 kmpl,3.0,Yes,5 Seats,,,45 Litres,,
Audi Q3 Sportback,₹39 Lakh,2023,"10,000 Kms",First Owner,Petrol,Automatic,AWD,1984 cc,187.74 bhp,,4.0,,5 Seats,1595 kg,,,,
MG Hector,₹12.50 Lakh,Jul 2021,"40,000 Kms",First Owner,,Automatic,FWD,1451 cc,141 bhp,9 kmpl,4.0,Yes,5 Seats,1820 kg,192 mm,60 Litres,,
MG Astor,₹10.99 Lakh,Feb 2022,"22,000 Kms",First Owner,Petrol,Automatic,,1498 cc,108.49 bhp,14.82 kmpl,4.0,No,5 Seats,1450 kg,,48 Litres,,
MG Astor,₹10.25 Lakh,Mar 2022,"38,000 Kms",First Owner,Petrol,Automatic,,1498 cc,108.49 bhp,14.82 kmpl,4.0,No,5 Seats,1400 kg,,48 Litres,,
Mercedes-Benz GLC,₹39.85 Lakh,Mar 2022,"52,000 Kms",First Owner,Petrol,Automatic,AWD,1991 cc,197 bhp,,4.0,No,5 Seats,1585 kg,,66 Litres,,
Toyota Urban Cruiser EBELLA,₹6.99 Lakh,Nov 2020,"69,000 Kms",First Owner,Petrol,Automatic,,1462 cc,103.26 bhp,18.76 kmpl,4.0,,5 Seats,1135-1150 kg,,48 Litres,,
Hyundai Creta,₹14.50 Lakh,Sept 2021,"26,000 Kms",Second Owner,Diesel,Automatic,,1493 cc,113.45 bhp,18 kmpl,4.0,Yes,5 Seats,1625 kg,,,50 Litres,
Mercedes-Benz E-Class,₹9.75 Lakh,2013,"80,000 Kms",Second Owner,Diesel,Automatic,RWD,2143 cc,170 bhp,,4.0,Yes,5 Seats,1640 kg,123 mm,,80 Litres,
Volkswagen Virtus,₹13.99 Lakh,Nov 2023,"15,000 Kms",First Owner,Petrol,Automatic,,999 cc,113.98 bhp,18.12 kmpl,3.0,Yes,5 Seats,1245 kg,179 mm,45 Litres,,
Hyundai Creta,₹10.80 Lakh,Nov 2020,"10,800 Kms",First Owner,Petrol,Manual,,1497 cc,113.18 bhp,,4.0,No,5 Seats,1360 kg,,50 Litres,,
Mercedes-Benz GLA Class,₹13 Lakh,Mar 2015,"74,200 Kms",Third Owner,Diesel,Automatic,AWD,2143 cc,136 bhp,,4.0,Yes,5 Seats,1585 kg,183 mm,,50 Litres,
Volkswagen Virtus,₹14.95 Lakh,May 2023,"24,000 Kms",First Owner,Petrol,Automatic,,1498 cc,147.51 bhp,18.67 kmpl,4.0,Yes,5 Seats,1275 kg,179 mm,45 Litres,,
Kia Carens,₹14.95 Lakh,Jul 2023,"36,000 Kms",First Owner,Petrol,Automatic,2WD,1353 cc,138.05 bhp,,4.0,Yes,7 Seats,1580 kg,,45 Litres,,
Hyundai i20,₹5.50 Lakh,Nov 2018,"71,331 Kms",First Owner,Petrol,Manual,FWD,1197 cc,81.83 bhp,18.6 kmpl,4.0,No,5 Seats,1066 kg,170 mm,45 Litres,,
Hyundai Creta,₹11.75 Lakh,Aug 2020,"40,000 Kms",First Owner,Petrol,Automatic,,1497 cc,113.18 bhp,14 kmpl,4.0,No,5 Seats,1450 kg,,50 Litres,,
Toyota Etios,₹4.35 Lakh,Mar 2025,"42,000 Kms",First Owner,Petrol,Manual,FWD,1496 cc,88.73 bhp,16.78 kmpl,4.0,No,5 Seats,935 kg,170 mm,45 Litres,,
Tata Tiago,₹3.54 Lakh,Dec 2018,"63,191 Kms",Second Owner,Petrol,Manual,FWD,1199 cc,84 bhp,23.84 kmpl,3.0,No,5 Seats,1012 kg,170 mm,35 Litres,,
Tata Tiago,₹5.79 Lakh,Nov 2024,"15,284 Kms",First Owner,CNG,Manual,FWD,1199 cc,74.46 bhp,26.49 km/kg,3.0,,5 Seats,,168 mm,,,60 Litres
Honda Mobilio,₹3.65 Lakh,Dec 2014,"63,471 Kms",Third Owner,Petrol,Manual,FWD,1497 cc,117.3 bhp,17.3 kmpl,4.0,No,7 Seats,1145 kg,189 mm,42 Litres,,
Toyota Innova Crysta,₹15.99 Lakh,May 2017,"47,000 Kms",First Owner,Diesel,Manual,RWD,2393 cc,147.8 bhp,,7.0,Yes,7 Seats,1820 kg,,,55 Litres,
BMW 3 Series,₹7.50 Lakh,2012,"1,40,000 Kms",First Owner,Diesel,Automatic,RWD,1995 cc,184 bhp,,4.0,Yes,5 Seats,1500 kg,157 mm,,60 Litres,
Hyundai Creta,₹15.01 Lakh,May 2024,"6,000 Kms",First Owner,,Manual,FWD,1497 cc,113.18 bhp,17.4 kmpl,4.0,No,5 Seats,,190 mm,50 Litres,,
Hyundai Alcazar,₹16 Lakh,Jun 2021,"48,625 Kms",First Owner,Petrol,Automatic,,1999 cc,156.9 bhp,14.2 kmpl,4.0,No,6 Seats,1730 kg,,,,
Kia Carens,₹16.95 Lakh,Mar 2023,"26,000 Kms",First Owner,Diesel,Manual,2WD,1497 cc,114.41 bhp,,4.0,Yes,7 Seats,1595 kg,,,45 Litres,
Toyota Corolla Altis,₹5.25 Lakh,2016,"60,000 Kms",Second Owner,Petrol,Manual,FWD,1798 cc,138.03 bhp,14.28 kmpl,4.0,No,5 Seats,1190 kg,175 mm,55 Litres,,
Kia Carens,₹16.25 Lakh,Jun 2022,"20,000 Kms",First Owner,Diesel,Manual,2WD,1493 cc,114.41 bhp,,4.0,Yes,6 Seats,1560 kg,,,45 Litres,
Hyundai Alcazar,₹18 Lakh,Jun 2023,"15,785 Kms",First Owner,Petrol,Automatic,,1999 cc,156.9 bhp,14.2 kmpl,4.0,No,6 Seats,1730 kg,,,,
MG Hector,₹11 Lakh,Sept 2019,"16,000 Kms",Second Owner,,Automatic,FWD,1451 cc,141 bhp,13.96 kmpl,4.0,Yes,5 Seats,1800 kg,183 mm,60 Litres,,
Kia Carens,₹12 Lakh,2023,"66,000 Kms",First Owner,Diesel,Automatic,2WD,1493 cc,114.41 bhp,,4.0,Yes,7 Seats,1570 kg,,,45 Litres,
MG Astor,₹12.50 Lakh,Jun 2025,"3,000 Kms",Second Owner,Petrol,Automatic,FWD,1498 cc,108.49 bhp,14.82 kmpl,4.0,No,5 Seats,,,48 Litres,,
Volkswagen Vento,₹4.99 Lakh,Mar 2017,"53,275 Kms",First Owner,Petrol,Manual,FWD,1598 cc,103.5 bhp,16.09 kmpl,4.0,No,5 Seats,1145 kg,163 mm,55 Litres,,
Hyundai Creta,₹17.75 Lakh,Sept 2024,"13,000 Kms",First Owner,Petrol,Automatic,2WD,1497 cc,113.18 bhp,14 kmpl,4.0,No,5 Seats,1450 kg,,50 Litres,,
Mercedes-Benz GLA Class,₹16.79 Lakh,Dec 2018,"44,500 Kms",First Owner,Petrol,Automatic,2WD,1991 cc,183 bhp,,4.0,Yes,5 Seats,1585 kg,183 mm,50 Litres,,
Mercedes-Benz E-Class,₹27.95 Lakh,Jul 2017,"38,600 Kms",First Owner,Diesel,Automatic,RWD,1950 cc,191.7 bhp,,4.0,Yes,5 Seats,1805 kg,,,,
Hyundai Creta,₹6.45 Lakh,Sept 2015,"65,845 Kms",First Owner,,Manual,FWD,1591 cc,121.3 bhp,13 kmpl,4.0,No,5 Seats,1280 kg,190 mm,55 Litres,,
Volkswagen Virtus,₹12.90 Lakh,Oct 2024,"19,000 Kms",First Owner,Petrol,Automatic,FWD,999 cc,113.98 bhp,18.45 kmpl,3.0,Yes,5 Seats,1254 kg,179 mm,45 Litres,,
Volkswagen Vento,₹2.65 Lakh,Oct 2013,"38,000 Kms",First Owner,Petrol,Manual,FWD,1598 cc,103.6 bhp,15.04 kmpl,4.0,No,5 Seats,1121 kg,168 mm,55 Litres,,
Honda Amaze,₹3.35 Lakh,Apr 2015,"32,650 Kms",Second Owner,Petrol,Manual,FWD,1198 cc,86.7 bhp,18 kmpl,4.0,No,5 Seats,950 kg,165 mm,35 Litres,,
Hyundai Grand i10,₹3.45 Lakh,Jun 2015,"26,000 Kms",Fourth Owner,Petrol,Manual,FWD,1197 cc,82 bhp,18.9 kmpl,4.0,No,5 Seats,935 kg,165 mm,43 Litres,,
Mercedes-Benz GL-Class,₹30.99 Lakh,Sept 2015,"69,900 Kms",First Owner,Diesel,Automatic,AWD,2987 cc,254.8 bhp,,6.0,Yes,7 Seats,2535 kg,307 mm,,100 Litres,
Skoda Kushaq,₹12.50 Lakh,2022,"20,000 Kms",First Owner,,Automatic,FWD,999 cc,113.98 bhp,17.2 kmpl,3.0,Yes,5 Seats,1245-1280 kg,188 mm,50 Litres,,
Hyundai Grand i10 Nios,₹4.49 Lakh,Jul 2020,"55,318 Kms",First Owner,Petrol,Manual,,1197 cc,81.86 bhp,20.7 kmpl,4.0,No,5 Seats,1100 kg,,37 Litres,,
Volkswagen Virtus,₹16.50 Lakh,Mar 2024,"27,000 Kms",First Owner,Petrol,Manual,FWD,1498 cc,147.51 bhp,18.67 kmpl,4.0,Yes,5 Seats,1275 kg,179 mm,45 Litres,,
Mercedes-Benz E-Class,₹27.95 Lakh,Jun 2017,"38,600 Kms",First Owner,Diesel,Automatic,RWD,1950 cc,191.7 bhp,,4.0,Yes,5 Seats,1805 kg,,,,
Toyota Innova Crysta,₹12.75 Lakh,Sept 2016,"1,96,000 Kms",First Owner,Diesel,Manual,RWD,2393 cc,147.8 bhp,,4.0,Yes,8 Seats,1810 kg,178 mm,,55 Litres,
Skoda Kodiaq,₹28.90 Lakh,Nov 2022,"44,000 Kms",First Owner,,Automatic,4WD,1984 cc,187.74 bhp,12.78 kmpl,4.0,Yes,7 Seats,1793 kg,192 mm,60 Litres,,
Mercedes-Benz GLS,₹24.48 Lakh,Jul 2016,"80,000 Kms",First Owner,Diesel,Automatic,AWD,2987 cc,258 bhp,,6.0,Yes,7 Seats,2455 kg,,,100 Litres,
MG Hector,₹10.25 Lakh,Sept 2019,"32,000 Kms",First Owner,,Automatic,FWD,1451 cc,141 bhp,13.96 kmpl,4.0,Yes,5 Seats,1800 kg,183 mm,60 Litres,,
Volkswagen Vento,₹2.49 Lakh,Apr 2013,"44,000 Kms",First Owner,Petrol,Manual,FWD,1598 cc,103.6 bhp,15.04 kmpl,4.0,No,5 Seats,1121 kg,168 mm,55 Litres,,
Maruti Suzuki Baleno,₹5.75 Lakh,May 2019,"59,000 Kms",First Owner,Petrol,Manual,FWD,1197 cc,81.80 bhp,21.01 kmpl,4.0,No,5 Seats,865-890 kg,170 mm,37 Litres,,
Hyundai Creta,₹7.35 Lakh,Oct 2017,"79,000 Kms",Second Owner,,Automatic,FWD,1591 cc,121.3 bhp,13 kmpl,4.0,No,5 Seats,1280 kg,190 mm,55 Litres,,
Hyundai Creta,₹13.75 Lakh,Sept 2020,"55,000 Kms",Second Owner,Diesel,Automatic,,1493 cc,113.45 bhp,18 kmpl,4.0,Yes,5 Seats,1625 kg,,,50 Litres,
Hyundai Creta,₹7.25 Lakh,Sept 2016,"88,200 Kms",Second Owner,,Automatic,FWD,1582 cc,126.2 bhp,17.01 kmpl,4.0,Yes,5 Seats,1320 kg,190 mm,,55 Litres,
Kia Carnival,₹24.95 Lakh,Oct 2021,"66,100 Kms",Second Owner,Diesel,Automatic,2WD,2199 cc,197.26 bhp,,4.0,Yes,7 Seats,2270 kg,,,60 Litres,
Renault Captur,₹6.11 Lakh,Feb 2018,"35,000 Kms",First Owner,Diesel,Manual,,1461 cc,108.45 bhp,20.37 kmpl,4.0,Yes,5 Seats,,,,50 Litres,
Hyundai Creta,₹7.43 Lakh,Nov 2016,"43,000 Kms",First Owner,,Automatic,FWD,1591 cc,121.3 bhp,13 kmpl,4.0,No,5 Seats,1280 kg,190 mm,55 Litres,,
Kia Sonet,₹9.51 Lakh,Mar 2021,"87,900 Kms",First Owner,Diesel,Manual,FWD,1493 cc,98.63 bhp,,4.0,Yes,5 Seats,1351 kg,,,45 Litres,
Maruti Suzuki Vitara Brezza,₹7.25 Lakh,May 2021,"16,000 Kms",Second Owner,Petrol,Manual,FWD,1462 cc,103.26 bhp,17.03 kmpl,4.0,,5 Seats,1110-1130 kg,,48 Litres,,
Hyundai Creta,₹13 Lakh,Feb 2021,"54,000 Kms",Second Owner,Diesel,Automatic,FWD,1493 cc,113.42 bhp,18.5 kmpl,4.0,Yes,5 Seats,1320 kg,,,50 Litres,
Hyundai Elantra,₹12.50 Lakh,Mar 2021,"19,700 Kms",Second Owner,Petrol,Automatic,FWD,1999 cc,150.19 bhp,14.62 kmpl,4.0,No,5 Seats,1240 kg,167 mm,50 Litres,,
Maruti Suzuki Baleno,₹5.99 Lakh,Jun 2020,"48,293 Kms",First Owner,Petrol,Manual,FWD,1197 cc,81.80 bhp,21.01 kmpl,4.0,No,5 Seats,865-890 kg,170 mm,37 Litres,,
Mercedes-Benz E-Class,₹14.75 Lakh,Apr 2016,"62,304 Kms",Second Owner,Diesel,Automatic,RWD,2143 cc,204 bhp,,4.0,Yes,5 Seats,1800 kg,123 mm,,80 Litres,
MG Hector,₹10.25 Lakh,Jan 2020,"30,481 Kms",First Owner,,Automatic,FWD,1451 cc,141 bhp,13.96 kmpl,4.0,Yes,5 Seats,1820 kg,183 mm,60 Litres,,
Land Rover Discovery Sport,₹37.90 Lakh,Oct 2020,"48,000 Kms",Second Owner,Diesel,Automatic,AWD,1999 cc,201 bhp,,4.0,Yes,7 Seats,,167 mm,,70 Litres,
Audi A3,₹8.50 Lakh,2016,"1,00,000 Kms",Third Owner,Diesel,Automatic,FWD,1968 cc,143 bhp,,4.0,Yes,5 Seats,1340 kg,165 mm,,50 Litres,
Land Rover Range Rover Sport,₹41.98 Lakh,Jan 2018,"1,08,000 Kms",First Owner,Diesel,Automatic,4WD,2993 cc,255 bhp,,6.0,Yes,5 Seats,2115 kg,295 mm,,80 Litres,
Mercedes-Benz GLS,₹38 Lakh,Oct 2017,"1,04,800 Kms",Second Owner,Diesel,Automatic,AWD,2987 cc,258 bhp,,6.0,Yes,7 Seats,2455 kg,,,100 Litres,
Mercedes-Benz GLS,₹76 Lakh,Nov 2020,"70,000 Kms",First Owner,Diesel,Automatic,AWD,2925 cc,325.86 bhp,,6.0,,7 Seats,2505 kg,,,,
Maruti Suzuki Baleno,₹6.75 Lakh,Aug 2022,"41,000 Kms",First Owner,Petrol,Manual,FWD,1197 cc,81.80 bhp,21.01 kmpl,4.0,No,5 Seats,865-890 kg,170 mm,37 Litres,,
Land Rover Discovery Sport,₹37.75 Lakh,Jun 2020,"53,000 Kms",Second Owner,Diesel,Automatic,AWD,1999 cc,201 bhp,,4.0,Yes,7 Seats,,167 mm,,70 Litres,
Mercedes-Benz GLS,₹83 Lakh,Oct 2020,"39,000 Kms",First Owner,Diesel,Automatic,AWD,2987 cc,258 bhp,,6.0,Yes,7 Seats,2455 kg,,,100 Litres,
Kia Carnival,₹64.75 Lakh,Mar 2025,"6,155 Kms",First Owner,Diesel,Automatic,2WD,2151 cc,190 bhp,,4.0,,7 Seats,,,,72 Litres,
Maruti Suzuki Baleno,₹5.70 Lakh,2018,"1,30,000 Kms",First Owner,Diesel,Manual,FWD,1248 cc,74 bhp,27.39 kmpl,4.0,Yes,5 Seats,985 kg,170 mm,,37 Litres,
Volkswagen Tiguan R Line,₹38.95 Lakh,Mar 2025,"7,000 Kms",First Owner,,Automatic,AWD,1984 cc,201 bhp,12.58 kmpl,4.0,Yes,5 Seats,1758 kg,176 mm,60 Litres,,
Mercedes-Benz GLS,₹42 Lakh,Nov 2017,"53,421 Kms",First Owner,Diesel,Automatic,AWD,2987 cc,258 bhp,,6.0,Yes,7 Seats,2455 kg,,,100 Litres,
Kia Carnival,₹62.95 Lakh,Feb 2025,"6,700 Kms",First Owner,Diesel,Automatic,2WD,2151 cc,190 bhp,,4.0,,7 Seats,,,,72 Litres,
Audi Q3,₹14 Lakh,Oct 2016,"86,000 Kms",Second Owner,Diesel,Automatic,AWD,1968 cc,174.33 bhp,,4.0,Yes,5 Seats,1660 kg,170 mm,,64 Litres,
Mercedes-Benz E-Class,₹36 Lakh,Dec 2020,"50,000 Kms",First Owner,Petrol,Automatic,RWD,1991 cc,194.4 bhp,,4.0,Yes,5 Seats,1585 kg,,80 Litres,,
Land Rover Discovery,₹33.50 Lakh,Mar 2019,"48,000 Kms",First Owner,Diesel,Automatic,AWD,2993 cc,255 bhp,,6.0,Yes,7 Seats,2376 kg,,,85 Litres,
Maserati Quattroporte,₹82 Lakh,Jan 2019,"22,150 Kms",First Owner,Diesel,Automatic,RWD,2999 cc,571 bhp,,8.0,No,5 Seats,1955 kg,100 mm,,80 Litres,
Kia Seltos,₹13.25 Lakh,Dec 2021,"67,523 Kms",First Owner,Petrol,Manual,FWD,1353 cc,138.08 bhp,16.5 kmpl,4.0,Yes,5 Seats,1515 kg,,50 Litres,,
Skoda Kodiaq,₹35 Lakh,Jun 2023,"19,843 Kms",First Owner,Petrol,Automatic,4WD,1984 cc,187.74 bhp,13.32 kmpl,4.0,Yes,7 Seats,1793 kg,,58 Litres,,
Mercedes-Benz GLE,₹74.85 Lakh,Dec 2022,"23,000 Kms",First Owner,Diesel,Automatic,AWD,1950 cc,241.38 bhp,,4.0,Yes,5 Seats,2150 kg,200 mm,,93 Litres,
Toyota Innova Crysta,₹16.50 Lakh,Jul 2017,"1,40,000 Kms",First Owner,Diesel,Manual,RWD,2393 cc,147.8 bhp,,7.0,Yes,8 Seats,1825 kg,,,55 Litres,
MG Hector,₹11.99 Lakh,Nov 2020,"39,000 Kms",First Owner,,Automatic,FWD,1451 cc,141 bhp,13.96 kmpl,4.0,Yes,5 Seats,1800 kg,183 mm,60 Litres,,
Hyundai Alcazar,₹17.95 Lakh,Mar 2022,"30,555 Kms",First Owner,Diesel,Automatic,,1498 cc,113.42 bhp,18.1 kmpl,4.0,Yes,7 Seats,1670 kg,,,,
Honda Amaze,₹5.50 Lakh,Sept 2020,"68,543 Kms",First Owner,Petrol,Manual,FWD,1199 cc,88.76 bhp,18.6 kmpl,4.0,No,5 Seats,924 kg,,35 Litres,,
Kia Carens,₹10.49 Lakh,Aug 2025,"1,000 Kms",First Owner,Petrol,Manual,FWD,1497 cc,113.42 bhp,12.6 kmpl,4.0,No,7 Seats,,,45 Litres,,
Tata Harrier,₹10.80 Lakh,May 2019,"55,000 Kms",First Owner,,Manual,FWD,1956 cc,138.1 bhp,17 kmpl,4.0,Yes,5 Seats,1745 kg,205 mm,,50 Litres,
Kia Carens,₹14.95 Lakh,Sept 2023,"33,787 Kms",First Owner,Petrol,Automatic,FWD,1482 cc,157.81 bhp,,4.0,Yes,7 Seats,,,45 Litres,,
Maruti Suzuki Ciaz,₹6.32 Lakh,Feb 2018,"45,263 Kms",First Owner,Petrol,Automatic,FWD,1462 cc,103.25 bhp,20.04 kmpl,4.0,,5 Seats,,,43 Litres,,
Tata Tiago,₹6.18 Lakh,Nov 2023,"12,390 Kms",First Owner,Petrol,Manual,FWD,1199 cc,85 bhp,19.01 kmpl,3.0,,5 Seats,,170 mm,35 Litres,,
Audi Q3,₹12.99 Lakh,Mar 2016,"1,59,500 Kms",Second Owner,Diesel,Automatic,AWD,1968 cc,174.33 bhp,,4.0,Yes,5 Seats,1660 kg,170 mm,,64 Litres,
Skoda Kushaq,₹6.78 Lakh,Jun 2022,"41,024 Kms",First Owner,,Manual,FWD,999 cc,113.98 bhp,19.2 kmpl,3.0,Yes,5 Seats,1195-1255 kg,188 mm,50 Litres,,
Kia Sonet,₹6.32 Lakh,Sept 2022,"23,540 Kms",Second Owner,Petrol,Manual,FWD,998 cc,118.36 bhp,18.2 kmpl,3.0,Yes,5 Seats,1201 kg,,45 Litres,,
Hyundai Venue,₹6.39 Lakh,Jun 2020,"49,904 Kms",Third Owner,Petrol,Automatic,FWD,998 cc,118 bhp,18.31 kmpl,3.0,Yes,5 Seats,,,,,
Hyundai Tucson,₹10.50 Lakh,Apr 2017,"82,874 Kms",First Owner,,Automatic,2WD,1995 cc,182.46 bhp,16.38 kmpl,4.0,Yes,5 Seats,1517 kg,195 mm,,62 Litres,
Maruti Suzuki Ciaz,₹7.29 Lakh,Oct 2019,"19,243 Kms",First Owner,Petrol,Automatic,FWD,1373 cc,91.1 bhp,19.12 kmpl,4.0,No,5 Seats,1030 kg,170 mm,43 Litres,,
Maruti Suzuki Ciaz,₹6.71 Lakh,Oct 2018,"46,684 Kms",First Owner,Petrol,Automatic,FWD,1373 cc,91.1 bhp,19.12 kmpl,4.0,No,5 Seats,1030 kg,170 mm,43 Litres,,
Hyundai Grand i10,₹5.15 Lakh,Nov 2018,"21,600 Kms",First Owner,Petrol,Automatic,FWD,1197 cc,81.86 bhp,18.9 kmpl,4.0,No,5 Seats,1200 kg,165 mm,43 Litres,,
Maruti Suzuki Ciaz,₹7.39 Lakh,Apr 2021,"69,705 Kms",First Owner,Petrol,Manual,FWD,1373 cc,91.1 bhp,20.73 kmpl,4.0,No,5 Seats,1030 kg,170 mm,43 Litres,,
Maruti Suzuki Ciaz,₹7.34 Lakh,Aug 2021,"50,361 Kms",First Owner,Petrol,Manual,2WD,1373 cc,91.1 bhp,20.73 kmpl,4.0,No,5 Seats,1135 kg,170 mm,43 Litres,,
Volkswagen Vento,₹6.35 Lakh,Oct 2020,"98,702 Kms",First Owner,Petrol,Manual,FWD,999 cc,108.62 bhp,17.69 kmpl,3.0,Yes,5 Seats,1138 kg,163 mm,55 Litres,,
Hyundai Alcazar,₹13 Lakh,Jun 2023,"65,000 Kms",First Owner,Diesel,Manual,FWD,1493 cc,113.98 bhp,24.5 kmpl,4.0,Yes,7 Seats,,,,50 Litres,
Maruti Suzuki Ciaz,₹6.07 Lakh,Apr 2019,"34,506 Kms",First Owner,Petrol,Automatic,FWD,1373 cc,91.1 bhp,19.12 kmpl,4.0,No,5 Seats,1010 kg,170 mm,43 Litres,,
Hyundai Creta,₹7.90 Lakh,Apr 2017,"58,000 Kms",First Owner,,Automatic,FWD,1591 cc,121.3 bhp,13 kmpl,4.0,No,5 Seats,1280 kg,190 mm,55 Litres,,
Jeep Compass,₹8.75 Lakh,Dec 2017,"42,000 Kms",Second Owner,,Automatic,4X2,1368 cc,160 bhp,16 kmpl,4.0,Yes,5 Seats,1562 s kg,178 mm,60 Litres,,
Chevrolet Beat,₹1.55 Lakh,Jan 2015,"60,000 Kms",First Owner,Petrol,Manual,FWD,1199 cc,76.8 bhp,18.6 kmpl,4.0,No,5 Seats,1005 kg,165 mm,35 Litres,,
Tata Nexon,₹7.19 Lakh,May 2021,"27,771 Kms",First Owner,Petrol,Manual,FWD,1198 cc,108.5 bhp,17 kmpl,3.0,Yes,5 Seats,1252 kg,,44 Litres,,
Hyundai Creta,₹7.28 Lakh,Feb 2017,"71,500 Kms",Second Owner,,Automatic,FWD,1591 cc,121.3 bhp,13 kmpl,4.0,No,5 Seats,1280 kg,190 mm,55 Litres,,
Hyundai Creta,₹7.99 Lakh,Apr 2018,"75,000 Kms",First Owner,,Manual,FWD,1591 cc,121.3 bhp,13 kmpl,4.0,No,5 Seats,1280 kg,190 mm,55 Litres,,
Hyundai i20,₹2.25 Lakh,2012,"64,000 Kms",First Owner,Petrol,Manual,FWD,1197 cc,,17 kmpl,4.0,No,5 Seats,1020 kg,165 mm,45 Litres,,
Maruti Suzuki XL6,₹9.70 Lakh,Dec 2020,"21,000 Kms",First Owner,Petrol,Automatic,FWD,1462 cc,103.2 bhp,,4.0,,6 Seats,1190 kg,,45 Litres,,
Hyundai i20,₹6.25 Lakh,Jun 2019,"25,000 Kms",First Owner,Petrol,Manual,FWD,1197 cc,81.86 bhp,18.6 kmpl,4.0,No,5 Seats,1140 kg,170 mm,40 Litres,,
Hyundai Creta,₹6.95 Lakh,Aug 2016,"32,000 Kms",First Owner,,Manual,FWD,1591 cc,121.3 bhp,15.29 kmpl,4.0,No,5 Seats,"1,310 kg",190 mm,55 Litres,,
Tata Punch,₹8 Lakh,2023,"10,000 Kms",First Owner,,Automatic,FWD,1199 cc,86.63 bhp,18.8 kmpl,3.0,,5 Seats,,187 mm,37 Litres,,
Hyundai Creta,₹6.95 Lakh,Feb 2017,"41,000 Kms",Second Owner,,Automatic,FWD,1591 cc,121.3 bhp,13 kmpl,4.0,No,5 Seats,1280 kg,190 mm,55 Litres,,
Hyundai Creta,₹7.25 Lakh,Apr 2016,"42,000 Kms",First Owner,,Manual,FWD,1591 cc,121.3 bhp,13 kmpl,4.0,No,5 Seats,1280 kg,190 mm,55 Litres,,
Hyundai Creta,₹7 Lakh,Aug 2018,"1,15,000 Kms",First Owner,Petrol,Manual,FWD,1591 cc,121.3 bhp,15.8 kmpl,4.0,No,5 Seats,1260 kg,,55 Litres,,
Hyundai Venue,₹8.35 Lakh,Nov 2020,"85,000 Kms",First Owner,Diesel,Manual,FWD,1493 cc,98.6 bhp,23.7 kmpl,4.0,Yes,5 Seats,1220 kg,,,45 Litres,
Mahindra Marazzo,₹7.75 Lakh,Mar 2020,"93,000 Kms",Second Owner,Diesel,Manual,FWD,1497 cc,121 bhp,,4.0,Yes,8 Seats,1650 s kg,,,45 Litres,
Mahindra Marazzo,₹7.75 Lakh,Mar 2020,"65,000 Kms",Second Owner,Diesel,Manual,FWD,1497 cc,121 bhp,,4.0,Yes,7 Seats,1650 s kg,,,45 Litres,
Hyundai Creta,₹6.35 Lakh,May 2016,"85,200 Kms",Second Owner,,Manual,FWD,1591 cc,121.3 bhp,13 kmpl,4.0,No,5 Seats,1280 kg,190 mm,55 Litres,,
Honda Amaze,₹4.81 Lakh,Feb 2020,"49,000 Kms",First Owner,Petrol,Manual,FWD,1199 cc,88.76 bhp,18.6 kmpl,4.0,No,5 Seats,917 kg,,35 Litres,,
Maruti Suzuki Vitara Brezza,₹8.10 Lakh,Feb 2019,"1,00,000 Kms",Second Owner,,Automatic,FWD,1248 cc,88.5 bhp,24.3 kmpl,4.0,Yes,5 Seats,1205 kg,198 mm,,48 Litres,
Hyundai Creta,₹7.40 Lakh,Jul 2017,"48,000 Kms",Second Owner,,Automatic,FWD,1591 cc,121.3 bhp,13 kmpl,4.0,No,5 Seats,1280 kg,190 mm,55 Litres,,
Hyundai Venue,₹7.95 Lakh,Feb 2020,"50,000 Kms",First Owner,Petrol,Automatic,FWD,998 cc,118.35 bhp,18.15 kmpl,3.0,Yes,5 Seats,1440 kg,,45 Litres,,
Honda Amaze,₹3.39 Lakh,Mar 2015,"49,999 Kms",First Owner,Petrol,Manual,FWD,1198 cc,86.7 bhp,18 kmpl,4.0,No,5 Seats,950 kg,165 mm,35 Litres,,
Hyundai Creta,₹7.99 Lakh,Jul 2018,"65,000 Kms",First Owner,Petrol,Manual,FWD,1591 cc,121.3 bhp,15.8 kmpl,4.0,No,5 Seats,1260 kg,,55 Litres,,
Honda City,₹6.94 Lakh,Oct 2017,"55,000 Kms",First Owner,Petrol,Manual,FWD,1497 cc,117.3 bhp,17.8 kmpl,4.0,No,5 Seats,1065 kg,165 mm,40 Litres,,
Hyundai i20,₹6.25 Lakh,Jun 2019,"25,000 Kms",First Owner,Petrol,Manual,FWD,1197 cc,81.86 bhp,18.6 kmpl,4.0,No,5 Seats,1160 kg,170 mm,40 Litres,,
Audi A6,₹8.95 Lakh,Apr 2013,"74,000 Kms",First Owner,Diesel,Automatic,FWD,1968 cc,174.33 bhp,,4.0,Yes,5 Seats,1660 kg,165 mm,,65 Litres,
Toyota Urban Cruiser EBELLA,₹7.10 Lakh,Jan 2021,"12,000 Kms",First Owner,Petrol,Manual,,1462 cc,103.26 bhp,17.03 kmpl,4.0,,5 Seats,1115-1130 kg,,48 Litres,,
Maruti Suzuki XL6,₹9 Lakh,Oct 2021,"19,747 Kms",First Owner,Petrol,Manual,FWD,1462 cc,103.2 bhp,19.01 kmpl,4.0,,6 Seats,1180 kg,,45 Litres,,
Mahindra XUV500,₹7.58 Lakh,Aug 2017,"80,100 Kms",Second Owner,,Manual,FWD,2179 cc,140 bhp,16 kmpl,4.0,Yes,7 Seats,1655 kg,200 mm,,70 Litres,
BMW X1,₹6.50 Lakh,Jan 2014,"65,000 Kms",Fourth Owner,Diesel,Automatic,RWD,1995 cc,184 bhp,,4.0,Yes,5 Seats,1485 kg,179 mm,,61 Litres,
Hyundai Creta,₹6.25 Lakh,Nov 2017,"71,200 Kms",First Owner,,Manual,FWD,1591 cc,121.3 bhp,15.29 kmpl,4.0,No,5 Seats,"1,300 kg",190 mm,55 Litres,,
Volkswagen Vento,₹7.50 Lakh,Oct 2020,"28,297 Kms",First Owner,Petrol,Automatic,FWD,999 cc,108.62 bhp,16.35 kmpl,3.0,Yes,5 Seats,1175 kg,163 mm,55 Litres,,
Skoda Rapid,₹3 Lakh,2014,"60,000 Kms",First Owner,Petrol,Manual,FWD,1598 cc,103.5 bhp,15 kmpl,4.0,No,5 Seats,1145 kg,168 mm,55 Litres,,
Hyundai Creta,₹9.95 Lakh,Feb 2020,"42,000 Kms",Second Owner,,Manual,FWD,1591 cc,121.3 bhp,13 kmpl,4.0,No,5 Seats,1280 kg,190 mm,,,
Mahindra XUV500,₹6.70 Lakh,Jun 2015,"1,15,000 Kms",Second Owner,,Manual,FWD,2179 cc,140 bhp,16 kmpl,4.0,Yes,7 Seats,1655 kg,200 mm,,70 Litres,
Hyundai i10,₹1.85 Lakh,Jul 2012,"51,000 Kms",Second Owner,Petrol,Automatic,FWD,1197 cc,78.9 bhp,16.95 kmpl,4.0,No,5 Seats,990 kg,165 mm,35 Litres,,
Maruti Suzuki Ciaz,₹7.75 Lakh,Mar 2021,"21,000 Kms",First Owner,Petrol,Manual,FWD,1462 cc,103.25 bhp,20.65 kmpl,4.0,,5 Seats,1120 kg,,43 Litres,,
Hyundai Creta,₹7.49 Lakh,Sept 2017,"77,000 Kms",Second Owner,,Automatic,FWD,1582 cc,126.2 bhp,17.01 kmpl,4.0,Yes,5 Seats,1320 kg,190 mm,,55 Litres,
Audi Q7,₹69 Lakh,Mar 2022,"45,000 Kms",First Owner,,Automatic,AWD,2967 cc,245 bhp,14.75 kmpl,4.0,Yes,7 Seats,2330 kg,205 mm,,85 Litres,
Skoda Octavia,₹7.75 Lakh,Dec 2016,"35,000 Kms",Second Owner,Petrol,Automatic,FWD,1798 cc,177 bhp,15.1 kmpl,4.0,Yes,5 Seats,1376 kg,155 mm,50 Litres,,
Toyota Camry,₹33 Lakh,2023,"20,000 Kms",First Owner,Petrol,Automatic,FWD,2487 cc,175.67 bhp,16 kmpl,4.0,,5 Seats,1665 kg,,50 Litres,,
Toyota Innova Crysta,₹15.65 Lakh,Mar 2018,"1,35,000 Kms",First Owner,Diesel,Automatic,RWD,2755 cc,171.5 bhp,,4.0,Yes,7 Seats,1880 kg,,,55 Litres,
Audi A6,₹50 Lakh,2024,"20,000 Kms",First Owner,Petrol,Automatic,FWD,1984 cc,241.3 bhp,,4.0,Yes,5 Seats,1740 kg,165 mm,73 Litres,,
Kia Carens,₹16.90 Lakh,Mar 2024,"20,266 Kms",First Owner,Petrol,Automatic,FWD,1482 cc,157.81 bhp,,4.0,Yes,7 Seats,,,45 Litres,,
Hyundai Alcazar,₹15.95 Lakh,Jun 2022,"26,000 Kms",First Owner,Petrol,Automatic,,1999 cc,156.9 bhp,14.2 kmpl,4.0,No,7 Seats,1730 kg,,50 Litres,,
Kia Seltos,₹10.90 Lakh,Aug 2023,"19,824 Kms",Second Owner,Petrol,Automatic,2WD,1353 cc,138 bhp,16.2 kmpl,4.0,Yes,5 Seats,1505 kg,,50 Litres,,
Hyundai Elantra,₹3.99 Lakh,Feb 2015,"75,000 Kms",Second Owner,Petrol,Manual,FWD,1797 cc,147.5 bhp,16.3 kmpl,4.0,No,5 Seats,1329 kg,175 mm,56 Litres,,
Mahindra XUV700,₹17.99 Lakh,Nov 2021,"68,000 Kms",First Owner,Petrol,Automatic,FWD,1999 cc,197.13 bhp,11 kmpl,4.0,Yes,7 Seats,1850 kg,,60 Litres,,
Hyundai Grand i10,₹3.23 Lakh,Sept 2015,"56,001 Kms",First Owner,Petrol,Manual,FWD,1197 cc,81.86 bhp,18.9 kmpl,4.0,No,5 Seats,1120 kg,165 mm,43 Litres,,
Nissan Magnite,₹4.28 Lakh,Aug 2021,"30,674 Kms",First Owner,,Manual,FWD,999 cc,71.01 bhp,19.35 kmpl,3.0,No,5 Seats,,205 mm,40 Litres,,
Nissan Sunny,₹3.39 Lakh,Oct 2014,"29,000 Kms",First Owner,Petrol,Manual,FWD,1498 cc,97.7 bhp,16.95 kmpl,4.0,No,5 Seats,1027 kg,,41 Litres,,
Hyundai Verna,₹3.92 Lakh,Aug 2014,"37,970 Kms",First Owner,Petrol,Manual,FWD,1591 cc,121.3 bhp,17.01 kmpl,4.0,No,5 Seats,1290 kg,165 mm,43 Litres,,
Maruti Suzuki Baleno,₹5.91 Lakh,Jul 2021,"48,765 Kms",First Owner,Diesel,Manual,FWD,1248 cc,74 bhp,27.39 kmpl,4.0,Yes,5 Seats,960-985 kg,170 mm,,37 Litres,
Maruti Suzuki Celerio,₹2.43 Lakh,Sept 2014,"59,830 Kms",Third Owner,Petrol,Automatic,FWD,998 cc,67.77 bhp,26.68 kmpl,3.0,,5 Seats,815 kg,,32 Litres,,
Honda Jazz,₹4.31 Lakh,Nov 2016,"46,190 Kms",First Owner,Petrol,Automatic,FWD,1199 cc,88.7 bhp,19 kmpl,4.0,No,5 Seats,1066 kg,165 mm,40 Litres,,
Maruti Suzuki Swift Dzire,₹3.44 Lakh,Mar 2014,"35,436 Kms",First Owner,Petrol,Manual,FWD,1197 cc,83.14 bhp,20.85 kmpl,4.0,No,5 Seats,945 kg,170 mm,42 Litres,,
Hyundai i20,₹1.89 Lakh,Oct 2010,"78,000 Kms",First Owner,Petrol,Manual,,1197 cc,,17 kmpl,4.0,No,5 Seats,1100 kg,165 mm,45 Litres,,
Honda Jazz,₹3.32 Lakh,Mar 2016,"52,017 Kms",Second Owner,Petrol,Automatic,FWD,1199 cc,88.7 bhp,19 kmpl,4.0,No,5 Seats,1062 kg,165 mm,40 Litres,,
Mercedes-Benz B Class,₹12.21 Lakh,Jan 2017,"59,000 Kms",First Owner,Petrol,Automatic,FWD,1595 cc,120.69 bhp,,4.0,Yes,5 Seats,1425 kg,134 mm,50 Litres,,
Maruti Suzuki Vitara Brezza,₹6.99 Lakh,Aug 2020,"20,000 Kms",First Owner,Petrol,Manual,FWD,1462 cc,103.26 bhp,17.03 kmpl,4.0,,5 Seats,1110-1130 kg,,48 Litres,,
Tata Safari,₹14.50 Lakh,Sept 2022,"48,500 Kms",Second Owner,Diesel,Automatic,,1956 cc,167.67 bhp,14.08 kmpl,4.0,Yes,7 Seats,1825 kg,,,50 Litres,
Hyundai Verna,₹7.60 Lakh,May 2018,"41,000 Kms",First Owner,Petrol,Automatic,FWD,1591 cc,121.3 bhp,17 kmpl,4.0,No,5 Seats,1238 kg,165 mm,45 Litres,,
Kia Sonet,₹11 Lakh,2022,"50,000 Kms",First Owner,Diesel,Automatic,FWD,1493 cc,113.42 bhp,,4.0,Yes,5 Seats,1505 kg,,,45 Litres,
Tata Tiago,₹3.50 Lakh,Mar 2017,"55,105 Kms",First Owner,Diesel,Manual,FWD,1047 cc,69 bhp,27.28 kmpl,3.0,Yes,5 Seats,1060 kg,170 mm,,35 Litres,
Kia Sonet,₹8.75 Lakh,Jul 2021,"45,000 Kms",First Owner,Diesel,Manual,FWD,1493 cc,98.63 bhp,,4.0,Yes,5 Seats,1190 kg,,,45 Litres,
Kia Seltos,₹15.85 Lakh,Mar 2023,"43,000 Kms",First Owner,Diesel,Automatic,FWD,1493 cc,113.43 bhp,,4.0,Yes,5 Seats,1468 kg,,,50 Litres,
MG Hector Plus,₹10.50 Lakh,2020,"1,02,000 Kms",First Owner,Petrol,Automatic,,1451 cc,141 bhp,11.67 kmpl,4.0,YES,6 Seats,1820 kg,,60 Litres,,
Skoda Rapid,₹4.99 Lakh,Feb 2015,"81,762 Kms",First Owner,Diesel,Manual,FWD,1498 cc,103.52 bhp,21.14 kmpl,4.0,Yes,5 Seats,1206 kg,168 mm,,55 Litres,
Honda Brio,₹2.30 Lakh,Mar 2014,"62,017 Kms",First Owner,Petrol,Manual,FWD,1198 cc,86.8 bhp,19.4 kmpl,4.0,No,5 Seats,925 kg,165 mm,35 Litres,,
Mahindra TUV 300 Plus,₹6.49 Lakh,Sept 2018,"73,085 Kms",Second Owner,Diesel,Manual,RWD,2179 cc,120 bhp,18.49 kmpl,4.0,Yes,9 Seats,1685 kg,,,60 Litres,
Tata Nexon EV,₹7 Lakh,2021,"90,000 Kms",First Owner,,Automatic,,,127 bhp,,,,5 Seats,1400 kg,205 mm,,,
Maruti Suzuki Ciaz,₹4.90 Lakh,Mar 2016,"1,01,000 Kms",First Owner,Diesel,Manual,FWD,1248 cc,88.5 bhp,28.09 kmpl,4.0,Yes,5 Seats,1115 kg,170 mm,,43 Litres,
Datsun RediGO,₹2.15 Lakh,Jan 2017,"38,037 Kms",First Owner,Petrol,Manual,2WD,799 cc,53.64 bhp,22.7 kmpl,3.0,No,5 Seats,730 kg,,28 Litres,,
Kia Seltos,₹10.50 Lakh,Jun 2023,"42,318 Kms",First Owner,Petrol,Automatic,2WD,1497 cc,113.42 bhp,16.8 kmpl,4.0,No,5 Seats,1555 kg,,50 Litres,,
Honda City,₹4.80 Lakh,Feb 2016,"1,00,000 Kms",First Owner,Diesel,Manual,FWD,1498 cc,98.6 bhp,26 kmpl,4.0,Yes,5 Seats,1150 kg,165 mm,,40 Litres,
Toyota Innova Crysta,₹14.75 Lakh,Sept 2017,"1,07,500 Kms",First Owner,Diesel,Automatic,RWD,2755 cc,171.5 bhp,,4.0,Yes,8 Seats,1835 kg,,,55 Litres,
Hyundai i10,₹2.25 Lakh,Feb 2014,"66,068 Kms",First Owner,Petrol,Manual,FWD,1197 cc,78.9 bhp,20.36 kmpl,4.0,No,5 Seats,930 kg,165 mm,35 Litres,,
Maruti Suzuki Wagon R,₹3.95 Lakh,Jan 2017,"19,000 Kms",First Owner,Petrol,Automatic,FWD,998 cc,67 bhp,20.51 kmpl,3.0,No,5 Seats,890 kg,165 mm,35 Litres,,
Tata Safari,₹15.80 Lakh,2021,"70,000 Kms",First Owner,Diesel,Automatic,,1956 cc,167.67 bhp,14.08 kmpl,4.0,Yes,7 Seats,1825 kg,,,50 Litres,
Maruti Suzuki Swift,₹3.90 Lakh,Apr 2016,"34,000 Kms",First Owner,Petrol,Manual,FWD,1197 cc,85.8 bhp,18.6 kmpl,4.0,No,5 Seats,970 kg,170 mm,42 Litres,,
Volkswagen Jetta,₹3.45 Lakh,Jun 2013,"72,790 Kms",First Owner,Diesel,Manual,FWD,1968 cc,138.1 bhp,19.33 kmpl,4.0,Yes,5 Seats,1445 kg,159 mm,,55 Litres,
Volvo XC60,₹55 Lakh,Jul 2023,"16,000 Kms",Second Owner,Petrol,Automatic,AWD,1969 cc,250 bhp,,4.0,Yes,5 Seats,1945 kg,230 mm,70 Litres,,
Honda Jazz,₹6.50 Lakh,2019,"40,000 Kms",First Owner,Petrol,Manual,FWD,1199 cc,88.7 bhp,18.2 kmpl,4.0,No,5 Seats,1044 kg,165 mm,40 Litres,,
Mercedes-Benz GL-Class,₹23.75 Lakh,Jan 2016,"73,000 Kms",First Owner,Diesel,Automatic,AWD,2987 cc,254.8 bhp,,6.0,Yes,7 Seats,2535 kg,307 mm,,100 Litres,
Jeep Meridian,₹22.25 Lakh,Dec 2022,"56,000 Kms",First Owner,Diesel,Automatic,FWD,1956 cc,167.67 bhp,,4.0,Yes,7 Seats,1780 kg,,,60 Litres,
Mercedes-Benz E-Class,₹25.75 Lakh,Oct 2018,"58,000 Kms",Second Owner,Diesel,Automatic,RWD,1950 cc,191.7 bhp,,4.0,Yes,5 Seats,1805 kg,,,80 Litres,
Mercedes-Benz GLS,₹99.99 Lakh,Jan 2022,"45,000 Kms",First Owner,Diesel,Automatic,AWD,2925 cc,325.86 bhp,,6.0,,7 Seats,2505 kg,,,,
Mercedes-Benz GLC,₹23.99 Lakh,Jan 2017,"79,315 Kms",First Owner,Diesel,Automatic,AWD,2143 cc,170 bhp,,4.0,Yes,5 Seats,1954 kg,,,65 Litres,
Land Rover Discovery Sport,₹29.95 Lakh,Jun 2019,"39,720 Kms",First Owner,Diesel,Automatic,4WD,1999 cc,148.31 bhp,,4.0,Yes,7 Seats,2103 kg,212 mm,,65 Litres,
Mercedes-Benz GLC,₹23.99 Lakh,Aug 2017,"79,315 Kms",First Owner,Diesel,Automatic,AWD,2143 cc,170 bhp,,4.0,Yes,5 Seats,1954 kg,,,65 Litres,
Maruti Suzuki Celerio,₹3.75 Lakh,2020,"70,000 Kms",Second Owner,CNG,Manual,FWD,998 cc,58.33 bhp,30.47 km/kg,3.0,No,5 Seats,920 kg,165 mm,,,60 Litres
Land Rover Discovery,₹29.95 Lakh,Jan 2019,"39,720 Kms",First Owner,Diesel,Automatic,AWD,2993 cc,255 bhp,,6.0,Yes,7 Seats,2376 kg,,,85 Litres,
Mercedes-Benz E-Class,₹25 Lakh,May 2018,"70,000 Kms",Second Owner,Diesel,Automatic,RWD,1950 cc,191.7 bhp,,4.0,Yes,5 Seats,1805 kg,,,80 Litres,
Kia Carnival,₹24 Lakh,May 2020,"60,200 Kms",First Owner,Diesel,Automatic,2WD,2199 cc,197.26 bhp,,4.0,Yes,7 Seats,2270 kg,,,60 Litres,
Maruti Suzuki Ertiga,₹5.75 Lakh,Nov 2015,"72,000 Kms",First Owner,CNG,Manual,FWD,1373 cc,80.9 bhp,22.8 km/kg,4.0,No,7 Seats,1160 kg,185 mm,,,10 Litres
Land Rover Range Rover Evoque,₹29.50 Lakh,Jul 2018,"39,000 Kms",First Owner,Diesel,Automatic,4WD,1999 cc,177 bhp,,4.0,Yes,5 Seats,1851 kg,210 mm,,54 Litres,
Mercedes-Benz GL-Class,₹26.90 Lakh,Jul 2015,"49,000 Kms",First Owner,Diesel,Automatic,AWD,2987 cc,254.8 bhp,,6.0,Yes,7 Seats,2535 kg,307 mm,,100 Litres,
Mercedes-Benz GL-Class,₹27 Lakh,Mar 2016,"65,000 Kms",Second Owner,Diesel,Automatic,AWD,2987 cc,254.8 bhp,,6.0,Yes,7 Seats,2535 kg,307 mm,,100 Litres,
Toyota Fortuner,₹23.50 Lakh,Oct 2017,"2,15,323 Kms",First Owner,,Automatic,RWD,2755 cc,174.5 bhp,12.9 kmpl,4.0,Yes,7 Seats,2360 kg,220 mm,,80 Litres,
Mercedes-Benz GLC,₹27.45 Lakh,Sept 2017,"31,000 Kms",First Owner,Diesel,Automatic,AWD,2143 cc,170 bhp,,4.0,Yes,5 Seats,1954 kg,,,65 Litres,
Mercedes-Benz E-Class,₹27.95 Lakh,Apr 2017,"38,600 Kms",First Owner,Diesel,Automatic,RWD,1950 cc,191.7 bhp,,4.0,Yes,5 Seats,1805 kg,,,,
Mercedes-Benz GLC,₹24.50 Lakh,Dec 2017,"68,000 Kms",First Owner,Diesel,Automatic,AWD,2143 cc,170 bhp,,4.0,Yes,5 Seats,1954 kg,,,65 Litres,
Tata Nexon,₹8.99 Lakh,May 2023,"16,452 Kms",First Owner,Petrol,Automatic,,1199 cc,118.35 bhp,17.05 kmpl,3.0,NO,5 Seats,,209 mm,44 Litres,,
Volvo XC60,₹27.75 Lakh,Mar 2018,"77,000 Kms",Second Owner,Diesel,Automatic,AWD,1969 cc,235 bhp,,4.0,Yes,5 Seats,1825 kg,223 mm,,71 Litres,
Jaguar F-Pace,₹23.50 Lakh,Jun 2018,"80,500 Kms",Second Owner,,Automatic,FWD,1999 cc,177 bhp,16.38 kmpl,4.0,Yes,5 Seats,1775 kg,213 mm,,60 Litres,
Mercedes-Benz E-Class,₹22.75 Lakh,Jan 2017,"28,500 Kms",Second Owner,Petrol,Automatic,RWD,1991 cc,184 bhp,,4.0,Yes,5 Seats,1720 kg,123 mm,80 Litres,,
Maruti Suzuki Ertiga,₹7.89 Lakh,Sept 2017,"1,27,000 Kms",First Owner,Diesel,Manual,FWD,1248 cc,88.5 bhp,24.52 kmpl,4.0,Yes,7 Seats,1260 kg,185 mm,,45 Litres,
Mercedes-Benz GLE,₹24.75 Lakh,Oct 2016,"1,12,000 Kms",First Owner,,Automatic,AWD,2143 cc,201.15 bhp,17.9 kmpl,4.0,Yes,5 Seats,2150 kg,200 mm,,93 Litres,
Land Rover Discovery Sport,₹28.75 Lakh,Sept 2019,"37,000 Kms",First Owner,Diesel,Automatic,4WD,1999 cc,148.31 bhp,,4.0,Yes,7 Seats,2103 kg,212 mm,,65 Litres,
Mercedes-Benz E-Class,₹29.95 Lakh,Mar 2020,"62,300 Kms",Second Owner,Diesel,Automatic,RWD,2987 cc,254.8 bhp,,6.0,Yes,5 Seats,1835 kg,,,80 Litres,
Hyundai Aura,₹7.40 Lakh,Jun 2023,"20,515 Kms",First Owner,CNG,Manual,FWD,1197 cc,68 bhp,22 km/kg,4.0,,5 Seats,,,,,65 Litres
MG Hector Plus,₹19.50 Lakh,2024,"20,000 Kms",First Owner,Petrol,Automatic,FWD,1451 cc,141.04 bhp,12.34 kmpl,4.0,YES,7 Seats,,,60 Litres,,
Mercedes-Benz GLE,₹24.95 Lakh,May 2016,"70,000 Kms",First Owner,,Automatic,AWD,2143 cc,201.15 bhp,17.9 kmpl,4.0,Yes,5 Seats,2150 kg,200 mm,,93 Litres,
Jeep Meridian,₹32 Lakh,Nov 2024,"8,000 Kms",First Owner,Diesel,Automatic,FWD,1956 cc,168 bhp,8.2 kmpl,4.0,Yes,7 Seats,,,,60 Litres,
Land Rover Discovery Sport,₹59.95 Lakh,Dec 2024,"4,788 Kms",First Owner,Petrol,Automatic,AWD,1997 cc,247 bhp,,4.0,Yes,7 Seats,,167 mm,70 Litres,,
Tata Tiago,₹3.65 Lakh,Apr 2018,"71,500 Kms",First Owner,Petrol,Automatic,FWD,1199 cc,83.83 bhp,23.84 kmpl,3.0,No,5 Seats,1012 kg,170 mm,35 Litres,,
Land Rover Discovery Sport,₹29.75 Lakh,Apr 2019,"39,000 Kms",First Owner,Diesel,Automatic,4WD,1999 cc,148.31 bhp,,4.0,Yes,7 Seats,2103 kg,212 mm,,65 Litres,
Hyundai i20,₹5.15 Lakh,May 2017,"34,000 Kms",First Owner,Petrol,Manual,FWD,1197 cc,81.83 bhp,18.6 kmpl,4.0,No,5 Seats,1066 kg,170 mm,45 Litres,,
Maruti Suzuki S Cross,₹6.73 Lakh,May 2017,"40,592 Kms",First Owner,Petrol,Manual,FWD,1462 cc,103.25 bhp,18.55 kmpl,4.0,,5 Seats,1130-1170 kg,,48 Litres,,
Honda City,₹4.25 Lakh,Nov 2016,"46,000 Kms",First Owner,Petrol,Manual,FWD,1497 cc,117.3 bhp,17.8 kmpl,4.0,No,5 Seats,1042 kg,165 mm,40 Litres,,
Mahindra XUV500,₹7.45 Lakh,Jun 2018,"75,000 Kms",Second Owner,,Manual,FWD,2179 cc,152.87 bhp,15.1 kmpl,4.0,Yes,7 Seats,1675 kg,200 mm,,70 Litres,
Maruti Suzuki Vitara Brezza,₹6.49 Lakh,Nov 2018,"63,000 Kms",First Owner,,Manual,FWD,1248 cc,88.5 bhp,24.3 kmpl,4.0,Yes,5 Seats,1190 kg,198 mm,,48 Litres,
Honda Jazz,₹4.65 Lakh,Mar 2025,"33,000 Kms",First Owner,Petrol,Manual,FWD,1199 cc,88.7 bhp,18.7 kmpl,4.0,No,5 Seats,1044 kg,165 mm,40 Litres,,
Honda Brio,₹3.75 Lakh,Aug 2014,"29,000 Kms",First Owner,Petrol,Automatic,FWD,1198 cc,86.8 bhp,16.5 kmpl,4.0,No,5 Seats,970 kg,165 mm,35 Litres,,
Maruti Suzuki Ciaz,₹5.20 Lakh,Oct 2016,"72,000 Kms",First Owner,Petrol,Automatic,FWD,1373 cc,91.1 bhp,19.12 kmpl,4.0,No,5 Seats,1030 kg,170 mm,43 Litres,,
Maruti Suzuki Swift Dzire,₹3.49 Lakh,Nov 2015,"52,000 Kms",First Owner,Petrol,Manual,FWD,1197 cc,83.14 bhp,20.85 kmpl,4.0,No,5 Seats,945 kg,170 mm,42 Litres,,
Hyundai Grand i10,₹3.75 Lakh,Mar 2016,"9,000 Kms",First Owner,Petrol,Manual,FWD,1197 cc,82 bhp,18.9 kmpl,4.0,No,5 Seats,935 kg,165 mm,43 Litres,,
Honda City,₹4.15 Lakh,Apr 2015,"51,000 Kms",First Owner,Petrol,Automatic,FWD,1497 cc,117.3 bhp,18 kmpl,4.0,No,5 Seats,1065 kg,165 mm,40 Litres,,
Volkswagen Vento,₹4.31 Lakh,Mar 2016,"52,000 Kms",Second Owner,Petrol,Automatic,FWD,1197 cc,103.5 bhp,18.19 kmpl,4.0,Yes,5 Seats,1169 kg,163 mm,55 Litres,,
Maruti Suzuki Celerio,₹4.99 Lakh,May 2022,"33,000 Kms",First Owner,Petrol,Manual,,998 cc,65.71 bhp,25.24 kmpl,3.0,,5 Seats,810 kg,,32 Litres,,
Tata Tiago,₹4.33 Lakh,Oct 2020,"41,424 Kms",Second Owner,Petrol,Manual,FWD,1199 cc,83.83 bhp,23.84 kmpl,3.0,No,5 Seats,1012 kg,170 mm,35 Litres,,
Ford Ecosport,₹4.50 Lakh,2017,"51,400 Kms",First Owner,,Automatic,FWD,1497 cc,121.36 bhp,14.8 kmpl,3.0,No,5 Seats,1320 kg,200 mm,52 Litres,,
MG Hector,₹17.90 Lakh,Nov 2024,"7,000 Kms",First Owner,Petrol,Automatic,FWD,1451 cc,141.04 bhp,12.34 kmpl,4.0,Yes,5 Seats,,,60 Litres,,
Maruti Suzuki Swift Dzire,₹5.25 Lakh,Nov 2017,"63,153 Kms",First Owner,Petrol,Automatic,FWD,1197 cc,83.14 bhp,18.5 kmpl,4.0,No,5 Seats,965 kg,170 mm,42 Litres,,
Honda City,₹5.55 Lakh,May 2018,"80,000 Kms",Second Owner,Petrol,Automatic,FWD,1497 cc,117.6 bhp,18 kmpl,4.0,No,5 Seats,1080 kg,165 mm,40 Litres,,
Skoda Superb,₹8.80 Lakh,2018,"79,000 Kms",First Owner,Petrol,Manual,FWD,1798 cc,177.46 bhp,14.12 kmpl,4.0,Yes,5 Seats,1494 kg,164 mm,66 Litres,,
Volkswagen Ameo,₹3.40 Lakh,Feb 2017,"86,000 Kms",Second Owner,Petrol,Manual,FWD,1198 cc,73.75 bhp,17 kmpl,3.0,No,5 Seats,1059 kg,163 mm,45 Litres,,
Honda Amaze,₹3.85 Lakh,Feb 2016,"25,000 Kms",First Owner,Petrol,Automatic,FWD,1198 cc,86.7 bhp,15.5 kmpl,4.0,No,5 Seats,990 kg,165 mm,35 Litres,,
MG Hector Plus,₹11 Lakh,Feb 2021,"23,427 Kms",Second Owner,Petrol,Automatic,,1451 cc,141 bhp,16.56 kmpl,4.0,YES,6 Seats,1820 kg,,60 Litres,,
Hyundai Venue N Line,₹10.75 Lakh,Oct 2022,"33,000 Kms",First Owner,Petrol,Automatic,,998 cc,118.41 bhp,,3.0,,5 Seats,1266 kg,,45 Litres,,
MG Astor,₹11.43 Lakh,Mar 2022,"21,399 Kms",Second Owner,Petrol,Automatic,2WD,1498 cc,108.49 bhp,14.85 kmpl,4.0,No,5 Seats,,,48 Litres,,
Volkswagen Virtus,₹12.49 Lakh,Feb 2024,"27,824 Kms",First Owner,Petrol,Manual,FWD,999 cc,113.98 bhp,20.08 kmpl,3.0,Yes,5 Seats,1218 kg,179 mm,45 Litres,,
Kia Carens,₹13.90 Lakh,Jul 2023,"32,000 Kms",First Owner,Petrol,Automatic,FWD,1482 cc,157.81 bhp,,4.0,Yes,7 Seats,,,45 Litres,,
Audi Q3,₹13 Lakh,2014,"60,000 Kms",Second Owner,,Automatic,AWD,1968 cc,174.33 bhp,15.73 kmpl,4.0,Yes,5 Seats,1660 kg,170 mm,,64 Litres,
MG Hector,₹14.75 Lakh,Mar 2021,"22,500 Kms",First Owner,,Automatic,FWD,1451 cc,141 bhp,13.96 kmpl,4.0,Yes,5 Seats,1800 kg,183 mm,60 Litres,,
Kia Seltos,₹11.50 Lakh,Sept 2020,"78,000 Kms",Second Owner,Petrol,Manual,FWD,1353 cc,138.08 bhp,16.5 kmpl,4.0,Yes,5 Seats,1515 kg,,50 Litres,,
MG Hector,₹10.90 Lakh,Feb 2020,"27,792 Kms",First Owner,,Automatic,FWD,1451 cc,141 bhp,13.96 kmpl,4.0,Yes,5 Seats,1800 kg,183 mm,60 Litres,,
Mahindra Thar,₹11.50 Lakh,2020,"40,000 Kms",First Owner,,Automatic,4X4,1997 cc,150 bhp,15.2 kmpl,4.0,Yes,4 Seats,1845 kg,226 mm,57 Litres,,
Hyundai Venue N Line,₹11.85 Lakh,Jul 2023,"10,774 Kms",First Owner,Petrol,Automatic,FWD,998 cc,118.41 bhp,18 kmpl,3.0,YES,5 Seats,,,45 Litres,,
Maruti Suzuki XL6,₹10.25 Lakh,Dec 2021,"24,518 Kms",First Owner,Petrol,Automatic,FWD,1462 cc,103.2 bhp,,4.0,,6 Seats,1190 kg,,45 Litres,,
MG Hector,₹11.95 Lakh,Feb 2021,"45,477 Kms",First Owner,,Automatic,FWD,1451 cc,141 bhp,8.61 kmpl,4.0,Yes,5 Seats,1820 kg,192 mm,60 Litres,,
MG Astor,₹11.50 Lakh,2022,"30,000 Kms",First Owner,Petrol,Automatic,,1498 cc,108.49 bhp,14.82 kmpl,4.0,No,5 Seats,1450 kg,,48 Litres,,
Kia Seltos,₹10.95 Lakh,Aug 2022,"30,347 Kms",First Owner,Petrol,Manual,FWD,1497 cc,113.43 bhp,16.8 kmpl,4.0,No,5 Seats,1485 kg,,50 Litres,,
Mercedes-Benz GLC,₹27.45 Lakh,Jun 2017,"31,900 Kms",First Owner,Diesel,Automatic,AWD,2143 cc,167.6 bhp,,4.0,Yes,5 Seats,1954 kg,,,66 Litres,
Kia Seltos,₹10.62 Lakh,Jan 2021,"20,092 Kms",First Owner,Petrol,Automatic,2WD,1353 cc,138 bhp,16.2 kmpl,4.0,Yes,5 Seats,1505 kg,,50 Litres,,
BMW 7 Series,₹48 Lakh,May 2017,"35,000 Kms",First Owner,Diesel,Automatic,AWD,2993 cc,261.49 bhp,,6.0,Yes,5 Seats,"2,015 kg",152 mm,,78 Litres,
Volkswagen Taigun,₹13 Lakh,Nov 2022,"35,693 Kms",First Owner,Petrol,Automatic,,1498 cc,147.51 bhp,17.88 kmpl,4.0,Yes,5 Seats,1312 kg,188 mm,,,
Kia Carens,₹12.32 Lakh,Mar 2022,"41,453 Kms",First Owner,Diesel,Manual,FWD,1493 cc,114.41 bhp,,4.0,Yes,6 Seats,,,,45 Litres,
Skoda Octavia,₹10.04 Lakh,Jun 2019,"48,040 Kms",Second Owner,Petrol,Automatic,FWD,1798 cc,178 bhp,15.1 kmpl,4.0,Yes,5 Seats,1376 kg,110 mm,50 Litres,,
Jeep Compass,₹8.99 Lakh,Dec 2017,"64,000 Kms",First Owner,,Manual,4X2,1956 cc,170 bhp,17.1 kmpl,4.0,Yes,5 Seats,1562 s kg,178 mm,,60 Litres,
Honda City,₹11.53 Lakh,Feb 2021,"31,300 Kms",First Owner,Petrol,Manual,,1498 cc,119.35 bhp,18.6 kmpl,4.0,,5 Seats,1107-1153 kg,,40 Litres,,
MG Hector,₹12.10 Lakh,May 2023,"57,422 Kms",Second Owner,Petrol,Automatic,FWD,1451 cc,141.04 bhp,12.34 kmpl,4.0,Yes,5 Seats,,,60 Litres,,
Kia Seltos,₹11.51 Lakh,Jun 2020,"38,898 Kms",Second Owner,Petrol,Automatic,FWD,1353 cc,138.08 bhp,16.5 kmpl,4.0,Yes,5 Seats,1535 kg,,50 Litres,,
Mahindra Scorpio,₹2.40 Lakh,2007,"1,00,000 Kms",First Owner,Diesel,Manual,2WD,2609 cc,,12.7 kmpl,4.0,Yes,7 Seats,1920 kg,180 mm,,60 Litres,
Maruti Suzuki XL6,₹12.12 Lakh,Sept 2022,"25,219 Kms",First Owner,Petrol,Automatic,FWD,1462 cc,101.64 bhp,,4.0,,6 Seats,1225 kg,,45 Litres,,
Maruti Suzuki XL6,₹11.49 Lakh,Oct 2024,"12,452 Kms",First Owner,Petrol,Manual,FWD,1462 cc,101.64 bhp,,4.0,,6 Seats,1200 kg,,45 Litres,,
Honda City,₹11.43 Lakh,Feb 2021,"30,444 Kms",First Owner,Petrol,Manual,,1498 cc,119.35 bhp,18.6 kmpl,4.0,,5 Seats,1107-1153 kg,,40 Litres,,
Land Rover Freelander 2,₹8.30 Lakh,2014,"90,000 Kms",Second Owner,Diesel,Automatic,4WD,2179 cc,187.74 bhp,,4.0,Yes,5 Seats,2045 kg,210 mm,,68 Litres,
Skoda Kushaq,₹12.41 Lakh,Oct 2021,"40,211 Kms",First Owner,Petrol,Manual,FWD,999 cc,113.98 bhp,19.76 kmpl,3.0,Yes,5 Seats,1193-1248 kg,,50 Litres,,
Kia Seltos,₹11.56 Lakh,Nov 2020,"51,702 Kms",First Owner,Petrol,Automatic,FWD,1353 cc,138.08 bhp,16.5 kmpl,4.0,Yes,5 Seats,1535 kg,,50 Litres,,
Skoda Octavia,₹14.75 Lakh,Jan 2019,"42,621 Kms",First Owner,Petrol,Automatic,FWD,1798 cc,178 bhp,15.1 kmpl,4.0,Yes,5 Seats,1376 kg,110 mm,50 Litres,,
Maruti Suzuki Ertiga,₹8.50 Lakh,2021,"20,000 Kms",First Owner,Petrol,Manual,FWD,1462 cc,103.26 bhp,19.01 kmpl,4.0,No,7 Seats,1135-1170 kg,,45 Litres,,
Hyundai Venue N Line,₹13.25 Lakh,Apr 2023,"5,600 Kms",First Owner,Petrol,Automatic,,998 cc,118.41 bhp,,3.0,,5 Seats,1266 kg,,45 Litres,,
MG Astor,₹13.70 Lakh,Sept 2023,"32,000 Kms",First Owner,Petrol,Automatic,,1498 cc,108.49 bhp,14.82 kmpl,4.0,No,5 Seats,1400 kg,,48 Litres,,
Hyundai Creta,₹10.80 Lakh,May 2020,"45,000 Kms",First Owner,,Automatic,FWD,1591 cc,121.3 bhp,13 kmpl,4.0,No,5 Seats,1280 kg,190 mm,55 Litres,,
Honda Jazz,₹4.89 Lakh,Oct 2016,"22,000 Kms",First Owner,Petrol,Automatic,FWD,1199 cc,88.7 bhp,19 kmpl,4.0,No,5 Seats,1066 kg,165 mm,40 Litres,,
Volkswagen Tiguan,₹14.99 Lakh,Jul 2017,"1,17,000 Kms",First Owner,,Automatic,AWD,1968 cc,141 bhp,16.65 kmpl,4.0,Yes,5 Seats,1720 kg,149 mm,,71 Litres,
Hyundai Tucson,₹10.49 Lakh,Feb 2017,"97,000 Kms",First Owner,,Manual,2WD,1995 cc,182.46 bhp,18.42 kmpl,4.0,Yes,5 Seats,1537 kg,195 mm,,62 Litres,
Volkswagen Virtus,₹12.95 Lakh,May 2024,"16,818 Kms",First Owner,Petrol,Automatic,,999 cc,113.98 bhp,18.12 kmpl,3.0,Yes,5 Seats,1245 kg,179 mm,45 Litres,,
Honda City,₹4.10 Lakh,2016,"92,000 Kms",First Owner,Diesel,Manual,FWD,1498 cc,98.6 bhp,26 kmpl,4.0,Yes,5 Seats,1135 kg,165 mm,,40 Litres,
Hyundai Alcazar,₹14.99 Lakh,Oct 2021,"13,744 Kms",First Owner,Petrol,Automatic,,1999 cc,156.9 bhp,14.2 kmpl,4.0,No,6 Seats,1730 kg,,,,
Volkswagen Taigun,₹13.79 Lakh,Apr 2024,"8,500 Kms",First Owner,Petrol,Automatic,,1498 cc,147.51 bhp,17.88 kmpl,4.0,Yes,5 Seats,1312 kg,188 mm,,,
Kia Sonet,₹11.25 Lakh,Jun 2023,"13,000 Kms",First Owner,Petrol,Automatic,FWD,998 cc,118.36 bhp,18.3 kmpl,3.0,Yes,5 Seats,1230 kg,,45 Litres,,
Toyota Fortuner,₹6.45 Lakh,Sept 2009,"2,20,000 Kms",Second Owner,Diesel,Manual,4WD,2982 cc,,11.5 kmpl,4.0,Yes,7 Seats,1955 kg,221 mm,,80 Litres,
Skoda Octavia,₹12.49 Lakh,Feb 2018,"45,000 Kms",First Owner,Petrol,Automatic,FWD,1798 cc,178 bhp,15.1 kmpl,4.0,Yes,5 Seats,1376 kg,110 mm,50 Litres,,
Volkswagen Virtus,₹12.99 Lakh,Mar 2024,"22,808 Kms",First Owner,Petrol,Automatic,,999 cc,113.98 bhp,18.12 kmpl,3.0,Yes,5 Seats,1225 kg,179 mm,45 Litres,,
Hyundai Creta,₹14.25 Lakh,Feb 2021,"1,25,000 Kms",First Owner,Diesel,Automatic,FWD,1493 cc,113.42 bhp,18.5 kmpl,4.0,Yes,5 Seats,1320 kg,,,50 Litres,
Maruti Suzuki Ertiga,₹8.80 Lakh,2021,"75,000 Kms",First Owner,CNG,Manual,FWD,1462 cc,91.19 bhp,26.08 km/kg,4.0,No,7 Seats,1235 kg,,,,60 Litres
Kia Sonet,₹10.99 Lakh,Jul 2021,"40,404 Kms",First Owner,Diesel,Manual,FWD,1493 cc,98.63 bhp,18.4 kmpl,4.0,Yes,5 Seats,1215 kg,,,45 Litres,
Kia Seltos,₹11 Lakh,Jul 2020,"61,000 Kms",First Owner,Petrol,Manual,FWD,1497 cc,113.43 bhp,16.8 kmpl,4.0,No,5 Seats,1404 kg,,50 Litres,,
Maruti Suzuki S Cross,₹4.50 Lakh,2016,"1,28,000 Kms",First Owner,,Manual,FWD,1248 cc,88.5 bhp,23.65 kmpl,4.0,Yes,5 Seats,1240 kg,180 mm,,48 Litres,
Honda City,₹11.51 Lakh,Jan 2022,"8,624 Kms",First Owner,Petrol,Automatic,,1498 cc,119.35 bhp,18.3 kmpl,4.0,,5 Seats,1107-1153 kg,,40 Litres,,
Kia Carens,₹13.25 Lakh,Apr 2023,"32,496 Kms",First Owner,Petrol,Manual,2WD,1353 cc,113.42 bhp,,4.0,No,7 Seats,1540 kg,,,,
Volkswagen Taigun,₹13.79 Lakh,Nov 2022,"25,592 Kms",First Owner,Petrol,Automatic,,1498 cc,147.51 bhp,17.88 kmpl,4.0,Yes,5 Seats,1312 kg,188 mm,,,
Maruti Suzuki S Cross,₹5.40 Lakh,2017,"1,60,000 Kms",First Owner,,Manual,FWD,1248 cc,88.5 bhp,23.65 kmpl,4.0,Yes,5 Seats,1230 kg,180 mm,,48 Litres,
Volkswagen Taigun,₹13.25 Lakh,Nov 2022,"39,000 Kms",First Owner,Petrol,Manual,,1498 cc,147.51 bhp,17.88 kmpl,4.0,Yes,5 Seats,1312 kg,188 mm,50 Litres,,
MG Astor,₹12.25 Lakh,Apr 2023,"20,000 Kms",First Owner,Petrol,Automatic,,1498 cc,108.49 bhp,14.82 kmpl,4.0,No,5 Seats,1450 kg,,48 Litres,,
MG Astor,₹13.75 Lakh,Mar 2024,"36,000 Kms",First Owner,Petrol,Manual,2WD,1498 cc,108.49 bhp,15.43 kmpl,4.0,No,5 Seats,,,48 Litres,,
MG ZS EV,₹13.11 Lakh,Nov 2022,"59,600 Kms",First Owner,,Automatic,,,140.8 bhp,,,,5 Seats,1565 kg,,,,
Volkswagen Taigun,₹13.99 Lakh,Nov 2021,"56,000 Kms",First Owner,Petrol,Automatic,,1498 cc,147.51 bhp,17.88 kmpl,4.0,Yes,5 Seats,1312 kg,188 mm,,,
Kia Seltos,₹12.75 Lakh,Oct 2021,"18,000 Kms",First Owner,Petrol,Automatic,2WD,1497 cc,113.42 bhp,16.8 kmpl,4.0,No,5 Seats,1555 kg,,50 Litres,,
Audi Q3,₹11.50 Lakh,2014,"70,000 Kms",Second Owner,,Automatic,AWD,1968 cc,174.33 bhp,15.73 kmpl,4.0,Yes,5 Seats,1660 kg,170 mm,,64 Litres,
MG Hector,₹13.95 Lakh,Mar 2022,"14,000 Kms",First Owner,,Automatic,FWD,1451 cc,141 bhp,9 kmpl,4.0,Yes,5 Seats,1820 kg,192 mm,60 Litres,,
MG Hector,₹10.45 Lakh,Oct 2021,"63,846 Kms",First Owner,,Manual,FWD,1451 cc,141 bhp,10 kmpl,4.0,Yes,5 Seats,1820 kg,192 mm,60 Litres,,
Volkswagen Taigun,₹14.90 Lakh,Jul 2023,"29,250 Kms",First Owner,Petrol,Automatic,,1498 cc,147.51 bhp,17.88 kmpl,4.0,Yes,5 Seats,1312 kg,188 mm,,,
Hyundai Grand i10,₹4.21 Lakh,Oct 2016,"51,000 Kms",First Owner,Petrol,Automatic,FWD,1197 cc,82 bhp,18.9 kmpl,4.0,No,5 Seats,935 kg,165 mm,43 Litres,,
Hyundai Tucson,₹10.50 Lakh,Jan 2018,"43,000 Kms",First Owner,,Automatic,2WD,1999 cc,152.88 bhp,12.95 kmpl,4.0,No,5 Seats,1537 kg,195 mm,62 Litres,,
Kia Seltos,₹11.75 Lakh,Apr 2021,"40,437 Kms",First Owner,Petrol,Automatic,2WD,1497 cc,113.42 bhp,16.8 kmpl,4.0,No,5 Seats,1555 kg,,50 Litres,,
MG Hector Plus,₹14 Lakh,May 2021,"15,600 Kms",First Owner,Petrol,Automatic,,1451 cc,141 bhp,11.67 kmpl,4.0,YES,6 Seats,1820 kg,,60 Litres,,
Tata Harrier,₹13.49 Lakh,Feb 2022,"49,000 Kms",First Owner,Diesel,Automatic,,1956 cc,167.67 bhp,14.6 kmpl,4.0,Yes,5 Seats,1700 kg,,,50 Litres,
Hyundai Creta,₹11.95 Lakh,Jun 2022,"54,000 Kms",First Owner,Petrol,Automatic,,1353 cc,138.12 bhp,14 kmpl,4.0,Yes,5 Seats,1300 kg,,50 Litres,,
Skoda Kushaq,₹12.25 Lakh,Jun 2022,"11,920 Kms",First Owner,,Automatic,FWD,999 cc,113.98 bhp,17.2 kmpl,3.0,Yes,5 Seats,1245-1280 kg,188 mm,50 Litres,,
Mercedes-Benz E-Class,₹11 Lakh,Dec 2013,"1,05,000 Kms",First Owner,Diesel,Automatic,Rear Wheel Drive with ESP,2143 cc,203 bhp,,4.0,Yes,5 Seats,1800 kg,,,80 Litres,
Mercedes-Benz GLA,₹12 Lakh,2017,"47,000 Kms",Third Owner,Petrol,Automatic,AWD,1991 cc,355.4 bhp,,4.0,Yes,5 Seats,1720 kg,183 mm,50 Litres,,
Hyundai Creta,₹14.90 Lakh,Apr 2023,"15,000 Kms",First Owner,Petrol,Automatic,2WD,1497 cc,113.18 bhp,14 kmpl,4.0,No,5 Seats,1450 kg,,50 Litres,,
Mahindra Alturas G4,₹18.75 Lakh,Mar 2019,"52,000 Kms",First Owner,Diesel,Automatic,4WD,2157 cc,178.49 bhp,12.05 kmpl,4.0,Yes,7 Seats,2160 kg,,,70 Litres,
Mahindra XUV700,₹19 Lakh,2022,"40,000 Kms",First Owner,Diesel,Manual,FWD,2198 cc,182.38 bhp,15 kmpl,4.0,Yes,7 Seats,1860 kg,,,60 Litres,
Volkswagen Virtus,₹12.75 Lakh,Feb 2023,"16,818 Kms",First Owner,Petrol,Automatic,FWD,999 cc,113.98 bhp,18.12 kmpl,3.0,Yes,5 Seats,1245 kg,179 mm,45 Litres,,
Hyundai Creta,₹13 Lakh,Aug 2022,"33,200 Kms",First Owner,Petrol,Automatic,,1497 cc,113.18 bhp,14 kmpl,4.0,No,5 Seats,1450 kg,,50 Litres,,
Toyota Innova Crysta,₹19.50 Lakh,2021,"42,000 Kms",First Owner,Diesel,Manual,RWD,2393 cc,148 bhp,,4.0,Yes,7 Seats,1840 kg,,,55 Litres,
Hyundai Tucson,₹10.25 Lakh,Jan 2019,"54,000 Kms",Second Owner,,Automatic,2WD,1999 cc,152.88 bhp,12.95 kmpl,4.0,No,5 Seats,1497 kg,195 mm,62 Litres,,
MG Hector Plus,₹11.85 Lakh,Dec 2021,"32,800 Kms",First Owner,Petrol,Automatic,,1451 cc,141 bhp,11.67 kmpl,4.0,YES,6 Seats,1820 kg,,60 Litres,,
Maruti Suzuki Vitara Brezza,₹7.59 Lakh,Jan 2020,"79,999 Kms",First Owner,,Automatic,FWD,1248 cc,88.5 bhp,24.3 kmpl,4.0,Yes,5 Seats,1195 kg,198 mm,,48 Litres,
Toyota Innova Crysta,₹15 Lakh,Jun 2017,"1,13,000 Kms",First Owner,Diesel,Automatic,RWD,2755 cc,171.5 bhp,,4.0,Yes,7 Seats,1830 kg,,,55 Litres,
Honda City,₹10.60 Lakh,Dec 2022,"19,724 Kms",First Owner,Petrol,Automatic,,1498 cc,119.35 bhp,18.3 kmpl,4.0,,5 Seats,1107-1153 kg,,40 Litres,,
Maruti Suzuki Swift,₹4.55 Lakh,Apr 2018,"37,500 Kms",Second Owner,Petrol,Automatic,FWD,1197 cc,81.80 bhp,21.21 kmpl,4.0,No,5 Seats,855-885 kg,163 mm,37 Litres,,
Skoda Kushaq,₹13.75 Lakh,Jan 2023,"21,111 Kms",First Owner,,Automatic,FWD,1498 cc,147.51 bhp,18.86 kmpl,4.0,Yes,5 Seats,1305 kg,188 mm,50 Litres,,
Honda City,₹12.40 Lakh,Dec 2023,"21,272 Kms",First Owner,Petrol,Automatic,FWD,1498 cc,119.35 bhp,18.4 kmpl,4.0,,5 Seats,1153 kg,,,,
MG Windsor EV,₹15.90 Lakh,Oct 2025,"1,360 Kms",First Owner,,Automatic,FWD,,134 bhp,,,,5 Seats,,186 mm,,,
MG Hector,₹11.95 Lakh,Nov 2021,"29,000 Kms",First Owner,Petrol,Automatic,FWD,1451 cc,141 bhp,13.96 kmpl,4.0,Yes,5 Seats,1800 kg,,60 Litres,,
Mercedes-Benz E-Class,₹14.45 Lakh,Aug 2015,"69,500 Kms",Second Owner,Diesel,Automatic,RWD,2143 cc,204 bhp,,4.0,Yes,5 Seats,1800 kg,123 mm,,80 Litres,
Skoda Kushaq,₹14.95 Lakh,Aug 2023,"13,000 Kms",First Owner,,Automatic,FWD,1498 cc,147.51 bhp,18.6 kmpl,4.0,Yes,5 Seats,1278-1309 kg,188 mm,50 Litres,,
Maruti Suzuki Baleno,₹7 Lakh,2021,"13,000 Kms",First Owner,Petrol,Automatic,FWD,1197 cc,81.80 bhp,19.56 kmpl,4.0,No,5 Seats,910-935 kg,170 mm,37 Litres,,
Kia Seltos,₹13.25 Lakh,Jan 2021,"19,690 Kms",First Owner,Petrol,Automatic,FWD,1353 cc,138.08 bhp,16.5 kmpl,4.0,Yes,5 Seats,1535 kg,,50 Litres,,
Mercedes-Benz M-Class,₹15 Lakh,Mar 2014,"68,000 Kms",Second Owner,Diesel,Automatic,AWD,2143 cc,203.2 bhp,,4.0,Yes,5 Seats,2160 kg,161 mm,,70 Litres,
Kia Carens,₹14.95 Lakh,Aug 2023,"33,000 Kms",First Owner,Petrol,Automatic,FWD,1482 cc,157.81 bhp,,4.0,Yes,7 Seats,,,45 Litres,,
Audi A6,₹10.90 Lakh,2015,"91,485 Kms",Second Owner,Diesel,Automatic,FWD,1968 cc,187.74 bhp,18.53 kmpl,4.0,Yes,5 Seats,1735 kg,165 mm,,75 Litres,
Kia Sonet,₹10.90 Lakh,Jun 2022,"30,947 Kms",First Owner,Petrol,Automatic,FWD,998 cc,118.36 bhp,,3.0,Yes,5 Seats,1304 kg,,45 Litres,,
Honda City,₹12 Lakh,Jan 2023,"22,095 Kms",First Owner,Petrol,Automatic,FWD,1498 cc,119.35 bhp,18.4 kmpl,4.0,,5 Seats,1107 kg,,,,
Mahindra XUV700,₹15.11 Lakh,Mar 2022,"75,200 Kms",First Owner,Petrol,Manual,FWD,1999 cc,197.13 bhp,13 kmpl,4.0,Yes,7 Seats,,,60 Litres,,
MG Astor,₹11.95 Lakh,Aug 2022,"18,000 Kms",First Owner,Petrol,Automatic,,1498 cc,108.49 bhp,14.82 kmpl,4.0,No,5 Seats,1400 kg,,48 Litres,,
Mitsubishi Pajero,₹9.85 Lakh,Aug 2015,"84,000 Kms",First Owner,,Automatic,RWD,2477 cc,175.56 bhp,13.5 kmpl,4.0,Yes,7 Seats,1935 kg,215 mm,,70 Litres,
Mercedes-Benz E-Class,₹12.75 Lakh,Oct 2015,"92,000 Kms",First Owner,Petrol,Automatic,RWD,1991 cc,181.03 bhp,,4.0,Yes,5 Seats,1720 kg,,80 Litres,,
Volkswagen Taigun,₹12.49 Lakh,Jan 2024,"27,000 Kms",First Owner,,Automatic,FWD,999 cc,113.98 bhp,17.23 kmpl,3.0,Yes,5 Seats,1255 kg,188 mm,50 Litres,,
Toyota Innova,₹4 Lakh,2010,"1,60,000 Kms",First Owner,Diesel,Manual,,2494 cc,,12.8 kmpl,4.0,Yes,8 Seats,1670 kg,176 mm,,55 Litres,
Hyundai Grand i10,₹4 Lakh,Apr 2016,"52,285 Kms",Second Owner,Petrol,Manual,FWD,1197 cc,81.86 bhp,18.9 kmpl,4.0,No,5 Seats,1060 kg,165 mm,43 Litres,,
Maruti Suzuki Dzire,₹4.95 Lakh,Sept 2017,"43,567 Kms",First Owner,Petrol,Manual,FWD,1197 cc,80 bhp,24.79 kmpl,3.0,,5 Seats,920-960 kg,163 mm,37 Litres,,
Honda Jazz,₹4.85 Lakh,Jan 2017,"33,000 Kms",First Owner,Petrol,Automatic,FWD,1199 cc,88.7 bhp,19 kmpl,4.0,No,5 Seats,1066 kg,165 mm,40 Litres,,
Honda Amaze,₹4.71 Lakh,Apr 2019,"30,733 Kms",Second Owner,Petrol,Manual,FWD,1199 cc,89 bhp,18.65 kmpl,4.0,,5 Seats,952-986 kg,172 mm,35 Litres,,
Tata Tigor,₹4.03 Lakh,May 2018,"37,981 Kms",First Owner,Petrol,Manual,FWD,1199 cc,84 bhp,20.3 kmpl,3.0,No,5 Seats,1045 kg,170 mm,35 Litres,,
Tata Tiago,₹4.74 Lakh,Aug 2020,"51,321 Kms",First Owner,Petrol,Manual,FWD,1199 cc,83.83 bhp,23.84 kmpl,3.0,No,5 Seats,1012 kg,170 mm,35 Litres,,
Kia Carens,₹16.75 Lakh,Mar 2025,"7,000 Kms",First Owner,Petrol,Automatic,FWD,1482 cc,157.81 bhp,,4.0,Yes,7 Seats,,,45 Litres,,
Hyundai i20,₹5.22 Lakh,Apr 2018,"67,811 Kms",First Owner,Petrol,Manual,FWD,1197 cc,81.83 bhp,18.6 kmpl,4.0,No,5 Seats,1066 kg,170 mm,45 Litres,,
Honda City,₹5.30 Lakh,Sept 2015,"34,152 Kms",First Owner,Petrol,Manual,,1498 cc,119.35 bhp,18.6 kmpl,4.0,,5 Seats,1107-1153 kg,,40 Litres,,
Volkswagen Vento,₹3.46 Lakh,Jun 2016,"1,13,438 Kms",First Owner,Petrol,Manual,FWD,1598 cc,103.5 bhp,16.09 kmpl,4.0,No,5 Seats,1145 kg,163 mm,55 Litres,,
Mahindra XUV500,₹4.90 Lakh,Apr 2013,"1,43,000 Kms",First Owner,Diesel,Manual,AWD,2179 cc,140 bhp,15.1 kmpl,4.0,Yes,7 Seats,1635 kg,,,,
Maruti Suzuki Dzire,₹4.68 Lakh,Sept 2017,"91,837 Kms",First Owner,Petrol,Manual,FWD,1197 cc,80 bhp,24.79 kmpl,3.0,,5 Seats,920-960 kg,163 mm,37 Litres,,
Honda City,₹5.39 Lakh,Jul 2017,"1,07,491 Kms",Second Owner,Petrol,Automatic,FWD,1498 cc,119.35 bhp,18.4 kmpl,4.0,,5 Seats,1153 kg,,,,
Renault KWID,₹3.04 Lakh,Jun 2018,"80,733 Kms",First Owner,Petrol,Manual,FWD,999 cc,67 bhp,23.01 kmpl,3.0,No,5 Seats,730 kg,180 mm,28 Litres,,
Tata Punch,₹7.65 Lakh,May 2023,"14,000 Kms",First Owner,,Automatic,2WD,1199 cc,86.63 bhp,18.8 kmpl,3.0,,5 Seats,,187 mm,37 Litres,,
Tata Tiago,₹3.41 Lakh,Jul 2019,"83,405 Kms",First Owner,Petrol,Manual,FWD,1199 cc,84 bhp,23.84 kmpl,3.0,No,5 Seats,960 kg,165 mm,35 Litres,,
Volkswagen Vento,₹3.06 Lakh,Jul 2013,"84,985 Kms",First Owner,Petrol,Manual,FWD,999 cc,108.62 bhp,17.69 kmpl,3.0,Yes,5 Seats,1138 kg,163 mm,55 Litres,,
Volkswagen Polo,₹3.11 Lakh,Mar 2014,"48,665 Kms",Second Owner,Petrol,Manual,FWD,1198 cc,73.9 bhp,16.47 kmpl,3.0,No,5 Seats,1055 kg,168 mm,45 Litres,,
Jaguar XF,₹19.99 Lakh,May 2017,"56,000 Kms",First Owner,Diesel,Automatic,RWD,1999 cc,177 bhp,,4.0,Yes,5 Seats,1760 kg,141 mm,,66 Litres,
MG ZS EV,₹15 Lakh,2022,"16,000 Kms",First Owner,,Automatic,,,140.8 bhp,,,,5 Seats,1565 kg,,,,
Honda City,₹5.45 Lakh,Jul 2018,"60,485 Kms",Third Owner,Petrol,Automatic,FWD,1498 cc,119.35 bhp,18.4 kmpl,4.0,,5 Seats,1107 kg,,,,
Kia Seltos,₹11.50 Lakh,2019,"86,000 Kms",First Owner,Diesel,Automatic,FWD,1493 cc,113.43 bhp,18 kmpl,4.0,Yes,5 Seats,1540 kg,,,50 Litres,
Volkswagen Vento,₹3.16 Lakh,Feb 2018,"1,02,598 Kms",First Owner,Petrol,Manual,FWD,1598 cc,103.5 bhp,16.09 kmpl,4.0,No,5 Seats,1145 kg,163 mm,55 Litres,,
BMW X1,₹4.50 Lakh,Sept 2012,"47,000 Kms",Third Owner,Diesel,Automatic,RWD,1995 cc,184 bhp,,4.0,Yes,5 Seats,1485 kg,179 mm,,61 Litres,
Volkswagen Vento,₹4.38 Lakh,Sept 2016,"1,01,649 Kms",First Owner,Petrol,Manual,FWD,1598 cc,103.5 bhp,16.09 kmpl,4.0,No,5 Seats,1145 kg,163 mm,55 Litres,,
Maruti Suzuki Ignis,₹3.35 Lakh,Jul 2018,"71,046 Kms",Second Owner,Petrol,Manual,FWD,1197 cc,81.80 bhp,20.89 kmpl,4.0,No,5 Seats,835 kg,180 mm,32 Litres,,
BMW 3 Series,₹4.25 Lakh,2011,"1,50,000 Kms",First Owner,Diesel,Automatic,,1995 cc,181 bhp,,4.0,Yes,4 Seats,1445 kg,,,61 Litres,
Maruti Suzuki Baleno,₹4.75 Lakh,May 2016,"52,000 Kms",First Owner,Petrol,Manual,FWD,1197 cc,83.1 bhp,21.4 kmpl,4.0,No,5 Seats,890 kg,170 mm,37 Litres,,
Honda City,₹5.24 Lakh,Apr 2016,"59,000 Kms",Second Owner,Petrol,Automatic,FWD,1497 cc,117.3 bhp,18 kmpl,4.0,No,5 Seats,1085 kg,165 mm,40 Litres,,
Honda City,₹5.45 Lakh,Jan 2016,"56,000 Kms",Second Owner,Petrol,Automatic,FWD,1497 cc,117.3 bhp,18 kmpl,4.0,No,5 Seats,1085 kg,165 mm,40 Litres,,
Toyota Etios,₹3.13 Lakh,Jul 2013,"65,000 Kms",Second Owner,Petrol,Manual,FWD,1496 cc,88.73 bhp,16.78 kmpl,4.0,No,5 Seats,945 kg,170 mm,45 Litres,,
Honda Amaze,₹3.39 Lakh,Mar 2016,"66,000 Kms",First Owner,Petrol,Manual,FWD,1198 cc,86.7 bhp,18 kmpl,4.0,No,5 Seats,950 kg,165 mm,35 Litres,,
Honda Amaze,₹3.95 Lakh,Jan 2017,"3,00,000 Kms",First Owner,Petrol,Automatic,FWD,1198 cc,86.7 bhp,15.5 kmpl,4.0,No,5 Seats,990 kg,165 mm,35 Litres,,
Honda Amaze,₹4.15 Lakh,May 2016,"88,136 Kms",First Owner,Petrol,Automatic,FWD,1199 cc,88.7 bhp,18.1 kmpl,4.0,No,5 Seats,985 kg,165 mm,35 Litres,,
Volkswagen T-Roc,₹13.99 Lakh,Aug 2020,"62,900 Kms",First Owner,Petrol,Automatic,FWD,1498 cc,147.94 bhp,18.4 kmpl,4.0,Yes,5 Seats,1350 kg,,59 Litres,,
Maruti Suzuki Ciaz,₹4.99 Lakh,Apr 2018,"83,000 Kms",Second Owner,Petrol,Automatic,FWD,1462 cc,103.25 bhp,20.28 kmpl,4.0,No,5 Seats,1105 kg,170 mm,43 Litres,,
Honda City,₹5.76 Lakh,May 2016,"55,421 Kms",First Owner,Petrol,Automatic,FWD,1497 cc,117.3 bhp,18 kmpl,4.0,No,5 Seats,1085 kg,165 mm,40 Litres,,
Volkswagen Tiguan,₹18.50 Lakh,Apr 2018,"47,616 Kms",First Owner,,Automatic,AWD,1968 cc,141 bhp,16.65 kmpl,4.0,Yes,5 Seats,1720 kg,149 mm,,71 Litres,
Honda Mobilio,₹3.99 Lakh,Sept 2014,"51,500 Kms",Second Owner,Petrol,Manual,FWD,1497 cc,117.3 bhp,17.3 kmpl,4.0,No,7 Seats,1161 kg,189 mm,42 Litres,,
Maruti Suzuki Ciaz,₹5.75 Lakh,May 2018,"19,000 Kms",Second Owner,Petrol,Automatic,FWD,1373 cc,91.1 bhp,19.12 kmpl,4.0,No,5 Seats,1010 kg,170 mm,43 Litres,,
Honda CR-V,₹4.99 Lakh,Oct 2014,"83,000 Kms",Third Owner,,Automatic,FWD,1997 cc,153.86 bhp,13.7 kmpl,4.0,No,5 Seats,1505 kg,185 mm,58 Litres,,
Jaguar XE,₹16.90 Lakh,Apr 2017,"54,280 Kms",Second Owner,Petrol,Automatic,RWD,1999 cc,197.13 bhp,,4.0,Yes,5 Seats,1612 kg,,68 Litres,,
Volkswagen Vento,₹4.65 Lakh,Nov 2015,"49,000 Kms",First Owner,Petrol,Automatic,FWD,1197 cc,103.2 bhp,16.93 kmpl,4.0,Yes,5 Seats,1174 kg,168 mm,55 Litres,,
Maruti Suzuki Celerio,₹3.25 Lakh,Feb 2015,"81,173 Kms",First Owner,Petrol,Manual,FWD,998 cc,67.05 bhp,21.63 kmpl,3.0,No,5 Seats,825 kg,165 mm,35 Litres,,
Honda Amaze,₹4.60 Lakh,Feb 2016,"13,000 Kms",First Owner,Petrol,Manual,FWD,1198 cc,86.7 bhp,18 kmpl,4.0,No,5 Seats,960 kg,165 mm,35 Litres,,
Audi A6,₹22.75 Lakh,May 2019,"48,191 Kms",Second Owner,Diesel,Automatic,FWD,1968 cc,187.74 bhp,18.53 kmpl,4.0,Yes,5 Seats,1735 kg,165 mm,,75 Litres,
Toyota Etios Cross,₹3.40 Lakh,Apr 2015,"51,000 Kms",First Owner,Petrol,Manual,FWD,1197 cc,78.8 bhp,18.16 kmpl,4.0,No,5 Seats,935 kg,174 mm,45 Litres,,
Maruti Suzuki Ignis,₹5.75 Lakh,Dec 2020,"23,269 Kms",First Owner,Petrol,Manual,,1197 cc,81.80 bhp,20.89 kmpl,4.0,,5 Seats,840-865 kg,,32 Litres,,
Maruti Suzuki Ciaz,₹6 Lakh,Sept 2018,"64,275 Kms",Second Owner,Petrol,Automatic,FWD,1373 cc,91.1 bhp,19.12 kmpl,4.0,No,5 Seats,1010 kg,170 mm,43 Litres,,
Ford Freestyle,₹4.49 Lakh,Jun 2018,"41,000 Kms",First Owner,Petrol,Manual,FWD,1194 cc,94.68 bhp,19 kmpl,3.0,No,5 Seats,1036 kg,,42 Litres,,
Honda City,₹5.91 Lakh,Feb 2016,"54,000 Kms",First Owner,Petrol,Automatic,FWD,1497 cc,117.3 bhp,18 kmpl,4.0,No,5 Seats,1085 kg,165 mm,40 Litres,,
Hyundai Verna,₹3.85 Lakh,Feb 2014,"84,000 Kms",First Owner,Petrol,Manual,FWD,1591 cc,121.3 bhp,17.01 kmpl,4.0,No,5 Seats,1198 kg,170 mm,43 Litres,,
Honda City,₹5.69 Lakh,Aug 2017,"31,950 Kms",First Owner,Petrol,Manual,FWD,1497 cc,,17 kmpl,4.0,No,5 Seats,1100 kg,160 mm,42 Litres,,
Mercedes-Benz GLA Class,₹19.90 Lakh,Jul 2019,"26,300 Kms",Second Owner,Petrol,Automatic,2WD,1991 cc,183 bhp,,4.0,Yes,5 Seats,1585 kg,183 mm,50 Litres,,
Volkswagen Vento,₹5.25 Lakh,Mar 2017,"78,000 Kms",First Owner,Petrol,Automatic,FWD,1197 cc,103.2 bhp,18.19 kmpl,4.0,Yes,5 Seats,1179 kg,163 mm,55 Litres,,
Hyundai i20,₹4.99 Lakh,Dec 2017,"51,203 Kms",First Owner,Petrol,Manual,FWD,1197 cc,82.85 bhp,18.5 kmpl,4.0,No,5 Seats,1120 kg,,45 Litres,,
Honda City,₹3.90 Lakh,Jul 2014,"50,000 Kms",Second Owner,Petrol,Automatic,FWD,1497 cc,117.3 bhp,18 kmpl,4.0,No,5 Seats,1065 kg,165 mm,40 Litres,,
Mahindra XEV 9e,₹26.50 Lakh,2025,"10,000 Kms",First Owner,,Automatic,RWD,,228 bhp,,,,5 Seats,,207 mm,,,
Hyundai Grand i10,₹3.25 Lakh,Sept 2015,"25,500 Kms",First Owner,Petrol,Manual,FWD,1197 cc,82 bhp,18.9 kmpl,4.0,No,5 Seats,935 kg,165 mm,43 Litres,,
Maruti Suzuki Ciaz,₹5.45 Lakh,Jun 2016,"54,000 Kms",Second Owner,Petrol,Automatic,FWD,1373 cc,91.1 bhp,19.12 kmpl,4.0,No,5 Seats,1010 kg,170 mm,43 Litres,,
Honda City,₹4.99 Lakh,Feb 2015,"87,000 Kms",First Owner,Petrol,Automatic,FWD,1497 cc,117.3 bhp,18 kmpl,4.0,No,5 Seats,1085 kg,165 mm,40 Litres,,
Mercedes-Benz GLE,₹29.50 Lakh,May 2018,"85,000 Kms",First Owner,,Automatic,AWD,2143 cc,201.15 bhp,17.9 kmpl,4.0,Yes,5 Seats,2150 kg,200 mm,,93 Litres,
Toyota Etios Liva,₹3.61 Lakh,Dec 2017,"39,000 Kms",First Owner,Petrol,Manual,FWD,1197 cc,78.9 bhp,17.71 kmpl,4.0,No,5 Seats,930 kg,170 mm,45 Litres,,
Maruti Suzuki Ciaz,₹4.35 Lakh,Jul 2015,"55,000 Kms",Second Owner,Petrol,Automatic,FWD,1373 cc,91.1 bhp,19.12 kmpl,4.0,No,5 Seats,1010 kg,170 mm,43 Litres,,
Maruti Suzuki Ciaz,₹5.95 Lakh,Jun 2016,"54,000 Kms",Second Owner,Petrol,Automatic,FWD,1373 cc,91.1 bhp,19.12 kmpl,4.0,No,5 Seats,1010 kg,170 mm,43 Litres,,
Maruti Suzuki Ciaz,₹5.85 Lakh,May 2018,"75,000 Kms",First Owner,Petrol,Automatic,FWD,1373 cc,91.1 bhp,19.12 kmpl,4.0,No,5 Seats,1030 kg,170 mm,43 Litres,,
Honda City,₹4.25 Lakh,Oct 2015,"77,000 Kms",Second Owner,Petrol,Automatic,FWD,1497 cc,117.3 bhp,18 kmpl,4.0,No,5 Seats,1085 kg,165 mm,40 Litres,,
Hyundai i20,₹5.45 Lakh,Jun 2018,"27,000 Kms",First Owner,Petrol,Manual,FWD,1197 cc,81.83 bhp,18.6 kmpl,4.0,No,5 Seats,1066 kg,170 mm,45 Litres,,
Maruti Suzuki Swift,₹3.99 Lakh,Mar 2014,"83,000 Kms",Second Owner,Diesel,Manual,FWD,1248 cc,74 bhp,25.2 kmpl,4.0,Yes,5 Seats,960 kg,163 mm,,42 Litres,
Maruti Suzuki Ciaz,₹5.99 Lakh,Sept 2017,"73,760 Kms",First Owner,Petrol,Manual,FWD,1373 cc,91.1 bhp,20.73 kmpl,4.0,No,5 Seats,1030 kg,170 mm,43 Litres,,
Hyundai i20,₹4.50 Lakh,May 2016,"70,000 Kms",First Owner,Petrol,Manual,FWD,1197 cc,81.83 bhp,18.6 kmpl,4.0,No,5 Seats,1066 kg,170 mm,45 Litres,,
Honda City,₹3.25 Lakh,May 2014,"72,000 Kms",First Owner,Petrol,Automatic,FWD,1497 cc,117.3 bhp,18 kmpl,4.0,No,5 Seats,1065 kg,165 mm,40 Litres,,
Maruti Suzuki Ciaz,₹4.50 Lakh,Nov 2015,"47,000 Kms",First Owner,Petrol,Automatic,FWD,1373 cc,91.1 bhp,19.12 kmpl,4.0,No,5 Seats,1010 kg,170 mm,43 Litres,,
Tata Tiago,₹6 Lakh,Nov 2023,"24,000 Kms",First Owner,Petrol,Manual,FWD,1199 cc,85 bhp,19.01 kmpl,3.0,,5 Seats,,170 mm,35 Litres,,
Maruti Suzuki Baleno,₹5.15 Lakh,May 2018,"36,000 Kms",First Owner,Petrol,Manual,FWD,1197 cc,83.1 bhp,21.4 kmpl,4.0,No,5 Seats,880 kg,170 mm,37 Litres,,
Skoda Rapid,₹3.35 Lakh,Jun 2014,"61,000 Kms",First Owner,Petrol,Automatic,FWD,1598 cc,103.6 bhp,14.3 kmpl,4.0,No,5 Seats,1180 kg,168 mm,55 Litres,,
Maruti Suzuki Baleno,₹4.95 Lakh,May 2017,"42,000 Kms",First Owner,Petrol,Manual,FWD,1197 cc,83.1 bhp,21.4 kmpl,4.0,No,5 Seats,870 kg,170 mm,37 Litres,,
Maruti Suzuki Baleno,₹4.95 Lakh,Jun 2017,"18,456 Kms",First Owner,Petrol,Manual,FWD,1197 cc,83.1 bhp,21.4 kmpl,4.0,No,5 Seats,890 kg,170 mm,37 Litres,,
Volkswagen Vento,₹4.50 Lakh,Jun 2014,"55,900 Kms",Second Owner,Petrol,Automatic,FWD,1197 cc,103.6 bhp,16.93 kmpl,4.0,Yes,5 Seats,1178 kg,168 mm,55 Litres,,
Honda Amaze,₹5.60 Lakh,Jan 2020,"38,299 Kms",Second Owner,Petrol,Automatic,FWD,1199 cc,88.76 bhp,18.3 kmpl,4.0,No,5 Seats,945 kg,,35 Litres,,
Hyundai Alcazar,₹22 Lakh,Apr 2025,"5,726 Kms",First Owner,Petrol,Automatic,FWD,1482 cc,158 bhp,18 kmpl,4.0,Yes,6 Seats,,,50 Litres,,
MG Hector,₹10.75 Lakh,Nov 2020,"69,098 Kms",First Owner,,Automatic,FWD,1451 cc,141 bhp,13.96 kmpl,4.0,Yes,5 Seats,1800 kg,183 mm,60 Litres,,
Toyota Innova Crysta,₹12.75 Lakh,Mar 2017,"1,25,328 Kms",First Owner,Diesel,Automatic,RWD,2755 cc,171.5 bhp,,4.0,Yes,7 Seats,1830 kg,,,55 Litres,
Toyota Innova Crysta,₹24.25 Lakh,Jan 2022,"34,000 Kms",First Owner,Diesel,Manual,RWD,2393 cc,148 bhp,,4.0,Yes,7 Seats,1880 kg,,,55 Litres,
Volkswagen Polo,₹3.06 Lakh,Sept 2015,"53,707 Kms",First Owner,Petrol,Manual,FWD,1199 cc,74 bhp,16.2 kmpl,3.0,No,5 Seats,1030 kg,165 mm,45 Litres,,
Honda Amaze,₹3.21 Lakh,Oct 2017,"37,789 Kms",First Owner,Petrol,Manual,FWD,1198 cc,86.7 bhp,17.8 kmpl,4.0,No,5 Seats,955 kg,165 mm,35 Litres,,
Maruti Suzuki Ignis,₹3.63 Lakh,Sept 2019,"47,075 Kms",First Owner,Petrol,Manual,FWD,1197 cc,81.80 bhp,20.89 kmpl,4.0,No,5 Seats,835 kg,180 mm,32 Litres,,
Honda City,₹3.80 Lakh,Jul 2016,"78,614 Kms",Third Owner,Petrol,Manual,FWD,1497 cc,117.3 bhp,17.8 kmpl,4.0,No,5 Seats,1065 kg,165 mm,40 Litres,,
Maruti Suzuki Baleno,₹3.28 Lakh,Dec 2015,"96,150 Kms",First Owner,Petrol,Manual,FWD,1197 cc,83.1 bhp,21.4 kmpl,4.0,No,5 Seats,880 kg,170 mm,37 Litres,,
Hyundai i20,₹3.11 Lakh,Apr 2015,"51,564 Kms",Second Owner,Petrol,Manual,FWD,1197 cc,81.83 bhp,18.6 kmpl,4.0,No,5 Seats,1066 kg,170 mm,45 Litres,,
Maruti Suzuki Ciaz,₹4.64 Lakh,Mar 2017,"75,350 Kms",First Owner,Petrol,Manual,FWD,1373 cc,91.1 bhp,20.73 kmpl,4.0,No,5 Seats,1030 kg,170 mm,43 Litres,,
Honda City,₹4.14 Lakh,Feb 2016,"73,550 Kms",First Owner,Petrol,Manual,FWD,1497 cc,117.3 bhp,17.8 kmpl,4.0,No,5 Seats,1049 kg,165 mm,40 Litres,,
Honda City,₹4.04 Lakh,Jul 2014,"94,288 Kms",First Owner,Petrol,Manual,,1498 cc,119.35 bhp,18.6 kmpl,4.0,,5 Seats,1107-1153 kg,,40 Litres,,
Volkswagen Vento,₹4.59 Lakh,Aug 2017,"57,727 Kms",Second Owner,Petrol,Automatic,FWD,1197 cc,103.2 bhp,18.19 kmpl,4.0,Yes,5 Seats,1179 kg,163 mm,55 Litres,,
Maruti Suzuki Baleno,₹3.35 Lakh,Feb 2018,"70,643 Kms",Third Owner,Petrol,Manual,FWD,1197 cc,83.1 bhp,21.4 kmpl,4.0,No,5 Seats,880 kg,170 mm,37 Litres,,
Hyundai i20,₹3.60 Lakh,Jun 2015,"28,652 Kms",First Owner,Petrol,Manual,FWD,1197 cc,81.83 bhp,18.6 kmpl,4.0,No,5 Seats,1066 kg,170 mm,45 Litres,,
Hyundai i20,₹4.79 Lakh,Feb 2019,"47,002 Kms",First Owner,Petrol,Manual,FWD,1197 cc,81.83 bhp,18.6 kmpl,4.0,No,5 Seats,1066 kg,170 mm,45 Litres,,
Ford Freestyle,₹3.26 Lakh,May 2019,"1,05,881 Kms",First Owner,Petrol,Manual,FWD,1194 cc,94.68 bhp,19 kmpl,3.0,No,5 Seats,1036 kg,,42 Litres,,
Hyundai i20,₹3.75 Lakh,Dec 2014,"53,905 Kms",Second Owner,Petrol,Manual,FWD,1197 cc,81.83 bhp,18.6 kmpl,4.0,No,5 Seats,1066 kg,170 mm,45 Litres,,
Renault Pulse,₹3.10 Lakh,Jun 2017,"60,000 Kms",Second Owner,Diesel,Manual,FWD,1461 cc,63.1 bhp,23.08 kmpl,4.0,Yes,5 Seats,690 kg,154 mm,,41 Litres,
Honda City,₹5.25 Lakh,Aug 2016,"84,000 Kms",Second Owner,Petrol,Automatic,FWD,1497 cc,117.3 bhp,18 kmpl,4.0,No,5 Seats,1065 kg,165 mm,40 Litres,,
Maruti Suzuki Baleno,₹5 Lakh,Feb 2017,"78,000 Kms",First Owner,Petrol,Manual,FWD,1197 cc,83.1 bhp,21.4 kmpl,4.0,No,5 Seats,890 kg,170 mm,37 Litres,,
Maruti Suzuki Swift Dzire,₹5.45 Lakh,Jul 2017,"50,000 Kms",Second Owner,Petrol,Manual,FWD,1197 cc,81.80 bhp,21.21 kmpl,4.0,No,5 Seats,860-895 kg,163 mm,37 Litres,,
Ford Figo,₹4.35 Lakh,Jun 2018,"67,951 Kms",First Owner,Petrol,Manual,FWD,1196 cc,86.8 bhp,18.16 kmpl,4.0,No,5 Seats,1040-1130 kg,174 mm,42 Litres,,
Honda Amaze,₹4.45 Lakh,Oct 2015,"54,202 Kms",First Owner,Petrol,Automatic,FWD,1198 cc,86.7 bhp,15.5 kmpl,4.0,No,5 Seats,995 kg,165 mm,35 Litres,,
Renault Triber,₹5.51 Lakh,Oct 2020,"19,719 Kms",First Owner,Petrol,Manual,FWD,999 cc,72 bhp,20 kmpl,3.0,No,7 Seats,947 kg,182 mm,40 Litres,,
Hyundai Grand i10,₹3.95 Lakh,Apr 2015,"71,776 Kms",First Owner,Petrol,Manual,FWD,1197 cc,82 bhp,18.9 kmpl,4.0,No,5 Seats,935 kg,165 mm,43 Litres,,
Ford Figo,₹3.95 Lakh,Dec 2018,"46,185 Kms",First Owner,Petrol,Manual,FWD,1196 cc,86.8 bhp,18.16 kmpl,4.0,No,5 Seats,1040-1130 kg,174 mm,42 Litres,,
Hyundai i20,₹4.45 Lakh,Sept 2015,"70,048 Kms",First Owner,Petrol,Manual,FWD,1197 cc,81.83 bhp,18.6 kmpl,4.0,No,5 Seats,1066 kg,170 mm,45 Litres,,
Maruti Suzuki Ignis,₹4.45 Lakh,Dec 2019,"37,950 Kms",First Owner,Petrol,Manual,FWD,1197 cc,81.80 bhp,20.89 kmpl,4.0,No,5 Seats,835 kg,180 mm,32 Litres,,
Toyota Glanza,₹5.95 Lakh,Oct 2021,"45,700 Kms",First Owner,Petrol,Manual,FWD,1197 cc,81.80 bhp,21.01 kmpl,4.0,no,5 Seats,890 kg,,37 Litres,,
Hyundai Creta,₹9.40 Lakh,Oct 2020,"49,000 Kms",Second Owner,Petrol,Manual,,1497 cc,113.18 bhp,14 kmpl,4.0,No,5 Seats,1430 kg,,50 Litres,,
Kia Carens,₹16.50 Lakh,Jan 2023,"42,000 Kms",First Owner,Diesel,Automatic,2WD,1493 cc,114.41 bhp,,4.0,Yes,7 Seats,1595 kg,,,45 Litres,
Hyundai Alcazar,₹16 Lakh,Jun 2022,"29,000 Kms",First Owner,Petrol,Automatic,,1999 cc,156.9 bhp,14.2 kmpl,4.0,No,6 Seats,1730 kg,,,,
MG Hector,₹16.99 Lakh,Mar 2023,"12,000 Kms",First Owner,,Automatic,FWD,1451 cc,141 bhp,12.34 kmpl,4.0,,5 Seats,1640 kg,192 mm,60 Litres,,
Toyota Innova Crysta,₹16.25 Lakh,Jun 2018,"97,735 Kms",First Owner,Diesel,Manual,RWD,2393 cc,147.8 bhp,,4.0,Yes,8 Seats,1810 kg,178 mm,,55 Litres,
Mercedes-Benz GLA Class,₹15.99 Lakh,Dec 2017,"54,000 Kms",Second Owner,Petrol,Automatic,AWD,1991 cc,183 bhp,,4.0,Yes,5 Seats,1525 kg,183 mm,50 Litres,,
Toyota Innova Crysta,₹15.30 Lakh,Dec 2016,"1,33,000 Kms",First Owner,Diesel,Automatic,RWD,2755 cc,171.5 bhp,,4.0,Yes,7 Seats,1880 kg,,,55 Litres,
Honda City,₹15.50 Lakh,Feb 2024,"3,700 Kms",First Owner,Petrol,Automatic,FWD,1498 cc,119.35 bhp,18.4 kmpl,4.0,,5 Seats,1153 kg,,,,
Audi A4,₹15.50 Lakh,Sept 2017,"61,700 Kms",Third Owner,Diesel,Automatic,FWD,1968 cc,187.74 bhp,,4.0,Yes,5 Seats,1640 kg,165 mm,,54 Litres,
Mercedes-Benz M-Class,₹15.95 Lakh,Feb 2015,"1,28,000 Kms",Second Owner,,Automatic,AWD,2987 cc,254.8 bhp,11.74 kmpl,6.0,Yes,5 Seats,2175 kg,161 mm,,70 Litres,
Honda CR-V,₹19.75 Lakh,Oct 2018,"52,000 Kms",First Owner,Diesel,Automatic,4WD,1597 cc,118.3 bhp,19.5 kmpl,4.0,No,7 Seats,1725 kg,,,57 Litres,
Hyundai Creta,₹18.99 Lakh,Mar 2024,"7,500 Kms",First Owner,,Automatic,FWD,1482 cc,157.57 bhp,18.4 kmpl,4.0,Yes,5 Seats,,190 mm,50 Litres,,
Hyundai Alcazar,₹17.50 Lakh,Aug 2022,"40,000 Kms",First Owner,Diesel,Automatic,,1498 cc,113.42 bhp,18.1 kmpl,4.0,Yes,7 Seats,1670 kg,,,,
Hyundai Creta,₹18.25 Lakh,Aug 2024,"18,000 Kms",First Owner,Petrol,Automatic,2WD,1497 cc,113.18 bhp,14 kmpl,4.0,No,5 Seats,1450 kg,,50 Litres,,
Hyundai Tucson,₹16.99 Lakh,Jul 2021,"34,100 Kms",First Owner,Petrol,Automatic,,1999 cc,150.19 bhp,12.95 kmpl,4.0,No,5 Seats,1560 kg,,62 Litres,,
Hyundai Creta,₹18.45 Lakh,Aug 2024,"13,800 Kms",First Owner,,Automatic,FWD,1482 cc,157.57 bhp,18.4 kmpl,4.0,Yes,5 Seats,,190 mm,50 Litres,,
Hyundai Creta,₹18.75 Lakh,Dec 2024,"2,825 Kms",First Owner,,Automatic,FWD,1497 cc,113.18 bhp,17.7 kmpl,4.0,No,5 Seats,,190 mm,50 Litres,,
Kia Carnival,₹19.75 Lakh,Mar 2020,"1,30,000 Kms",First Owner,Diesel,Automatic,2WD,2199 cc,197.26 bhp,,4.0,Yes,7 Seats,2270 kg,,,60 Litres,
Toyota Innova Crysta,₹15.99 Lakh,Oct 2018,"2,01,000 Kms",First Owner,Diesel,Automatic,RWD,2755 cc,171.5 bhp,,4.0,Yes,7 Seats,1880 kg,,,55 Litres,
MG Hector,₹15.90 Lakh,Dec 2024,"6,302 Kms",First Owner,Petrol,Automatic,FWD,1451 cc,141.04 bhp,12.34 kmpl,4.0,Yes,5 Seats,,,60 Litres,,
Hyundai Alcazar,₹16.50 Lakh,Jan 2022,"43,769 Kms",First Owner,Diesel,Automatic,,1498 cc,113.42 bhp,18.1 kmpl,4.0,Yes,7 Seats,1670 kg,,,,
Kia Carnival,₹19.89 Lakh,Jul 2021,"84,300 Kms",First Owner,Diesel,Automatic,2WD,2199 cc,197.2 bhp,,4.0,Yes,7 Seats,2195 kg,180 mm,,60 Litres,
Hyundai Alcazar,₹17.45 Lakh,Apr 2022,"36,000 Kms",First Owner,Diesel,Automatic,,1493 cc,113.98 bhp,18.1 kmpl,4.0,Yes,7 Seats,1670 kg,,,50 Litres,
Hyundai Tucson,₹18.99 Lakh,Oct 2020,"57,000 Kms",First Owner,Diesel,Automatic,,1995 cc,182.37 bhp,15.38 kmpl,4.0,Yes,5 Seats,1640 kg,,,62 Litres,
Mercedes-Benz GLA Class,₹15.49 Lakh,Jun 2016,"40,500 Kms",Second Owner,Diesel,Automatic,AWD,2143 cc,136 bhp,,4.0,Yes,5 Seats,1585 kg,183 mm,,50 Litres,
Kia Carens,₹16.25 Lakh,Sept 2022,"20,000 Kms",First Owner,Diesel,Automatic,2WD,1493 cc,114.41 bhp,,4.0,Yes,6 Seats,1630 kg,,,45 Litres,
Hyundai Alcazar,₹15.25 Lakh,Mar 2022,"81,700 Kms",First Owner,Diesel,Automatic,,1493 cc,113.98 bhp,18.1 kmpl,4.0,Yes,6 Seats,1565 kg,,,50 Litres,
Land Rover Discovery Sport,₹20 Lakh,Aug 2017,"65,000 Kms",Second Owner,Diesel,Automatic,4WD,1999 cc,147.5 bhp,,4.0,Yes,5 Seats,2064 kg,212 mm,,65 Litres,
Kia Seltos,₹16.99 Lakh,Mar 2026,"48,000 Kms",First Owner,Diesel,Automatic,FWD,1493 cc,113.43 bhp,18 kmpl,4.0,Yes,5 Seats,1540 kg,,,50 Litres,
Toyota Innova Crysta,₹16.75 Lakh,Sept 2016,"51,830 Kms",First Owner,Diesel,Automatic,RWD,2755 cc,171.5 bhp,,4.0,Yes,7 Seats,1880 kg,,,55 Litres,
Kia Seltos,₹17.50 Lakh,Feb 2023,"34,000 Kms",First Owner,Diesel,Automatic,2WD,1493 cc,114.41 bhp,19.1 kmpl,4.0,Yes,5 Seats,,,,50 Litres,
Toyota Innova Crysta,₹15.55 Lakh,Sept 2017,"75,000 Kms",First Owner,Diesel,Automatic,RWD,2755 cc,171.5 bhp,,4.0,Yes,8 Seats,1835 kg,,,55 Litres,
Mercedes-Benz GLC Coupe,₹39.90 Lakh,Oct 2021,"50,000 Kms",First Owner,Petrol,Automatic,,1991 cc,254.79 bhp,,4.0,,5 Seats,1900 kg,,66 Litres,,
Mercedes-Benz AMG GLA 35,₹40.90 Lakh,Aug 2023,"45,000 Kms",First Owner,Petrol,Automatic,AWD,1991 cc,301.73 bhp,,4.0,Yes,5 Seats,1695 kg,,51 Litres,,
Ford Ecosport,₹6.20 Lakh,Nov 2018,"39,187 Kms",Second Owner,Petrol,Automatic,FWD,1496 cc,120.69 bhp,14.7 kmpl,3.0,No,5 Seats,1300 kg,,52 Litres,,
Hyundai i10,₹2.15 Lakh,Jan 2014,"88,888 Kms",Second Owner,Petrol,Manual,FWD,1086 cc,68.05 bhp,19.81 kmpl,4.0,No,5 Seats,860 kg,165 mm,35 Litres,,
Hyundai i20,₹2.35 Lakh,Oct 2013,"76,000 Kms",Second Owner,Petrol,Manual,FWD,1197 cc,82.85 bhp,18.5 kmpl,4.0,No,5 Seats,1040 kg,,45 Litres,,
Hyundai i20,₹2.45 Lakh,Aug 2012,"64,886 Kms",Third Owner,Petrol,Manual,FWD,1197 cc,82.85 bhp,18.5 kmpl,4.0,No,5 Seats,1040 kg,,45 Litres,,
Mercedes-Benz GLA,₹38.45 Lakh,Mar 2023,"16,500 Kms",First Owner,Petrol,Automatic,2WD,1332 cc,160.92 bhp,,4.0,Yes,5 Seats,1480 kg,,50 Litres,,
Skoda Kodiaq,₹33.95 Lakh,Nov 2022,"22,209 Kms",First Owner,,Automatic,4WD,1984 cc,187.74 bhp,12.78 kmpl,4.0,Yes,7 Seats,1793 kg,192 mm,60 Litres,,
Toyota Innova Crysta,₹13.75 Lakh,Jan 2017,"70,000 Kms",Second Owner,Diesel,Manual,RWD,2393 cc,147.8 bhp,,7.0,Yes,7 Seats,1820 kg,,,55 Litres,
Mercedes-Benz GLA Class,₹10.50 Lakh,Apr 2015,"69,000 Kms",First Owner,Diesel,Automatic,AWD,2143 cc,136 bhp,,4.0,Yes,5 Seats,1585 kg,183 mm,,50 Litres,
Volkswagen Ameo,₹2.94 Lakh,Sept 2016,"38,382 Kms",Second Owner,Petrol,Manual,FWD,1198 cc,73.75 bhp,17 kmpl,3.0,No,5 Seats,1069 kg,163 mm,45 Litres,,
Volkswagen Polo,₹2.56 Lakh,Mar 2015,"52,425 Kms",Second Owner,Petrol,Manual,FWD,1199 cc,74 bhp,16.2 kmpl,3.0,No,5 Seats,1030 kg,165 mm,45 Litres,,
Volkswagen Polo,₹2.07 Lakh,Apr 2014,"90,441 Kms",Second Owner,Petrol,Manual,FWD,1198 cc,74 bhp,16.47 kmpl,3.0,No,5 Seats,1053 kg,165 mm,45 Litres,,
Ford Figo,₹2.22 Lakh,Jan 2013,"45,000 Kms",First Owner,Petrol,Manual,FWD,1196 cc,70.02 bhp,15.6 kmpl,4.0,No,5 Seats,1060 kg,168 mm,45 Litres,,
Ford Figo,₹2.22 Lakh,Apr 2014,"48,000 Kms",Second Owner,Petrol,Manual,FWD,1196 cc,70.02 bhp,15.6 kmpl,4.0,No,5 Seats,1090 kg,168 mm,45 Litres,,
Datsun RediGO,₹2.16 Lakh,May 2016,"55,000 Kms",Second Owner,Petrol,Manual,2WD,799 cc,53.64 bhp,22.7 kmpl,3.0,No,5 Seats,770 kg,,28 Litres,,
Honda Brio,₹2.30 Lakh,Jan 2013,"34,947 Kms",First Owner,Petrol,Manual,FWD,1198 cc,86.8 bhp,18.4 kmpl,4.0,No,5 Seats,920-940 kg,165 mm,35 Litres,,
Honda City,₹2.75 Lakh,Sept 2012,"73,000 Kms",Second Owner,Petrol,Manual,FWD,1497 cc,116.4 bhp,16.8 kmpl,4.0,No,5 Seats,1100 kg,165 mm,42 Litres,,
Honda Amaze,₹2.99 Lakh,Oct 2014,"52,200 Kms",Second Owner,Petrol,Automatic,FWD,1198 cc,86.7 bhp,15.5 kmpl,4.0,No,5 Seats,990 kg,165 mm,35 Litres,,
Maruti Suzuki Celerio,₹2.95 Lakh,May 2014,"38,151 Kms",First Owner,Petrol,Manual,FWD,998 cc,67.04 bhp,23.1 kmpl,3.0,No,5 Seats,835 kg,120 mm,35 Litres,,
Maruti Suzuki Swift,₹2.75 Lakh,Mar 2013,"56,000 Kms",First Owner,Petrol,Manual,FWD,1197 cc,85.8 bhp,18.6 kmpl,4.0,No,5 Seats,970 kg,170 mm,42 Litres,,
Hyundai Grand i10,₹2.99 Lakh,Jul 2014,"38,000 Kms",Second Owner,Petrol,Manual,FWD,1197 cc,82 bhp,18.9 kmpl,4.0,No,5 Seats,935 kg,165 mm,43 Litres,,
Hyundai EON,₹2.51 Lakh,Aug 2017,"57,000 Kms",First Owner,Petrol,Manual,FWD,998 cc,68.05 bhp,20.3 kmpl,3.0,No,5 Seats,910 kg,170 mm,32 Litres,,
Honda Brio,₹2.20 Lakh,Mar 2026,"80,000 Kms",First Owner,Petrol,Manual,FWD,1198 cc,86.8 bhp,19.4 kmpl,4.0,No,5 Seats,925 kg,165 mm,35 Litres,,
Hyundai i20,₹2.05 Lakh,Jan 2011,"57,000 Kms",Second Owner,Petrol,Manual,,1197 cc,,17 kmpl,4.0,No,5 Seats,1100 kg,165 mm,45 Litres,,
Mahindra Xylo,₹2.65 Lakh,Feb 2012,"95,000 Kms",Second Owner,Diesel,Manual,FWD,2179 cc,120 bhp,13 kmpl,4.0,No,8 Seats,1830 kg,186 mm,,55 Litres,
Hyundai i20,₹2.50 Lakh,Feb 2014,"70,000 Kms",Third Owner,Petrol,Manual,FWD,1197 cc,81.83 bhp,18.6 kmpl,4.0,No,5 Seats,1066 kg,170 mm,45 Litres,,
Toyota Etios,₹2.45 Lakh,Feb 2012,"64,000 Kms",Second Owner,Petrol,Manual,,1496 cc,88.73 bhp,17.6 kmpl,4.0,No,5 Seats,920 kg,,45 Litres,,
Maruti Suzuki Wagon R Stingray,₹2.80 Lakh,Nov 2014,"68,000 Kms",Second Owner,Petrol,Manual,FWD,998 cc,67.04 bhp,20.51 kmpl,3.0,No,5 Seats,870 kg,165 mm,35 Litres,,
Renault KWID,₹2.49 Lakh,May 2019,"46,000 Kms",Second Owner,Petrol,Manual,FWD,999 cc,67 bhp,23.01 kmpl,3.0,No,5 Seats,730 kg,180 mm,28 Litres,,
Maruti Suzuki SX4,₹2.50 Lakh,Apr 2014,"65,541 Kms",First Owner,Petrol,Manual,FWD,1586 cc,103.2 bhp,16.51 kmpl,4.0,No,5 Seats,1170 kg,170 mm,50 Litres,,
Honda City,₹2.40 Lakh,Apr 2011,"80,000 Kms",Second Owner,Petrol,Manual,FWD,1497 cc,116.3 bhp,16.8 kmpl,4.0,No,5 Seats,1095 kg,165 mm,42 Litres,,
Honda City,₹2.29 Lakh,Oct 2011,"72,000 Kms",Second Owner,Petrol,Manual,FWD,1497 cc,116.4 bhp,16.8 kmpl,4.0,No,5 Seats,1100 kg,165 mm,42 Litres,,
Hyundai i20,₹2.25 Lakh,Nov 2011,"61,000 Kms",Second Owner,Petrol,Manual,FWD,1197 cc,,17 kmpl,4.0,No,5 Seats,1020 kg,165 mm,45 Litres,,
Hyundai i10,₹2.40 Lakh,Jul 2014,"65,000 Kms",Second Owner,Petrol,Manual,FWD,1086 cc,68.05 bhp,19.81 kmpl,4.0,No,5 Seats,860 kg,165 mm,35 Litres,,
Honda City,₹2.49 Lakh,Jun 2011,"73,000 Kms",First Owner,Petrol,Manual,FWD,1497 cc,,17 kmpl,4.0,No,5 Seats,1100 kg,160 mm,42 Litres,,
Hyundai i20,₹2.10 Lakh,May 2012,"37,000 Kms",Second Owner,Petrol,Manual,FWD,1197 cc,82.85 bhp,18.5 kmpl,4.0,No,5 Seats,1120 kg,,45 Litres,,
Hyundai Grand i10,₹2.90 Lakh,Jul 2015,"58,230 Kms",Second Owner,Petrol,Manual,FWD,1197 cc,82 bhp,18.9 kmpl,4.0,No,5 Seats,935 kg,165 mm,43 Litres,,
Kia Carnival,₹62.95 Lakh,Jan 2025,"6,778 Kms",First Owner,Diesel,Automatic,2WD,2151 cc,190 bhp,,4.0,,7 Seats,,,,72 Litres,
Mercedes-Benz AMG GLA 35,₹51 Lakh,Jan 2024,"5,000 Kms",First Owner,Petrol,Automatic,AWD,1991 cc,301.73 bhp,,4.0,Yes,5 Seats,1695 kg,,51 Litres,,
Volvo XC60,₹36.75 Lakh,Aug 2020,"47,902 Kms",Second Owner,Diesel,Automatic,AWD,1969 cc,235 bhp,,4.0,Yes,5 Seats,1825 kg,223 mm,,71 Litres,
Mercedes-Benz GLA,₹39.90 Lakh,Mar 2023,"8,000 Kms",First Owner,Diesel,Automatic,2WD,1950 cc,187.74 bhp,,4.0,Yes,5 Seats,1605 kg,,,50 Litres,
Renault KWID,₹3.10 Lakh,Apr 2019,"55,379 Kms",First Owner,Petrol,Manual,FWD,999 cc,67 bhp,23.01 kmpl,3.0,No,5 Seats,730 kg,180 mm,28 Litres,,
Maruti Suzuki Celerio,₹4.15 Lakh,Apr 2017,"36,130 Kms",First Owner,Petrol,Manual,FWD,998 cc,67.04 bhp,23.1 kmpl,3.0,No,5 Seats,835 kg,120 mm,35 Litres,,
Maruti Suzuki Baleno,₹4.70 Lakh,Dec 2015,"79,000 Kms",Second Owner,Petrol,Manual,FWD,1197 cc,83.1 bhp,21.4 kmpl,4.0,No,5 Seats,890 kg,170 mm,37 Litres,,
Skoda Octavia,₹5.95 Lakh,Dec 2016,"68,000 Kms",Second Owner,Petrol,Automatic,FWD,1798 cc,177 bhp,15.1 kmpl,4.0,Yes,5 Seats,1376 kg,155 mm,50 Litres,,
Kia Sonet,₹11.75 Lakh,Apr 2025,"19,471 Kms",First Owner,Petrol,Automatic,FWD,998 cc,118 bhp,18.4 kmpl,3.0,Yes,5 Seats,,,45 Litres,,
Hyundai Creta,₹12.65 Lakh,Aug 2021,"41,000 Kms",Second Owner,Petrol,Automatic,,1497 cc,113.18 bhp,14 kmpl,4.0,No,5 Seats,1490 kg,,50 Litres,,
Volkswagen Virtus,₹14.35 Lakh,Mar 2024,"6,500 Kms",First Owner,Petrol,Automatic,FWD,999 cc,113.98 bhp,18.12 kmpl,3.0,Yes,5 Seats,1245 kg,179 mm,45 Litres,,
Hyundai Creta,₹8.25 Lakh,Aug 2018,"79,000 Kms",Second Owner,,Manual,FWD,1591 cc,121.3 bhp,15.29 kmpl,4.0,No,5 Seats,1200 kg,190 mm,55 Litres,,
Hyundai i20,₹6.74 Lakh,Oct 2021,"53,000 Kms",First Owner,Petrol,Automatic,,1197 cc,86.76 bhp,19.65 kmpl,4.0,No,5 Seats,1150 kg,,37 Litres,,
Hyundai Tucson,₹8.75 Lakh,Sept 2017,"48,000 Kms",Third Owner,,Automatic,2WD,1995 cc,182.46 bhp,16.38 kmpl,4.0,Yes,5 Seats,1517 kg,195 mm,,62 Litres,
Toyota Glanza,₹6.25 Lakh,Jun 2020,"12,000 Kms",First Owner,Petrol,Automatic,FWD,1197 cc,81.80 bhp,19.56 kmpl,4.0,no,5 Seats,935 kg,,37 Litres,,
21+ used cars for sale from ₹5.25 Lakh in Mumbai,,,,,,,,,,,,,,,,,,
Skoda Octavia,₹7.75 Lakh,Aug 2016,"62,521 Kms",First Owner,Petrol,Automatic,FWD,1798 cc,177.5 bhp,14.7 kmpl,4.0,Yes,5 Seats,1376 kg,155 mm,50 Litres,,
Mercedes-Benz GLS,₹74.95 Lakh,Mar 2020,"47,600 Kms",First Owner,Petrol,Automatic,AWD,2999 cc,362.07 bhp,,6.0,,7 Seats,2460 kg,,,,
Kia Carnival,₹64.75 Lakh,Mar 2025,"6,000 Kms",First Owner,Diesel,Automatic,2WD,2151 cc,190 bhp,,4.0,,7 Seats,,,,72 Litres,
Hyundai Xcent,₹3.25 Lakh,Aug 2014,"74,174 Kms",Second Owner,Petrol,Manual,FWD,1197 cc,82 bhp,19.1 kmpl,4.0,No,5 Seats,1160 kg,165 mm,43 Litres,,
Maruti Suzuki Swift Dzire,₹3.95 Lakh,Jan 2014,"66,129 Kms",First Owner,Petrol,Manual,FWD,1197 cc,85.8 bhp,19.1 kmpl,4.0,No,5 Seats,970 kg,170 mm,42 Litres,,
Mahindra Alturas G4,₹18.75 Lakh,Mar 2019,"51,000 Kms",First Owner,Diesel,Automatic,4WD,2157 cc,178.49 bhp,12.05 kmpl,4.0,Yes,7 Seats,2160 kg,,,70 Litres,
Toyota Innova Crysta,₹18.50 Lakh,Feb 2018,"66,967 Kms",First Owner,Diesel,Automatic,RWD,2755 cc,171.5 bhp,,4.0,Yes,7 Seats,1880 kg,,,55 Litres,
Mercedes-Benz CLA,₹17.50 Lakh,Jan 2018,"55,500 Kms",Second Owner,Petrol,Automatic,FWD,1991 cc,183 bhp,,4.0,Yes,5 Seats,1510 kg,160 mm,56 Litres,,
Toyota Innova Crysta,₹16.54 Lakh,Jun 2018,"1,42,000 Kms",First Owner,Diesel,Manual,RWD,2393 cc,147.8 bhp,,4.0,Yes,7 Seats,1805 kg,178 mm,,55 Litres,
Skoda Kodiaq,₹19.90 Lakh,Nov 2018,"40,000 Kms",First Owner,Diesel,Automatic,4WD,1968 cc,148 bhp,,4.0,Yes,7 Seats,1799 kg,188 mm,,63 Litres,
Toyota Innova Crysta,₹19 Lakh,Dec 2018,"1,13,500 Kms",First Owner,Diesel,Automatic,RWD,2755 cc,171.5 bhp,,4.0,Yes,7 Seats,1830 kg,,,55 Litres,
Kia Carnival,₹33.24 Lakh,May 2022,"53,000 Kms",First Owner,Diesel,Automatic,2WD,2199 cc,197.26 bhp,,4.0,Yes,7 Seats,2270 kg,,,60 Litres,
Mercedes-Benz GLE,₹64.75 Lakh,Jul 2022,"42,000 Kms",Second Owner,Diesel,Automatic,AWD,1950 cc,241.38 bhp,,4.0,Yes,5 Seats,2150 kg,200 mm,,93 Litres,
Land Rover Range Rover Sport,₹37.25 Lakh,Aug 2017,"1,01,000 Kms",First Owner,,Automatic,4WD,4999 cc,517.63 bhp,7.24 kmpl,8.0,No,5 Seats,2310 kg,295 mm,105 Litres,,
Mercedes-Benz GLS,₹99.50 Lakh,Jan 2026,"45,000 Kms",First Owner,Diesel,Automatic,AWD,2925 cc,325.86 bhp,,6.0,,7 Seats,2505 kg,,,,
Mercedes-Benz GLS,₹1.19 Crore,Mar 2024,"24,000 Kms",First Owner,Diesel,Automatic,AWD,2925 cc,325.86 bhp,,6.0,,7 Seats,2505 kg,,,,
Mercedes-Benz GLS,₹96 Lakh,Sept 2021,"46,000 Kms",First Owner,Diesel,Automatic,AWD,2925 cc,325.86 bhp,,6.0,,7 Seats,2505 kg,,,,
Mercedes-Benz GLS,₹99.45 Lakh,Dec 2022,"45,000 Kms",First Owner,Diesel,Automatic,AWD,2925 cc,325.86 bhp,,6.0,,7 Seats,2505 kg,,,,
Mercedes-Benz GLS,₹1.17 Crore,Jan 2023,"30,000 Kms",First Owner,Diesel,Automatic,AWD,2925 cc,325.86 bhp,,6.0,,7 Seats,2505 kg,,,,
Mercedes-Benz GLS,₹1.15 Crore,Nov 2023,"26,300 Kms",First Owner,Diesel,Automatic,AWD,2925 cc,325.86 bhp,,6.0,,7 Seats,2505 kg,,,,
Mercedes-Benz GLS,₹2.70 Crore,Dec 2023,"20,300 Kms",Second Owner,Petrol,Automatic,AWD,3982 cc,549.81 bhp,,8.0,,4 Seats,2460 kg,,90 Litres,,
Kia Carnival,₹62.50 Lakh,Dec 2024,"16,000 Kms",First Owner,Diesel,Automatic,2WD,2151 cc,190 bhp,,4.0,,7 Seats,,,,72 Litres,
Land Rover Range Rover Sport,₹44.50 Lakh,May 2016,"48,000 Kms",First Owner,Diesel,Automatic,4WD,2993 cc,255 bhp,,6.0,Yes,5 Seats,2115 kg,295 mm,,80 Litres,
Mercedes-Benz GLC,₹44 Lakh,Jul 2018,"57,000 Kms",First Owner,Petrol,Automatic,AWD,2996 cc,362 bhp,,4.0,Yes,5 Seats,1855 kg,,65 Litres,,
Mercedes-Benz E-Class,₹39.99 Lakh,Dec 2020,"56,300 Kms",First Owner,Diesel,Automatic,RWD,1950 cc,191.7 bhp,,4.0,Yes,5 Seats,1805 kg,,,80 Litres,
Volvo XC90,₹39.75 Lakh,Jan 2016,"66,841 Kms",First Owner,,Automatic,AWD,1969 cc,235 bhp,17.2 kmpl,4.0,Yes,7 Seats,2350 kg,238 mm,,68 Litres,
Land Rover Discovery Sport,₹32.75 Lakh,Feb 2021,"1,10,000 Kms",First Owner,Diesel,Automatic,AWD,1999 cc,201 bhp,,4.0,Yes,7 Seats,,167 mm,,70 Litres,
Mercedes-Benz GLS,₹97 Lakh,Jul 2021,"69,000 Kms",First Owner,Diesel,Automatic,AWD,2925 cc,325.86 bhp,,6.0,,7 Seats,2505 kg,,,,
Mercedes-Benz GLE,₹33 Lakh,Mar 2018,"60,995 Kms",First Owner,,Automatic,AWD,2143 cc,201.15 bhp,17.9 kmpl,4.0,Yes,5 Seats,2150 kg,200 mm,,93 Litres,
Mercedes-Benz GLS,₹89.10 Lakh,Jan 2021,"70,000 Kms",First Owner,Diesel,Automatic,AWD,2925 cc,325.86 bhp,,6.0,,7 Seats,2505 kg,,,,
Mercedes-Benz GLS,₹35.50 Lakh,May 2017,"87,000 Kms",Second Owner,Diesel,Automatic,AWD,2987 cc,258 bhp,,6.0,Yes,7 Seats,2455 kg,,,100 Litres,
Mercedes-Benz GLE,₹35 Lakh,Aug 2018,"38,800 Kms",Second Owner,Diesel,Automatic,AWD,2987 cc,254.79 bhp,,6.0,Yes,5 Seats,2175 kg,200 mm,,93 Litres,
Toyota Vellfire,₹1.05 Crore,Mar 2023,"37,000 Kms",First Owner,Petrol,Automatic,4WD,2494 cc,115.32 bhp,,4.0,No,7 Seats,2075 kg,,58 Litres,,
Mercedes-Benz E-Class,₹37 Lakh,Mar 2021,"55,800 Kms",Second Owner,Diesel,Automatic,RWD,1950 cc,191.7 bhp,,4.0,Yes,5 Seats,1805 kg,,,80 Litres,
Land Rover Range Rover Sport,₹42.50 Lakh,Jan 2016,"48,000 Kms",Second Owner,Diesel,Automatic,4WD,2993 cc,255 bhp,,6.0,Yes,5 Seats,2115 kg,295 mm,,80 Litres,
Mercedes-Benz GLA,₹38.45 Lakh,May 2023,"16,500 Kms",First Owner,Petrol,Automatic,FWD,1332 cc,160.92 bhp,,4.0,Yes,5 Seats,1480 kg,,,,
Land Rover Range Rover Sport,₹1.34 Crore,Sept 2023,"64,000 Kms",First Owner,Diesel,Automatic,AWD,2998 cc,345.98 bhp,,6.0,Yes,5 Seats,2360 kg,,,86 Litres,
Mercedes-Benz E-Class,₹54.50 Lakh,Mar 2022,"50,000 Kms",First Owner,Diesel,Automatic,RWD,1950 cc,191.76 bhp,,4.0,Yes,5 Seats,1735 kg,,,80 Litres,
Mercedes-Benz Maybach S-Class,₹1.99 Crore,Feb 2023,"21,300 Kms",First Owner,Petrol,Automatic,AWD,3982 cc,496.17 bhp,,8.0,,4 Seats,2200 kg,,,,
Mercedes-Benz E-Class,₹56 Lakh,Mar 2022,"34,000 Kms",First Owner,Diesel,Automatic,RWD,1950 cc,191.76 bhp,,4.0,Yes,5 Seats,1735 kg,,,80 Litres,
Jeep Meridian,₹35.95 Lakh,May 2025,"12,000 Kms",First Owner,Diesel,Automatic,4WD,1956 cc,168 bhp,10 kmpl,4.0,Yes,7 Seats,,,,60 Litres,
Mercedes-Benz GLE,₹50 Lakh,Jun 2018,"40,850 Kms",Second Owner,Petrol,Automatic,AWD,2996 cc,384.87 bhp,,6.0,Yes,5 Seats,2240 kg,232 mm,93 Litres,,
Mercedes-Benz GLS,₹85 Lakh,Aug 2021,"50,000 Kms",First Owner,Diesel,Automatic,AWD,2925 cc,325.86 bhp,,6.0,,7 Seats,2505 kg,,,,
Mercedes-Benz GLE,₹79.95 Lakh,Sept 2023,"17,000 Kms",First Owner,Diesel,Automatic,AWD,1993 cc,265.52 bhp,,4.0,Yes,5 Seats,,,,93 Litres,
Kia Carens,₹16.85 Lakh,Aug 2023,"30,899 Kms",First Owner,Diesel,Automatic,FWD,1493 cc,114.41 bhp,,4.0,Yes,6 Seats,,,,45 Litres,
Toyota Innova Crysta,₹18.50 Lakh,Dec 2017,"89,000 Kms",First Owner,Diesel,Automatic,RWD,2755 cc,171.5 bhp,,4.0,Yes,7 Seats,1830 kg,,,55 Litres,
Hyundai Creta,₹15.51 Lakh,Nov 2023,"26,229 Kms",First Owner,Petrol,Automatic,2WD,1497 cc,113.18 bhp,14 kmpl,4.0,No,5 Seats,1450 kg,,50 Litres,,
Kia Seltos,₹17.50 Lakh,Nov 2024,"3,700 Kms",First Owner,Petrol,Automatic,2WD,,,17.9 kmpl,4.0,Yes,5 Seats,,,50 Litres,,
Hyundai Creta,₹15.90 Lakh,Apr 2023,"11,410 Kms",First Owner,Petrol,Automatic,,1353 cc,138.12 bhp,11 kmpl,4.0,Yes,5 Seats,1465 kg,,50 Litres,,
Maruti Suzuki Swift Dzire,₹3.99 Lakh,May 2015,"75,000 Kms",Second Owner,Petrol,Manual,FWD,1197 cc,83.14 bhp,20.85 kmpl,4.0,No,5 Seats,935 kg,170 mm,42 Litres,,
Honda City,₹5.25 Lakh,Oct 2016,"59,000 Kms",First Owner,Petrol,Manual,FWD,1497 cc,117.3 bhp,17.8 kmpl,4.0,No,5 Seats,1042 kg,165 mm,40 Litres,,
Honda City,₹4.45 Lakh,Jul 2014,"69,000 Kms",Second Owner,Petrol,Manual,FWD,1497 cc,117.3 bhp,17.4 kmpl,4.0,No,5 Seats,1049 kg,165 mm,40 Litres,,
Honda Amaze,₹3.45 Lakh,Mar 2015,"41,000 Kms",Second Owner,Petrol,Automatic,FWD,1198 cc,86.7 bhp,15.5 kmpl,4.0,No,5 Seats,995 kg,165 mm,35 Litres,,
Toyota Etios Liva,₹4.49 Lakh,Mar 2017,"53,000 Kms",First Owner,Petrol,Manual,FWD,1197 cc,78.9 bhp,17.71 kmpl,4.0,No,5 Seats,930 kg,170 mm,45 Litres,,
Maruti Suzuki Grand Vitara,₹14.75 Lakh,Jan 2023,"66,000 Kms",First Owner,,Automatic,FWD,1490 cc,91.18 bhp,27.97 kmpl,3.0,,5 Seats,1290-1295 kg,210 mm,45 Litres,,
Kia Sonet,₹10.35 Lakh,Dec 2020,"46,000 Kms",Second Owner,Diesel,Automatic,FWD,1493 cc,113.43 bhp,,4.0,Yes,5 Seats,kerb weight kg,,,45 Litres,
Hyundai Creta,₹11.50 Lakh,Mar 2023,"64,000 Kms",Second Owner,Petrol,Manual,2WD,1497 cc,113.18 bhp,17 kmpl,4.0,No,5 Seats,1430 kg,,50 Litres,,
Skoda Superb,₹12.60 Lakh,Jun 2016,"38,000 Kms",First Owner,Petrol,Automatic,FWD,1798 cc,177.46 bhp,14.67 kmpl,4.0,Yes,5 Seats,1540 kg,164 mm,66 Litres,,
Maruti Suzuki Baleno,₹5.95 Lakh,Oct 2020,"51,000 Kms",First Owner,Petrol,Automatic,FWD,1197 cc,81.80 bhp,19.56 kmpl,4.0,No,5 Seats,910-935 kg,170 mm,37 Litres,,
Maruti Suzuki Wagon R Stingray,₹2.80 Lakh,Oct 2014,"23,000 Kms",First Owner,Petrol,Manual,FWD,998 cc,67.04 bhp,20.51 kmpl,3.0,No,5 Seats,870 kg,165 mm,35 Litres,,
Maruti Suzuki Ritz,₹2.35 Lakh,Sept 2012,"52,000 Kms",First Owner,Petrol,Manual,FWD,1197 cc,85.80 bhp,18.5 kmpl,4.0,No,5 Seats,1015 kg,170 mm,43 Litres,,
Honda City,₹2.35 Lakh,Dec 2010,"61,000 Kms",First Owner,Petrol,Manual,FWD,1497 cc,,17 kmpl,4.0,No,5 Seats,1100 kg,160 mm,42 Litres,,
Hyundai i20,₹6.95 Lakh,Feb 2021,"29,254 Kms",First Owner,Petrol,Automatic,,1197 cc,86.76 bhp,19.65 kmpl,4.0,No,5 Seats,1150 kg,,37 Litres,,
Maruti Suzuki Swift Dzire,₹4.14 Lakh,Apr 2015,"57,982 Kms",First Owner,Petrol,Manual,2 WD,1298 cc,85.8 bhp,17.5 kmpl,4.0,No,5 Seats,1035 kg,170 mm,43 Litres,,
Tata Altroz,₹4.95 Lakh,Oct 2020,"41,000 Kms",First Owner,Petrol,Manual,,1199 cc,86.83 bhp,19.33 kmpl,3.0,No,5 Seats,1135 kg,165 mm,37 Litres,,
Mahindra XUV700,₹22 Lakh,Nov 2022,"29,000 Kms",First Owner,Diesel,Automatic,AWD,2198 cc,182.38 bhp,17.19 kmpl,4.0,Yes,7 Seats,1855 kg,,,60 Litres,
CNG LXI Opt,₹5.10 Lakh,Mar 2022,"52,860 Kms",Second Owner,CNG,Manual,FWD,998 cc,58.33 bhp,32.52 km/kg,3.0,No,5 Seats,905-910 kg,,,,60 Litres
Mahindra XUV700,₹21.45 Lakh,Mar 2023,"38,145 Kms",First Owner,Diesel,Automatic,AWD,2198 cc,182.38 bhp,17.19 kmpl,4.0,Yes,7 Seats,1855 kg,,,60 Litres,
Hyundai Verna,₹8.15 Lakh,May 2018,"90,792 Kms",First Owner,Diesel,Automatic,FWD,1582 cc,126.2 bhp,22 kmpl,4.0,Yes,5 Seats,1285 kg,165 mm,,45 Litres,
MG Windsor EV,₹14.95 Lakh,Jan 2024,"12,000 Kms",First Owner,,Automatic,FWD,,134 bhp,,,,5 Seats,,186 mm,,,
Toyota Innova,₹8.25 Lakh,Feb 2015,"1,28,171 Kms",First Owner,Diesel,Manual,RWD,2494 cc,100.6 bhp,,4.0,Yes,7 Seats,1600 kg,176 mm,,55 Litres,
Maruti Suzuki Wagon R,₹5.10 Lakh,Mar 2022,"52,860 Kms",Second Owner,CNG,Manual,FWD,998 cc,58.33 bhp,32.52 km/kg,3.0,No,5 Seats,905-910 kg,,,,60 Litres
Hyundai Creta,₹19.75 Lakh,Feb 2025,"4,123 Kms",First Owner,,Automatic,FWD,1497 cc,113.18 bhp,17.7 kmpl,4.0,No,5 Seats,,190 mm,50 Litres,,
Kia Sonet,₹7.25 Lakh,Aug 2021,"60,323 Kms",First Owner,Petrol,Manual,FWD,1197 cc,81.86 bhp,18.4 kmpl,4.0,No,5 Seats,1192 kg,,45 Litres,,
Hyundai Creta,₹10.95 Lakh,Mar 2021,"51,000 Kms",First Owner,Diesel,Manual,,1493 cc,113.98 bhp,,4.0,Yes,5 Seats,1430 kg,,,50 Litres,
Toyota Innova Crysta,₹18.25 Lakh,Mar 2020,"50,373 Kms",Second Owner,Diesel,Automatic,RWD,2393 cc,148 bhp,,4.0,Yes,8 Seats,1875 kg,,,55 Litres,
MG ZS EV,₹15.35 Lakh,Jan 2024,"14,400 Kms",First Owner,,Automatic,FWD,,174.33 bhp,,,,5 Seats,,,,,
Skoda Superb,₹7 Lakh,Jun 2015,"50,900 Kms",Second Owner,Diesel,Automatic,FWD,1968 cc,138.08 bhp,17.2 kmpl,4.0,Yes,5 Seats,1644 kg,159 mm,,60 Litres,
Hyundai Santro Xing,₹99 Thousand,Jul 2011,"49,471 Kms",Second Owner,Petrol,Manual,,1086 cc,62 bhp,,4.0,No,5 Seats,854 kg,164 mm,35 Litres,,
Toyota Fortuner,₹39 Lakh,Jan 2024,"28,000 Kms",First Owner,Diesel,Automatic,2WD,2755 cc,201.15 bhp,14 kmpl,4.0,Yes,7 Seats,,,,80 Litres,
Mahindra XUV300,₹10.55 Lakh,Jul 2023,"24,000 Kms",First Owner,Diesel,Automatic,,1497 cc,115.05 bhp,19.7 kmpl,4.0,Yes,5 Seats,1465 kg,,,42 Litres,
Kia Sonet,₹9.45 Lakh,Mar 2021,"29,000 Kms",First Owner,Diesel,Automatic,FWD,1493 cc,113.42 bhp,19 kmpl,4.0,Yes,5 Seats,1485 kg,,,45 Litres,
Toyota Innova Crysta,₹17.50 Lakh,Oct 2019,"86,594 Kms",First Owner,Diesel,Manual,RWD,2393 cc,147.8 bhp,,4.0,Yes,7 Seats,1815 kg,,,55 Litres,
Maruti Suzuki A-Star,₹1.25 Lakh,Dec 2011,"69,000 Kms",Second Owner,Petrol,Manual,FWD,998 cc,66.1 bhp,19 kmpl,3.0,No,5 Seats,860-895 kg,170 mm,35 Litres,,
Maruti Suzuki Swift Dzire,₹1.99 Lakh,Sept 2009,"87,000 Kms",First Owner,Petrol,Manual,2 WD,1298 cc,85.8 bhp,17.5 kmpl,4.0,No,5 Seats,1010 kg,170 mm,43 Litres,,
Honda City,₹1.95 Lakh,May 2010,"83,000 Kms",Second Owner,Petrol,Manual,FWD,1497 cc,,17 kmpl,4.0,No,5 Seats,1100 kg,160 mm,42 Litres,,
Tata Hexa,₹7.25 Lakh,Aug 2018,"90,000 Kms",First Owner,Diesel,Automatic,,2179 cc,153.86 bhp,,4.0,Yes,7 Seats,1900 kg,200 mm,,60 Litres,
Mahindra XUV 3XO,₹11 Lakh,Jul 2024,"18,100 Kms",First Owner,Petrol,Automatic,FWD,1197 cc,109.96 bhp,17.96 kmpl,3.0,Yes,5 Seats,,,42 Litres,,
Maruti Suzuki Grand Vitara,₹20 Lakh,Feb 2025,"3,300 Kms",First Owner,,Automatic,FWD,1490 cc,91.18 bhp,27.97 kmpl,3.0,,5 Seats,1260-1275 kg,210 mm,45 Litres,,
Hyundai i20,₹3.95 Lakh,Nov 2015,"63,000 Kms",First Owner,Petrol,Manual,FWD,1197 cc,81.83 bhp,18.6 kmpl,4.0,No,5 Seats,1066 kg,170 mm,45 Litres,,
Maruti Suzuki Ertiga,₹9.75 Lakh,Oct 2022,"27,000 Kms",First Owner,Petrol,Automatic,2WD,1462 cc,101.65 bhp,20.3 kmpl,4.0,,7 Seats,1150-1205 kg,,45 Litres,,
Ford Ecosport,₹3.65 Lakh,Mar 2015,"62,000 Kms",Second Owner,,Manual,FWD,1499 cc,110 bhp,15.8 kmpl,4.0,No,5 Seats,1290 kg,200 mm,52 Litres,,
Tata Hexa,₹7 Lakh,Aug 2018,"1,10,000 Kms",First Owner,Diesel,Automatic,,2179 cc,153.86 bhp,,4.0,Yes,7 Seats,1900 kg,200 mm,,60 Litres,
Jaguar XF,₹8.25 Lakh,Jun 2014,"91,000 Kms",Second Owner,Diesel,Automatic,RWD,2179 cc,187.7 bhp,,4.0,Yes,5 Seats,1780 kg,141 mm,,68 Litres,
Hyundai Santro,₹3.75 Lakh,Apr 2019,"6,522 Kms",First Owner,Petrol,Manual,FWD,1086 cc,68 bhp,20.3 kmpl,4.0,No,5 Seats,1050 kg,,35 Litres,,
Maruti Suzuki Ertiga,₹9.49 Lakh,Jun 2022,"51,000 Kms",First Owner,CNG,Manual,2WD,1462 cc,86.63 bhp,26.11 km/kg,4.0,,7 Seats,1250-1255 kg,,,,60 Litres
Hyundai Venue,₹7.25 Lakh,Oct 2019,"52,338 Kms",First Owner,Petrol,Automatic,FWD,998 cc,118.35 bhp,18.15 kmpl,3.0,Yes,5 Seats,1440 kg,,45 Litres,,
Jeep Compass,₹18.45 Lakh,Apr 2022,"24,191 Kms",First Owner,Diesel,Automatic,FWD,1956 cc,168 bhp,17.1 kmpl,4.0,Yes,5 Seats,,,,60 Litres,
Mahindra XUV500,₹8.25 Lakh,Mar 2017,"1,57,000 Kms",Second Owner,,Manual,FWD,2179 cc,140 bhp,16 kmpl,4.0,Yes,7 Seats,1655 kg,200 mm,,70 Litres,
Ford Endeavour,₹28.85 Lakh,Mar 2020,"76,542 Kms",First Owner,Diesel,Automatic,4WD,1996 cc,167.62 bhp,12.4 kmpl,4.0,,7 Seats,2410 kg,,,80 Litres,
Kia Seltos,₹10.99 Lakh,Feb 2021,"40,539 Kms",First Owner,Petrol,Automatic,2WD,1497 cc,113.42 bhp,16.8 kmpl,4.0,No,5 Seats,1555 kg,,50 Litres,,
Honda City,₹2.85 Lakh,Sept 2012,"88,106 Kms",First Owner,Petrol,Manual,FWD,1497 cc,116.4 bhp,16.8 kmpl,4.0,No,5 Seats,1100 kg,165 mm,42 Litres,,
Hyundai Grand i10,₹4.75 Lakh,Aug 2018,"60,753 Kms",First Owner,Petrol,Automatic,FWD,1197 cc,81.86 bhp,18.9 kmpl,4.0,No,5 Seats,1200 kg,165 mm,43 Litres,,
Maruti Suzuki Swift,₹5.65 Lakh,May 2018,"52,147 Kms",First Owner,Petrol,Automatic,FWD,1197 cc,81.80 bhp,21.21 kmpl,4.0,No,5 Seats,855-885 kg,163 mm,37 Litres,,
Maruti Suzuki Jimny,₹12.45 Lakh,Jun 2023,"19,231 Kms",First Owner,,Automatic,4WD,1462 cc,103 bhp,16.39 kmpl,4.0,,4 Seats,1205 kg,210 mm,40 Litres,,
Maruti Suzuki Ciaz,₹5.95 Lakh,Jun 2017,"42,106 Kms",First Owner,Petrol,Automatic,FWD,1462 cc,103.25 bhp,20.28 kmpl,4.0,No,5 Seats,1105 kg,170 mm,43 Litres,,
Nissan Terrano,₹3.50 Lakh,Jun 2014,"81,000 Kms",Second Owner,,Manual,FWD,1461 cc,108.5 bhp,19.01 kmpl,4.0,Yes,5 Seats,1340 kg,205 mm,,50 Litres,
Mahindra NuvoSport,₹3.95 Lakh,May 2016,"1,07,514 Kms",Second Owner,,Manual,RWD,1493 cc,100 bhp,17.45 kmpl,3.0,Yes,7 Seats,1065 kg,180 mm,,60 Litres,
Maruti Suzuki Wagon R,₹3.85 Lakh,Apr 2018,"43,516 Kms",First Owner,CNG,Manual,FWD,998 cc,58.16 bhp,26.6 km/kg,3.0,No,5 Seats,960 kg,165 mm,,,7 Litres
Honda City,₹2.75 Lakh,Jan 2012,"67,000 Kms",First Owner,Petrol,Manual,FWD,1497 cc,116.3 bhp,16.8 kmpl,4.0,No,5 Seats,1095 kg,165 mm,42 Litres,,
Jaguar XF,₹10.95 Lakh,Sept 2012,"86,000 Kms",Second Owner,Diesel,Automatic,RWD,2993 cc,270.9 bhp,,6.0,Yes,5 Seats,1780 kg,141 mm,,68 Litres,
Tata Safari,₹14.50 Lakh,Jul 2021,"55,024 Kms",First Owner,Diesel,Automatic,,1956 cc,167.67 bhp,14.08 kmpl,4.0,Yes,7 Seats,1825 kg,,,50 Litres,
Ford Endeavour,₹17 Lakh,Feb 2018,"95,000 Kms",Second Owner,,Automatic,RWD,2198 cc,158 bhp,12.62 kmpl,4.0,Yes,7 Seats,1879 kg,225 mm,,80 Litres,
Maruti Suzuki Ertiga,₹9.95 Lakh,Nov 2022,"38,000 Kms",First Owner,CNG,Manual,2WD,1462 cc,86.63 bhp,26.11 km/kg,4.0,,7 Seats,1250-1255 kg,,,,60 Litres
Ford Fiesta,₹2.35 Lakh,May 2013,"98,263 Kms",Third Owner,Diesel,Manual,2WD,1399 cc,67 bhp,17.8 kmpl,4.0,No,5 Seats,1130 kg,168 mm,,45 Litres,
Maruti Suzuki Ciaz,₹4.95 Lakh,Dec 2015,"84,000 Kms",Second Owner,Diesel,Manual,FWD,1248 cc,88.5 bhp,26.21 kmpl,4.0,Yes,5 Seats,1105 kg,170 mm,,43 Litres,
BMW 7 Series,₹1.55 Crore,Dec 2024,"4,005 Kms",First Owner,Diesel,Automatic,RWD,2993 cc,375.48 bhp,,6.0,Yes,5 Seats,1915 kg,136 mm,,74 Litres,
Mercedes-Benz E-Class,₹33.95 Lakh,Mar 2019,"31,000 Kms",First Owner,Diesel,Automatic,RWD,1950 cc,191.7 bhp,,4.0,Yes,5 Seats,1805 kg,,,80 Litres,
Maruti Suzuki Ertiga,₹6.50 Lakh,Aug 2016,"75,000 Kms",First Owner,CNG,Manual,FWD,1373 cc,80.46 bhp,17.5 km/kg,4.0,No,7 Seats,1255 kg,185 mm,,,14 Litres
Maruti Suzuki Swift Dzire,₹2.25 Lakh,Feb 2011,"79,000 Kms",First Owner,Petrol,Manual,2 WD,1298 cc,85.8 bhp,17.5 kmpl,4.0,No,5 Seats,1010 kg,170 mm,43 Litres,,
Mahindra Thar,₹14.49 Lakh,Mar 2022,"45,000 Kms",First Owner,,Automatic,4X4,2184 cc,130 bhp,9 kmpl,4.0,Yes,4 Seats,1755 kg,226 mm,,57 Litres,
Skoda Kodiaq,₹18.75 Lakh,Jun 2018,"58,000 Kms",First Owner,Diesel,Automatic,4WD,1968 cc,148 bhp,,4.0,Yes,7 Seats,1799 kg,188 mm,,63 Litres,
Toyota Camry,₹33.75 Lakh,Mar 2022,"23,900 Kms",First Owner,Petrol,Automatic,FWD,2487 cc,214.5 bhp,19.16 kmpl,4.0,No,5 Seats,1665 kg,160 mm,50 Litres,,
Maruti Suzuki Ertiga,₹6.75 Lakh,Feb 2015,"81,541 Kms",First Owner,Diesel,Manual,FWD,1248 cc,88.76 bhp,20.77 kmpl,4.0,Yes,7 Seats,1235 kg,185 mm,,45 Litres,
Jeep Wrangler,₹69.95 Lakh,Feb 2025,"2,840 Kms",First Owner,Petrol,Automatic,4WD,1995 cc,268.20 bhp,,4.0,,5 Seats,2146 kg,237 mm,,,
Mahindra Bolero Neo,₹8.25 Lakh,Jul 2021,"46,500 Kms",Second Owner,,Manual,RWD(with MTT),1493 cc,100 bhp,17.29 kmpl,3.0,Yes,7 Seats,1505 kg,180 mm,,50 Litres,
Jeep Compass,₹6.75 Lakh,Sept 2018,"48,000 Kms",First Owner,,Automatic,4X2,1368 cc,160 bhp,16 kmpl,4.0,Yes,5 Seats,1562 s kg,178 mm,60 Litres,,
Skoda Kodiaq,₹17.75 Lakh,Feb 2018,"58,000 Kms",First Owner,Diesel,Automatic,4WD,1968 cc,148 bhp,,4.0,Yes,7 Seats,1799 kg,188 mm,,63 Litres,
Mahindra TUV 300,₹5.75 Lakh,May 2018,"21,000 Kms",Second Owner,,Manual,RWD,1493 cc,100 bhp,18.49 kmpl,3.0,Yes,7 Seats,1650 kg,184 mm,,60 Litres,
Maruti Suzuki Ertiga,₹10.49 Lakh,Jan 2020,"90,000 Kms",First Owner,Diesel,Manual,FWD,1248 cc,88.50 bhp,25.47 kmpl,4.0,Yes,7 Seats,1245 kg,,,45 Litres,
Maruti Suzuki Celerio,₹3.35 Lakh,Apr 2016,"66,594 Kms",Second Owner,CNG,Manual,FWD,998 cc,58.2 bhp,31.79 km/kg,3.0,No,5 Seats,915 kg,165 mm,,,7 Litres
Kia Syros,₹8.35 Lakh,Feb 2025,"6,000 Kms",First Owner,,Manual,FWD,998 cc,118 bhp,18.2 kmpl,3.0,Yes,5 Seats,,190 mm,45 Litres,,
Nissan Terrano,₹2.85 Lakh,Nov 2015,"54,844 Kms",First Owner,,Manual,FWD,1598 cc,102.5 bhp,13.24 kmpl,4.0,No,5 Seats,1320 kg,205 mm,50 Litres,,
Hyundai i10,₹1.09 Lakh,May 2008,"48,000 Kms",Second Owner,Petrol,Manual,FWD,1086 cc,68.05 bhp,19.81 kmpl,4.0,No,5 Seats,860 kg,165 mm,35 Litres,,
Kia Carens,₹17.95 Lakh,Apr 2023,"9,322 Kms",First Owner,Diesel,Automatic,FWD,1493 cc,114.41 bhp,,4.0,Yes,7 Seats,,,,45 Litres,
Maruti Suzuki Celerio,₹2.67 Lakh,Mar 2014,"66,314 Kms",First Owner,Petrol,Manual,FWD,998 cc,67.77 bhp,25.24 kmpl,3.0,,5 Seats,810 kg,,32 Litres,,
Hyundai Alcazar,₹17.04 Lakh,Feb 2022,"16,025 Kms",First Owner,Diesel,Automatic,FWD,1493 cc,114 bhp,18.1 kmpl,4.0,Yes,6 Seats,,,,50 Litres,
Honda City,₹11.58 Lakh,Dec 2022,"42,670 Kms",First Owner,Petrol,Manual,,1498 cc,119.35 bhp,18.6 kmpl,4.0,,5 Seats,1107-1153 kg,,40 Litres,,
Hyundai i20,₹8 Lakh,May 2023,"19,943 Kms",Second Owner,Petrol,Automatic,FWD,1197 cc,87 bhp,20 kmpl,4.0,,5 Seats,,,37 Litres,,
Kia Sonet,₹12.49 Lakh,Apr 2024,"34,500 Kms",First Owner,Diesel,Manual,FWD,1493 cc,114 bhp,24.1 kmpl,4.0,Yes,5 Seats,,,,45 Litres,
Hyundai i20,₹3.75 Lakh,Nov 2012,"56,012 Kms",First Owner,Diesel,Manual,,1396 cc,,21.9 kmpl,4.0,No,5 Seats,1120 kg,165 mm,,45 Litres,
Maruti Suzuki Ertiga,₹5.40 Lakh,Sept 2014,"88,225 Kms",Second Owner,Diesel,Manual,FWD,1248 cc,88.76 bhp,20.77 kmpl,4.0,Yes,7 Seats,1235 kg,185 mm,,45 Litres,
Hyundai Venue,₹8.90 Lakh,Feb 2020,"20,000 Kms",First Owner,Petrol,Manual,FWD,998 cc,118.35 bhp,18.27 kmpl,3.0,Yes,5 Seats,1340 kg,,45 Litres,,
MG Hector Plus,₹15.75 Lakh,Nov 2023,"15,000 Kms",Second Owner,Petrol,Automatic,,1451 cc,141 bhp,12.34 kmpl,4.0,YES,7 Seats,1780 kg,,60 Litres,,
Hyundai Grand i10,₹3.90 Lakh,Nov 2017,"58,515 Kms",First Owner,Petrol,Manual,FWD,1197 cc,81.86 bhp,18.9 kmpl,4.0,No,5 Seats,1120 kg,165 mm,43 Litres,,
Honda City,₹4.54 Lakh,Feb 2016,"34,896 Kms",Second Owner,Petrol,Manual,FWD,1497 cc,116.3 bhp,16.8 kmpl,4.0,No,5 Seats,1095 kg,165 mm,42 Litres,,
Audi A4,₹19.45 Lakh,Mar 2017,"47,500 Kms",First Owner,Diesel,Automatic,FWD,1968 cc,187.74 bhp,,4.0,Yes,5 Seats,1640 kg,165 mm,,54 Litres,
Mercedes-Benz C-Class,₹21.51 Lakh,Oct 2017,"65,000 Kms",First Owner,Diesel,Automatic,RWD,2143 cc,170 bhp,,4.0,Yes,5 Seats,1655 kg,157 mm,,66 Litres,
Tata Harrier,₹16.95 Lakh,Jul 2022,"36,962 Kms",First Owner,Diesel,Automatic,,1956 cc,167.67 bhp,14.6 kmpl,4.0,Yes,5 Seats,1675 kg,,,50 Litres,
Kia Seltos,₹9.35 Lakh,Oct 2020,"5,802 Kms",Second Owner,Petrol,Manual,2WD,1353 cc,138 bhp,16.1 kmpl,4.0,Yes,5 Seats,1445 kg,,50 Litres,,
Nissan Micra,₹3.40 Lakh,Apr 2016,"28,589 Kms",Second Owner,Petrol,Automatic,FWD,1198 cc,75.94 bhp,19.15 kmpl,3.0,No,5 Seats,1100 kg,154 mm,41 Litres,,
Honda WR-V,₹7.50 Lakh,Jun 2022,"35,189 Kms",First Owner,Petrol,Manual,,1199 cc,88.50 bhp,16.5 kmpl,4.0,,5 Seats,1106 kg,,40 Litres,,
Maruti Suzuki Ertiga,₹8.51 Lakh,Mar 2019,"65,460 Kms",First Owner,Petrol,Manual,FWD,1462 cc,103.26 bhp,19.01 kmpl,4.0,No,7 Seats,1135-1170 kg,,45 Litres,,
Mahindra XUV500,₹12.75 Lakh,Jun 2019,"55,000 Kms",First Owner,,Automatic,FWD,2179 cc,152.87 bhp,15.1 kmpl,4.0,Yes,7 Seats,1755 kg,200 mm,,70 Litres,
Honda City,₹9.75 Lakh,Sept 2020,"42,648 Kms",First Owner,Petrol,Automatic,,1498 cc,119.35 bhp,18.3 kmpl,4.0,,5 Seats,1107-1153 kg,,40 Litres,,
Honda City,₹3.35 Lakh,Apr 2013,"87,000 Kms",First Owner,Petrol,Manual,FWD,1497 cc,116.3 bhp,16.8 kmpl,4.0,No,5 Seats,1095 kg,165 mm,42 Litres,,
Mercedes-Benz GLA Class,₹11.99 Lakh,Jan 2017,"83,000 Kms",Fourth Owner,Diesel,Automatic,2WD,2143 cc,136 bhp,,4.0,Yes,5 Seats,1585 kg,183 mm,,50 Litres,
Mahindra Alturas G4,₹15.55 Lakh,Apr 2019,"77,000 Kms",First Owner,Diesel,Automatic,4WD,2157 cc,178.49 bhp,12.05 kmpl,4.0,Yes,7 Seats,2160 kg,,,70 Litres,
Honda Mobilio,₹3.95 Lakh,Oct 2014,"50,652 Kms",First Owner,Petrol,Manual,FWD,1497 cc,117.3 bhp,17.3 kmpl,4.0,No,7 Seats,1145 kg,189 mm,42 Litres,,
Hyundai i20,₹8.95 Lakh,Mar 2026,"9,000 Kms",First Owner,Petrol,Automatic,FWD,1197 cc,87 bhp,20 kmpl,4.0,,5 Seats,,,37 Litres,,
Maruti Suzuki Ertiga,₹5.99 Lakh,Feb 2015,"73,313 Kms",Second Owner,Petrol,Manual,FWD,1373 cc,93.7 bhp,16.02 kmpl,4.0,No,7 Seats,1160 kg,185 mm,45 Litres,,
Skoda Kushaq,₹8.45 Lakh,Jan 2022,"33,000 Kms",Second Owner,,Manual,FWD,999 cc,113.98 bhp,19.2 kmpl,3.0,Yes,5 Seats,1195-1255 kg,188 mm,50 Litres,,
Ford Ecosport,₹7.45 Lakh,Aug 2020,"34,907 Kms",First Owner,,Manual,FWD,1496 cc,120.69 bhp,15.9 kmpl,3.0,No,5 Seats,1225 kg,200 mm,52 Litres,,
Mercedes-Benz GLC,₹61.45 Lakh,Jun 2023,"17,000 Kms",First Owner,Petrol,Automatic,4WD,1999 cc,254.79 bhp,,4.0,,5 Seats,2000 kg,,66 Litres,,
Honda Amaze,₹2.95 Lakh,Mar 2014,"49,849 Kms",First Owner,Petrol,Manual,FWD,1198 cc,86.7 bhp,18 kmpl,4.0,No,5 Seats,950 kg,165 mm,35 Litres,,
Kia Carens,₹16.95 Lakh,Feb 2023,"26,815 Kms",First Owner,Diesel,Manual,2WD,1497 cc,114.41 bhp,,4.0,Yes,7 Seats,1595 kg,,,45 Litres,
Toyota Innova Crysta,₹15.75 Lakh,Sept 2017,"33,373 Kms",First Owner,Diesel,Automatic,RWD,2755 cc,171.5 bhp,,4.0,Yes,8 Seats,1835 kg,,,55 Litres,
MG Astor,₹10.25 Lakh,Jan 2022,"36,926 Kms",First Owner,Petrol,Automatic,,1498 cc,108.49 bhp,14.82 kmpl,4.0,No,5 Seats,1400 kg,,48 Litres,,
Kia Seltos,₹14.95 Lakh,Jul 2023,"15,072 Kms",First Owner,Petrol,Automatic,FWD,1497 cc,113.43 bhp,,4.0,No,5 Seats,1400 kg,,50 Litres,,
Kia Seltos,₹11.75 Lakh,Feb 2021,"69,503 Kms",First Owner,Diesel,Manual,FWD,1493 cc,113.43 bhp,20.8 kmpl,4.0,Yes,5 Seats,1535 kg,,,50 Litres,
Honda Amaze,₹3.11 Lakh,Jul 2015,"49,219 Kms",First Owner,Petrol,Manual,FWD,1198 cc,86.7 bhp,18 kmpl,4.0,No,5 Seats,950 kg,165 mm,35 Litres,,
Honda City,₹2.70 Lakh,Mar 2012,"76,000 Kms",Second Owner,Petrol,Automatic,FWD,1497 cc,116.3 bhp,15.6 kmpl,4.0,No,5 Seats,1145 kg,165 mm,42 Litres,,
Maruti Suzuki Grand Vitara,₹15.95 Lakh,Jun 2024,"8,652 Kms",First Owner,,Automatic,FWD,1462 cc,101.64 bhp,20.58 kmpl,4.0,,5 Seats,1185-1210 kg,210 mm,45 Litres,,
Maruti Suzuki Ciaz,₹5 Lakh,Nov 2019,"50,000 Kms",Second Owner,Petrol,Manual,FWD,1462 cc,103.25 bhp,21.56 kmpl,4.0,No,5 Seats,1025 kg,170 mm,43 Litres,,
Honda Amaze,₹4.35 Lakh,Jan 2018,"34,000 Kms",Second Owner,Petrol,Manual,FWD,1198 cc,86.7 bhp,17.8 kmpl,4.0,No,5 Seats,955 kg,165 mm,35 Litres,,
Skoda Octavia,₹6.55 Lakh,Aug 2014,"69,029 Kms",First Owner,Diesel,Automatic,FWD,1968 cc,141 bhp,19.3 kmpl,4.0,Yes,5 Seats,1395 kg,155 mm,,50 Litres,
Honda City,₹6.41 Lakh,Oct 2021,"61,911 Kms",First Owner,Petrol,Manual,,1497 cc,117.60 bhp,17.4 kmpl,4.0,,5 Seats,1063 kg,,40 Litres,,
Honda Amaze 2nd Gen,₹7.50 Lakh,Jan 2024,"46,000 Kms",First Owner,Petrol,Automatic,FWD,1199 cc,88.50 bhp,18.3 kmpl,4.0,,5 Seats,957 kg,,35 Litres,,
Tata Nexon,₹6.70 Lakh,Feb 2022,"58,329 Kms",First Owner,Petrol,Manual,,1199 cc,118.35 bhp,17.33 kmpl,3.0,Yes,5 Seats,1230 kg,209 mm,44 Litres,,
Maruti Suzuki Dzire,₹7.50 Lakh,Jan 2025,"19,500 Kms",First Owner,Petrol,Manual,FWD,1197 cc,80 bhp,24.79 kmpl,3.0,,5 Seats,920-960 kg,163 mm,37 Litres,,
Honda WR-V,₹6.45 Lakh,Jan 2019,"53,066 Kms",First Owner,,Manual,FWD,1498 cc,98.6 bhp,25.5 kmpl,4.0,Yes,5 Seats,1198 kg,188 mm,,40 Litres,
Honda WR-V,₹6.99 Lakh,Jan 2019,"53,312 Kms",First Owner,,Manual,FWD,1498 cc,98.6 bhp,25.5 kmpl,4.0,Yes,5 Seats,1198 kg,188 mm,,40 Litres,
Hyundai Creta,₹7.35 Lakh,Aug 2017,"65,372 Kms",Second Owner,,Automatic,FWD,1591 cc,121.3 bhp,13 kmpl,4.0,No,5 Seats,1280 kg,190 mm,55 Litres,,
Maruti Suzuki XL6,₹9.85 Lakh,Oct 2021,"56,000 Kms",First Owner,Petrol,Automatic,FWD,1462 cc,103.2 bhp,17.99 kmpl,4.0,,6 Seats,1190 kg,,45 Litres,,
Hyundai Grand i10,₹2.90 Lakh,May 2015,"87,285 Kms",First Owner,Petrol,Manual,FWD,1197 cc,82 bhp,18.9 kmpl,4.0,No,5 Seats,935 kg,165 mm,43 Litres,,
Maruti Suzuki Ignis,₹2.90 Lakh,May 2017,"63,385 Kms",Second Owner,Petrol,Manual,FWD,1197 cc,81.80 bhp,20.89 kmpl,4.0,No,5 Seats,835 kg,180 mm,32 Litres,,
Honda Brio,₹2.34 Lakh,Jul 2014,"71,790 Kms",First Owner,Petrol,Manual,FWD,1198 cc,86.8 bhp,19.4 kmpl,4.0,No,5 Seats,925 kg,165 mm,35 Litres,,
Volkswagen Polo,₹2.20 Lakh,Dec 2012,"94,426 Kms",First Owner,Petrol,Manual,FWD,1198 cc,73.9 bhp,16.47 kmpl,3.0,No,5 Seats,1055 kg,168 mm,45 Litres,,
Mahindra KUV 100 NXT,₹2.61 Lakh,Dec 2017,"39,838 Kms",Second Owner,Petrol,Manual,FWD,1198 cc,82 bhp,18.15 kmpl,3.0,No,6 Seats,935 kg,170 mm,35 Litres,,
Datsun RediGO,₹2.13 Lakh,Sept 2016,"58,024 Kms",First Owner,Petrol,Manual,FWD,799 cc,53.64 bhp,20.71 kmpl,3.0,No,5 Seats,770 kg,187 mm,28 Litres,,
Hyundai Grand i10,₹2.69 Lakh,Sept 2014,"37,470 Kms",First Owner,Petrol,Manual,FWD,1197 cc,82 bhp,18.9 kmpl,4.0,No,5 Seats,935 kg,165 mm,43 Litres,,
Hyundai Grand i10,₹2.37 Lakh,Jun 2016,"35,975 Kms",Second Owner,Petrol,Manual,FWD,1197 cc,82 bhp,18.9 kmpl,4.0,No,5 Seats,935 kg,165 mm,43 Litres,,
Hyundai Grand i10,₹2.83 Lakh,Jan 2016,"41,896 Kms",First Owner,Petrol,Manual,FWD,1197 cc,82 bhp,18.9 kmpl,4.0,No,5 Seats,935 kg,165 mm,43 Litres,,
Ford Figo,₹2.75 Lakh,Oct 2015,"54,000 Kms",First Owner,Petrol,Manual,FWD,1196 cc,86.8 bhp,18.16 kmpl,4.0,Yes,5 Seats,990 kg,174 mm,42 Litres,,
Volkswagen Polo,₹2.75 Lakh,Nov 2012,"60,000 Kms",First Owner,Petrol,Manual,FWD,1198 cc,73.9 bhp,16.47 kmpl,3.0,No,5 Seats,1055 kg,168 mm,45 Litres,,
Maruti Suzuki SX4,₹2.50 Lakh,Jan 2014,"51,000 Kms",First Owner,Petrol,Manual,FWD,1586 cc,103.2 bhp,16.51 kmpl,4.0,No,5 Seats,1200 kg,180 mm,,,
Maruti Suzuki Ritz,₹2.50 Lakh,Jan 2011,"55,000 Kms",First Owner,Petrol,Manual,FWD,1197 cc,85.80 bhp,18.5 kmpl,4.0,No,5 Seats,1015 kg,170 mm,43 Litres,,
Toyota Etios Liva,₹2.45 Lakh,Jul 2011,"26,145 Kms",Second Owner,Petrol,Manual,,1197 cc,,18.3 kmpl,4.0,,5 Seats,895 kg,,45 Litres,,
Honda Brio,₹2.40 Lakh,May 2013,"39,289 Kms",Second Owner,Petrol,Manual,FWD,1198 cc,86.8 bhp,19.4 kmpl,4.0,No,5 Seats,915 kg,165 mm,35 Litres,,
Datsun RediGO,₹2.35 Lakh,Dec 2017,"21,461 Kms",First Owner,Petrol,Manual,2WD,999 cc,67 bhp,22.5 kmpl,3.0,No,5 Seats,750 kg,,,,
Maruti Suzuki Swift,₹2.55 Lakh,Mar 2013,"1,21,467 Kms",First Owner,Petrol,Manual,FWD,1197 cc,85.8 bhp,18.6 kmpl,4.0,No,5 Seats,970 kg,170 mm,42 Litres,,
Hyundai Grand i10,₹2.85 Lakh,Jul 2017,"70,343 Kms",First Owner,Petrol,Manual,FWD,1197 cc,82 bhp,18.9 kmpl,4.0,No,5 Seats,935 kg,165 mm,43 Litres,,
Datsun RediGO,₹2.45 Lakh,May 2018,"54,000 Kms",Second Owner,Petrol,Manual,2WD,799 cc,53.64 bhp,22.7 kmpl,3.0,No,5 Seats,750 kg,,28 Litres,,
Honda Jazz,₹2.75 Lakh,May 2012,"22,000 Kms",First Owner,Petrol,Manual,Two Wheel Drive,1198 cc,,16 kmpl,4.0,No,5 Seats,1055 kg,150 mm,42 Litres,,
Honda Jazz,₹2.99 Lakh,Jul 2015,"1,26,111 Kms",First Owner,Diesel,Manual,FWD,1498 cc,98.6 bhp,27.3 kmpl,4.0,Yes,5 Seats,1154 kg,165 mm,,40 Litres,
1.5 VX i DTEC,₹2.99 Lakh,Jul 2015,"1,26,111 Kms",First Owner,Diesel,Manual,FWD,1498 cc,98.6 bhp,27.3 kmpl,4.0,Yes,5 Seats,1154 kg,165 mm,,40 Litres,
Honda City,₹2.15 Lakh,Jan 2010,"81,000 Kms",Second Owner,Petrol,Manual,FWD,1497 cc,,17 kmpl,4.0,No,5 Seats,1100 kg,160 mm,42 Litres,,
Volkswagen Jetta,₹2.90 Lakh,Sept 2013,"76,000 Kms",Second Owner,Diesel,Manual,FWD,1968 cc,138.1 bhp,19.33 kmpl,4.0,Yes,5 Seats,1445 kg,159 mm,,55 Litres,
Maruti Suzuki Wagon R,₹2.65 Lakh,Aug 2013,"31,742 Kms",First Owner,CNG,Manual,FWD,998 cc,58.16 bhp,26.6 km/kg,3.0,No,5 Seats,960 kg,165 mm,,,7 Litres
Maruti Suzuki Wagon R,₹2.52 Lakh,Jan 2015,"57,206 Kms",First Owner,Petrol,Manual,FWD,998 cc,67.04 bhp,20.51 kmpl,3.0,No,5 Seats,890 kg,165 mm,35 Litres,,
Kia Carnival,₹23.51 Lakh,Mar 2020,"63,000 Kms",Second Owner,Diesel,Automatic,2WD,2199 cc,197.26 bhp,,4.0,Yes,7 Seats,2270 kg,,,60 Litres,
Kia Carnival,₹22.49 Lakh,Mar 2020,"82,000 Kms",First Owner,Diesel,Automatic,2WD,2199 cc,197.26 bhp,,4.0,Yes,7 Seats,2270 kg,,,60 Litres,
Audi Q5,₹24 Lakh,Jan 2018,"74,900 Kms",Second Owner,Diesel,Automatic,AWD,1968 cc,188 bhp,,4.0,Yes,5 Seats,1990 kg,200 mm,,70 Litres,
Mercedes-Benz CLA,₹22.45 Lakh,Sept 2019,"41,000 Kms",First Owner,Diesel,Automatic,FWD,2143 cc,134.1 bhp,,4.0,Yes,5 Seats,1570 kg,160 mm,,56 Litres,
Mercedes-Benz C-Class,₹24 Lakh,Sept 2020,"85,083 Kms",First Owner,Diesel,Automatic,RWD,1950 cc,194 bhp,,4.0,Yes,5 Seats,1655 kg,157 mm,,66 Litres,
Kia Carnival,₹22.49 Lakh,Mar 2020,"79,500 Kms",First Owner,Diesel,Automatic,2WD,2199 cc,197.26 bhp,,4.0,Yes,6 Seats,2320 kg,,,60 Litres,
Mercedes-Benz E-Class,₹30 Lakh,Nov 2017,"65,000 Kms",First Owner,Diesel,Automatic,RWD,1950 cc,191.7 bhp,,4.0,Yes,5 Seats,1805 kg,,,,
Jaguar F-Pace,₹27.50 Lakh,Jan 2019,"65,600 Kms",Second Owner,,Automatic,FWD,1999 cc,177 bhp,16.38 kmpl,4.0,Yes,5 Seats,1775 kg,213 mm,,60 Litres,
Mercedes-Benz GLC,₹25.50 Lakh,May 2017,"68,000 Kms",First Owner,Diesel,Automatic,AWD,2143 cc,170 bhp,,4.0,Yes,5 Seats,1954 kg,,,65 Litres,
Mahindra Alturas G4,₹21.50 Lakh,Jan 2019,"65,200 Kms",First Owner,Diesel,Automatic,4WD,2157 cc,178.49 bhp,12.05 kmpl,4.0,Yes,7 Seats,2160 kg,,,70 Litres,
Mercedes-Benz CLA,₹21.75 Lakh,Feb 2019,"48,400 Kms",First Owner,Diesel,Automatic,FWD,2143 cc,136 bhp,,4.0,Yes,5 Seats,1570 kg,160 mm,,56 Litres,
BMW 3 Series GT,₹22.95 Lakh,Jan 2019,"36,000 Kms",Second Owner,Diesel,Automatic,RWD,1995 cc,188 bhp,,4.0,Yes,5 Seats,1720 kg,165 mm,,60 Litres,
Jeep Meridian,₹28.75 Lakh,Mar 2024,"13,000 Kms",First Owner,Diesel,Automatic,FWD,1956 cc,168 bhp,8.2 kmpl,4.0,Yes,7 Seats,,,,60 Litres,
Skoda Kodiaq,₹27.95 Lakh,Mar 2022,"40,673 Kms",First Owner,,Automatic,4WD,1984 cc,187.74 bhp,12.78 kmpl,4.0,Yes,7 Seats,1779 kg,192 mm,60 Litres,,
Volvo XC40,₹25.95 Lakh,Oct 2020,"29,000 Kms",First Owner,Petrol,Automatic,FWD,1969 cc,187.40 bhp,,4.0,,5 Seats,1640 kg,211 mm,54 Litres,,
Volkswagen Tiguan,₹29.75 Lakh,Jan 2024,"16,000 Kms",First Owner,Petrol,Automatic,AWD,1984 cc,187.74 bhp,12.65 kmpl,4.0,Yes,5 Seats,1703 kg,,60 Litres,,
BMW 2 Series Gran Coupe,₹27.50 Lakh,Nov 2021,"23,300 Kms",First Owner,Petrol,Automatic,FWD,1998 cc,189.08 bhp,14.82 kmpl,4.0,Twin,5 Seats,1570 kg,,50 Litres,,
Jeep Meridian,₹28.95 Lakh,Jan 2024,"28,500 Kms",First Owner,Diesel,Automatic,FWD,1956 cc,168 bhp,8.2 kmpl,4.0,Yes,7 Seats,,,,60 Litres,
Toyota Innova Crysta,₹20.50 Lakh,Jan 2021,"1,10,000 Kms",First Owner,Diesel,Automatic,RWD,2393 cc,148 bhp,,4.0,Yes,8 Seats,1875 kg,,,55 Litres,
Hyundai Creta,₹20.75 Lakh,Feb 2025,"5,200 Kms",First Owner,,Automatic,FWD,1493 cc,114 bhp,19.1 kmpl,4.0,Yes,5 Seats,,190 mm,,50 Litres,
Skoda Superb,₹24.75 Lakh,Dec 2021,"44,000 Kms",First Owner,Petrol,Automatic,FWD,1984 cc,187.74 bhp,15.1 kmpl,4.0,Yes,5 Seats,1579 kg,156 mm,66 Litres,,
Skoda Superb,₹20.99 Lakh,Jun 2021,"23,000 Kms",First Owner,Petrol,Automatic,FWD,1984 cc,187.74 bhp,15.1 kmpl,4.0,Yes,5 Seats,1579 kg,156 mm,66 Litres,,
Mercedes-Benz C-Class,₹25 Lakh,Oct 2019,"43,600 Kms",First Owner,Petrol,Automatic,RWD,1950 cc,201.15 bhp,,4.0,Yes,5 Seats,1655 kg,157 mm,66 Litres,,
Mahindra Alturas G4,₹20.25 Lakh,Dec 2021,"39,407 Kms",First Owner,Diesel,Automatic,,2157 cc,178.49 bhp,12.05 kmpl,4.0,Yes,7 Seats,2080 kg,,,70 Litres,
Toyota Innova Crysta,₹22.95 Lakh,Sept 2022,"45,000 Kms",First Owner,Diesel,Manual,RWD,2393 cc,148 bhp,,4.0,Yes,7 Seats,1895 kg,,,55 Litres,
Skoda Kodiaq,₹30 Lakh,May 2020,"38,000 Kms",First Owner,Diesel,Automatic,4WD,1968 cc,148 bhp,,4.0,Yes,7 Seats,1826 kg,188 mm,,63 Litres,
Skoda Octavia,₹21.75 Lakh,Jan 2022,"39,000 Kms",First Owner,Petrol,Automatic,FWD,1984 cc,187.74 bhp,15.81 kmpl,4.0,Yes,5 Seats,1459 kg,137 mm,50 Litres,,
2.4 Zx 7Str,₹27.95 Lakh,Jun 2024,"10,308 Kms",First Owner,Diesel,Manual,RWD,2393 cc,147.51 bhp,,4.0,Yes,7 Seats,,,,55 Litres,
Maruti Suzuki Invicto,₹23.45 Lakh,Feb 2024,"14,600 Kms",First Owner,Petrol,Automatic,FWD,1987 cc,150.19 bhp,,4.0,,7 Seats,1620-1630 kg,,52 Litres,,
Lexus NX,₹33.95 Lakh,Aug 2019,"53,000 Kms",Second Owner,Petrol,Automatic,AWD,2499 cc,194.3 bhp,,4.0,Yes,5 Seats,1785 kg,185 mm,56 Litres,,
30+ used cars for sale from ₹7.45 Lakh in Mumbai,,,,,,,,,,,,,,,,,,
Honda City,₹7.43 Lakh,Feb 2020,"41,595 Kms",Second Owner,Petrol,Automatic,,1498 cc,119.35 bhp,18.3 kmpl,4.0,,5 Seats,1107-1153 kg,,40 Litres,,
Maruti Suzuki Ciaz,₹7.62 Lakh,Feb 2021,"46,456 Kms",First Owner,Petrol,Manual,FWD,1373 cc,91.1 bhp,20.73 kmpl,4.0,No,5 Seats,1030 kg,170 mm,43 Litres,,
Honda City,₹7.94 Lakh,Nov 2020,"77,892 Kms",Second Owner,Petrol,Automatic,,1498 cc,119.35 bhp,18.3 kmpl,4.0,,5 Seats,1107-1153 kg,,40 Litres,,
Maruti Suzuki Dzire,₹6.73 Lakh,Jun 2022,"18,640 Kms",First Owner,Petrol,Manual,FWD,1197 cc,80 bhp,24.79 kmpl,3.0,,5 Seats,920-960 kg,163 mm,37 Litres,,
Hyundai i20,₹7.04 Lakh,Apr 2021,"24,504 Kms",First Owner,Petrol,Automatic,,998 cc,118.41 bhp,20.28 kmpl,3.0,Yes,5 Seats,1220 kg,,37 Litres,,
Renault Triber,₹6.01 Lakh,Sept 2022,"17,943 Kms",First Owner,Petrol,Manual,FWD,999 cc,71.01 bhp,20 kmpl,3.0,,7 Seats,,182 mm,40 Litres,,
Hyundai Venue,₹7.68 Lakh,Sept 2022,"68,034 Kms",First Owner,Petrol,Manual,,1197 cc,81.80 bhp,16 kmpl,4.0,No,5 Seats,1148 kg,,45 Litres,,
Tata Altroz,₹6.08 Lakh,Aug 2021,"24,853 Kms",First Owner,Petrol,Manual,FWD,1199 cc,86.79 bhp,19.33 kmpl,3.0,No,5 Seats,,165 mm,37 Litres,,
Honda City,₹6.50 Lakh,May 2017,"66,541 Kms",Second Owner,Petrol,Automatic,FWD,1498 cc,119.35 bhp,18.4 kmpl,4.0,,5 Seats,1153 kg,,,,
Maruti Suzuki Dzire,₹6.18 Lakh,Apr 2019,"28,549 Kms",First Owner,Petrol,Manual,FWD,1197 cc,80 bhp,24.79 kmpl,3.0,,5 Seats,920-960 kg,163 mm,37 Litres,,
Hyundai Creta,₹7.99 Lakh,Aug 2018,"1,13,000 Kms",First Owner,,Manual,FWD,1591 cc,121.3 bhp,13 kmpl,4.0,No,5 Seats,1280 kg,190 mm,55 Litres,,
Hyundai Venue,₹7.77 Lakh,Jul 2019,"64,101 Kms",First Owner,Petrol,Manual,FWD,1197 cc,82 bhp,20.36 kmpl,4.0,No,5 Seats,,,45 Litres,,
Maruti Suzuki Swift,₹6.80 Lakh,Jan 2024,"21,000 Kms",First Owner,Petrol,Manual,FWD,1197 cc,80.46 bhp,24.8 kmpl,3.0,No,5 Seats,920 kg,163 mm,37 Litres,,
Hyundai Venue,₹7.45 Lakh,Jun 2019,"42,397 Kms",Second Owner,Petrol,Automatic,FWD,998 cc,118.35 bhp,18.15 kmpl,3.0,Yes,5 Seats,1440 kg,,45 Litres,,
Hyundai Creta,₹6.95 Lakh,Sept 2016,"62,000 Kms",Second Owner,,Automatic,FWD,1591 cc,121.3 bhp,13 kmpl,4.0,No,5 Seats,1280 kg,190 mm,55 Litres,,
Toyota Urban Cruiser EBELLA,₹8.75 Lakh,Nov 2022,"31,000 Kms",First Owner,Petrol,Automatic,,1462 cc,103.26 bhp,18.76 kmpl,4.0,,5 Seats,1135-1150 kg,,48 Litres,,
Maruti Suzuki Ciaz,₹8.99 Lakh,Jan 2022,"30,000 Kms",First Owner,Petrol,Automatic,FWD,1462 cc,103.25 bhp,20.04 kmpl,4.0,,5 Seats,1130 kg,,43 Litres,,
Honda Amaze,₹6.75 Lakh,Aug 2018,"45,000 Kms",Second Owner,Diesel,Automatic,FWD,1498 cc,78.9 bhp,23.8 kmpl,4.0,Yes,5 Seats,1039 kg,170 mm,,35 Litres,
Tata Nexon,₹6.72 Lakh,Jan 2021,"30,607 Kms",First Owner,Petrol,Manual,FWD,1198 cc,108.5 bhp,17 kmpl,3.0,Yes,5 Seats,1252 kg,,44 Litres,,
Maruti Suzuki XL6,₹9.25 Lakh,Jan 2020,"53,189 Kms",Second Owner,Petrol,Manual,FWD,1462 cc,103.2 bhp,19.01 kmpl,4.0,,6 Seats,1180 kg,,45 Litres,,
Skoda Octavia,₹7.50 Lakh,May 2016,"72,000 Kms",Second Owner,Petrol,Automatic,FWD,1798 cc,177.5 bhp,14.7 kmpl,4.0,Yes,5 Seats,1376 kg,155 mm,50 Litres,,
Jeep Compass,₹8 Lakh,Jan 2018,"51,000 Kms",First Owner,,Automatic,4X2,1368 cc,160 bhp,16 kmpl,4.0,Yes,5 Seats,1562 s kg,178 mm,60 Litres,,
Hyundai Creta,₹6.25 Lakh,Feb 2017,"62,077 Kms",First Owner,,Manual,FWD,1591 cc,121.3 bhp,15.29 kmpl,4.0,No,5 Seats,"1,300 kg",190 mm,55 Litres,,
Hyundai Venue,₹6.99 Lakh,Dec 2019,"27,700 Kms",First Owner,Petrol,Manual,FWD,1197 cc,81.86 bhp,17.52 kmpl,4.0,No,5 Seats,1080 kg,,45 Litres,,
Honda BR-V,₹7.65 Lakh,Nov 2018,"61,000 Kms",First Owner,,Automatic,FWD,1497 cc,117.3 bhp,15.4 kmpl,4.0,No,7 Seats,1238 kg,210 mm,42 Litres,,
Hyundai Creta,₹6.91 Lakh,Jun 2017,"42,000 Kms",First Owner,,Manual,FWD,1591 cc,121.3 bhp,15.29 kmpl,4.0,No,5 Seats,"1,300 kg",190 mm,55 Litres,,
Hyundai Aura,₹6.35 Lakh,Apr 2022,"19,000 Kms",First Owner,Petrol,Manual,,1197 cc,81.86 bhp,20.5 kmpl,4.0,No,5 Seats,1050 kg,,,,
Hyundai Venue,₹7.25 Lakh,Mar 2021,"42,135 Kms",First Owner,Petrol,Manual,FWD,1197 cc,81.86 bhp,17.52 kmpl,4.0,No,5 Seats,1080 kg,,45 Litres,,
Honda City,₹6.99 Lakh,Jan 2019,"85,300 Kms",Second Owner,Petrol,Automatic,FWD,1497 cc,117.6 bhp,18 kmpl,4.0,No,5 Seats,1107 kg,165 mm,40 Litres,,
Maruti Suzuki XL6,₹7.95 Lakh,Nov 2019,"37,000 Kms",Second Owner,Petrol,Automatic,FWD,1462 cc,103.2 bhp,,4.0,,6 Seats,1190 kg,,45 Litres,,
Hyundai Verna,₹7.95 Lakh,Jun 2019,"72,437 Kms",First Owner,Petrol,Manual,FWD,1591 cc,121.3 bhp,17 kmpl,4.0,No,5 Seats,1248 kg,165 mm,45 Litres,,
Hyundai Creta,₹6.95 Lakh,Apr 2016,"75,000 Kms",Second Owner,,Automatic,FWD,1582 cc,126.2 bhp,17.01 kmpl,4.0,Yes,5 Seats,1320 kg,190 mm,,55 Litres,
Hyundai Creta,₹9.11 Lakh,Sept 2018,"42,000 Kms",First Owner,,Automatic,FWD,1591 cc,121.3 bhp,13 kmpl,4.0,No,5 Seats,1280 kg,190 mm,55 Litres,,
Hyundai Creta,₹8.60 Lakh,Feb 2018,"53,000 Kms",First Owner,Petrol,Automatic,FWD,1591 cc,121.3 bhp,14.8 kmpl,4.0,No,5 Seats,1300 kg,,55 Litres,,
Jeep Compass,₹7.95 Lakh,Nov 2017,"38,000 Kms",First Owner,,Automatic,4X2,1368 cc,160 bhp,16 kmpl,4.0,Yes,5 Seats,1562 s kg,178 mm,60 Litres,,
Hyundai Venue,₹6.25 Lakh,Jun 2020,"30,688 Kms",First Owner,Petrol,Manual,FWD,1197 cc,81.86 bhp,17.52 kmpl,4.0,No,5 Seats,1080 kg,,45 Litres,,
Hyundai Creta,₹7.75 Lakh,Dec 2018,"29,000 Kms",First Owner,Petrol,Manual,FWD,1591 cc,121.3 bhp,15.8 kmpl,4.0,No,5 Seats,1260 kg,,55 Litres,,
Maruti Suzuki XL6,₹9.50 Lakh,Jan 2022,"19,029 Kms",Second Owner,Petrol,Manual,2WD,1462 cc,101.65 bhp,,4.0,,6 Seats,1200 kg,,45 Litres,,
Honda City,₹7.75 Lakh,Aug 2020,"99,000 Kms",First Owner,Petrol,Automatic,,1498 cc,119.35 bhp,18.3 kmpl,4.0,,5 Seats,1107-1153 kg,,40 Litres,,
Hyundai Venue,₹6.99 Lakh,Jun 2021,"27,000 Kms",First Owner,Petrol,Manual,FWD,1197 cc,81.86 bhp,17.52 kmpl,4.0,No,5 Seats,1080 kg,,45 Litres,,
Mahindra Marazzo,₹7 Lakh,Mar 2019,"62,000 Kms",First Owner,Diesel,Manual,FWD,1497 cc,121 bhp,17.3 kmpl,4.0,Yes,7 Seats,1650 s kg,,,45 Litres,
Hyundai Tucson,₹6.85 Lakh,Jan 2018,"1,61,500 Kms",First Owner,,Automatic,4WD,1995 cc,182.46 bhp,16.38 kmpl,4.0,Yes,5 Seats,1617 kg,195 mm,,62 Litres,
Honda BR-V,₹6.25 Lakh,Jun 2016,"51,000 Kms",First Owner,,Automatic,FWD,1497 cc,117.3 bhp,15.4 kmpl,4.0,No,7 Seats,1238 kg,210 mm,42 Litres,,
Tata Nexon,₹7.45 Lakh,Jul 2022,"39,000 Kms",First Owner,Petrol,Manual,,1199 cc,118.36 bhp,17.57 kmpl,3.0,Yes,5 Seats,1230 kg,209 mm,44 Litres,,
Jeep Compass,₹7.45 Lakh,Jun 2018,"32,578 Kms",First Owner,,Automatic,4X2,1368 cc,160 bhp,16 kmpl,4.0,Yes,5 Seats,1562 s kg,178 mm,60 Litres,,
Honda City,₹7.50 Lakh,Jan 2019,"42,100 Kms",First Owner,Petrol,Automatic,FWD,1497 cc,117.6 bhp,17.4 kmpl,4.0,No,5 Seats,1100 kg,165 mm,40 Litres,,
Honda City,₹6.85 Lakh,Dec 2019,"38,962 Kms",First Owner,Petrol,Automatic,FWD,1497 cc,117.6 bhp,17.4 kmpl,4.0,No,5 Seats,1080 kg,165 mm,40 Litres,,
Mercedes-Benz E-Class,₹7 Lakh,Apr 2013,"76,000 Kms",Third Owner,Diesel,Automatic,RWD,2143 cc,170 bhp,,4.0,Yes,5 Seats,1640 kg,123 mm,,80 Litres,
Mahindra XUV300,₹7.95 Lakh,Dec 2020,"67,900 Kms",Second Owner,Diesel,Automatic,,1497 cc,115.05 bhp,19.7 kmpl,4.0,Yes,5 Seats,1465 kg,,,42 Litres,
Honda City,₹6.95 Lakh,Oct 2017,"48,100 Kms",First Owner,Petrol,Automatic,FWD,1497 cc,117.6 bhp,18 kmpl,4.0,No,5 Seats,1100 kg,165 mm,40 Litres,,
Skoda Superb,₹11.80 Lakh,Jan 2017,"99,000 Kms",Second Owner,Diesel,Automatic,FWD,1968 cc,174.5 bhp,18.19 kmpl,4.0,Yes,5 Seats,1565 kg,164 mm,,66 Litres,
Audi Q3,₹10.50 Lakh,Jul 2015,"80,000 Kms",Second Owner,Diesel,Automatic,AWD,1968 cc,174.33 bhp,,4.0,Yes,5 Seats,1660 kg,170 mm,,64 Litres,
Renault Pulse,₹2.15 Lakh,Jan 2015,"76,525 Kms",First Owner,Diesel,Manual,FWD,1461 cc,63.1 bhp,23.08 kmpl,4.0,Yes,5 Seats,690 kg,154 mm,,41 Litres,
Toyota Etios,₹2.35 Lakh,Feb 2011,"48,000 Kms",Second Owner,Petrol,Manual,,1496 cc,,17.6 kmpl,4.0,,5 Seats,920 kg,,45 Litres,,
Hyundai Elantra,₹7.99 Lakh,Apr 2017,"49,644 Kms",First Owner,Petrol,Automatic,FWD,1999 cc,149.92 bhp,14.62 kmpl,4.0,No,5 Seats,1260 kg,167 mm,50 Litres,,
Maruti Suzuki Swift,₹2.35 Lakh,Jan 2011,"95,000 Kms",Second Owner,Diesel,Manual,FWD,1248 cc,74 bhp,22.9 kmpl,4.0,Yes,5 Seats,1060 kg,170 mm,,43 Litres,
Renault KWID,₹2.95 Lakh,Feb 2019,"29,000 Kms",First Owner,Petrol,Manual,FWD,799 cc,53.3 bhp,25.17 kmpl,3.0,No,5 Seats,690 kg,180 mm,28 Litres,,
Mercedes-Benz E-Class,₹52.90 Lakh,Jun 2022,"33,000 Kms",First Owner,Diesel,Automatic,RWD,1950 cc,191.76 bhp,,4.0,Yes,5 Seats,1735 kg,,,80 Litres,
BMW X7,₹73.95 Lakh,Sept 2022,"8,458 Kms",Third Owner,Diesel,Automatic,AWD,2993 cc,261.50 bhp,13.38 kmpl,6.0,Twin,7 Seats,2330 kg,,,80 Litres,
Jaguar F-Pace,₹32 Lakh,Mar 2019,"44,757 Kms",First Owner,,Automatic,FWD,1999 cc,177 bhp,16.38 kmpl,4.0,Yes,5 Seats,1775 kg,213 mm,,60 Litres,
Tata Tigor,₹7.49 Lakh,Oct 2024,"13,636 Kms",First Owner,Petrol,Automatic,FWD,1199 cc,83.81 bhp,20.3 kmpl,3.0,No,5 Seats,1035-1062 kg,170 mm,35 Litres,,
Hyundai Creta,₹9.75 Lakh,Oct 2018,"40,000 Kms",First Owner,,Automatic,FWD,1591 cc,121.3 bhp,13 kmpl,4.0,No,5 Seats,1280 kg,190 mm,55 Litres,,
Kia Sonet,₹9.25 Lakh,Oct 2020,"98,000 Kms",Second Owner,Diesel,Automatic,FWD,1493 cc,113.43 bhp,,4.0,Yes,5 Seats,kerb weight kg,,,45 Litres,
Volkswagen Polo,₹3.81 Lakh,Apr 2016,"74,855 Kms",First Owner,Petrol,Manual,FWD,1198 cc,73.9 bhp,16.47 kmpl,3.0,No,5 Seats,1030 kg,168 mm,45 Litres,,
Honda Amaze 2nd Gen,₹4.71 Lakh,Jun 2021,"47,081 Kms",First Owner,Petrol,Manual,,1199 cc,88.50 bhp,18.6 kmpl,4.0,,5 Seats,907-934 kg,,35 Litres,,
Maruti Suzuki Celerio,₹3.99 Lakh,May 2018,"18,000 Kms",Second Owner,CNG,Manual,FWD,998 cc,58.33 bhp,31.79 km/kg,3.0,No,5 Seats,920 kg,165 mm,,,60 Litres
Hyundai i20,₹3.99 Lakh,May 2016,"62,000 Kms",Second Owner,Petrol,Manual,FWD,1197 cc,81.83 bhp,18.6 kmpl,4.0,No,5 Seats,1066 kg,170 mm,45 Litres,,
Volkswagen Vento,₹4.40 Lakh,Jun 2015,"43,000 Kms",First Owner,Petrol,Automatic,FWD,1197 cc,103.2 bhp,16.93 kmpl,4.0,Yes,5 Seats,1174 kg,168 mm,55 Litres,,
Volkswagen Polo,₹3.43 Lakh,Aug 2013,"69,000 Kms",First Owner,Diesel,Manual,FWD,1199 cc,73.9 bhp,22.07 kmpl,3.0,No,5 Seats,1145 kg,168 mm,,45 Litres,
Jeep Compass,₹11.52 Lakh,Oct 2021,"64,274 Kms",Second Owner,Petrol,Automatic,4x2,1368 cc,160.77 bhp,14.1 kmpl,4.0,,5 Seats,1580 kg,,60 Litres,,
Honda City,₹11.93 Lakh,Jan 2023,"31,670 Kms",First Owner,Petrol,Manual,,1498 cc,119.35 bhp,18.6 kmpl,4.0,,5 Seats,1107-1153 kg,,40 Litres,,
Kia Seltos,₹11.40 Lakh,Oct 2022,"59,543 Kms",First Owner,Petrol,Automatic,2WD,1497 cc,113.42 bhp,17.7 kmpl,4.0,No,5 Seats,,,50 Litres,,
Hyundai Tucson,₹11.45 Lakh,Apr 2019,"2,00,000 Kms",First Owner,,Automatic,2WD,1995 cc,182.46 bhp,16.38 kmpl,4.0,Yes,5 Seats,1537 kg,195 mm,,62 Litres,
Volkswagen Virtus,₹12.49 Lakh,May 2024,"20,831 Kms",First Owner,Petrol,Automatic,FWD,999 cc,113.98 bhp,18.12 kmpl,3.0,Yes,5 Seats,1245 kg,179 mm,45 Litres,,
Mercedes-Benz E-Class,₹14.90 Lakh,Feb 2016,"53,000 Kms",First Owner,Diesel,Automatic,RWD,2143 cc,204 bhp,,4.0,Yes,5 Seats,1800 kg,123 mm,,80 Litres,
Mahindra XUV300,₹10.25 Lakh,Jul 2021,"55,000 Kms",First Owner,,Manual,FWD,1497 cc,115 bhp,20 kmpl,4.0,Yes,5 Seats,1465 kg,180 mm,,42 Litres,
Hyundai Creta,₹11.50 Lakh,Apr 2023,"65,000 Kms",First Owner,Petrol,Manual,2WD,1497 cc,113.18 bhp,17 kmpl,4.0,No,5 Seats,1430 kg,,50 Litres,,
Toyota Innova Crysta,₹13.75 Lakh,Jul 2018,"1,39,139 Kms",First Owner,Diesel,Automatic,RWD,2755 cc,171.5 bhp,,4.0,Yes,7 Seats,1830 kg,,,55 Litres,
Volkswagen Taigun,₹11.75 Lakh,Mar 2022,"18,000 Kms",First Owner,Petrol,Automatic,,999 cc,113.98 bhp,18.41 kmpl,3.0,Yes,5 Seats,1285 kg,188 mm,50 Litres,,
Maruti Suzuki XL6,₹12.21 Lakh,May 2024,"11,000 Kms",First Owner,CNG,Manual,FWD,1462 cc,86.63 bhp,,4.0,,6 Seats,1275 kg,,,,60 Litres
Honda City,₹12.75 Lakh,Jun 2023,"31,078 Kms",First Owner,Petrol,Automatic,FWD,1498 cc,119.35 bhp,18.4 kmpl,4.0,,5 Seats,1153 kg,,40 Litres,,
Honda Amaze,₹2.59 Lakh,Apr 2014,"70,106 Kms",First Owner,Petrol,Manual,FWD,1198 cc,86.7 bhp,18 kmpl,4.0,No,5 Seats,940 kg,165 mm,35 Litres,,
Volkswagen Polo,₹2.41 Lakh,Nov 2012,"88,734 Kms",Second Owner,Petrol,Manual,FWD,1198 cc,73.9 bhp,16.47 kmpl,3.0,No,5 Seats,1030 kg,168 mm,45 Litres,,
Hyundai Grand i10,₹2.76 Lakh,Nov 2015,"43,430 Kms",Third Owner,Petrol,Manual,FWD,1197 cc,81.86 bhp,18.9 kmpl,4.0,No,5 Seats,1120 kg,165 mm,43 Litres,,
Skoda Rapid,₹2.43 Lakh,Jul 2015,"86,889 Kms",Second Owner,Petrol,Manual,FWD,1598 cc,103.52 bhp,15 kmpl,4.0,No,5 Seats,1145 kg,168 mm,55 Litres,,
Datsun RediGO,₹2.18 Lakh,Jan 2018,"16,285 Kms",Second Owner,Petrol,Manual,FWD,799 cc,53.64 bhp,20.71 kmpl,3.0,No,5 Seats,770 kg,187 mm,28 Litres,,
Hyundai Grand i10,₹2.79 Lakh,Sept 2014,"91,893 Kms",First Owner,Petrol,Manual,FWD,1197 cc,81.86 bhp,18.9 kmpl,4.0,No,5 Seats,1060 kg,165 mm,43 Litres,,
Skoda Rapid,₹2.63 Lakh,Mar 2015,"78,320 Kms",Second Owner,Petrol,Manual,FWD,1598 cc,103.52 bhp,15 kmpl,4.0,No,5 Seats,1145 kg,168 mm,55 Litres,,
Maruti Suzuki Wagon R,₹2.84 Lakh,Nov 2014,"12,000 Kms",First Owner,Petrol,Manual,FWD,998 cc,67.04 bhp,20.51 kmpl,3.0,No,5 Seats,885 kg,165 mm,35 Litres,,
Datsun GO,₹2.22 Lakh,Jul 2016,"23,000 Kms",First Owner,Petrol,Manual,FWD,1198 cc,67.06 bhp,20.63 kmpl,3.0,No,5 Seats,845 kg,170 mm,35 Litres,,
Datsun GO,₹2.49 Lakh,May 2016,"27,000 Kms",First Owner,Petrol,Manual,FWD,1198 cc,67 bhp,20.63 kmpl,3.0,No,5 Seats,1050 kg,170 mm,35 Litres,,
Honda Brio,₹2.30 Lakh,Jan 2013,"34,947 Kms",First Owner,Petrol,Manual,FWD,1198 cc,86.8 bhp,19.4 kmpl,4.0,No,5 Seats,925 kg,165 mm,35 Litres,,
Honda City,₹2.69 Lakh,Jan 2011,"78,000 Kms",First Owner,Petrol,Manual,FWD,1497 cc,,17 kmpl,4.0,No,5 Seats,1100 kg,160 mm,42 Litres,,
Maruti Suzuki Swift Dzire,₹2.25 Lakh,Nov 2010,"62,220 Kms",Second Owner,Petrol,Manual,2 WD,1298 cc,85.8 bhp,17.5 kmpl,4.0,No,5 Seats,1025 kg,170 mm,43 Litres,,
Skoda Rapid,₹2.49 Lakh,Oct 2012,"68,000 Kms",Second Owner,Petrol,Manual,FWD,1598 cc,103.5 bhp,15 kmpl,4.0,No,5 Seats,1145 kg,168 mm,55 Litres,,
Skoda Rapid,₹2.99 Lakh,Jul 2013,"82,000 Kms",Second Owner,Diesel,Manual,FWD,1598 cc,103.5 bhp,20.5 kmpl,4.0,Yes,5 Seats,1205 kg,168 mm,,55 Litres,
Hyundai i20,₹2.85 Lakh,Jul 2014,"36,000 Kms",Second Owner,Petrol,Manual,FWD,1197 cc,82.9 bhp,18.5 kmpl,4.0,No,5 Seats,1040 kg,165 mm,45 Litres,,
Hyundai i20,₹2.70 Lakh,Oct 2011,"37,000 Kms",First Owner,Petrol,Manual,,1197 cc,,18.5 kmpl,4.0,No,5 Seats,1020 kg,165 mm,45 Litres,,
Honda City,₹2.15 Lakh,Mar 2011,"50,000 Kms",Second Owner,Petrol,Manual,FWD,1497 cc,116.3 bhp,16.8 kmpl,4.0,No,5 Seats,1095 kg,165 mm,42 Litres,,
Maruti Suzuki Wagon R,₹2.59 Lakh,Mar 2014,"1,10,000 Kms",First Owner,CNG,Manual,FWD,998 cc,58.16 bhp,26.6 km/kg,3.0,No,5 Seats,960 kg,165 mm,,,7 Litres
Honda City,₹2.31 Lakh,Sept 2011,"73,000 Kms",Second Owner,Petrol,Automatic,FWD,1497 cc,116.3 bhp,15.6 kmpl,4.0,No,5 Seats,1145 kg,165 mm,42 Litres,,
Honda City,₹2.90 Lakh,Apr 2012,"58,556 Kms",Second Owner,Petrol,Manual,FWD,1497 cc,116.3 bhp,16.8 kmpl,4.0,No,5 Seats,1095 kg,165 mm,42 Litres,,
Honda City,₹2.18 Lakh,May 2012,"29,000 Kms",Second Owner,Petrol,Manual,FWD,1497 cc,116.4 bhp,16.8 kmpl,4.0,No,5 Seats,1100 kg,165 mm,42 Litres,,
Hyundai EON,₹1.99 Lakh,Feb 2014,"74,000 Kms",First Owner,Petrol,Manual,FWD,814 cc,55.2 bhp,21.1 kmpl,3.0,No,5 Seats,880 kg,170 mm,32 Litres,,
Maruti Suzuki Swift Dzire,₹2.75 Lakh,Mar 2012,"70,800 Kms",Second Owner,Petrol,Manual,2 WD,1197 cc,85.8 bhp,17.5 kmpl,4.0,No,5 Seats,1025 kg,170 mm,43 Litres,,
Volkswagen Polo,₹2.49 Lakh,Apr 2013,"90,000 Kms",First Owner,Petrol,Manual,FWD,1198 cc,74 bhp,16.47 kmpl,3.0,No,5 Seats,1049 kg,165 mm,45 Litres,,
Datsun RediGO,₹2.10 Lakh,Jul 2016,"45,000 Kms",Second Owner,Petrol,Manual,2WD,799 cc,53.64 bhp,22.7 kmpl,3.0,No,5 Seats,770 kg,,28 Litres,,
Datsun GO,₹2.19 Lakh,Oct 2015,"74,000 Kms",First Owner,Petrol,Manual,FWD,1198 cc,67 bhp,20.63 kmpl,3.0,No,5 Seats,1050 kg,170 mm,35 Litres,,
Datsun RediGO,₹2.35 Lakh,Oct 2018,"39,000 Kms",First Owner,Petrol,Manual,2WD,799 cc,53.64 bhp,22.7 kmpl,3.0,No,5 Seats,770 kg,,28 Litres,,
Volkswagen Vento,₹2.99 Lakh,Jan 2012,"67,974 Kms",Second Owner,Petrol,Automatic,FWD,1598 cc,103.6 bhp,14.4 kmpl,4.0,No,5 Seats,1180 kg,168 mm,55 Litres,,
Honda City,₹2.35 Lakh,Aug 2011,"75,500 Kms",Second Owner,Petrol,Manual,FWD,1497 cc,116.4 bhp,16.8 kmpl,4.0,No,5 Seats,1100 kg,165 mm,42 Litres,,
Nissan Sunny,₹2.99 Lakh,Aug 2014,"35,000 Kms",Second Owner,Petrol,Automatic,FWD,1498 cc,99.61 bhp,17.97 kmpl,4.0,No,5 Seats,1040 kg,,41 Litres,,
Hyundai i20,₹2.73 Lakh,Aug 2011,"74,000 Kms",Third Owner,Petrol,Manual,,1197 cc,,17 kmpl,4.0,No,5 Seats,1100 kg,165 mm,45 Litres,,
Jeep Compass,₹8.25 Lakh,Sept 2019,"44,300 Kms",Second Owner,,Manual,4X2,1956 cc,170 bhp,17.1 kmpl,4.0,Yes,5 Seats,1562 s kg,178 mm,,60 Litres,
Jeep Compass,₹7.95 Lakh,Apr 2018,"35,500 Kms",First Owner,,Manual,4X2,1956 cc,170 bhp,17.1 kmpl,4.0,Yes,5 Seats,1537 s kg,178 mm,,60 Litres,
Mercedes-Benz E-Class,₹54.95 Lakh,Feb 2022,"26,500 Kms",First Owner,Diesel,Automatic,RWD,1950 cc,191.76 bhp,,4.0,Yes,5 Seats,1735 kg,,,80 Litres,
Toyota Hyryder,₹16.50 Lakh,Jan 2023,"13,563 Kms",First Owner,Petrol,Automatic,FWD,1490 cc,91.18 bhp,27.97 kmpl,3.0,,5 Seats,1265-1295 kg,,45 Litres,,
Honda Amaze,₹8.03 Lakh,May 2023,"34,326 Kms",First Owner,Petrol,Automatic,FWD,1199 cc,88.76 bhp,18.3 kmpl,4.0,No,5 Seats,945 kg,,35 Litres,,
Toyota Glanza,₹8.24 Lakh,Jul 2024,"23,131 Kms",First Owner,Petrol,Automatic,,1197 cc,88.50 bhp,22.94 kmpl,4.0,,5 Seats,935-960 kg,,37 Litres,,
Nissan Terrano,₹3.45 Lakh,Oct 2016,"52,000 Kms",Second Owner,,Manual,FWD,1598 cc,102.5 bhp,13.24 kmpl,4.0,No,5 Seats,1320 kg,205 mm,50 Litres,,
Ford Endeavour,₹32.46 Lakh,Apr 2021,"73,000 Kms",First Owner,Diesel,Automatic,4WD,1996 cc,167.62 bhp,13.9 kmpl,4.0,,7 Seats,2415 kg,,,80 Litres,
Maruti Suzuki Baleno,₹4.10 Lakh,Apr 2017,"93,923 Kms",First Owner,Petrol,Automatic,FWD,1197 cc,83.1 bhp,21.4 kmpl,4.0,No,5 Seats,920 kg,170 mm,37 Litres,,
Mahindra Thar,₹11.90 Lakh,Oct 2021,"44,987 Kms",First Owner,,Automatic,4X4,1997 cc,150 bhp,15.2 kmpl,4.0,Yes,4 Seats,1845 kg,226 mm,57 Litres,,
Mahindra Thar,₹11.95 Lakh,Mar 2022,"57,000 Kms",First Owner,,Manual,4X4,1997 cc,150 bhp,15.2 kmpl,4.0,Yes,4 Seats,1815 kg,226 mm,57 Litres,,
Mahindra Thar,₹12.75 Lakh,Mar 2023,"23,700 Kms",First Owner,,Automatic,4X4,1997 cc,150 bhp,8 kmpl,4.0,Yes,4 Seats,1825 kg,226 mm,57 Litres,,
Mahindra Thar,₹15.25 Lakh,Nov 2023,"26,300 Kms",First Owner,,Automatic,4X4,2184 cc,130 bhp,9 kmpl,4.0,Yes,4 Seats,1755 kg,226 mm,,57 Litres,
Tata Nexon EV,₹6.49 Lakh,Mar 2022,"87,000 Kms",First Owner,,Automatic,,,127 bhp,,,,5 Seats,1400 kg,205 mm,,,
Maruti Suzuki Ertiga,₹7.90 Lakh,May 2017,"24,452 Kms",First Owner,CNG,Manual,FWD,1373 cc,80.46 bhp,17.5 km/kg,4.0,No,7 Seats,1255 kg,185 mm,,,14 Litres
Maruti Suzuki Wagon R,₹1.95 Lakh,Sept 2012,"85,000 Kms",Second Owner,CNG,Manual,FWD,998 cc,58.2 bhp,26.2 km/kg,3.0,No,5 Seats,960 kg,165 mm,,,60 Litres
Mercedes-Benz E-Class,₹13.80 Lakh,May 2014,"57,000 Kms",Second Owner,Diesel,Automatic,RWD,2143 cc,204 bhp,13 kmpl,4.0,Yes,5 Seats,1800 kg,,,80 Litres,
Mahindra XUV500,₹4.40 Lakh,Mar 2012,"69,000 Kms",Second Owner,Diesel,Manual,AWD,2179 cc,140 bhp,15.1 kmpl,4.0,Yes,7 Seats,1635 kg,,,,
Mahindra XUV500,₹7.95 Lakh,Oct 2017,"1,16,948 Kms",Second Owner,,Automatic,FWD,2179 cc,140 bhp,16 kmpl,4.0,Yes,7 Seats,1960 kg,200 mm,,70 Litres,
BMW X5,₹26.75 Lakh,Mar 2019,"75,000 Kms",First Owner,Diesel,Automatic,4WD,2993 cc,258 bhp,,6.0,Yes,5 Seats,2030 kg,209 mm,,85 Litres,
Tata Nexon,₹4.88 Lakh,Aug 2019,"22,234 Kms",Second Owner,Petrol,Automatic,FWD,1198 cc,108.5 bhp,17 kmpl,3.0,Yes,5 Seats,1252 kg,,44 Litres,,
Tata Nexon,₹5.82 Lakh,Mar 2019,"73,158 Kms",First Owner,Petrol,Automatic,FWD,1198 cc,108.5 bhp,17 kmpl,3.0,Yes,5 Seats,1252 kg,,44 Litres,,
Maruti Suzuki Alto 800,₹1.76 Lakh,Aug 2015,"25,994 Kms",First Owner,Petrol,Manual,,796 cc,47.33 bhp,22.05 kmpl,3.0,,5 Seats,755 kg,,35 Litres,,
Maruti Suzuki Wagon R,₹4.32 Lakh,Apr 2021,"47,565 Kms",First Owner,CNG,Manual,FWD,998 cc,58.33 bhp,32.52 km/kg,3.0,No,5 Seats,905-910 kg,,,,60 Litres
Maruti Suzuki Wagon R,₹1.90 Lakh,Jun 2013,"91,178 Kms",Second Owner,CNG,Manual,FWD,998 cc,58.16 bhp,26.6 km/kg,3.0,No,5 Seats,960 kg,165 mm,,,7 Litres
MG Windsor EV,₹13.95 Lakh,Mar 2025,"19,300 Kms",First Owner,,Automatic,FWD,,134 bhp,,,,5 Seats,,186 mm,,,
BMW 3 Series Long Wheelbase,₹49.95 Lakh,Mar 2024,"19,500 Kms",First Owner,Petrol,Automatic,RWD,1998 cc,254.79 bhp,,4.0,,5 Seats,1645 kg,,,,
Toyota Fortuner,₹12.50 Lakh,Aug 2013,"1,29,610 Kms",Second Owner,,Automatic,FWD,2982 cc,168.5 bhp,12.55 kmpl,4.0,Yes,7 Seats,1880 kg,220 mm,,80 Litres,
Toyota Innova,₹8.75 Lakh,Jan 2015,"1,25,000 Kms",Second Owner,Diesel,Manual,RWD,2494 cc,100.6 bhp,,4.0,Yes,8 Seats,1680 kg,176 mm,,55 Litres,
Toyota Innova,₹7.25 Lakh,May 2014,"1,25,000 Kms",Second Owner,Diesel,Manual,RWD,2494 cc,100.6 bhp,,4.0,Yes,8 Seats,1660 kg,176 mm,,55 Litres,
Toyota Innova,₹5.75 Lakh,Sept 2014,"1,24,000 Kms",Third Owner,Diesel,Manual,RWD,2494 cc,100.6 bhp,,4.0,Yes,8 Seats,1660 kg,176 mm,,55 Litres,
Maruti Suzuki Ertiga,₹5.47 Lakh,Sept 2014,"44,000 Kms",First Owner,CNG,Manual,FWD,1373 cc,80.9 bhp,22.8 km/kg,4.0,No,7 Seats,1160 kg,185 mm,,,10 Litres
Mahindra Thar ROXX,₹24.75 Lakh,Mar 2025,"5,000 Kms",First Owner,Diesel,Automatic,4WD,2184 cc,172 bhp,15.2 kmpl,4.0,Yes,5 Seats,,,,57 Litres,
Toyota Fortuner,₹6.75 Lakh,Mar 2011,"1,25,000 Kms",Second Owner,Diesel,Manual,4WD,2982 cc,,11.5 kmpl,4.0,Yes,7 Seats,1955 kg,221 mm,,80 Litres,
Maruti Suzuki SX4,₹1.99 Lakh,Apr 2012,"18,900 Kms",First Owner,Petrol,Manual,FWD,1586 cc,103.3 bhp,15.5 kmpl,4.0,No,5 Seats,1200 kg,180 mm,50 Litres,,
Hyundai Santa Fe,₹4.75 Lakh,Dec 2011,"75,000 Kms",Second Owner,,Automatic,AWD,2199 cc,194.3 bhp,11.72 kmpl,4.0,No,7 Seats,1940 kg,200 mm,,70 Litres,
Toyota Fortuner,₹16 Lakh,Feb 2016,"1,36,000 Kms",First Owner,,Automatic,FWD,2982 cc,168.5 bhp,12.55 kmpl,4.0,Yes,7 Seats,1880 kg,220 mm,,80 Litres,
Mercedes-Benz E-Class,₹10.51 Lakh,Oct 2013,"65,000 Kms",First Owner,Diesel,Automatic,RWD,2143 cc,204 bhp,13 kmpl,4.0,Yes,5 Seats,1800 kg,,,80 Litres,
Datsun RediGO,₹2.22 Lakh,Jun 2018,"40,396 Kms",First Owner,Petrol,Automatic,2WD,999 cc,67 bhp,23 kmpl,3.0,No,5 Seats,750 kg,,28 Litres,,
Mercedes-Benz E-Class,₹7.49 Lakh,Jun 2013,"89,000 Kms",Second Owner,Diesel,Automatic,RWD,2143 cc,170 bhp,,4.0,Yes,5 Seats,1640 kg,123 mm,,80 Litres,
Jeep Wrangler,₹69.95 Lakh,Jan 2025,"2,840 Kms",First Owner,Petrol,Automatic,4WD,1995 cc,268.20 bhp,,4.0,,5 Seats,2146 kg,237 mm,,,
Toyota Innova Hycross,₹34.95 Lakh,Mar 2024,"14,374 Kms",First Owner,Petrol,Automatic,FWD,1987 cc,183.72 bhp,,4.0,,7 Seats,,,52 Litres,,
Maruti Suzuki Ertiga,₹5.05 Lakh,Mar 2014,"72,000 Kms",Second Owner,CNG,Manual,FWD,1373 cc,80.9 bhp,22.8 km/kg,4.0,No,7 Seats,1160 kg,185 mm,,,10 Litres
Mercedes-Benz M-Class,₹12.75 Lakh,Mar 2014,"94,300 Kms",Fourth Owner,Diesel,Automatic,AWD,2143 cc,203.2 bhp,,4.0,Yes,5 Seats,2160 kg,161 mm,,70 Litres,
Ford Mustang,₹72 Lakh,Apr 2017,"19,000 Kms",Third Owner,Petrol,Automatic,RWD,4951 cc,395 bhp,13 kmpl,8.0,No,4 Seats,1800 kg,137 mm,61 Litres,,
Mercedes-Benz E-Class,₹41.91 Lakh,Oct 2020,"49,097 Kms",First Owner,Petrol,Automatic,RWD,1991 cc,194.4 bhp,,4.0,Yes,5 Seats,1585 kg,,80 Litres,,
Ford Figo,₹1.62 Lakh,Apr 2011,"58,000 Kms",Second Owner,Petrol,Manual,Front Wheel Drive,1196 cc,70 bhp,15.6 kmpl,4.0,No,5 Seats,1075 kg,168 mm,45 Litres,,
Tata Altroz,₹4.83 Lakh,Oct 2020,"44,623 Kms",Second Owner,Petrol,Manual,FWD,1199 cc,86.79 bhp,19.33 kmpl,3.0,No,5 Seats,,165 mm,37 Litres,,
Maruti Suzuki Ertiga,₹5.16 Lakh,Jun 2014,"91,405 Kms",First Owner,CNG,Manual,FWD,1373 cc,80.46 bhp,17.5 km/kg,4.0,No,7 Seats,1255 kg,185 mm,,,14 Litres
Tata Nexon,₹6.08 Lakh,Jun 2021,"29,075 Kms",First Owner,Petrol,Manual,,1199 cc,118.35 bhp,17.33 kmpl,3.0,,5 Seats,1295 kg,209 mm,44 Litres,,
Tata Nexon,₹7.41 Lakh,Aug 2021,"22,413 Kms",First Owner,Petrol,Automatic,,1199 cc,118.35 bhp,17.05 kmpl,3.0,Yes,5 Seats,,209 mm,44 Litres,,
Nissan Micra,₹3.11 Lakh,Mar 2018,"53,328 Kms",First Owner,Petrol,Automatic,FWD,1198 cc,75.94 bhp,19.34 kmpl,3.0,No,5 Seats,1100 kg,154 mm,41 Litres,,
Maruti Suzuki Swift Dzire,₹3.75 Lakh,Sept 2012,"71,000 Kms",First Owner,Diesel,Manual,FWD,1248 cc,74 bhp,23.4 kmpl,4.0,Yes,5 Seats,1060 kg,170 mm,,42 Litres,
Nissan Magnite,₹5.93 Lakh,Sept 2022,"18,717 Kms",First Owner,,Manual,FWD,999 cc,71.01 bhp,19.35 kmpl,3.0,No,5 Seats,,205 mm,40 Litres,,
BMW X7,₹88 Lakh,Feb 2020,"36,900 Kms",First Owner,Petrol,Automatic,AWD,2998 cc,335.25 bhp,10.54 kmpl,6.0,Twin,7 Seats,2370 kg,,83 Litres,,
Maruti Suzuki Swift,₹5.15 Lakh,Jul 2020,"75,624 Kms",First Owner,Petrol,Manual,FWD,1197 cc,81.80 bhp,21.21 kmpl,4.0,No,5 Seats,855-885 kg,163 mm,37 Litres,,
Maruti Suzuki Celerio,₹3.49 Lakh,Aug 2017,"82,000 Kms",First Owner,CNG,Manual,FWD,998 cc,58.2 bhp,31.79 km/kg,3.0,No,5 Seats,915 kg,165 mm,,,7 Litres
Maruti Suzuki Swift,₹4.77 Lakh,Jan 2020,"11,000 Kms",Second Owner,Petrol,Manual,FWD,1197 cc,81.80 bhp,21.21 kmpl,4.0,No,5 Seats,855-885 kg,163 mm,37 Litres,,
Maruti Suzuki Alto K10,₹2.62 Lakh,Jul 2015,"29,119 Kms",First Owner,Petrol,Manual,FWD,998 cc,67.05 bhp,23.95 kmpl,3.0,No,5 Seats,779 kg,160 mm,35 Litres,,
Kia Seltos,₹12.49 Lakh,Jun 2021,"57,799 Kms",First Owner,Diesel,Automatic,2WD,1493 cc,113.42 bhp,17.8 kmpl,4.0,Yes,5 Seats,1495 kg,,,50 Litres,
Jeep Compass,₹8.90 Lakh,Feb 2018,"50,000 Kms",Second Owner,,Automatic,4X2,1368 cc,160.77 bhp,16 kmpl,4.0,Yes,5 Seats,1562 s kg,178 mm,60 Litres,,
Maruti Suzuki Vitara Brezza,₹5.95 Lakh,Aug 2017,"98,211 Kms",Second Owner,,Manual,FWD,1248 cc,88.5 bhp,24.3 kmpl,4.0,Yes,5 Seats,1175 kg,198 mm,,48 Litres,
Honda City,₹6.40 Lakh,Apr 2018,"38,000 Kms",First Owner,Petrol,Automatic,FWD,1497 cc,117.6 bhp,18 kmpl,4.0,No,5 Seats,1080 kg,165 mm,40 Litres,,
Skoda Slavia,₹13 Lakh,Aug 2023,"23,000 Kms",First Owner,Petrol,Automatic,FWD,999 cc,113.98 bhp,19.36 kmpl,3.0,Yes,5 Seats,1219-1252 kg,145 mm,45 Litres,,
Hyundai Creta,₹9.49 Lakh,Jun 2018,"98,000 Kms",First Owner,,Automatic,FWD,1582 cc,126.2 bhp,17.01 kmpl,4.0,Yes,5 Seats,1320 kg,190 mm,,55 Litres,
Hyundai Grand i10,₹3.98 Lakh,Apr 2018,"71,000 Kms",First Owner,Petrol,Automatic,FWD,1197 cc,81.86 bhp,18.9 kmpl,4.0,No,5 Seats,1200 kg,165 mm,43 Litres,,
BMW 3 Series GT,₹12.75 Lakh,Jun 2015,"52,000 Kms",Second Owner,Diesel,Automatic,RWD,1995 cc,188 bhp,,4.0,Yes,5 Seats,1720 kg,165 mm,,60 Litres,
MG Hector,₹9.43 Lakh,Jan 2020,"77,753 Kms",First Owner,Petrol,Manual,FWD,1451 cc,141 bhp,15.81 kmpl,4.0,Yes,5 Seats,1775 kg,,60 Litres,,
Mercedes-Benz C-Class,₹21.20 Lakh,Mar 2025,"64,000 Kms",First Owner,Diesel,Automatic,RWD,1950 cc,194 bhp,,4.0,Yes,5 Seats,1655 kg,157 mm,,66 Litres,
Mercedes-Benz C-Class,₹13.75 Lakh,Apr 2016,"98,300 Kms",First Owner,Diesel,Automatic,RWD,2143 cc,170 bhp,,4.0,Yes,5 Seats,1655 kg,157 mm,,66 Litres,
MG Gloster,₹23.85 Lakh,Nov 2020,"39,000 Kms",Second Owner,Diesel,Automatic,4WD,1996 cc,215.01 bhp,12.4 kmpl,4.0,Twin,6 Seats,2235 kg,,,75 Litres,
Honda City,₹10.71 Lakh,Apr 2022,"41,044 Kms",First Owner,Petrol,Manual,FWD,1497 cc,116.3 bhp,16.8 kmpl,4.0,No,5 Seats,1095 kg,165 mm,42 Litres,,
MG Hector,₹13.47 Lakh,Feb 2021,"40,029 Kms",First Owner,Petrol,Manual,FWD,1451 cc,141 bhp,13.79 kmpl,4.0,Yes,5 Seats,,,60 Litres,,
Honda City,₹10.96 Lakh,Feb 2023,"59,760 Kms",First Owner,Petrol,Manual,,1498 cc,119.35 bhp,18.6 kmpl,4.0,,5 Seats,1107-1153 kg,,40 Litres,,
Kia Carens,₹11.96 Lakh,Mar 2022,"47,445 Kms",Second Owner,Diesel,Manual,FWD,1493 cc,114.41 bhp,,4.0,Yes,6 Seats,,,,45 Litres,
Maruti Suzuki XL6,₹10.47 Lakh,Feb 2021,"23,635 Kms",First Owner,Petrol,Automatic,FWD,1462 cc,103.2 bhp,,4.0,,6 Seats,1190 kg,,45 Litres,,
MG Hector,₹11.71 Lakh,Dec 2020,"70,050 Kms",First Owner,,Manual,FWD,1956 cc,167.68 bhp,17.41 kmpl,4.0,Yes,5 Seats,1860 kg,183 mm,,60 Litres,
Kia Carens,₹10.46 Lakh,Mar 2022,"67,359 Kms",First Owner,Diesel,Manual,FWD,1493 cc,114.41 bhp,,4.0,Yes,7 Seats,,,,45 Litres,
Honda City,₹11.84 Lakh,Mar 2022,"25,383 Kms",First Owner,Petrol,Manual,,1498 cc,119.35 bhp,18.6 kmpl,4.0,,5 Seats,1107-1153 kg,,40 Litres,,
Kia Carens,₹13.53 Lakh,Oct 2022,"35,107 Kms",First Owner,Diesel,Manual,FWD,1493 cc,114.41 bhp,,4.0,Yes,6 Seats,,,,45 Litres,
Skoda Slavia,₹12.54 Lakh,Mar 2023,"72,386 Kms",First Owner,Petrol,Automatic,FWD,1498 cc,147.51 bhp,19.36 kmpl,4.0,Yes,5 Seats,1246-1277 kg,145 mm,45 Litres,,
Kia Seltos,₹13.57 Lakh,May 2021,"26,587 Kms",First Owner,Petrol,Automatic,FWD,1353 cc,138.08 bhp,16.5 kmpl,4.0,Yes,5 Seats,1535 kg,,50 Litres,,
Audi A3,₹11.25 Lakh,Oct 2015,"68,000 Kms",Second Owner,Diesel,Automatic,FWD,1968 cc,143 bhp,,4.0,Yes,5 Seats,1340 kg,165 mm,,50 Litres,
Skoda Superb,₹11.75 Lakh,Nov 2016,"37,000 Kms",First Owner,Petrol,Automatic,FWD,1798 cc,177.46 bhp,14.67 kmpl,4.0,Yes,5 Seats,1540 kg,164 mm,66 Litres,,
Volkswagen Taigun,₹13.79 Lakh,Nov 2022,"25,592 Kms",First Owner,Petrol,Manual,,1498 cc,147.51 bhp,17.88 kmpl,4.0,Yes,5 Seats,1312 kg,188 mm,50 Litres,,
Mercedes-Benz R-Class,₹13.45 Lakh,Apr 2013,"92,000 Kms",Second Owner,Diesel,Automatic,All Wheel Drive,2987 cc,261 bhp,,6.0,Yes,7 Seats,2395 kg,,,80 Litres,
Kia Seltos,₹11.75 Lakh,Dec 2019,"75,585 Kms",First Owner,Petrol,Manual,FWD,1353 cc,138.08 bhp,16.5 kmpl,4.0,Yes,5 Seats,1515 kg,,50 Litres,,
Kia Seltos,₹13.25 Lakh,Dec 2021,"31,873 Kms",First Owner,Petrol,Automatic,2WD,1497 cc,113.42 bhp,16.8 kmpl,4.0,No,5 Seats,1555 kg,,50 Litres,,
Skoda Slavia,₹12.99 Lakh,Mar 2024,"26,664 Kms",First Owner,Petrol,Automatic,FWD,999 cc,113.98 bhp,19.36 kmpl,3.0,Yes,5 Seats,1219-1252 kg,145 mm,45 Litres,,
MG Hector Plus,₹14.85 Lakh,Dec 2025,"6,385 Kms",First Owner,Petrol,Manual,FWD,1451 cc,141.04 bhp,13.79 kmpl,4.0,Yes,7 Seats,,,60 Litres,,
Volvo XC60,₹13.99 Lakh,May 2012,"89,000 Kms",Second Owner,Diesel,Automatic,All Wheel Drive,1985 cc,163 bhp,,5.0,Yes,5 Seats,1640 kg,230 mm,,70 Litres,
Volvo S60 Cross Country,₹13.99 Lakh,Nov 2016,"60,000 Kms",Second Owner,Diesel,Automatic,AWD,2400 cc,190 bhp,,5.0,Yes,5 Seats,1776 kg,201 mm,,67 Litres,
Mercedes-Benz E-Class,₹11.88 Lakh,Jan 2015,"55,700 Kms",Second Owner,Petrol,Automatic,RWD,1991 cc,181.03 bhp,,4.0,Yes,5 Seats,1720 kg,,80 Litres,,
Kia Carens,₹14.50 Lakh,Mar 2022,"45,500 Kms",First Owner,Petrol,Automatic,2WD,1353 cc,138.05 bhp,,4.0,Yes,6 Seats,1630 kg,,45 Litres,,
Mercedes-Benz E-Class,₹13.11 Lakh,Jan 2015,"48,500 Kms",Second Owner,Diesel,Automatic,RWD,2143 cc,204 bhp,13 kmpl,4.0,Yes,5 Seats,1800 kg,,,80 Litres,
MG Hector,₹11.75 Lakh,Oct 2019,"39,137 Kms",First Owner,,Automatic,FWD,1451 cc,141 bhp,13.96 kmpl,4.0,Yes,5 Seats,1800 kg,183 mm,60 Litres,,
Kia Carens,₹12.50 Lakh,Jul 2022,"36,000 Kms",Second Owner,Petrol,Automatic,2WD,1353 cc,138.05 bhp,,4.0,Yes,7 Seats,1580 kg,,45 Litres,,
Mercedes-Benz E-Class,₹14.90 Lakh,Nov 2016,"66,000 Kms",Second Owner,Diesel,Automatic,RWD,2143 cc,204 bhp,,4.0,Yes,5 Seats,1800 kg,123 mm,,80 Litres,
Audi Q3,₹14 Lakh,Jan 2016,"68,000 Kms",First Owner,Diesel,Automatic,AWD,1968 cc,174.33 bhp,,4.0,Yes,5 Seats,1660 kg,170 mm,,64 Litres,
MG Hector,₹12.95 Lakh,Jul 2021,"40,000 Kms",First Owner,Petrol,Automatic,FWD,1451 cc,141 bhp,13.96 kmpl,4.0,Yes,5 Seats,1800 kg,,60 Litres,,
Jaguar XJ,₹13.50 Lakh,Jun 2011,"47,000 Kms",Second Owner,Diesel,Automatic,,2993 cc,271.2 bhp,,6.0,Yes,4 Seats,1813 kg,,,82 Litres,
Skoda Superb,₹10.90 Lakh,Jun 2017,"49,000 Kms",First Owner,Petrol,Automatic,FWD,1798 cc,177.46 bhp,14.67 kmpl,4.0,Yes,5 Seats,1540 kg,164 mm,66 Litres,,
Skoda Kushaq,₹10.49 Lakh,Aug 2021,"33,000 Kms",Second Owner,,Automatic,FWD,999 cc,113.98 bhp,17.2 kmpl,3.0,Yes,5 Seats,1245-1280 kg,188 mm,50 Litres,,
Land Rover Discovery Sport,₹14.75 Lakh,Nov 2016,"1,10,000 Kms",Second Owner,Diesel,Automatic,4WD,2179 cc,187.7 bhp,,4.0,No,5 Seats,2123 kg,212 mm,,75 Litres,
Audi Q3,₹11.25 Lakh,Jan 2016,"1,23,000 Kms",First Owner,Diesel,Manual,FWD,1968 cc,138.13 bhp,,4.0,Yes,5 Seats,1520 kg,170 mm,,64 Litres,
Audi Q3,₹13.90 Lakh,Nov 2014,"77,500 Kms",First Owner,Diesel,Automatic,AWD,1968 cc,174.33 bhp,,4.0,Yes,5 Seats,1660 kg,170 mm,,64 Litres,
Kia Seltos,₹13.25 Lakh,Jun 2022,"42,000 Kms",First Owner,Diesel,Automatic,2WD,1493 cc,113.42 bhp,17.8 kmpl,4.0,Yes,5 Seats,1495 kg,,,50 Litres,
Mercedes-Benz E-Class,₹13.50 Lakh,Feb 2014,"64,250 Kms",Second Owner,Diesel,Automatic,RWD,2143 cc,204 bhp,13 kmpl,4.0,Yes,5 Seats,1800 kg,,,80 Litres,
Skoda Slavia,₹12.65 Lakh,Dec 2022,"15,464 Kms",First Owner,Petrol,Automatic,FWD,999 cc,113.98 bhp,18.07 kmpl,3.0,Yes,5 Seats,1210-1240 kg,179 mm,45 Litres,,
Mercedes-Benz E-Class,₹10.50 Lakh,Sept 2015,"85,000 Kms",Second Owner,Petrol,Automatic,RWD,1991 cc,184 bhp,,4.0,Yes,5 Seats,1720 kg,123 mm,80 Litres,,
Audi Q3,₹11.50 Lakh,May 2017,"1,10,000 Kms",Second Owner,Petrol,Automatic,FWD,1395 cc,147.51 bhp,,4.0,Yes,5 Seats,1565 kg,170 mm,64 Litres,,
Maruti Suzuki Brezza,₹10.95 Lakh,Sept 2022,"32,000 Kms",First Owner,Petrol,Automatic,,1462 cc,101.65 bhp,19.8 kmpl,4.0,,5 Seats,1210 kg,,48 Litres,,
Skoda Kushaq,₹10.45 Lakh,Oct 2021,"25,000 Kms",First Owner,,Automatic,FWD,999 cc,113.98 bhp,17.2 kmpl,3.0,Yes,5 Seats,1245-1280 kg,188 mm,50 Litres,,
MG Hector,₹13.75 Lakh,Mar 2023,"24,000 Kms",Second Owner,Petrol,Automatic,FWD,1451 cc,141.04 bhp,12.34 kmpl,4.0,Yes,5 Seats,,,60 Litres,,
Skoda Octavia,₹11.25 Lakh,Feb 2018,"61,000 Kms",First Owner,Petrol,Automatic,FWD,1798 cc,178 bhp,15.1 kmpl,4.0,Yes,5 Seats,1376 kg,110 mm,50 Litres,,
Kia Sonet,₹10.90 Lakh,Aug 2021,"57,083 Kms",First Owner,Diesel,Manual,FWD,1493 cc,98.63 bhp,,4.0,Yes,5 Seats,1351 kg,,,45 Litres,
Skoda Superb,₹15 Lakh,Sept 2016,"60,427 Kms",Second Owner,Diesel,Automatic,FWD,1968 cc,174.5 bhp,18.19 kmpl,4.0,Yes,5 Seats,1565 kg,164 mm,,66 Litres,
Kia Seltos,₹10.45 Lakh,Sept 2019,"49,000 Kms",First Owner,Petrol,Manual,FWD,1353 cc,138.08 bhp,16.5 kmpl,4.0,Yes,5 Seats,1515 kg,,50 Litres,,
Kia Seltos,₹12.65 Lakh,Feb 2022,"52,000 Kms",Second Owner,Petrol,Automatic,FWD,1353 cc,138.08 bhp,16.5 kmpl,4.0,Yes,5 Seats,1535 kg,,50 Litres,,
Audi A3,₹13.75 Lakh,Jan 2015,"65,700 Kms",First Owner,Diesel,Automatic,FWD,1968 cc,143 bhp,20.38 kmpl,4.0,Yes,5 Seats,1340 kg,165 mm,,50 Litres,
MG Hector,₹11.45 Lakh,Feb 2022,"17,000 Kms",First Owner,,Manual,FWD,1451 cc,141 bhp,10 kmpl,4.0,Yes,5 Seats,1545 kg,192 mm,60 Litres,,
Skoda Slavia,₹12.75 Lakh,Aug 2023,"23,000 Kms",First Owner,Petrol,Automatic,FWD,999 cc,113.98 bhp,19.36 kmpl,3.0,Yes,5 Seats,1219-1252 kg,145 mm,45 Litres,,
Kia Sonet,₹11.75 Lakh,Mar 2025,"19,500 Kms",First Owner,Petrol,Automatic,FWD,998 cc,118 bhp,18.4 kmpl,3.0,Yes,5 Seats,,,45 Litres,,
Volkswagen Taigun,₹11.75 Lakh,Jul 2022,"25,000 Kms",First Owner,Petrol,Automatic,,999 cc,113.98 bhp,18.41 kmpl,3.0,Yes,5 Seats,1285 kg,188 mm,50 Litres,,
Audi A8,₹12 Lakh,Feb 2012,"73,300 Kms",Fourth Owner,Diesel,Automatic,AWD,2967 cc,246.7 bhp,11.8 kmpl,6.0,Yes,5 Seats,1880 kg,125 mm,,90 Litres,
Kia Seltos,₹13.75 Lakh,Jul 2020,"60,000 Kms",First Owner,Petrol,Manual,FWD,1353 cc,138.08 bhp,16.5 kmpl,4.0,Yes,5 Seats,1515 kg,,50 Litres,,
MG Astor,₹11.50 Lakh,Jan 2023,"14,000 Kms",First Owner,Petrol,Automatic,,1498 cc,108.49 bhp,14.82 kmpl,4.0,No,5 Seats,1450 kg,,48 Litres,,
Tata Tiago,₹2.97 Lakh,Aug 2016,"26,162 Kms",First Owner,Petrol,Manual,FWD,1199 cc,84 bhp,23.84 kmpl,3.0,No,5 Seats,1012 kg,170 mm,35 Litres,,
Maruti Suzuki A-Star,₹3.50 Lakh,Feb 2013,"61,500 Kms",Fourth Owner,Petrol,Manual,FWD,998 cc,66.1 bhp,19 kmpl,3.0,No,5 Seats,860-895 kg,170 mm,35 Litres,,
Mercedes-Benz GLE,₹63 Lakh,Jun 2021,"65,000 Kms",First Owner,Diesel,Automatic,AWD,1950 cc,241.38 bhp,,4.0,Yes,5 Seats,2150 kg,200 mm,,93 Litres,
Mercedes-Benz GLC,₹34 Lakh,Jan 2021,"62,200 Kms",First Owner,Petrol,Automatic,AWD,1991 cc,197 bhp,,4.0,No,5 Seats,1585 kg,,66 Litres,,
Audi RS5,₹75 Lakh,Jan 2022,"20,000 Kms",Second Owner,Petrol,Automatic,AWD,2894 cc,443.87 bhp,8.8 kmpl,6.0,Yes,4 Seats,1865 kg,,58 Litres,,
Mercedes-Benz GLS,₹39 Lakh,Nov 2019,"75,000 Kms",Second Owner,Diesel,Automatic,AWD,2987 cc,258 bhp,,6.0,Yes,7 Seats,2455 kg,,,100 Litres,
Toyota Vellfire,₹84.90 Lakh,Dec 2022,"73,000 Kms",First Owner,Petrol,Automatic,4WD,2494 cc,115.32 bhp,,4.0,No,7 Seats,2075 kg,,58 Litres,,
Mercedes-Benz GLC,₹65.50 Lakh,Dec 2023,"23,000 Kms",First Owner,Diesel,Automatic,AWD,1950 cc,194 bhp,,4.0,Yes,5 Seats,1745 kg,,,66 Litres,
Kia Carnival,₹34 Lakh,Apr 2021,"21,000 Kms",First Owner,Diesel,Automatic,2WD,2199 cc,197.26 bhp,,4.0,Yes,7 Seats,2270 kg,,,60 Litres,
BMW X4,₹36.99 Lakh,Aug 2019,"69,500 Kms",First Owner,Diesel,Automatic,4WD,1995 cc,187.74 bhp,,4.0,Twin,5 Seats,1770 kg,,,60 Litres,
Mercedes-Benz E-Class,₹54.95 Lakh,May 2022,"26,500 Kms",First Owner,Diesel,Automatic,RWD,1950 cc,191.76 bhp,,4.0,Yes,5 Seats,1735 kg,,,80 Litres,
Mercedes-Benz GLC,₹62.45 Lakh,Aug 2023,"16,000 Kms",First Owner,Petrol,Automatic,4WD,1999 cc,254.79 bhp,,4.0,,5 Seats,2000 kg,,66 Litres,,
Mercedes-Benz E-Class,₹53 Lakh,Feb 2022,"15,600 Kms",First Owner,Diesel,Automatic,RWD,1950 cc,191.76 bhp,,4.0,Yes,5 Seats,1735 kg,,,80 Litres,
Jaguar XJ,₹45 Lakh,Sept 2019,"31,000 Kms",Second Owner,Diesel,Automatic,AWD,2993 cc,301.73 bhp,,6.0,Yes,5 Seats,1931 kg,104 mm,,77 Litres,
Kia Carnival,₹31.50 Lakh,May 2022,"53,000 Kms",First Owner,Diesel,Automatic,2WD,2199 cc,197.26 bhp,,4.0,Yes,7 Seats,2270 kg,,,60 Litres,
Mercedes-Benz E-Class,₹36.95 Lakh,Feb 2020,"24,800 Kms",First Owner,Diesel,Automatic,RWD,1950 cc,191.7 bhp,,4.0,Yes,5 Seats,1805 kg,,,80 Litres,
Volkswagen Golf GTi,₹52.75 Lakh,Mar 2025,"2,900 Kms",First Owner,Petrol,Automatic,FWD,1984 cc,261 bhp,,4.0,Yes,5 Seats,1454 kg,136 mm,45 Litres,,
Mercedes-Benz Maybach S-Class,₹2 Crore,Mar 2023,"21,300 Kms",First Owner,Petrol,Automatic,AWD,3982 cc,496.17 bhp,,8.0,,4 Seats,2200 kg,,,,
Toyota Vellfire,₹1.06 Crore,Mar 2023,"37,000 Kms",First Owner,Petrol,Automatic,AWD,2487 cc,190.42 bhp,,4.0,,7 Seats,,,60 Litres,,
Mercedes-Benz GLC Coupe,₹41.50 Lakh,Jul 2021,"50,000 Kms",First Owner,Petrol,Automatic,,1991 cc,254.79 bhp,,4.0,,5 Seats,1900 kg,,66 Litres,,
Toyota Land Cruiser 200,₹40 Lakh,Jan 2009,"1,49,000 Kms",Second Owner,Petrol,Automatic,4WD,4461 cc,,9 kmpl,8.0,Yes,8 Seats,2720 kg,225 mm,93 Litres,,
BMW X4,₹39.95 Lakh,Dec 2019,"70,000 Kms",First Owner,Diesel,Automatic,4WD,1995 cc,187.74 bhp,,4.0,Twin,5 Seats,1770 kg,,,60 Litres,
Jeep Wrangler,₹43.50 Lakh,Dec 2021,"30,000 Kms",First Owner,,Automatic,4WD,1998 cc,268 bhp,12.1 kmpl,4.0,Yes,5 Seats,1994 kg,214 mm,,,
Skoda Kodiaq,₹34.95 Lakh,Sept 2023,"19,000 Kms",First Owner,,Automatic,4WD,1984 cc,187.74 bhp,12.78 kmpl,4.0,Yes,7 Seats,1793 kg,192 mm,60 Litres,,
BMW 6 Series,₹36 Lakh,May 2018,"48,000 Kms",First Owner,Diesel,Automatic,FWD,2993 cc,261.4 bhp,,6.0,Yes,4 Seats,1885 kg,124 mm,,,
BMW X4,₹33.98 Lakh,Nov 2019,"74,000 Kms",First Owner,Diesel,Automatic,4WD,1995 cc,187.74 bhp,,4.0,Twin,5 Seats,1770 kg,,,60 Litres,
Mercedes-Benz GLC,₹47.45 Lakh,Nov 2021,"27,500 Kms",First Owner,Petrol,Automatic,AWD,1991 cc,197 bhp,,4.0,No,5 Seats,1585 kg,,66 Litres,,
Jeep Wrangler,₹69.95 Lakh,Mar 2025,"2,800 Kms",First Owner,Petrol,Automatic,4WD,1995 cc,268.20 bhp,,4.0,,5 Seats,2146 kg,237 mm,,,
MG Gloster,₹33.95 Lakh,Mar 2023,"61,810 Kms",First Owner,Diesel,Automatic,4WD,1996 cc,212.55 bhp,10 kmpl,4.0,Twin,6 Seats,,,,75 Litres,
Toyota Fortuner Legender,₹35.99 Lakh,Oct 2021,"50,600 Kms",Second Owner,Diesel,Automatic,4X2,2755 cc,201.15 bhp,,4.0,Yes,7 Seats,2080 kg,,,80 Litres,
Audi A8,₹82 Lakh,Jan 2022,"22,500 Kms",First Owner,Petrol,Automatic,AWD,2995 cc,,,6.0,Yes,5 Seats,2030 kg,,72 Litres,,
Hyundai i20,₹3.25 Lakh,Nov 2013,"1,18,000 Kms",Second Owner,Diesel,Manual,FWD,1396 cc,88.76 bhp,21.27 kmpl,4.0,No,5 Seats,1120 kg,,,45 Litres,
Skoda Rapid,₹4.20 Lakh,Jun 2016,"83,000 Kms",First Owner,Petrol,Automatic,FWD,1598 cc,103.52 bhp,14.3 kmpl,4.0,No,5 Seats,1180 kg,168 mm,55 Litres,,
Skoda Rapid,₹3.60 Lakh,Jul 2015,"64,000 Kms",Second Owner,Petrol,Automatic,FWD,1598 cc,103.52 bhp,14.3 kmpl,4.0,No,5 Seats,1180 kg,168 mm,55 Litres,,
Honda Jazz,₹5.45 Lakh,Mar 2019,"72,422 Kms",First Owner,Petrol,Automatic,FWD,1199 cc,88.7 bhp,18.2 kmpl,4.0,No,5 Seats,1066 kg,165 mm,40 Litres,,
Tata Tigor,₹3.45 Lakh,May 2019,"47,469 Kms",Third Owner,Petrol,Automatic,FWD,1199 cc,84 bhp,20.3 kmpl,3.0,No,5 Seats,1052 kg,170 mm,35 Litres,,
Honda Jazz,₹3.45 Lakh,Sept 2015,"1,02,399 Kms",First Owner,Petrol,Manual,FWD,1199 cc,88.7 bhp,18.7 kmpl,4.0,No,5 Seats,1040 kg,165 mm,40 Litres,,
Volkswagen Vento,₹3.75 Lakh,May 2016,"1,05,708 Kms",First Owner,Petrol,Automatic,FWD,1197 cc,103.2 bhp,18.19 kmpl,4.0,Yes,5 Seats,1179 kg,163 mm,55 Litres,,
Maruti Suzuki Ignis,₹4.64 Lakh,Oct 2017,"25,017 Kms",First Owner,Petrol,Manual,FWD,1197 cc,81.80 bhp,20.89 kmpl,4.0,No,5 Seats,825 kg,180 mm,32 Litres,,
Hyundai Grand i10,₹5.47 Lakh,Aug 2021,"49,834 Kms",First Owner,Petrol,Manual,FWD,1197 cc,81.86 bhp,18.9 kmpl,4.0,No,5 Seats,1120 kg,165 mm,43 Litres,,
Tata Nexon,₹5.41 Lakh,Dec 2021,"1,04,667 Kms",Second Owner,Petrol,Manual,,1199 cc,118.36 bhp,17.57 kmpl,3.0,Yes,5 Seats,1355 kg,209 mm,44 Litres,,
Hyundai Grand i10 Nios,₹5.96 Lakh,Mar 2023,"15,950 Kms",First Owner,Petrol,Manual,FWD,1197 cc,82 bhp,18 kmpl,4.0,,5 Seats,,,37 Litres,,
Honda City,₹3.52 Lakh,Jun 2014,"81,862 Kms",First Owner,Petrol,Manual,FWD,1497 cc,116.3 bhp,16.8 kmpl,4.0,No,5 Seats,1095 kg,165 mm,42 Litres,,
Maruti Suzuki Baleno,₹3.69 Lakh,Apr 2016,"31,614 Kms",First Owner,Petrol,Manual,FWD,1197 cc,83.1 bhp,21.4 kmpl,4.0,No,5 Seats,880 kg,170 mm,37 Litres,,
Tata Tiago,₹5.77 Lakh,Jan 2021,"23,295 Kms",First Owner,Petrol,Automatic,FWD,1199 cc,85 bhp,19 kmpl,3.0,,5 Seats,,170 mm,35 Litres,,
Volkswagen Ameo,₹3.29 Lakh,Nov 2016,"1,06,980 Kms",First Owner,Diesel,Manual,FWD,1498 cc,108.62 bhp,21.66 kmpl,4.0,Yes,5 Seats,1163 kg,165 mm,,45 Litres,
Volkswagen Ameo,₹3.83 Lakh,Mar 2017,"1,21,481 Kms",Second Owner,Diesel,Manual,FWD,1498 cc,108.62 bhp,21.66 kmpl,4.0,Yes,5 Seats,1163 kg,165 mm,,45 Litres,
Hyundai Santro,₹3.24 Lakh,May 2019,"87,944 Kms",First Owner,Petrol,Manual,FWD,1086 cc,68 bhp,20.3 kmpl,4.0,No,5 Seats,1050 kg,,35 Litres,,
Honda Jazz,₹5.11 Lakh,Oct 2018,"49,611 Kms",Second Owner,Petrol,Manual,,1199 cc,88.50 bhp,17.1 kmpl,4.0,,5 Seats,1044 kg,,40 Litres,,
Renault KWID,₹3.24 Lakh,May 2017,"35,509 Kms",First Owner,Petrol,Manual,FWD,999 cc,67 bhp,23.01 kmpl,3.0,No,5 Seats,730 kg,180 mm,28 Litres,,
Hyundai i10,₹3.75 Lakh,Aug 2015,"25,000 Kms",First Owner,Petrol,Manual,FWD,1086 cc,68.05 bhp,19.81 kmpl,4.0,No,5 Seats,860 kg,165 mm,35 Litres,,
Tata Altroz,₹5.75 Lakh,Mar 2023,"27,000 Kms",First Owner,Petrol,Manual,,1199 cc,86.83 bhp,19.33 kmpl,3.0,No,5 Seats,1025 kg,165 mm,37 Litres,,
Maruti Suzuki Ciaz,₹5.25 Lakh,Apr 2016,"74,000 Kms",First Owner,Petrol,Automatic,FWD,1373 cc,91.1 bhp,19.12 kmpl,4.0,No,5 Seats,1010 kg,170 mm,43 Litres,,
Volkswagen Ameo,₹3.99 Lakh,Dec 2017,"64,641 Kms",First Owner,Petrol,Manual,FWD,1198 cc,73.75 bhp,17 kmpl,3.0,No,5 Seats,1069 kg,163 mm,45 Litres,,
Maruti Suzuki Ertiga,₹5.75 Lakh,Nov 2015,"34,000 Kms",First Owner,Petrol,Manual,FWD,1373 cc,93.7 bhp,16.02 kmpl,4.0,No,7 Seats,1160 kg,185 mm,45 Litres,,
Volkswagen Vento,₹3.95 Lakh,Jun 2014,"79,915 Kms",First Owner,Petrol,Automatic,FWD,1197 cc,103.2 bhp,16.93 kmpl,4.0,Yes,5 Seats,1174 kg,168 mm,55 Litres,,
Toyota Glanza,₹5.95 Lakh,Oct 2021,"45,854 Kms",First Owner,Petrol,Manual,FWD,1197 cc,81.80 bhp,21.01 kmpl,4.0,no,5 Seats,890 kg,,37 Litres,,
Honda City,₹3.65 Lakh,Feb 2013,"58,855 Kms",First Owner,Petrol,Manual,FWD,1497 cc,116.3 bhp,16.8 kmpl,4.0,No,5 Seats,1095 kg,165 mm,42 Litres,,
Honda City,₹4.95 Lakh,Jun 2015,"89,033 Kms",First Owner,Petrol,Manual,FWD,1497 cc,117.3 bhp,17.4 kmpl,4.0,No,5 Seats,1042 kg,165 mm,40 Litres,,
Maruti Suzuki Swift Dzire,₹3.95 Lakh,Jan 2014,"66,122 Kms",First Owner,Petrol,Manual,FWD,1197 cc,85.8 bhp,19.1 kmpl,4.0,No,5 Seats,970 kg,170 mm,42 Litres,,
Volkswagen Ameo,₹4.11 Lakh,Jul 2016,"47,636 Kms",First Owner,Petrol,Manual,FWD,1198 cc,73.75 bhp,17 kmpl,3.0,No,5 Seats,1069 kg,163 mm,45 Litres,,
Tata Tiago,₹4.45 Lakh,Jul 2020,"59,677 Kms",First Owner,Petrol,Manual,,1199 cc,84.82 bhp,19.01 kmpl,3.0,,5 Seats,982 kg,170 mm,35 Litres,,
Maruti Suzuki Ciaz,₹4.99 Lakh,Jan 2018,"48,439 Kms",Second Owner,Petrol,Automatic,FWD,1373 cc,91.1 bhp,19.12 kmpl,4.0,No,5 Seats,1010 kg,170 mm,43 Litres,,
Maruti Suzuki Celerio,₹4.55 Lakh,Nov 2019,"43,886 Kms",First Owner,Petrol,Manual,FWD,998 cc,67.04 bhp,23.1 kmpl,3.0,No,5 Seats,840 kg,165 mm,35 Litres,,
Maruti Suzuki Celerio,₹5.35 Lakh,Jan 2023,"28,276 Kms",Second Owner,CNG,Manual,,998 cc,55.92 bhp,35.6 km/kg,3.0,,5 Seats,905 kg,,,,60 Litres
Honda Jazz,₹4.70 Lakh,Apr 2017,"42,421 Kms",First Owner,Petrol,Manual,FWD,1199 cc,88.7 bhp,18.7 kmpl,4.0,No,5 Seats,1044 kg,165 mm,40 Litres,,
Hyundai Grand i10,₹4.25 Lakh,Sept 2017,"37,699 Kms",First Owner,Petrol,Manual,FWD,1197 cc,82 bhp,18.9 kmpl,4.0,No,5 Seats,935 kg,165 mm,43 Litres,,
Honda Mobilio,₹4.50 Lakh,Dec 2014,"48,000 Kms",First Owner,Diesel,Manual,FWD,1498 cc,98.6 bhp,24.2 kmpl,4.0,Yes,7 Seats,1246 kg,189 mm,,42 Litres,
Hyundai i20,₹5.25 Lakh,Dec 2016,"59,008 Kms",First Owner,Petrol,Manual,FWD,1197 cc,81.83 bhp,18.6 kmpl,4.0,No,5 Seats,1066 kg,170 mm,45 Litres,,
Honda City,₹4 Lakh,Jul 2014,"40,976 Kms",Second Owner,Petrol,Manual,FWD,1497 cc,117.3 bhp,17.4 kmpl,4.0,No,5 Seats,1041 kg,165 mm,40 Litres,,
Mercedes-Benz C-Class,₹18.98 Lakh,Oct 2017,"61,000 Kms",First Owner,Diesel,Automatic,RWD,2143 cc,170 bhp,,4.0,Yes,5 Seats,1655 kg,157 mm,,66 Litres,
Toyota Innova Crysta,₹15.25 Lakh,Oct 2017,"84,000 Kms",Second Owner,Diesel,Automatic,RWD,2755 cc,171.5 bhp,,4.0,Yes,7 Seats,1830 kg,,,55 Litres,
Toyota Innova Crysta,₹17 Lakh,Jul 2017,"1,23,000 Kms",First Owner,Diesel,Automatic,RWD,2755 cc,171.5 bhp,,4.0,Yes,7 Seats,1880 kg,,,55 Litres,
Hyundai Creta,₹16.45 Lakh,Feb 2022,"78,000 Kms",First Owner,Diesel,Automatic,,1493 cc,113.45 bhp,18 kmpl,4.0,Yes,5 Seats,1625 kg,,,50 Litres,
Kia Seltos,₹15.75 Lakh,Nov 2022,"37,000 Kms",First Owner,Diesel,Automatic,FWD,1493 cc,113.43 bhp,18 kmpl,4.0,Yes,5 Seats,1540 kg,,,50 Litres,
Toyota Innova Crysta,₹15.95 Lakh,May 2017,"95,000 Kms",First Owner,Diesel,Automatic,RWD,2755 cc,171.5 bhp,,4.0,Yes,7 Seats,1830 kg,,,55 Litres,
Hyundai Alcazar,₹19 Lakh,Dec 2024,"33,550 Kms",First Owner,Diesel,Automatic,,1493 cc,113.42 bhp,18.1 kmpl,4.0,Yes,6 Seats,1770 kg,,,50 Litres,
Hyundai Tucson,₹17.50 Lakh,Feb 2021,"12,029 Kms",First Owner,Petrol,Automatic,,1999 cc,150.19 bhp,12.95 kmpl,4.0,No,5 Seats,1560 kg,,62 Litres,,
Kia Carens,₹15.75 Lakh,Jan 2022,"47,500 Kms",First Owner,Diesel,Automatic,2WD,1493 cc,114.41 bhp,,4.0,Yes,6 Seats,1630 kg,,,45 Litres,
Skoda Kodiaq,₹18.50 Lakh,Nov 2017,"76,000 Kms",First Owner,Diesel,Automatic,4WD,1968 cc,148 bhp,,4.0,Yes,7 Seats,1799 kg,188 mm,,63 Litres,
Mercedes-Benz C-Class,₹19.50 Lakh,Jun 2018,"45,000 Kms",Second Owner,Petrol,Automatic,RWD,1991 cc,181.03 bhp,,4.0,Yes,5 Seats,1545 kg,130 mm,66 Litres,,
Kia Seltos,₹15.50 Lakh,Dec 2022,"37,888 Kms",First Owner,Diesel,Automatic,FWD,1493 cc,113.43 bhp,18 kmpl,4.0,Yes,5 Seats,1540 kg,,,50 Litres,
MG Hector Plus,₹15.95 Lakh,Mar 2023,"33,000 Kms",First Owner,Petrol,Automatic,,1451 cc,141 bhp,12.34 kmpl,4.0,YES,6 Seats,1750 kg,,60 Litres,,
Mercedes-Benz C-Class,₹16.50 Lakh,Jun 2015,"48,000 Kms",Second Owner,Petrol,Automatic,RWD,1796 cc,186 bhp,,4.0,Yes,5 Seats,1585 kg,,66 Litres,,
Mercedes-Benz C-Class,₹17.95 Lakh,Apr 2016,"45,000 Kms",First Owner,Petrol,Automatic,RWD,1991 cc,184 bhp,,4.0,Yes,5 Seats,1545 kg,130 mm,66 Litres,,
Kia Seltos,₹15.50 Lakh,Jan 2022,"37,888 Kms",First Owner,Diesel,Automatic,FWD,1493 cc,113.43 bhp,18 kmpl,4.0,Yes,5 Seats,1540 kg,,,50 Litres,
Skoda Kodiaq,₹15.95 Lakh,Oct 2018,"1,10,000 Kms",Second Owner,Diesel,Automatic,4WD,1968 cc,148 bhp,,4.0,Yes,7 Seats,1799 kg,188 mm,,63 Litres,
Volkswagen Taigun,₹17.99 Lakh,Aug 2024,"5,400 Kms",First Owner,,Automatic,FWD,1498 cc,147.51 bhp,17.88 kmpl,4.0,Yes,5 Seats,1312 kg,188 mm,50 Litres,,
Hyundai Tucson,₹17.25 Lakh,Jul 2021,"28,000 Kms",First Owner,Diesel,Automatic,,1995 cc,182.37 bhp,15.38 kmpl,4.0,Yes,5 Seats,1640 kg,,,62 Litres,
Mercedes-Benz GLA Class,₹16.50 Lakh,Jun 2016,"58,300 Kms",First Owner,Diesel,Automatic,AWD,2143 cc,136 bhp,,4.0,Yes,5 Seats,1585 kg,183 mm,,50 Litres,
Mercedes-Benz E-Class,₹17.99 Lakh,Jun 2016,"68,000 Kms",First Owner,Diesel,Automatic,RWD,2143 cc,204 bhp,,4.0,Yes,5 Seats,1800 kg,123 mm,,80 Litres,
Mercedes-Benz GLE,₹19.75 Lakh,Aug 2017,"1,10,000 Kms",First Owner,Petrol,Automatic,AWD,2996 cc,328.55 bhp,,6.0,Yes,5 Seats,2150 kg,200 mm,93 Litres,,
Skoda Kodiaq,₹17.49 Lakh,Nov 2017,"76,000 Kms",First Owner,Diesel,Automatic,4WD,1968 cc,148 bhp,,4.0,Yes,7 Seats,1799 kg,188 mm,,63 Litres,
Mercedes-Benz C-Class,₹15.51 Lakh,Feb 2015,"39,500 Kms",First Owner,Petrol,Automatic,RWD,1991 cc,184 bhp,,4.0,Yes,5 Seats,1545 kg,130 mm,66 Litres,,
Hyundai Creta,₹17.85 Lakh,Feb 2022,"54,000 Kms",First Owner,Diesel,Automatic,,1493 cc,113.45 bhp,18 kmpl,4.0,Yes,5 Seats,1625 kg,,,50 Litres,
Honda CR-V,₹17.75 Lakh,Nov 2019,"39,000 Kms",Second Owner,Diesel,Automatic,4WD,1597 cc,118.3 bhp,19.5 kmpl,4.0,No,7 Seats,1725 kg,,,57 Litres,
Kia Seltos,₹18.60 Lakh,Dec 2025,"3,148 Kms",First Owner,Petrol,Automatic,2WD,1482 cc,157.81 bhp,17.9 kmpl,4.0,Yes,5 Seats,,,50 Litres,,
Kia Seltos,₹17.25 Lakh,May 2024,"7,000 Kms",First Owner,Petrol,Automatic,2WD,1482 cc,157.81 bhp,17.9 kmpl,4.0,Yes,5 Seats,,,50 Litres,,
Skoda Kodiaq,₹17.98 Lakh,Oct 2019,"60,000 Kms",First Owner,Diesel,Automatic,4WD,1968 cc,148 bhp,,4.0,Yes,7 Seats,1826 kg,188 mm,,63 Litres,
Mercedes-Benz C-Class,₹18.90 Lakh,Dec 2018,"24,468 Kms",First Owner,Petrol,Automatic,RWD,1950 cc,201.15 bhp,,4.0,Yes,5 Seats,1655 kg,157 mm,66 Litres,,
Toyota Innova Crysta,₹19.65 Lakh,Sept 2019,"15,00,000 Kms",Third Owner,Diesel,Automatic,RWD,2755 cc,171.5 bhp,,4.0,Yes,7 Seats,1830 kg,,,55 Litres,
Your connection was interrupted,,,,,,,,,,,,,,,,,,
Honda Mobilio,₹4.22 Lakh,Dec 2014,"64,222 Kms",First Owner,Petrol,Manual,FWD,1497 cc,117.3 bhp,17.3 kmpl,4.0,No,7 Seats,1161 kg,189 mm,42 Litres,,
Renault Triber,₹3.61 Lakh,Sept 2020,"61,580 Kms",Second Owner,Petrol,Manual,FWD,999 cc,71.01 bhp,20 kmpl,3.0,,7 Seats,,182 mm,40 Litres,,
Maruti Suzuki Baleno,₹4.68 Lakh,Mar 2018,"44,837 Kms",First Owner,Petrol,Manual,FWD,1197 cc,83.1 bhp,21.4 kmpl,4.0,No,5 Seats,890 kg,170 mm,37 Litres,,
Maruti Suzuki Baleno,₹4.05 Lakh,May 2017,"64,235 Kms",First Owner,Petrol,Manual,FWD,1197 cc,83.1 bhp,21.4 kmpl,4.0,No,5 Seats,870 kg,170 mm,37 Litres,,
Hyundai Xcent,₹3.80 Lakh,Aug 2016,"40,727 Kms",Second Owner,Petrol,Automatic,FWD,1197 cc,81.86 bhp,17.36 kmpl,4.0,No,5 Seats,1140 kg,165 mm,43 Litres,,
Honda City,₹4.16 Lakh,Jun 2015,"66,017 Kms",First Owner,Petrol,Automatic,FWD,1497 cc,117.3 bhp,18 kmpl,4.0,No,5 Seats,1085 kg,165 mm,40 Litres,,
Maruti Suzuki Ciaz,₹3.93 Lakh,Feb 2015,"44,023 Kms",First Owner,Petrol,Manual,FWD,1373 cc,91.1 bhp,20.73 kmpl,4.0,No,5 Seats,1030 kg,170 mm,43 Litres,,
Hyundai Xcent,₹3.01 Lakh,May 2014,"53,351 Kms",First Owner,Petrol,Manual,FWD,1197 cc,82 bhp,19.1 kmpl,4.0,No,5 Seats,1140 kg,165 mm,43 Litres,,
Volkswagen Vento,₹3.67 Lakh,Sept 2015,"57,611 Kms",First Owner,Petrol,Manual,FWD,1598 cc,103.6 bhp,15.04 kmpl,4.0,No,5 Seats,1121 kg,168 mm,55 Litres,,
Honda City,₹4.57 Lakh,Nov 2016,"76,361 Kms",First Owner,Petrol,Manual,FWD,1497 cc,117.3 bhp,17.8 kmpl,4.0,No,5 Seats,1065 kg,165 mm,40 Litres,,
Tata Tiago,₹5.43 Lakh,May 2021,"21,600 Kms",First Owner,Petrol,Manual,FWD,1199 cc,83.83 bhp,23.84 kmpl,3.0,No,5 Seats,1012 kg,170 mm,35 Litres,,
Maruti Suzuki Swift,₹3.35 Lakh,May 2015,"82,813 Kms",First Owner,Petrol,Manual,FWD,1197 cc,88.50 bhp,22.38 kmpl,4.0,,5 Seats,875-905 kg,,37 Litres,,
Renault Triber,₹4.70 Lakh,Jun 2022,"41,380 Kms",Second Owner,Petrol,Manual,FWD,999 cc,71.01 bhp,20 kmpl,3.0,,7 Seats,,182 mm,40 Litres,,
Volkswagen Vento,₹3.67 Lakh,Sept 2016,"58,985 Kms",Second Owner,Petrol,Automatic,FWD,1197 cc,103.2 bhp,18.19 kmpl,4.0,Yes,5 Seats,1179 kg,163 mm,55 Litres,,
Tata Tigor,₹3.24 Lakh,Jan 2018,"53,433 Kms",First Owner,Petrol,Manual,FWD,1199 cc,84 bhp,20.3 kmpl,3.0,No,5 Seats,1062 kg,170 mm,35 Litres,,
Hyundai Xcent,₹4.59 Lakh,Sept 2018,"13,620 Kms",First Owner,Petrol,Manual,,,,,4.0,,,1120 kg,,,,
Honda City,₹4.25 Lakh,Feb 2015,"77,635 Kms",First Owner,Petrol,Manual,FWD,1497 cc,116.3 bhp,16.8 kmpl,4.0,No,5 Seats,1095 kg,165 mm,42 Litres,,
Honda City,₹4.36 Lakh,Jun 2015,"58,344 Kms",First Owner,Petrol,Manual,FWD,1497 cc,116.3 bhp,16.8 kmpl,4.0,No,5 Seats,1095 kg,165 mm,42 Litres,,
Hyundai i20,₹4.61 Lakh,May 2017,"49,847 Kms",First Owner,Petrol,Manual,FWD,1197 cc,81.83 bhp,18.6 kmpl,4.0,No,5 Seats,1066 kg,170 mm,45 Litres,,
Honda City,₹3.32 Lakh,Jun 2015,"1,08,808 Kms",First Owner,Petrol,Manual,FWD,1497 cc,117.3 bhp,17.4 kmpl,4.0,No,5 Seats,1042 kg,165 mm,40 Litres,,
Maruti Suzuki Baleno,₹5.32 Lakh,Jun 2019,"43,619 Kms",Second Owner,Diesel,Manual,FWD,1248 cc,74 bhp,27.39 kmpl,4.0,Yes,5 Seats,985 kg,170 mm,,37 Litres,
Honda City,₹3.57 Lakh,Jan 2017,"81,373 Kms",Second Owner,Petrol,Manual,FWD,1497 cc,117.3 bhp,17.8 kmpl,4.0,No,5 Seats,1065 kg,165 mm,40 Litres,,
Hyundai Creta,₹5.65 Lakh,Oct 2018,"83,422 Kms",Second Owner,Petrol,Manual,FWD,1591 cc,121.3 bhp,15.8 kmpl,4.0,No,5 Seats,1260 kg,,55 Litres,,
Honda City,₹3.89 Lakh,Apr 2014,"57,539 Kms",First Owner,Petrol,Manual,,1497 cc,117.60 bhp,17.4 kmpl,4.0,,5 Seats,1063 kg,,40 Litres,,
Hyundai i20,₹4.20 Lakh,Apr 2015,"30,715 Kms",First Owner,Petrol,Manual,FWD,1197 cc,81.83 bhp,18.6 kmpl,4.0,No,5 Seats,1066 kg,170 mm,45 Litres,,
Honda City,₹3.68 Lakh,Apr 2015,"72,066 Kms",First Owner,Petrol,Manual,FWD,1497 cc,117.3 bhp,17.4 kmpl,4.0,No,5 Seats,1042 kg,165 mm,40 Litres,,
Maruti Suzuki Ciaz,₹5.37 Lakh,Mar 2018,"93,678 Kms",First Owner,Diesel,Manual,,1248 cc,88.5 bhp,,4.0,Yes,,1065 kg,,,,
Hyundai Grand i10,₹3.12 Lakh,Jun 2015,"1,16,661 Kms",First Owner,Petrol,Manual,FWD,1197 cc,81.86 bhp,18.9 kmpl,4.0,No,5 Seats,1060 kg,165 mm,43 Litres,,
Honda City,₹3.01 Lakh,Oct 2013,"1,00,000 Kms",First Owner,Petrol,Manual,FWD,1497 cc,116.4 bhp,16.8 kmpl,4.0,No,5 Seats,1100 kg,165 mm,42 Litres,,
Maruti Suzuki Baleno,₹4.47 Lakh,Nov 2017,"78,812 Kms",First Owner,Diesel,Manual,FWD,1248 cc,74 bhp,27.39 kmpl,4.0,Yes,5 Seats,960-985 kg,170 mm,,37 Litres,
Maruti Suzuki Baleno,₹4.36 Lakh,Jul 2017,"1,06,270 Kms",First Owner,Diesel,Manual,FWD,1248 cc,74 bhp,27.39 kmpl,4.0,Yes,5 Seats,985 kg,170 mm,,37 Litres,
Tata Tiago,₹3.54 Lakh,Aug 2020,"40,765 Kms",First Owner,Petrol,Manual,FWD,1199 cc,83.83 bhp,23.84 kmpl,3.0,No,5 Seats,1012 kg,170 mm,35 Litres,,
Hyundai Grand i10,₹3.03 Lakh,Jul 2015,"43,250 Kms",Second Owner,Petrol,Manual,FWD,1197 cc,81.86 bhp,18.9 kmpl,4.0,No,5 Seats,1100 kg,165 mm,43 Litres,,
Honda Amaze,₹3.46 Lakh,Oct 2013,"53,917 Kms",First Owner,Petrol,Manual,FWD,1198 cc,86.7 bhp,17.8 kmpl,4.0,No,5 Seats,955 kg,165 mm,35 Litres,,
Maruti Suzuki Ciaz,₹5.23 Lakh,Jun 2019,"69,792 Kms",First Owner,Petrol,Automatic,FWD,1462 cc,103.25 bhp,20.28 kmpl,4.0,No,5 Seats,1105 kg,170 mm,43 Litres,,
Hyundai Grand i10,₹4.17 Lakh,Aug 2018,"46,294 Kms",First Owner,Petrol,Manual,FWD,1197 cc,81.86 bhp,18.9 kmpl,4.0,No,5 Seats,1060 kg,165 mm,43 Litres,,
Hyundai Grand i10,₹3.13 Lakh,Apr 2014,"46,856 Kms",First Owner,Petrol,Manual,FWD,1197 cc,81.86 bhp,18.9 kmpl,4.0,No,5 Seats,1100 kg,165 mm,43 Litres,,
Maruti Suzuki Ciaz,₹5.24 Lakh,Sept 2017,"85,454 Kms",First Owner,Diesel,Manual,,1248 cc,88.5 bhp,,4.0,Yes,,1065 kg,,,,
Hyundai Creta,₹5.94 Lakh,Jun 2016,"74,000 Kms",Second Owner,,Manual,FWD,1591 cc,121.3 bhp,15.29 kmpl,4.0,No,5 Seats,1200 kg,190 mm,55 Litres,,
Honda City,₹3.44 Lakh,Mar 2013,"93,000 Kms",First Owner,Petrol,Automatic,FWD,1497 cc,116.4 bhp,16.8 kmpl,4.0,No,5 Seats,1150 kg,165 mm,42 Litres,,
Maruti Suzuki Swift Dzire,₹5.89 Lakh,Oct 2017,"95,632 Kms",Second Owner,Diesel,Automatic,FWD,1248 cc,74.02 bhp,28.4 kmpl,4.0,Yes,5 Seats,955-990 kg,163 mm,,37 Litres,
Honda City,₹4.79 Lakh,May 2014,"72,300 Kms",Second Owner,Petrol,Automatic,FWD,1497 cc,117.3 bhp,18 kmpl,4.0,No,5 Seats,1085 kg,165 mm,40 Litres,,
Skoda Rapid,₹3.69 Lakh,Dec 2014,"59,000 Kms",Second Owner,Petrol,Manual,FWD,1598 cc,103.5 bhp,15 kmpl,4.0,No,5 Seats,1145 kg,168 mm,55 Litres,,
Maruti Suzuki Swift Dzire,₹5.95 Lakh,Sept 2021,"66,000 Kms",First Owner,Petrol,Manual,,1197 cc,88.50 bhp,22.41 kmpl,4.0,,5 Seats,880-915 kg,,37 Litres,,
Hyundai i10,₹3.25 Lakh,Jan 2014,"28,000 Kms",Second Owner,Petrol,Manual,FWD,1086 cc,68.05 bhp,19.81 kmpl,4.0,No,5 Seats,860 kg,165 mm,35 Litres,,
Hyundai i20,₹3.25 Lakh,Jun 2014,"53,000 Kms",First Owner,Petrol,Manual,FWD,1197 cc,81.83 bhp,18.6 kmpl,4.0,No,5 Seats,1066 kg,170 mm,45 Litres,,
Renault Triber,₹5.80 Lakh,Oct 2020,"19,810 Kms",First Owner,Petrol,Automatic,,999 cc,71.01 bhp,18.2 kmpl,3.0,,7 Seats,947 kg,182 mm,40 Litres,,
Hyundai i20,₹3.75 Lakh,Jul 2014,"65,000 Kms",Second Owner,Petrol,Manual,FWD,1197 cc,81.83 bhp,18.6 kmpl,4.0,No,5 Seats,1066 kg,170 mm,45 Litres,,
Maruti Suzuki Wagon R,₹3.30 Lakh,Mar 2017,"54,000 Kms",First Owner,Petrol,Manual,FWD,998 cc,67.04 bhp,20.51 kmpl,3.0,No,5 Seats,885 kg,165 mm,35 Litres,,
Maruti Suzuki Swift Dzire,₹3.20 Lakh,Jun 2013,"79,000 Kms",First Owner,Petrol,Manual,FWD,1197 cc,85.8 bhp,19.1 kmpl,4.0,No,5 Seats,970 kg,170 mm,42 Litres,,
Hyundai Grand i10,₹2.65 Lakh,May 2015,"91,878 Kms",First Owner,Petrol,Manual,FWD,1197 cc,82 bhp,18.9 kmpl,4.0,No,5 Seats,935 kg,165 mm,43 Litres,,
Hyundai i10,₹2.37 Lakh,Jun 2012,"28,767 Kms",First Owner,Petrol,Manual,FWD,1086 cc,68.05 bhp,19.81 kmpl,4.0,No,5 Seats,860 kg,165 mm,35 Litres,,
Honda Brio,₹2.33 Lakh,Jul 2012,"47,646 Kms",First Owner,Petrol,Manual,FWD,1198 cc,86.8 bhp,19.4 kmpl,4.0,No,5 Seats,925 kg,165 mm,35 Litres,,
Hyundai i20,₹2.16 Lakh,May 2012,"45,913 Kms",Second Owner,Petrol,Manual,FWD,1197 cc,,17 kmpl,4.0,No,5 Seats,1020 kg,165 mm,45 Litres,,
Maruti Suzuki Ciaz,₹3.69 Lakh,Mar 2015,"11,692 Kms",Second Owner,Petrol,Manual,FWD,1373 cc,91.1 bhp,20.73 kmpl,4.0,No,5 Seats,1030 kg,170 mm,43 Litres,,
Maruti Suzuki Baleno,₹3.82 Lakh,Nov 2017,"66,263 Kms",First Owner,Petrol,Manual,FWD,1197 cc,83.1 bhp,21.4 kmpl,4.0,No,5 Seats,870 kg,170 mm,37 Litres,,
Hyundai Grand i10,₹5.16 Lakh,Nov 2020,"32,650 Kms",First Owner,Petrol,Manual,FWD,1197 cc,81.86 bhp,18.9 kmpl,4.0,No,5 Seats,1120 kg,165 mm,43 Litres,,
Renault Triber,₹4.84 Lakh,Oct 2021,"33,772 Kms",First Owner,Petrol,Manual,FWD,999 cc,71.01 bhp,20 kmpl,3.0,,7 Seats,,182 mm,40 Litres,,
Tata Altroz,₹6.22 Lakh,Jun 2022,"13,051 Kms",First Owner,Petrol,Manual,FWD,1199 cc,86.79 bhp,19.33 kmpl,3.0,No,5 Seats,,165 mm,37 Litres,,
Tata Nexon,₹6.27 Lakh,Sept 2020,"61,298 Kms",First Owner,Petrol,Manual,,1199 cc,118.36 bhp,17.57 kmpl,3.0,Yes,5 Seats,1355 kg,209 mm,44 Litres,,
Volkswagen Taigun,₹6.66 Lakh,Feb 2022,"69,800 Kms",Second Owner,Petrol,Manual,,999 cc,113.98 bhp,20.08 kmpl,3.0,Yes,5 Seats,1255 kg,188 mm,50 Litres,,
Honda Jazz,₹8.02 Lakh,Nov 2021,"12,723 Kms",First Owner,Petrol,Manual,,1199 cc,88.50 bhp,17.1 kmpl,4.0,,5 Seats,1063 kg,,40 Litres,,
Hyundai Venue,₹8.17 Lakh,Jan 2023,"43,790 Kms",First Owner,Petrol,Manual,,1197 cc,81.80 bhp,16 kmpl,4.0,No,5 Seats,1148 kg,,45 Litres,,
XZ Plus (O) BSVI,₹6.27 Lakh,Sept 2020,"61,298 Kms",First Owner,Petrol,Manual,,1199 cc,118.36 bhp,17.57 kmpl,3.0,Yes,5 Seats,1355 kg,209 mm,44 Litres,,
Maruti Suzuki XL6,₹9.03 Lakh,Mar 2021,"53,050 Kms",First Owner,Petrol,Automatic,FWD,1462 cc,101.64 bhp,,4.0,,6 Seats,1225 kg,,45 Litres,,
Kia Seltos,₹9.09 Lakh,Oct 2020,"1,25,137 Kms",First Owner,Petrol,Automatic,FWD,1353 cc,138.08 bhp,16.5 kmpl,4.0,Yes,5 Seats,1535 kg,,50 Litres,,
Honda City,₹9.51 Lakh,Feb 2022,"33,088 Kms",First Owner,Petrol,Manual,FWD,1497 cc,,17 kmpl,4.0,No,5 Seats,1100 kg,160 mm,42 Litres,,
Skoda Octavia,₹8.75 Lakh,Jul 2018,"54,933 Kms",Second Owner,Petrol,Automatic,FWD,1798 cc,178 bhp,15.1 kmpl,4.0,Yes,5 Seats,1376 kg,110 mm,50 Litres,,
Maruti Suzuki Baleno,₹7.12 Lakh,Mar 2022,"46,115 Kms",First Owner,Petrol,Manual,FWD,1197 cc,88.50 bhp,22.35 kmpl,4.0,No,5 Seats,925-955 kg,,37 Litres,,
Kia Seltos,₹7.92 Lakh,Feb 2020,"52,675 Kms",Second Owner,Petrol,Manual,FWD,1497 cc,113.43 bhp,16.8 kmpl,4.0,No,5 Seats,1404 kg,,50 Litres,,
Honda Amaze,₹2.52 Lakh,Nov 2013,"44,601 Kms",Second Owner,Petrol,Automatic,FWD,1198 cc,86.7 bhp,15.5 kmpl,4.0,No,5 Seats,990 kg,165 mm,35 Litres,,
Maruti Suzuki Ritz,₹2.25 Lakh,Jun 2014,"54,216 Kms",First Owner,Petrol,Manual,FWD,1197 cc,85.80 bhp,18.5 kmpl,4.0,No,5 Seats,1015 kg,170 mm,43 Litres,,
Maruti Suzuki Wagon R,₹2.41 Lakh,Dec 2013,"49,820 Kms",First Owner,Petrol,Manual,,998 cc,65.71 bhp,24.35 kmpl,3.0,,5 Seats,810-835 kg,,32 Litres,,
Volkswagen Polo,₹2.45 Lakh,Oct 2013,"50,138 Kms",Second Owner,Petrol,Manual,FWD,1198 cc,73.9 bhp,16.47 kmpl,3.0,No,5 Seats,1055 kg,168 mm,45 Litres,,
Honda Amaze,₹2.99 Lakh,Mar 2016,"50,715 Kms",First Owner,Petrol,Manual,FWD,1198 cc,86.7 bhp,18 kmpl,4.0,No,5 Seats,950 kg,165 mm,35 Litres,,
Honda Amaze,₹2.27 Lakh,May 2013,"76,622 Kms",First Owner,Petrol,Manual,FWD,1198 cc,86.7 bhp,18 kmpl,4.0,No,5 Seats,950 kg,165 mm,35 Litres,,
Volkswagen Polo,₹2.88 Lakh,Jan 2013,"52,206 Kms",First Owner,Diesel,Manual,FWD,1199 cc,73.9 bhp,22.07 kmpl,3.0,No,5 Seats,1145 kg,168 mm,,45 Litres,
Honda City,₹2.74 Lakh,Nov 2012,"54,186 Kms",First Owner,Petrol,Manual,FWD,1497 cc,116.3 bhp,16.8 kmpl,4.0,No,5 Seats,1095 kg,165 mm,42 Litres,,
Maruti Suzuki Wagon R,₹2.24 Lakh,Nov 2013,"56,023 Kms",First Owner,Petrol,Manual,,998 cc,65.71 bhp,24.35 kmpl,3.0,,5 Seats,810-835 kg,,32 Litres,,
"74+ used cars for sale from ₹65,000 in Mumbai",,,,,,,,,,,,,,,,,,
MG Hector,₹9.56 Lakh,Oct 2019,"50,132 Kms",Second Owner,,Automatic,FWD,1451 cc,141 bhp,8.61 kmpl,4.0,Yes,5 Seats,1820 kg,192 mm,60 Litres,,
Hyundai Venue,₹7.56 Lakh,Sept 2019,"52,300 Kms",First Owner,Diesel,Manual,FWD,1498 cc,98.6 bhp,23.7 kmpl,4.0,Yes,5 Seats,1360 kg,,,45 Litres,
Honda City,₹9.05 Lakh,Sept 2021,"42,458 Kms",First Owner,Petrol,Automatic,,1498 cc,119.35 bhp,18.3 kmpl,4.0,,5 Seats,1107-1153 kg,,40 Litres,,
Ford Ecosport,₹6.03 Lakh,Oct 2018,"42,352 Kms",First Owner,Petrol,Manual,FWD,1496 cc,120.69 bhp,15.9 kmpl,3.0,No,5 Seats,1225 kg,,52 Litres,,
Hyundai Creta,₹9.50 Lakh,Mar 2019,"46,498 Kms",First Owner,Petrol,Automatic,FWD,1591 cc,121.3 bhp,14.8 kmpl,4.0,No,5 Seats,1300 kg,,55 Litres,,
Honda City,₹6.83 Lakh,Apr 2018,"53,905 Kms",First Owner,Petrol,Automatic,FWD,1498 cc,119.35 bhp,18.4 kmpl,4.0,,5 Seats,1153 kg,,,,
Honda City,₹9.69 Lakh,Aug 2021,"40,376 Kms",First Owner,Petrol,Manual,FWD,1497 cc,116.3 bhp,16.8 kmpl,4.0,No,5 Seats,1095 kg,165 mm,42 Litres,,
Honda City,₹9.81 Lakh,Jul 2021,"65,886 Kms",First Owner,Petrol,Manual,,1498 cc,119.35 bhp,18.6 kmpl,4.0,,5 Seats,1107-1153 kg,,40 Litres,,
Honda Amaze,₹8.47 Lakh,Aug 2023,"7,946 Kms",First Owner,Petrol,Automatic,FWD,1199 cc,89 bhp,19.46 kmpl,4.0,,5 Seats,952-986 kg,172 mm,35 Litres,,
Honda City,₹9.84 Lakh,Jul 2021,"30,124 Kms",First Owner,Petrol,Manual,FWD,1497 cc,116.3 bhp,16.8 kmpl,4.0,No,5 Seats,1095 kg,165 mm,42 Litres,,
Jeep Compass,₹6.35 Lakh,Jun 2018,"67,399 Kms",Second Owner,,Automatic,4X2,1368 cc,160 bhp,16 kmpl,4.0,Yes,5 Seats,1562 s kg,178 mm,60 Litres,,
Kia Sonet,₹8.55 Lakh,Mar 2022,"41,585 Kms",Second Owner,Diesel,Automatic,FWD,1493 cc,113.42 bhp,,4.0,Yes,5 Seats,1505 kg,,,45 Litres,
Maruti Suzuki Ciaz,₹8.37 Lakh,May 2022,"62,767 Kms",First Owner,Petrol,Automatic,FWD,1373 cc,91.1 bhp,19.12 kmpl,4.0,No,5 Seats,1030 kg,170 mm,43 Litres,,
Maruti Suzuki Vitara Brezza,₹6.17 Lakh,May 2016,"63,426 Kms",First Owner,,Manual,FWD,1248 cc,88.5 bhp,24.3 kmpl,4.0,Yes,5 Seats,1190 kg,198 mm,,48 Litres,
Kia Seltos,₹8.73 Lakh,Nov 2020,"52,482 Kms",First Owner,Diesel,Manual,FWD,1493 cc,113.43 bhp,20.8 kmpl,4.0,Yes,5 Seats,1475 kg,,,50 Litres,
Maruti Suzuki Vitara Brezza,₹6.03 Lakh,Jun 2016,"96,359 Kms",First Owner,,Manual,FWD,1248 cc,88.5 bhp,24.3 kmpl,4.0,Yes,5 Seats,1200 kg,198 mm,,48 Litres,
Honda City,₹8.30 Lakh,Mar 2021,"33,891 Kms",First Owner,Petrol,Manual,FWD,1497 cc,,17 kmpl,4.0,No,5 Seats,1100 kg,160 mm,42 Litres,,
Renault Kiger,₹6.75 Lakh,Oct 2021,"36,919 Kms",Second Owner,,Automatic,FWD,999 cc,98.63 bhp,18.24 kmpl,3.0,Yes,5 Seats,,205 mm,40 Litres,,
Renault Kiger,₹7.38 Lakh,Dec 2021,"22,964 Kms",First Owner,,Automatic,FWD,999 cc,98.63 bhp,18.24 kmpl,3.0,Yes,5 Seats,,205 mm,40 Litres,,
MG Hector,₹12.89 Lakh,Mar 2021,"62,457 Kms",First Owner,Petrol,Manual,FWD,1451 cc,141 bhp,13.79 kmpl,4.0,Yes,5 Seats,,,60 Litres,,
Kia Seltos,₹11.41 Lakh,Oct 2020,"95,253 Kms",First Owner,Petrol,Automatic,FWD,1353 cc,138.08 bhp,16.5 kmpl,4.0,Yes,5 Seats,1535 kg,,50 Litres,,
Honda City,₹13.27 Lakh,May 2023,"19,749 Kms",First Owner,Petrol,Automatic,FWD,1498 cc,119.35 bhp,18.4 kmpl,4.0,,5 Seats,1153 kg,,,,
Honda City,₹5.05 Lakh,Aug 2016,"40,365 Kms",First Owner,Petrol,Automatic,FWD,1497 cc,117.3 bhp,18 kmpl,4.0,No,5 Seats,1085 kg,165 mm,40 Litres,,
Renault Kiger,₹4.68 Lakh,Sept 2021,"33,193 Kms",First Owner,Petrol,Manual,,999 cc,71.01 bhp,19.17 kmpl,3.0,,5 Seats,1012 kg,205 mm,40 Litres,,
Maruti Suzuki Swift,₹3.51 Lakh,Jan 2017,"51,772 Kms",First Owner,Petrol,Manual,FWD,1197 cc,88.50 bhp,22.38 kmpl,4.0,,5 Seats,875-905 kg,,37 Litres,,
Renault Kiger,₹7 Lakh,Aug 2023,"33,436 Kms",First Owner,,Automatic,FWD,999 cc,98.63 bhp,18.24 kmpl,3.0,Yes,5 Seats,,205 mm,40 Litres,,
Kia Seltos,₹11.26 Lakh,Mar 2020,"1,28,900 Kms",First Owner,Diesel,Automatic,FWD,1493 cc,113.43 bhp,18 kmpl,4.0,Yes,5 Seats,1540 kg,,,50 Litres,
Maruti Suzuki Ertiga,₹4.15 Lakh,Jul 2013,"85,295 Kms",First Owner,Petrol,Manual,2WD,1462 cc,101.65 bhp,20.51 kmpl,4.0,,7 Seats,1150-1205 kg,,45 Litres,,
Hyundai Grand i10,₹2.20 Lakh,Dec 2014,"88,679 Kms",Second Owner,Petrol,Manual,FWD,1197 cc,82 bhp,18.9 kmpl,4.0,No,5 Seats,935 kg,165 mm,43 Litres,,
Hyundai Xcent,₹3 Lakh,May 2015,"64,455 Kms",First Owner,Petrol,Manual,FWD,1197 cc,81.86 bhp,19.1 kmpl,4.0,No,5 Seats,1180 kg,165 mm,43 Litres,,
Honda City,₹2.92 Lakh,Mar 2013,"61,522 Kms",First Owner,Petrol,Manual,FWD,1497 cc,116.3 bhp,16.8 kmpl,4.0,No,5 Seats,1095 kg,165 mm,42 Litres,,
Hyundai Xcent,₹2.77 Lakh,Sept 2015,"86,802 Kms",First Owner,Petrol,Manual,FWD,1197 cc,82 bhp,19.1 kmpl,4.0,No,5 Seats,1160 kg,165 mm,43 Litres,,
Kia Seltos,₹10.31 Lakh,Feb 2020,"68,333 Kms",Second Owner,Diesel,Automatic,FWD,1493 cc,113.43 bhp,18 kmpl,4.0,Yes,5 Seats,1540 kg,,,50 Litres,
Skoda Slavia,₹11.45 Lakh,Sept 2022,"44,339 Kms",First Owner,Petrol,Automatic,FWD,999 cc,113.98 bhp,18.07 kmpl,3.0,Yes,5 Seats,1210-1240 kg,179 mm,45 Litres,,
Maruti Suzuki XL6,₹12.13 Lakh,May 2022,"20,227 Kms",First Owner,Petrol,Automatic,2WD,1462 cc,101.65 bhp,,4.0,,6 Seats,1225 kg,,45 Litres,,
Volkswagen Taigun,₹11.68 Lakh,Feb 2022,"56,953 Kms",First Owner,Petrol,Automatic,,1498 cc,147.51 bhp,17.88 kmpl,4.0,Yes,5 Seats,1312 kg,188 mm,,,
Kia Seltos,₹11.45 Lakh,Mar 2020,"86,752 Kms",Second Owner,Diesel,Automatic,2WD,1493 cc,114.41 bhp,19.1 kmpl,4.0,Yes,5 Seats,,,,50 Litres,
Skoda Slavia,₹11.08 Lakh,Jun 2022,"42,774 Kms",First Owner,Petrol,Automatic,FWD,999 cc,113.98 bhp,18.07 kmpl,3.0,Yes,5 Seats,1210-1240 kg,179 mm,45 Litres,,
Ford Figo,₹4.68 Lakh,Nov 2020,"18,650 Kms",First Owner,Petrol,Manual,FWD,1196 cc,86.8 bhp,18.16 kmpl,4.0,No,5 Seats,1040-1130 kg,174 mm,42 Litres,,
Hyundai Xcent,₹4.58 Lakh,Aug 2018,"41,657 Kms",First Owner,Petrol,Manual,,,,,4.0,,,1120 kg,,,,
Skoda Rapid,₹4.48 Lakh,Oct 2018,"28,306 Kms",First Owner,Petrol,Manual,FWD,1598 cc,103.2 bhp,15.41 kmpl,4.0,No,5 Seats,1121 kg,163 mm,55 Litres,,
Tata Tiago,₹3.98 Lakh,Apr 2018,"82,616 Kms",First Owner,Diesel,Manual,FWD,1047 cc,69 bhp,27.28 kmpl,3.0,Yes,5 Seats,1080 kg,170 mm,,35 Litres,
Hyundai i20 Active,₹3.33 Lakh,May 2016,"1,00,921 Kms",First Owner,Petrol,Manual,FWD,1197 cc,81.86 bhp,17.19 kmpl,4.0,No,5 Seats,1020 kg,190 mm,45 Litres,,
Honda Jazz,₹5.10 Lakh,Jul 2019,"34,107 Kms",First Owner,Petrol,Automatic,FWD,1199 cc,88.7 bhp,18.2 kmpl,4.0,No,5 Seats,1066 kg,165 mm,40 Litres,,
Maruti Suzuki Swift,₹3.75 Lakh,Aug 2018,"1,14,411 Kms",Third Owner,Petrol,Manual,FWD,1197 cc,88.50 bhp,22.38 kmpl,4.0,,5 Seats,875-905 kg,,37 Litres,,
Hyundai Xcent,₹3.59 Lakh,Mar 2016,"35,888 Kms",Second Owner,Petrol,Manual,,,,,4.0,,,1120 kg,,,,
Honda City,₹3.28 Lakh,Mar 2015,"69,844 Kms",First Owner,Petrol,Automatic,FWD,1497 cc,117.3 bhp,18 kmpl,4.0,No,5 Seats,1065 kg,165 mm,40 Litres,,
Ford Freestyle,₹4.16 Lakh,Feb 2019,"28,499 Kms",First Owner,Diesel,Manual,FWD,1498 cc,98.63 bhp,24.4 kmpl,4.0,No,5 Seats,1080 kg,,,40 Litres,
Maruti Suzuki Ciaz,₹5.01 Lakh,Mar 2017,"52,668 Kms",Second Owner,Petrol,Automatic,FWD,1373 cc,91.1 bhp,19.12 kmpl,4.0,No,5 Seats,1010 kg,170 mm,43 Litres,,
Hyundai i20,₹3.73 Lakh,Jun 2015,"1,01,108 Kms",First Owner,Diesel,Manual,FWD,1396 cc,88.73 bhp,22.54 kmpl,4.0,Yes,5 Seats,1515 kg,170 mm,,45 Litres,
Honda City,₹5.19 Lakh,Apr 2016,"63,500 Kms",Second Owner,Petrol,Manual,,1498 cc,119.35 bhp,18.6 kmpl,4.0,,5 Seats,1107-1153 kg,,40 Litres,,
Ford Ecosport,₹5.74 Lakh,Sept 2017,"61,350 Kms",Second Owner,,Manual,FWD,1498 cc,98.59 bhp,22.77 kmpl,4.0,Yes,5 Seats,1240 kg,200 mm,,52 Litres,
Honda City,₹3.60 Lakh,Nov 2015,"52,951 Kms",First Owner,Petrol,Automatic,FWD,1497 cc,117.3 bhp,18 kmpl,4.0,No,5 Seats,1065 kg,165 mm,40 Litres,,
Hyundai i20,₹4.95 Lakh,Oct 2017,"68,617 Kms",First Owner,Diesel,Manual,FWD,1396 cc,88.73 bhp,22.54 kmpl,4.0,Yes,5 Seats,1515 kg,170 mm,,45 Litres,
Hyundai i20,₹5.13 Lakh,Jan 2019,"50,027 Kms",Second Owner,Petrol,Manual,FWD,1197 cc,81.83 bhp,18.6 kmpl,4.0,No,5 Seats,1066 kg,170 mm,45 Litres,,
Hyundai Grand i10,₹3.46 Lakh,Oct 2016,"56,046 Kms",First Owner,Petrol,Automatic,FWD,1197 cc,82 bhp,18.9 kmpl,4.0,No,5 Seats,935 kg,165 mm,43 Litres,,
Hyundai Alcazar,₹16.70 Lakh,Aug 2023,"22,878 Kms",First Owner,Petrol,Manual,FWD,1482 cc,157.57 bhp,18.8 kmpl,4.0,Yes,7 Seats,,,50 Litres,,
Tata Altroz,₹5.63 Lakh,Feb 2020,"27,266 Kms",First Owner,Petrol,Manual,FWD,1199 cc,86.79 bhp,19.33 kmpl,3.0,No,5 Seats,,165 mm,37 Litres,,
Ford Ecosport,₹5.31 Lakh,Oct 2016,"62,859 Kms",First Owner,,Manual,FWD,1498 cc,98.59 bhp,22.77 kmpl,4.0,Yes,5 Seats,1240 kg,200 mm,,52 Litres,
Honda Jazz,₹3.15 Lakh,Jan 2018,"97,091 Kms",Second Owner,Petrol,Automatic,FWD,1199 cc,88.7 bhp,19 kmpl,4.0,No,5 Seats,1066 kg,165 mm,40 Litres,,
Maruti Suzuki Baleno,₹4.55 Lakh,Dec 2017,"77,767 Kms",First Owner,Diesel,Manual,FWD,1248 cc,74 bhp,27.39 kmpl,4.0,Yes,5 Seats,985 kg,170 mm,,37 Litres,
Tata Tiago,₹4.05 Lakh,Feb 2023,"28,288 Kms",First Owner,Petrol,Manual,,1199 cc,84.82 bhp,19.01 kmpl,3.0,,5 Seats,982 kg,170 mm,35 Litres,,
Tata Tiago,₹4.01 Lakh,Jul 2019,"68,838 Kms",First Owner,Petrol,Automatic,FWD,1199 cc,83.83 bhp,23.84 kmpl,3.0,No,5 Seats,1012 kg,170 mm,35 Litres,,
Maruti Suzuki Ciaz,₹4.39 Lakh,Dec 2015,"62,503 Kms",First Owner,Petrol,Manual,FWD,1373 cc,91.1 bhp,20.73 kmpl,4.0,No,5 Seats,1030 kg,170 mm,43 Litres,,
Tata Tiago,₹5.02 Lakh,Jul 2021,"30,151 Kms",First Owner,Petrol,Automatic,FWD,1199 cc,85 bhp,19 kmpl,3.0,,5 Seats,,170 mm,35 Litres,,
Maruti Suzuki Baleno,₹5.18 Lakh,Aug 2017,"29,236 Kms",First Owner,Petrol,Automatic,FWD,1197 cc,88.50 bhp,22.94 kmpl,4.0,No,5 Seats,940-960 kg,,37 Litres,,
Hyundai Grand i10,₹3.56 Lakh,Jan 2016,"84,334 Kms",First Owner,Petrol,Manual,FWD,1197 cc,82 bhp,18.9 kmpl,4.0,No,5 Seats,935 kg,165 mm,43 Litres,,
Hyundai Grand i10 Nios,₹5.02 Lakh,Jan 2023,"68,629 Kms",First Owner,Petrol,Manual,FWD,1197 cc,82 bhp,18 kmpl,4.0,,5 Seats,,,37 Litres,,
Hyundai i20,₹3.66 Lakh,Nov 2016,"34,337 Kms",First Owner,Petrol,Manual,FWD,1197 cc,81.83 bhp,18.6 kmpl,4.0,No,5 Seats,1066 kg,170 mm,45 Litres,,
Hyundai Xcent,₹3.30 Lakh,Sept 2014,"98,034 Kms",Second Owner,Petrol,Automatic,FWD,1197 cc,82 bhp,19.1 kmpl,4.0,No,5 Seats,1180 kg,165 mm,43 Litres,,
Nissan Magnite,₹5.35 Lakh,Jun 2022,"47,692 Kms",First Owner,,Manual,FWD,999 cc,71.01 bhp,19.35 kmpl,3.0,No,5 Seats,,205 mm,40 Litres,,
Honda City,₹4.60 Lakh,Feb 2017,"83,968 Kms",First Owner,Petrol,Manual,FWD,1497 cc,116.3 bhp,16.8 kmpl,4.0,No,5 Seats,1095 kg,165 mm,42 Litres,,
Honda Jazz,₹3.35 Lakh,Jun 2016,"48,217 Kms",Second Owner,Petrol,Automatic,FWD,1199 cc,88.7 bhp,19 kmpl,4.0,No,5 Seats,1066 kg,165 mm,40 Litres,,
Maruti Suzuki Baleno,₹4.51 Lakh,Oct 2017,"39,200 Kms",First Owner,Diesel,Manual,FWD,1248 cc,74 bhp,27.39 kmpl,4.0,Yes,5 Seats,960-985 kg,170 mm,,37 Litres,
Maruti Suzuki Swift Dzire,₹3.99 Lakh,Apr 2015,"38,737 Kms",First Owner,Petrol,Manual,FWD,1197 cc,83.14 bhp,20.85 kmpl,4.0,No,5 Seats,945 kg,170 mm,42 Litres,,
Maruti Suzuki Baleno,₹3.82 Lakh,Apr 2016,"40,105 Kms",Third Owner,Petrol,Automatic,FWD,1197 cc,88.50 bhp,22.94 kmpl,4.0,No,5 Seats,940-960 kg,,37 Litres,,
Hyundai i20,₹3.02 Lakh,Nov 2015,"39,388 Kms",First Owner,Petrol,Manual,FWD,1197 cc,81.83 bhp,18.6 kmpl,4.0,No,5 Seats,1066 kg,170 mm,45 Litres,,
Maruti Suzuki Celerio,₹4.60 Lakh,Sept 2023,"48,742 Kms",First Owner,Petrol,Manual,FWD,998 cc,67.77 bhp,25.24 kmpl,3.0,,5 Seats,810 kg,,32 Litres,,
Toyota Glanza,₹5.63 Lakh,Oct 2021,"37,284 Kms",First Owner,Petrol,Automatic,FWD,1197 cc,81.80 bhp,19.56 kmpl,4.0,no,5 Seats,935 kg,,37 Litres,,
Maruti Suzuki Ciaz,₹3.30 Lakh,Dec 2015,"1,31,008 Kms",First Owner,Petrol,Manual,FWD,1373 cc,91.1 bhp,20.73 kmpl,4.0,No,5 Seats,1030 kg,170 mm,43 Litres,,
Volkswagen Polo,₹3.17 Lakh,Dec 2015,"71,163 Kms",Third Owner,Petrol,Automatic,FWD,1197 cc,103.6 bhp,17.21 kmpl,4.0,Yes,5 Seats,1109 kg,165 mm,45 Litres,,
Honda City,₹3.29 Lakh,Mar 2014,"95,118 Kms",Second Owner,Petrol,Manual,,1497 cc,117.60 bhp,17.4 kmpl,4.0,,5 Seats,1063 kg,,40 Litres,,
Honda City,₹4.97 Lakh,Feb 2018,"1,06,830 Kms",First Owner,Petrol,Manual,FWD,1498 cc,119.35 bhp,17.8 kmpl,4.0,,5 Seats,1107 kg,,,,
Honda City,₹5 Lakh,Oct 2014,"55,597 Kms",First Owner,Petrol,Manual,,1498 cc,119.35 bhp,18.6 kmpl,4.0,,5 Seats,1107-1153 kg,,40 Litres,,
Maruti Suzuki Swift Dzire,₹3.93 Lakh,Jun 2015,"31,860 Kms",First Owner,Petrol,Manual,FWD,1197 cc,83.14 bhp,20.85 kmpl,4.0,No,5 Seats,945 kg,170 mm,42 Litres,,
Maruti Suzuki Celerio,₹2.75 Lakh,Nov 2015,"25,416 Kms",Second Owner,Petrol,Automatic,FWD,998 cc,67.77 bhp,26.68 kmpl,3.0,,5 Seats,815 kg,,32 Litres,,
Tata Tiago,₹2.56 Lakh,Aug 2016,"70,339 Kms",First Owner,Petrol,Manual,FWD,1199 cc,84 bhp,23.84 kmpl,3.0,No,5 Seats,980 kg,170 mm,35 Litres,,
Maruti Suzuki Alto 800,₹2.13 Lakh,Oct 2014,"7,644 Kms",First Owner,Petrol,Manual,FWD,796 cc,47.3 bhp,24.7 kmpl,3.0,No,5 Seats,725 kg,160 mm,35 Litres,,
Volkswagen Vento,₹2.61 Lakh,Jul 2014,"83,885 Kms",Third Owner,Petrol,Manual,FWD,999 cc,108.62 bhp,17.69 kmpl,3.0,Yes,5 Seats,1138 kg,163 mm,55 Litres,,
Renault KWID,₹2.82 Lakh,Dec 2018,"35,208 Kms",Second Owner,Petrol,Manual,FWD,999 cc,67 bhp,21.74 kmpl,3.0,No,5 Seats,730 kg,184 mm,28 Litres,,
Skoda Slavia,₹9.52 Lakh,Feb 2023,"35,451 Kms",Second Owner,Petrol,Automatic,FWD,999 cc,113.98 bhp,18.73 kmpl,3.0,Yes,5 Seats,1219-1252 kg,145 mm,45 Litres,,
Maruti Suzuki Dzire,₹6.56 Lakh,Apr 2022,"27,302 Kms",First Owner,Petrol,Automatic,FWD,1197 cc,80 bhp,25.71 kmpl,3.0,,5 Seats,920-960 kg,163 mm,37 Litres,,
Maruti Suzuki Ciaz,₹7.07 Lakh,Apr 2023,"53,557 Kms",Second Owner,Petrol,Automatic,FWD,1462 cc,103.25 bhp,20.04 kmpl,4.0,,5 Seats,,,43 Litres,,
MG Hector,₹8.41 Lakh,Sept 2019,"87,111 Kms",First Owner,Diesel,Manual,FWD,1956 cc,167.68 bhp,17.41 kmpl,4.0,Yes,5 Seats,1525 kg,,,60 Litres,
Tata Altroz,₹6.75 Lakh,Jul 2022,"24,651 Kms",First Owner,Petrol,Manual,FWD,1199 cc,86.79 bhp,19.33 kmpl,3.0,No,5 Seats,,165 mm,37 Litres,,
Kia Seltos,₹9.56 Lakh,Feb 2021,"46,964 Kms",First Owner,Diesel,Manual,FWD,1493 cc,113.43 bhp,20.8 kmpl,4.0,Yes,5 Seats,1475 kg,,,50 Litres,
Maruti Suzuki Ciaz,₹6.27 Lakh,Mar 2018,"37,856 Kms",First Owner,Diesel,Manual,,1248 cc,88.5 bhp,,4.0,Yes,,1065 kg,,,,
Skoda Slavia,₹9.73 Lakh,Apr 2022,"46,726 Kms",First Owner,Petrol,Manual,FWD,999 cc,113.98 bhp,19.47 kmpl,3.0,Yes,5 Seats,1160-1215 kg,179 mm,45 Litres,,
MG Hector,₹8.97 Lakh,Jan 2020,"77,127 Kms",First Owner,Diesel,Manual,FWD,1956 cc,167.68 bhp,17.41 kmpl,4.0,Yes,5 Seats,1525 kg,,,60 Litres,
Kia Carens,₹12.80 Lakh,Mar 2022,"70,208 Kms",First Owner,Diesel,Automatic,2WD,1493 cc,114.41 bhp,,4.0,Yes,7 Seats,1560 kg,,,45 Litres,
Maruti Suzuki Celerio,₹2.42 Lakh,Jan 2017,"1,02,049 Kms",Third Owner,Petrol,Automatic,FWD,998 cc,67.77 bhp,26 kmpl,3.0,,5 Seats,820 kg,,32 Litres,,
Maruti Suzuki Ignis,₹2.96 Lakh,Jul 2018,"80,765 Kms",First Owner,Petrol,Manual,FWD,1197 cc,81.80 bhp,20.89 kmpl,4.0,No,5 Seats,835 kg,180 mm,32 Litres,,
Hyundai Grand i10,₹2.70 Lakh,Aug 2018,"83,332 Kms",Third Owner,Petrol,Manual,FWD,1197 cc,81.86 bhp,18.9 kmpl,4.0,No,5 Seats,1100 kg,165 mm,43 Litres,,
Honda Amaze,₹2.96 Lakh,Mar 2014,"1,40,104 Kms",First Owner,Diesel,Manual,FWD,1498 cc,98.6 bhp,25.8 kmpl,4.0,Yes,5 Seats,1055 kg,165 mm,,35 Litres,
Nissan Magnite,₹6.18 Lakh,Nov 2021,"21,415 Kms",First Owner,Petrol,Automatic,,999 cc,98.63 bhp,17.4 kmpl,3.0,Yes,5 Seats,1039 kg,205 mm,40 Litres,,
Maruti Suzuki Wagon R,₹2.13 Lakh,Sept 2014,"78,033 Kms",Second Owner,CNG,Manual,FWD,998 cc,58.16 bhp,26.6 km/kg,3.0,No,5 Seats,960 kg,165 mm,,,7 Litres
Volkswagen Taigun,₹9.36 Lakh,Mar 2023,"78,249 Kms",First Owner,Petrol,Manual,,999 cc,113.98 bhp,20.08 kmpl,3.0,Yes,5 Seats,1255 kg,188 mm,50 Litres,,
Maruti Suzuki Ertiga,₹6.36 Lakh,May 2019,"54,496 Kms",Third Owner,Petrol,Automatic,FWD,1462 cc,103.26 bhp,17.99 kmpl,4.0,No,7 Seats,1135-1170 kg,,45 Litres,,
Kia Sonet,₹6.65 Lakh,Jun 2021,"41,916 Kms",First Owner,Petrol,Manual,FWD,998 cc,118.36 bhp,18.2 kmpl,3.0,Yes,5 Seats,1201 kg,,45 Litres,,
Tata Nexon,₹7.95 Lakh,Feb 2024,"24,851 Kms",First Owner,,Manual,FWD,1199 cc,118.27 bhp,17.44 kmpl,3.0,Yes,5 Seats,,208 mm,44 Litres,,
Hyundai Creta,₹7.16 Lakh,May 2018,"33,321 Kms",First Owner,,Automatic,FWD,1591 cc,121.3 bhp,13 kmpl,4.0,No,5 Seats,1280 kg,190 mm,55 Litres,,
Tata Nexon,₹6.99 Lakh,Mar 2021,"60,391 Kms",First Owner,Petrol,Automatic,,1199 cc,118.36 bhp,16.35 kmpl,3.0,Yes,5 Seats,1250 kg,209 mm,44 Litres,,
Honda City,₹6.09 Lakh,Apr 2017,"66,878 Kms",First Owner,Petrol,Manual,FWD,1498 cc,119.35 bhp,17.8 kmpl,4.0,,5 Seats,1107 kg,,40 Litres,,
Nissan Magnite,₹7.98 Lakh,Apr 2023,"55,873 Kms",First Owner,,Automatic,FWD,999 cc,98.63 bhp,17.4 kmpl,3.0,Yes,5 Seats,,205 mm,40 Litres,,
Maruti Suzuki Grand Vitara,₹11.98 Lakh,Dec 2022,"47,084 Kms",First Owner,Petrol,Manual,2WD,1462 cc,101.64 bhp,21.11 kmpl,4.0,,5 Seats,1150 - 1185 kg,,45 Litres,,
Honda City,₹10.35 Lakh,Jan 2022,"45,582 Kms",First Owner,Petrol,Manual,FWD,1497 cc,116.3 bhp,16.8 kmpl,4.0,No,5 Seats,1095 kg,165 mm,42 Litres,,
Honda City,₹11.20 Lakh,Aug 2022,"47,245 Kms",First Owner,Petrol,Manual,,1498 cc,119.35 bhp,18.6 kmpl,4.0,,5 Seats,1107-1153 kg,,40 Litres,,
Hyundai Xcent,₹2.47 Lakh,May 2015,"83,593 Kms",Second Owner,Petrol,Manual,FWD,1197 cc,81.86 bhp,19.1 kmpl,4.0,No,5 Seats,1180 kg,165 mm,43 Litres,,
Hyundai Grand i10,₹2.70 Lakh,Sept 2014,"45,077 Kms",First Owner,Petrol,Automatic,FWD,1197 cc,82 bhp,18.9 kmpl,4.0,No,5 Seats,935 kg,165 mm,43 Litres,,
Hyundai Grand i10,₹2.79 Lakh,Mar 2014,"74,436 Kms",First Owner,Petrol,Automatic,FWD,1197 cc,82 bhp,18.9 kmpl,4.0,No,5 Seats,935 kg,165 mm,43 Litres,,
Toyota Glanza,₹5.90 Lakh,Aug 2021,"13,621 Kms",First Owner,Petrol,Automatic,FWD,1197 cc,81.80 bhp,19.56 kmpl,4.0,no,5 Seats,935 kg,,37 Litres,,
Maruti Suzuki Baleno,₹5.10 Lakh,Mar 2017,"68,390 Kms",First Owner,Diesel,Manual,FWD,1248 cc,74 bhp,27.39 kmpl,4.0,Yes,5 Seats,985 kg,170 mm,,37 Litres,
Maruti Suzuki Swift Dzire,₹3.58 Lakh,Aug 2013,"47,418 Kms",First Owner,Petrol,Manual,2 WD,1298 cc,85.8 bhp,17.5 kmpl,4.0,No,5 Seats,1035 kg,170 mm,43 Litres,,
Renault Kiger,₹5.28 Lakh,Dec 2021,"76,799 Kms",First Owner,Petrol,Manual,,999 cc,98.63 bhp,20.5 kmpl,3.0,Yes,5 Seats,1066 kg,205 mm,40 Litres,,
Maruti Suzuki Baleno,₹4.31 Lakh,Dec 2018,"96,168 Kms",First Owner,Diesel,Manual,FWD,1248 cc,74 bhp,27.39 kmpl,4.0,Yes,5 Seats,960-985 kg,170 mm,,37 Litres,
Nissan Micra,₹2.70 Lakh,Aug 2015,"32,664 Kms",First Owner,Petrol,Automatic,FWD,1198 cc,75.94 bhp,19.15 kmpl,3.0,No,5 Seats,1100 kg,154 mm,41 Litres,,
Honda City,₹2.56 Lakh,Jan 2013,"51,998 Kms",First Owner,Petrol,Manual,FWD,1497 cc,116.3 bhp,16.8 kmpl,4.0,No,5 Seats,1095 kg,165 mm,42 Litres,,
Ford Ecosport,₹5.50 Lakh,Dec 2018,"53,819 Kms",First Owner,Petrol,Manual,FWD,1496 cc,120.69 bhp,15.9 kmpl,3.0,No,5 Seats,1225 kg,,52 Litres,,
Hyundai i20,₹4.68 Lakh,Nov 2018,"33,641 Kms",First Owner,Petrol,Automatic,FWD,1197 cc,81.86 bhp,17.4 kmpl,4.0,No,5 Seats,1054-1093 kg,170 mm,40 Litres,,
Maruti Suzuki Ignis,₹4.35 Lakh,May 2022,"39,722 Kms",First Owner,Petrol,Manual,FWD,1197 cc,81.80 bhp,20.89 kmpl,4.0,No,5 Seats,825 kg,180 mm,32 Litres,,
Renault Duster,₹5.82 Lakh,Dec 2020,"60,373 Kms",First Owner,Petrol,Manual,FWD,1330 cc,153.866 bhp,16.42 kmpl,4.0,Yes,5 Seats,1395 kg,,50 Litres,,
Maruti Suzuki Celerio,₹3.25 Lakh,Dec 2015,"41,079 Kms",Second Owner,Petrol,Manual,FWD,998 cc,67.05 bhp,21.63 kmpl,3.0,No,5 Seats,835 kg,165 mm,35 Litres,,
Honda City,₹3.68 Lakh,Sept 2015,"77,971 Kms",Second Owner,Petrol,Automatic,FWD,1497 cc,117.3 bhp,18 kmpl,4.0,No,5 Seats,1085 kg,165 mm,40 Litres,,
Renault Kiger,₹5.60 Lakh,Nov 2021,"34,281 Kms",First Owner,Petrol,Manual,,999 cc,98.63 bhp,20.5 kmpl,3.0,Yes,5 Seats,1014 kg,205 mm,40 Litres,,
Tata Tigor,₹5.75 Lakh,Aug 2023,"62,120 Kms",First Owner,Petrol,Manual,FWD,1199 cc,85 bhp,19.28 kmpl,3.0,,5 Seats,,,35 Litres,,
Maruti Suzuki Dzire,₹5.97 Lakh,Dec 2021,"22,980 Kms",First Owner,Petrol,Manual,FWD,1197 cc,80 bhp,24.79 kmpl,3.0,,5 Seats,920-960 kg,163 mm,37 Litres,,
Hyundai Grand i10,₹3.81 Lakh,Jul 2016,"79,682 Kms",Second Owner,Petrol,Manual,FWD,1197 cc,81.86 bhp,18.9 kmpl,4.0,No,5 Seats,1060 kg,165 mm,43 Litres,,
Maruti Suzuki Ciaz,₹4.08 Lakh,Mar 2016,"93,723 Kms",First Owner,Petrol,Manual,FWD,1373 cc,91.1 bhp,20.73 kmpl,4.0,No,5 Seats,1010 kg,170 mm,43 Litres,,
Maruti Suzuki Ignis,₹4.81 Lakh,Aug 2022,"70,865 Kms",First Owner,Petrol,Manual,FWD,1197 cc,81.80 bhp,20.89 kmpl,4.0,No,5 Seats,835 kg,180 mm,32 Litres,,
Tata Tiago,₹5.45 Lakh,Jul 2020,"13,165 Kms",First Owner,Petrol,Automatic,FWD,1199 cc,85 bhp,19 kmpl,3.0,,5 Seats,,170 mm,35 Litres,,
Tata Tiago,₹5.53 Lakh,Jan 2023,"32,696 Kms",First Owner,CNG,Manual,FWD,1199 cc,74.46 bhp,26.49 km/kg,3.0,,5 Seats,,168 mm,,,60 Litres
Maruti Suzuki Baleno,₹4.50 Lakh,Oct 2018,"57,508 Kms",Second Owner,Petrol,Automatic,FWD,1197 cc,88.50 bhp,22.94 kmpl,4.0,No,5 Seats,940-960 kg,,37 Litres,,
Jeep Compass,₹5.10 Lakh,Jul 2018,"1,03,341 Kms",First Owner,,Manual,4X2,1368 cc,160 bhp,16 kmpl,4.0,Yes,5 Seats,1537 s kg,178 mm,60 Litres,,
Hyundai Grand i10,₹3.34 Lakh,Nov 2014,"1,11,140 Kms",First Owner,Petrol,Manual,FWD,1197 cc,82 bhp,18.9 kmpl,4.0,No,5 Seats,935 kg,165 mm,43 Litres,,
Maruti Suzuki Vitara Brezza,₹6.92 Lakh,Oct 2020,"60,134 Kms",First Owner,Petrol,Manual,FWD,1462 cc,103.26 bhp,17.03 kmpl,4.0,,5 Seats,1110-1130 kg,,48 Litres,,
Honda BR-V,₹6.76 Lakh,Oct 2016,"38,183 Kms",First Owner,,Manual,FWD,1498 cc,98.6 bhp,21.9 kmpl,4.0,Yes,7 Seats,1301 kg,210 mm,,42 Litres,
Maruti Suzuki Swift,₹6.16 Lakh,Oct 2022,"40,586 Kms",First Owner,Petrol,Manual,FWD,1197 cc,81.80 bhp,21.21 kmpl,4.0,No,5 Seats,855-885 kg,163 mm,37 Litres,,
Volkswagen Virtus,₹10.53 Lakh,Feb 2023,"44,813 Kms",First Owner,Petrol,Automatic,FWD,999 cc,113.98 bhp,18.12 kmpl,3.0,Yes,5 Seats,1224 kg,179 mm,45 Litres,,
MG Hector,₹9.09 Lakh,Oct 2020,"97,900 Kms",First Owner,,Automatic,FWD,1451 cc,141 bhp,13.96 kmpl,4.0,Yes,5 Seats,1800 kg,183 mm,60 Litres,,
Honda BR-V,₹6.39 Lakh,Jan 2017,"69,673 Kms",First Owner,,Manual,FWD,1498 cc,98.6 bhp,21.9 kmpl,4.0,Yes,7 Seats,1301 kg,210 mm,,42 Litres,
Maruti Suzuki Ertiga,₹8.04 Lakh,Jul 2019,"30,488 Kms",First Owner,Petrol,Automatic,FWD,1462 cc,103.26 bhp,17.99 kmpl,4.0,No,7 Seats,1135-1170 kg,,45 Litres,,
Hyundai Venue,₹6.81 Lakh,Mar 2020,"57,424 Kms",First Owner,Petrol,Manual,,1197 cc,81.80 bhp,16 kmpl,4.0,No,5 Seats,1148 kg,,45 Litres,,
Maruti Suzuki Ertiga,₹6.82 Lakh,Oct 2016,"34,726 Kms",First Owner,Petrol,Automatic,FWD,1462 cc,103.26 bhp,17.99 kmpl,4.0,No,7 Seats,1135-1170 kg,,45 Litres,,
Maruti Suzuki Ertiga,₹7.37 Lakh,Aug 2017,"29,882 Kms",First Owner,Petrol,Automatic,FWD,1462 cc,103.26 bhp,17.99 kmpl,4.0,No,7 Seats,1135-1170 kg,,45 Litres,,
Tata Tiago,₹3.83 Lakh,Apr 2019,"40,873 Kms",First Owner,Petrol,Manual,FWD,1199 cc,84 bhp,23.84 kmpl,3.0,No,5 Seats,1012 kg,170 mm,35 Litres,,
Ford Aspire,₹3.48 Lakh,Jan 2016,"58,059 Kms",First Owner,Petrol,Manual,FWD,1196 cc,86.8 bhp,18.16 kmpl,4.0,Yes,5 Seats,995-1015 kg,174 mm,42 Litres,,
Skoda Kushaq,₹11.15 Lakh,Oct 2022,"35,946 Kms",First Owner,,Manual,FWD,999 cc,113.98 bhp,19.2 kmpl,3.0,Yes,5 Seats,1195-1255 kg,188 mm,50 Litres,,
Maruti Suzuki Swift Dzire,₹2.36 Lakh,Sept 2013,"15,757 Kms",First Owner,Petrol,Manual,FWD,1197 cc,85.8 bhp,19.1 kmpl,4.0,No,5 Seats,960 kg,170 mm,42 Litres,,
Maruti Suzuki Wagon R,₹2.52 Lakh,Aug 2015,"38,588 Kms",First Owner,CNG,Manual,FWD,998 cc,58.16 bhp,26.6 km/kg,3.0,No,5 Seats,960 kg,165 mm,,,7 Litres
Honda Amaze,₹2.90 Lakh,May 2013,"60,079 Kms",First Owner,Diesel,Manual,FWD,1498 cc,98.6 bhp,25.8 kmpl,4.0,Yes,5 Seats,1055 kg,165 mm,,35 Litres,
Maruti Suzuki Celerio,₹2.81 Lakh,Sept 2014,"52,353 Kms",First Owner,CNG,Manual,FWD,998 cc,55.92 bhp,34.43 km/kg,3.0,,5 Seats,905 kg,,,,60 Litres
Honda City,₹10.80 Lakh,Jul 2021,"26,032 Kms",First Owner,Petrol,Manual,,1498 cc,119.35 bhp,18.6 kmpl,4.0,,5 Seats,1107-1153 kg,,40 Litres,,
Maruti Suzuki Grand Vitara,₹13.64 Lakh,Nov 2022,"41,311 Kms",First Owner,,Automatic,FWD,1462 cc,101.64 bhp,20.58 kmpl,4.0,,5 Seats,1185-1210 kg,210 mm,45 Litres,,
Maruti Suzuki Swift,₹2.61 Lakh,Nov 2014,"78,090 Kms",First Owner,Petrol,Manual,FWD,1197 cc,88.50 bhp,22.38 kmpl,4.0,,5 Seats,875-905 kg,,37 Litres,,
Volkswagen Polo,₹2.88 Lakh,Feb 2016,"30,256 Kms",First Owner,Petrol,Manual,FWD,1199 cc,74 bhp,16.2 kmpl,3.0,No,5 Seats,1030 kg,165 mm,45 Litres,,
Honda City,₹4.70 Lakh,Sept 2015,"44,988 Kms",First Owner,Petrol,Automatic,FWD,1497 cc,117.3 bhp,18 kmpl,4.0,No,5 Seats,1085 kg,165 mm,40 Litres,,
Volkswagen Polo,₹3.23 Lakh,Jan 2015,"49,147 Kms",First Owner,Diesel,Manual,FWD,1498 cc,88.8 bhp,20.14 kmpl,4.0,Yes,5 Seats,1142 kg,165 mm,,45 Litres,
Tata Tiago,₹3.85 Lakh,Jul 2019,"31,883 Kms",First Owner,Petrol,Automatic,FWD,1199 cc,83.83 bhp,23.84 kmpl,3.0,No,5 Seats,1012 kg,170 mm,35 Litres,,
Honda Amaze,₹5.63 Lakh,Oct 2020,"33,407 Kms",First Owner,Petrol,Automatic,FWD,1199 cc,88.76 bhp,18.3 kmpl,4.0,No,5 Seats,945 kg,,35 Litres,,
Hyundai i20,₹5.64 Lakh,Nov 2019,"35,757 Kms",First Owner,Petrol,Automatic,FWD,1197 cc,81.86 bhp,17.4 kmpl,4.0,No,5 Seats,1054-1093 kg,170 mm,40 Litres,,
Hyundai i20,₹4.79 Lakh,Nov 2018,"63,831 Kms",Second Owner,Petrol,Automatic,FWD,1197 cc,81.86 bhp,17.4 kmpl,4.0,No,5 Seats,1054-1093 kg,170 mm,40 Litres,,
Hyundai Grand i10,₹4.59 Lakh,Apr 2018,"15,023 Kms",First Owner,Petrol,Automatic,FWD,1197 cc,81.86 bhp,18.9 kmpl,4.0,No,5 Seats,1100 kg,165 mm,43 Litres,,
Maruti Suzuki Swift Dzire,₹4.10 Lakh,Jun 2018,"79,419 Kms",Second Owner,Petrol,Automatic,FWD,1197 cc,81.80 bhp,21.21 kmpl,4.0,No,5 Seats,860-895 kg,163 mm,37 Litres,,
Tata Tiago,₹3.42 Lakh,Jun 2018,"25,432 Kms",First Owner,Petrol,Automatic,FWD,1199 cc,84 bhp,23.84 kmpl,3.0,No,5 Seats,980 kg,170 mm,35 Litres,,
Honda City,₹3.91 Lakh,Mar 2015,"74,976 Kms",Second Owner,Petrol,Automatic,FWD,1497 cc,117.3 bhp,18 kmpl,4.0,No,5 Seats,1085 kg,165 mm,40 Litres,,
Volkswagen Vento,₹4.95 Lakh,Jun 2017,"82,137 Kms",First Owner,Petrol,Automatic,FWD,1197 cc,103.2 bhp,18.19 kmpl,4.0,Yes,5 Seats,1179 kg,163 mm,55 Litres,,
Toyota Innova Crysta,₹16.45 Lakh,Jul 2017,"72,251 Kms",First Owner,Diesel,Manual,RWD,2393 cc,147.51 bhp,,4.0,Yes,7 Seats,,,,55 Litres,
MG Hector,₹9.15 Lakh,Jan 2021,"61,097 Kms",First Owner,,Automatic,FWD,1451 cc,141 bhp,13.96 kmpl,4.0,Yes,5 Seats,1800 kg,183 mm,60 Litres,,
MG Hector,₹8.98 Lakh,Aug 2020,"53,023 Kms",First Owner,,Automatic,FWD,1451 cc,141 bhp,13.96 kmpl,4.0,Yes,5 Seats,1800 kg,183 mm,60 Litres,,
MG Astor,₹10.21 Lakh,Aug 2023,"18,463 Kms",First Owner,Petrol,Automatic,,1498 cc,108.49 bhp,14.85 kmpl,4.0,No,5 Seats,1400 kg,,48 Litres,,
Hyundai Grand i10,₹4.73 Lakh,Aug 2021,"1,11,783 Kms",First Owner,Petrol,Manual,FWD,1197 cc,81.86 bhp,18.9 kmpl,4.0,No,5 Seats,1120 kg,165 mm,43 Litres,,
Honda Amaze 2nd Gen,₹4.58 Lakh,Oct 2021,"38,715 Kms",First Owner,Petrol,Manual,,1199 cc,88.50 bhp,18.6 kmpl,4.0,,5 Seats,907-934 kg,,35 Litres,,
MG Hector,₹9.45 Lakh,Nov 2020,"65,546 Kms",First Owner,,Automatic,FWD,1451 cc,141 bhp,13.96 kmpl,4.0,Yes,5 Seats,1800 kg,183 mm,60 Litres,,
Kia Carens,₹9.84 Lakh,Apr 2023,"1,02,184 Kms",First Owner,Diesel,Manual,FWD,1493 cc,114.41 bhp,,4.0,Yes,7 Seats,,,,45 Litres,
Maruti Suzuki S Cross,₹6.24 Lakh,Nov 2018,"54,168 Kms",First Owner,,Manual,FWD,1248 cc,88.5 bhp,25.1 kmpl,4.0,Yes,5 Seats,1230 kg,180 mm,,48 Litres,
Jeep Compass,₹7.53 Lakh,Mar 2018,"35,656 Kms",First Owner,,Automatic,4X2,1368 cc,160 bhp,16 kmpl,4.0,Yes,5 Seats,1562 s kg,178 mm,60 Litres,,
Maruti Suzuki Vitara Brezza,₹6.90 Lakh,Dec 2018,"86,282 Kms",Second Owner,,Automatic,FWD,1248 cc,88.5 bhp,24.3 kmpl,4.0,Yes,5 Seats,1205 kg,198 mm,,48 Litres,
Kia Seltos,₹8.88 Lakh,Jun 2020,"39,303 Kms",First Owner,Petrol,Manual,FWD,1497 cc,113.43 bhp,16.8 kmpl,4.0,No,5 Seats,1404 kg,,50 Litres,,
Hyundai Venue,₹6.56 Lakh,Jul 2022,"7,077 Kms",First Owner,Petrol,Manual,FWD,999 cc,118.35 bhp,17.52 kmpl,4.0,Yes,5 Seats,1220 kg,,45 Litres,,
Honda City,₹7.23 Lakh,Jan 2018,"44,034 Kms",First Owner,Petrol,Automatic,FWD,1498 cc,119.35 bhp,18.4 kmpl,4.0,,5 Seats,1153 kg,,,,
Hyundai Verna,₹2.70 Lakh,Jan 2014,"98,826 Kms",Second Owner,Petrol,Manual,FWD,1591 cc,121.3 bhp,17.01 kmpl,4.0,No,5 Seats,1260 kg,165 mm,43 Litres,,
Maruti Suzuki Celerio,₹2.86 Lakh,Aug 2014,"82,204 Kms",First Owner,Petrol,Automatic,FWD,998 cc,67.77 bhp,26.68 kmpl,3.0,,5 Seats,815 kg,,32 Litres,,
Nissan Terrano,₹2.43 Lakh,Feb 2017,"1,09,866 Kms",Second Owner,,Manual,FWD,1598 cc,102.5 bhp,13.24 kmpl,4.0,No,5 Seats,1320 kg,205 mm,50 Litres,,
Hyundai Verna,₹6.81 Lakh,Aug 2019,"51,021 Kms",First Owner,Petrol,Manual,FWD,1591 cc,121.3 bhp,17 kmpl,4.0,No,5 Seats,1248 kg,165 mm,45 Litres,,
Maruti Suzuki Vitara Brezza,₹8.81 Lakh,Jan 2022,"23,068 Kms",First Owner,Petrol,Manual,FWD,1462 cc,103.26 bhp,17.03 kmpl,4.0,,5 Seats,1110-1130 kg,,48 Litres,,
Hyundai Venue,₹8.27 Lakh,Jan 2022,"87,804 Kms",First Owner,Petrol,Automatic,FWD,998 cc,118 bhp,18.31 kmpl,3.0,Yes,5 Seats,,,,,
Maruti Suzuki Ertiga,₹5.16 Lakh,Jan 2015,"35,016 Kms",First Owner,Petrol,Manual,FWD,1373 cc,93.7 bhp,16.02 kmpl,4.0,No,7 Seats,1160 kg,185 mm,45 Litres,,
Maruti Suzuki Ertiga,₹5.90 Lakh,Jun 2018,"62,951 Kms",Third Owner,CNG,Manual,2WD,1462 cc,86.63 bhp,26.11 km/kg,4.0,,7 Seats,1250-1255 kg,,,,60 Litres
Hyundai Grand i10,₹3.27 Lakh,Jul 2014,"14,458 Kms",Second Owner,Petrol,Automatic,FWD,1197 cc,81.86 bhp,18.9 kmpl,4.0,No,5 Seats,1200 kg,165 mm,43 Litres,,
Maruti Suzuki Wagon R,₹5.71 Lakh,Aug 2022,"18,807 Kms",First Owner,Petrol,Automatic,,1197 cc,88.50 bhp,24.43 kmpl,4.0,,5 Seats,835-850 kg,,32 Litres,,
Maruti Suzuki Celerio,₹4.81 Lakh,Nov 2023,"29,484 Kms",First Owner,Petrol,Manual,FWD,998 cc,67.77 bhp,25.24 kmpl,3.0,,5 Seats,810 kg,,32 Litres,,
Maruti Suzuki Swift,₹5.35 Lakh,Aug 2017,"64,000 Kms",First Owner,Diesel,Manual,FWD,1248 cc,74 bhp,25.2 kmpl,4.0,Yes,5 Seats,960 kg,163 mm,,42 Litres,
Maruti Suzuki Baleno,₹5.71 Lakh,Sept 2018,"43,509 Kms",First Owner,Petrol,Automatic,FWD,1197 cc,83.1 bhp,21.4 kmpl,4.0,No,5 Seats,935 kg,170 mm,37 Litres,,
Maruti Suzuki Ertiga,₹4.61 Lakh,Aug 2013,"59,264 Kms",First Owner,Petrol,Manual,FWD,1373 cc,93.7 bhp,16.02 kmpl,4.0,No,7 Seats,1160 kg,185 mm,45 Litres,,
Maruti Suzuki Ertiga,₹5.08 Lakh,Jan 2016,"31,566 Kms",First Owner,Petrol,Manual,FWD,1373 cc,91.1 bhp,17.5 kmpl,4.0,No,7 Seats,1175 kg,185 mm,45 Litres,,
Volkswagen Polo,₹4.72 Lakh,Aug 2021,"95,961 Kms",First Owner,Petrol,Manual,FWD,999 cc,75.10 bhp,17.74 kmpl,3.0,No,5 Seats,1015 kg,165 mm,45 Litres,,
Maruti Suzuki Swift Dzire,₹3.58 Lakh,Dec 2015,"27,064 Kms",First Owner,Petrol,Manual,FWD,1197 cc,83.14 bhp,20.85 kmpl,4.0,No,5 Seats,945 kg,170 mm,42 Litres,,
Maruti Suzuki Swift,₹3.14 Lakh,Feb 2013,"73,633 Kms",First Owner,Diesel,Manual,FWD,1248 cc,74 bhp,22.9 kmpl,4.0,Yes,5 Seats,1060 kg,170 mm,,43 Litres,
Tata Tigor,₹5.95 Lakh,May 2023,"30,087 Kms",First Owner,CNG,Manual,FWD,1199 cc,74.47 bhp,26.49 km/kg,3.0,,5 Seats,,,,,70 Litres
Hyundai Creta,₹5.37 Lakh,Jul 2017,"68,752 Kms",Second Owner,,Automatic,FWD,1591 cc,121.3 bhp,13 kmpl,4.0,No,5 Seats,1280 kg,190 mm,55 Litres,,
Tata Tigor,₹3.90 Lakh,Feb 2018,"99,883 Kms",First Owner,Petrol,Automatic,FWD,1199 cc,84 bhp,20.3 kmpl,3.0,No,5 Seats,1052 kg,170 mm,35 Litres,,
Honda City,₹3.96 Lakh,Jul 2014,"1,00,305 Kms",Second Owner,Petrol,Manual,,1498 cc,119.35 bhp,18.6 kmpl,4.0,,5 Seats,1107-1153 kg,,40 Litres,,
Hyundai Alcazar,₹16.99 Lakh,Aug 2024,"35,145 Kms",First Owner,Diesel,Manual,FWD,1493 cc,113.98 bhp,20.4 kmpl,4.0,Yes,7 Seats,,,,50 Litres,
Tata Nexon,₹5.33 Lakh,May 2019,"75,785 Kms",Second Owner,Diesel,Manual,FWD,1497 cc,108.5 bhp,21.5 kmpl,4.0,Yes,5 Seats,1305 kg,,,44 Litres,
Kia Seltos,₹11.95 Lakh,Aug 2020,"1,19,720 Kms",First Owner,Diesel,Automatic,2WD,1493 cc,114.41 bhp,19.1 kmpl,4.0,Yes,5 Seats,,,,50 Litres,
Kia Seltos,₹12.02 Lakh,Feb 2021,"92,301 Kms",First Owner,Diesel,Automatic,FWD,1493 cc,113.43 bhp,18 kmpl,4.0,Yes,5 Seats,1540 kg,,,50 Litres,
Maruti Suzuki Swift,₹5.21 Lakh,Oct 2021,"21,112 Kms",First Owner,Petrol,Manual,FWD,1197 cc,88.50 bhp,22.38 kmpl,4.0,,5 Seats,875-905 kg,,37 Litres,,
Volkswagen Polo,₹3.68 Lakh,Jan 2015,"71,060 Kms",First Owner,Petrol,Automatic,FWD,1197 cc,103.6 bhp,17.21 kmpl,4.0,Yes,5 Seats,1109 kg,165 mm,45 Litres,,
Tata Altroz,₹5.45 Lakh,Mar 2022,"62,856 Kms",First Owner,Diesel,Manual,,1497 cc,88.77 bhp,23.64 kmpl,4.0,Yes,5 Seats,1105 kg,165 mm,,37 Litres,
Kia Seltos,₹5.99 Lakh,Oct 2019,"41,237 Kms",Second Owner,Petrol,Manual,FWD,1497 cc,113.43 bhp,16.8 kmpl,4.0,No,5 Seats,1335 kg,,50 Litres,,
Tata Altroz,₹4.69 Lakh,Jun 2022,"78,792 Kms",First Owner,Petrol,Manual,,1199 cc,86.83 bhp,19.33 kmpl,3.0,No,5 Seats,1135 kg,165 mm,37 Litres,,
Honda Jazz,₹5.07 Lakh,Oct 2020,"15,167 Kms",First Owner,Petrol,Automatic,FWD,1199 cc,88.7 bhp,18.2 kmpl,4.0,No,5 Seats,1066 kg,165 mm,40 Litres,,
Honda Amaze,₹4.69 Lakh,Aug 2018,"31,298 Kms",First Owner,Petrol,Automatic,FWD,1199 cc,88.76 bhp,19 kmpl,4.0,No,5 Seats,945 kg,170 mm,35 Litres,,
Skoda Kodiaq,₹15.36 Lakh,Oct 2018,"1,04,712 Kms",First Owner,Diesel,Automatic,4WD,1968 cc,148 bhp,,4.0,Yes,7 Seats,1799 kg,188 mm,,63 Litres,
Audi Q3,₹17.07 Lakh,Jul 2018,"56,255 Kms",Second Owner,Petrol,Automatic,FWD,1395 cc,147.51 bhp,,4.0,Yes,5 Seats,1565 kg,170 mm,64 Litres,,
Volkswagen Virtus,₹15.17 Lakh,Jun 2022,"25,464 Kms",First Owner,Petrol,Automatic,FWD,1498 cc,147.51 bhp,19.62 kmpl,4.0,Yes,5 Seats,1269 kg,179 mm,45 Litres,,
Maruti Suzuki S-Presso,₹2.68 Lakh,Jan 2020,"48,409 Kms",First Owner,Petrol,Manual,FWD,998 cc,65.71 bhp,21.7 kmpl,3.0,,5 Seats,736-775 kg,,27 Litres,,
Maruti Suzuki Swift,₹2.93 Lakh,Apr 2013,"93,055 Kms",First Owner,Diesel,Manual,FWD,1248 cc,74 bhp,22.9 kmpl,4.0,Yes,5 Seats,1060 kg,170 mm,,43 Litres,
Maruti Suzuki Celerio,₹2.15 Lakh,Nov 2014,"34,157 Kms",First Owner,Petrol,Automatic,FWD,998 cc,67.77 bhp,26.68 kmpl,3.0,,5 Seats,815 kg,,32 Litres,,
Maruti Suzuki Alto K10,₹2.59 Lakh,Feb 2019,"62,262 Kms",Third Owner,Petrol,Manual,FWD,998 cc,67.05 bhp,23.95 kmpl,3.0,No,5 Seats,779 kg,160 mm,35 Litres,,
Mahindra XUV300,₹7.20 Lakh,Feb 2020,"61,042 Kms",First Owner,Petrol,Manual,,1197 cc,108.62 bhp,16.82 kmpl,3.0,Yes,5 Seats,1430 kg,,42 Litres,,
Hyundai Venue,₹6.10 Lakh,Nov 2020,"56,796 Kms",First Owner,Petrol,Manual,FWD,998 cc,118.35 bhp,18 kmpl,3.0,Yes,5 Seats,1340 kg,,45 Litres,,
Maruti Suzuki Ertiga,₹9 Lakh,Jan 2022,"71,777 Kms",First Owner,CNG,Manual,2WD,1462 cc,86.63 bhp,26.11 km/kg,4.0,,7 Seats,1250-1255 kg,,,,60 Litres
Maruti Suzuki Ertiga,₹6.08 Lakh,Apr 2018,"1,06,659 Kms",Second Owner,CNG,Manual,2WD,1462 cc,86.63 bhp,26.11 km/kg,4.0,,7 Seats,1250-1255 kg,,,,60 Litres
Hyundai Verna,₹6.91 Lakh,Dec 2019,"52,019 Kms",Second Owner,Petrol,Automatic,FWD,1591 cc,121.3 bhp,17 kmpl,4.0,No,5 Seats,1258 kg,165 mm,45 Litres,,
Maruti Suzuki Ertiga,₹6.04 Lakh,Sept 2015,"18,492 Kms",First Owner,Petrol,Manual,FWD,1373 cc,93.7 bhp,16.02 kmpl,4.0,No,7 Seats,1160 kg,185 mm,45 Litres,,
Toyota Glanza,₹8.71 Lakh,Dec 2024,"21,331 Kms",First Owner,Petrol,Manual,FWD,1197 cc,88.50 bhp,22.35 kmpl,4.0,,5 Seats,920-955 kg,,37 Litres,,
Maruti Suzuki Ertiga,₹6.07 Lakh,Jul 2017,"90,953 Kms",First Owner,CNG,Manual,2WD,1462 cc,86.63 bhp,26.11 km/kg,4.0,,7 Seats,1250-1255 kg,,,,60 Litres
Maruti Suzuki Vitara Brezza,₹9.52 Lakh,Jan 2021,"35,047 Kms",First Owner,Petrol,Automatic,FWD,1462 cc,103.26 bhp,18.76 kmpl,4.0,,5 Seats,1135-1150 kg,,48 Litres,,
Kia Seltos,₹8.83 Lakh,Mar 2024,"26,837 Kms",First Owner,Petrol,Manual,2WD,1497 cc,113.42 bhp,17 kmpl,4.0,No,5 Seats,,,50 Litres,,
Honda WR-V,₹5.51 Lakh,Nov 2017,"29,653 Kms",First Owner,,Manual,FWD,1199 cc,88.7 bhp,17.5 kmpl,4.0,No,5 Seats,1103 kg,188 mm,40 Litres,,
Maruti Suzuki Ertiga,₹4.63 Lakh,Jul 2013,"34,045 Kms",First Owner,Petrol,Manual,FWD,1373 cc,93.7 bhp,16.02 kmpl,4.0,No,7 Seats,1160 kg,185 mm,45 Litres,,
VDI,₹2.93 Lakh,Apr 2013,"93,055 Kms",First Owner,Diesel,Manual,FWD,1248 cc,74 bhp,22.9 kmpl,4.0,Yes,5 Seats,1060 kg,170 mm,,43 Litres,
Maruti Suzuki Swift Dzire,₹3.14 Lakh,Apr 2012,"12,543 Kms",First Owner,Petrol,Manual,FWD,1197 cc,83.14 bhp,20.85 kmpl,4.0,No,5 Seats,945 kg,170 mm,42 Litres,,
Hyundai Grand i10 Nios,₹5.81 Lakh,Sept 2022,"60,827 Kms",First Owner,CNG,Manual,FWD,1197 cc,68 bhp,27 km/kg,4.0,,5 Seats,,,,,60 Litres
30 TFSI Premium FWD,₹17.07 Lakh,Jul 2018,"56,255 Kms",Second Owner,Petrol,Automatic,FWD,1395 cc,147.51 bhp,,4.0,Yes,5 Seats,1565 kg,170 mm,64 Litres,,
"26+ used cars for sale from ₹95,000 in Thane",,,,,,,,,,,,,,,,,,
Maruti Suzuki Celerio,₹3.10 Lakh,Jun 2016,"74,862 Kms",First Owner,Petrol,Automatic,FWD,998 cc,67.77 bhp,26.68 kmpl,3.0,,5 Seats,815 kg,,32 Litres,,
Maruti Suzuki Celerio,₹3.17 Lakh,Nov 2018,"62,089 Kms",First Owner,CNG,Manual,FWD,998 cc,55.92 bhp,34.43 km/kg,3.0,,5 Seats,905 kg,,,,60 Litres
Maruti Suzuki Wagon R,₹3.10 Lakh,Jul 2018,"79,896 Kms",First Owner,CNG,Manual,FWD,998 cc,58.16 bhp,26.6 km/kg,3.0,No,5 Seats,960 kg,165 mm,,,7 Litres
Tata Tigor,₹5.12 Lakh,Aug 2022,"24,977 Kms",First Owner,Petrol,Manual,,1199 cc,84.82 bhp,19.28 kmpl,3.0,,5 Seats,1030 kg,,35 Litres,,
Honda WR-V,₹5.70 Lakh,Jun 2022,"1,07,361 Kms",First Owner,Petrol,Manual,,1199 cc,88.50 bhp,16.5 kmpl,4.0,,5 Seats,1106 kg,,40 Litres,,
1.2 Revotron XZA,₹3.90 Lakh,Feb 2018,"99,883 Kms",First Owner,Petrol,Automatic,FWD,1199 cc,84 bhp,20.3 kmpl,3.0,No,5 Seats,1052 kg,170 mm,35 Litres,,
Hyundai Grand i10,₹3 Lakh,2015,"1,10,422 Kms",Second Owner,Petrol,Manual,FWD,1197 cc,82 bhp,18.9 kmpl,4.0,No,5 Seats,935 kg,165 mm,43 Litres,,
Hyundai i10,₹3.22 Lakh,Apr 2015,"41,223 Kms",First Owner,Petrol,Manual,FWD,1086 cc,68.05 bhp,19.81 kmpl,4.0,No,5 Seats,860 kg,165 mm,35 Litres,,
Ford Figo,₹4.13 Lakh,Dec 2019,"73,627 Kms",First Owner,Petrol,Manual,Front Wheel Drive,1196 cc,70 bhp,15.6 kmpl,4.0,No,5 Seats,1090 kg,168 mm,45 Litres,,
Hyundai Grand i10,₹4.37 Lakh,Jul 2017,"72,080 Kms",First Owner,Petrol,Manual,FWD,1197 cc,81.86 bhp,18.9 kmpl,4.0,No,5 Seats,1060 kg,165 mm,43 Litres,,
Chevrolet Beat,₹2.51 Lakh,2015,"1,00,000 Kms",Third Owner,Diesel,Manual,FWD,936 cc,56.3 bhp,25.44 kmpl,3.0,Yes,5 Seats,1025 kg,175 mm,,35 Litres,
Hyundai i10,₹4.50 Lakh,Nov 2017,"65,000 Kms",First Owner,Petrol,Manual,FWD,1086 cc,68.05 bhp,19.81 kmpl,4.0,No,5 Seats,860 kg,165 mm,35 Litres,,
Hyundai Grand i10,₹4.16 Lakh,Feb 2018,"62,098 Kms",First Owner,Petrol,Manual,FWD,1197 cc,81.86 bhp,18.9 kmpl,4.0,No,5 Seats,1060 kg,165 mm,43 Litres,,
Hyundai Grand i10,₹3.77 Lakh,Mar 2017,"40,710 Kms",First Owner,Petrol,Manual,FWD,1197 cc,81.86 bhp,18.9 kmpl,4.0,No,5 Seats,1120 kg,165 mm,43 Litres,,
Jeep Compass,₹8 Lakh,2018,"69,000 Kms",Second Owner,,Manual,4X2,1956 cc,170 bhp,17.1 kmpl,4.0,Yes,5 Seats,1562 s kg,178 mm,,60 Litres,
Jeep Compass,₹6.50 Lakh,2017,"1,80,000 Kms",Second Owner,,Manual,4X2,1956 cc,170 bhp,17.1 kmpl,4.0,Yes,5 Seats,1562 s kg,178 mm,,60 Litres,
Maruti Suzuki Eeco,₹4.25 Lakh,2021,"80,000 Kms",First Owner,Petrol,Manual,,1196 cc,72.41 bhp,16.11 kmpl,4.0,,5 Seats,940 kg,,40 Litres,,
Maruti Suzuki Baleno,₹4.50 Lakh,2017,"60,000 Kms",Second Owner,Petrol,Manual,FWD,1197 cc,83.1 bhp,21.4 kmpl,4.0,No,5 Seats,870 kg,170 mm,37 Litres,,
Hyundai i20,₹6.10 Lakh,2020,"87,000 Kms",First Owner,Petrol,Manual,,1197 cc,81.80 bhp,21 kmpl,4.0,No,5 Seats,1120 kg,,37 Litres,,
Maruti Suzuki Baleno,₹4.51 Lakh,2019,"80,000 Kms",First Owner,Petrol,Manual,FWD,1197 cc,81.80 bhp,21.01 kmpl,4.0,No,5 Seats,865-890 kg,170 mm,37 Litres,,
Maruti Suzuki Eeco,₹4.10 Lakh,2019,"1,20,000 Kms",First Owner,Petrol,Manual,RWD,1196 cc,73 bhp,15.37 kmpl,4.0,No,5 Seats,928 kg,160 mm,40 Litres,,
Maruti Suzuki Eeco,₹3.51 Lakh,2017,"1,02,000 Kms",First Owner,CNG,Manual,RWD,1196 cc,61.7 bhp,21.94 km/kg,4.0,No,5 Seats,1050 kg,160 mm,,,65 Litres
Mahindra Bolero Maxi Truck Plus,₹6.30 Lakh,2022,"80,000 Kms",First Owner,Diesel,Manual,RWD,2523 cc,65.03 bhp,17.2 kmpl,4.0,,2 Seats,1620 kg,,,45 Litres,
Hyundai Grand i10,₹4.21 Lakh,Aug 2018,"60,933 Kms",First Owner,Petrol,Manual,FWD,1197 cc,81.86 bhp,18.9 kmpl,4.0,No,5 Seats,1100 kg,165 mm,43 Litres,,
Hyundai Grand i10,₹4.21 Lakh,Mar 2017,"64,322 Kms",First Owner,Petrol,Manual,FWD,1197 cc,81.86 bhp,18.9 kmpl,4.0,No,5 Seats,1120 kg,165 mm,43 Litres,,
Hyundai Grand i10,₹3.05 Lakh,Nov 2014,"87,680 Kms",First Owner,Petrol,Manual,FWD,1197 cc,81.86 bhp,18.9 kmpl,4.0,No,5 Seats,1100 kg,165 mm,43 Litres,,
Honda City,₹2 Lakh,2010,"1,60,000 Kms",Second Owner,Petrol,Manual,FWD,1497 cc,,17 kmpl,4.0,No,5 Seats,1100 kg,160 mm,42 Litres,,
Hyundai Xcent,₹4.74 Lakh,May 2018,"83,811 Kms",First Owner,Petrol,Manual,,,,,4.0,,,1120 kg,,,,
Hyundai Grand i10,₹4.04 Lakh,Apr 2016,"38,540 Kms",First Owner,Petrol,Manual,FWD,1197 cc,81.86 bhp,18.9 kmpl,4.0,No,5 Seats,1100 kg,165 mm,43 Litres,,
Hyundai Grand i10,₹4.01 Lakh,Sept 2016,"70,000 Kms",First Owner,Petrol,Manual,FWD,1197 cc,82 bhp,18.9 kmpl,4.0,No,5 Seats,935 kg,165 mm,43 Litres,,
Maruti Suzuki Alto 800,₹1.70 Lakh,2014,"70,000 Kms",Second Owner,CNG,Manual,FWD,796 cc,47.3 bhp,30.46 km/kg,3.0,No,5 Seats,720 kg,160 mm,,,4 Litres
Hyundai Grand i10,₹3.45 Lakh,Mar 2016,"72,000 Kms",First Owner,Petrol,Manual,FWD,1197 cc,82 bhp,18.9 kmpl,4.0,No,5 Seats,935 kg,165 mm,43 Litres,,
Maruti Suzuki Celerio X,₹3.45 Lakh,Feb 2019,"71,000 Kms",Second Owner,Petrol,Manual,FWD,998 cc,67 bhp,21.63 kmpl,3.0,No,5 Seats,835s kg,165 mm,35 Litres,,
Hyundai Grand i10,₹4.75 Lakh,Apr 2019,"65,000 Kms",First Owner,Petrol,Manual,FWD,1197 cc,81.86 bhp,18.9 kmpl,4.0,No,5 Seats,1120 kg,165 mm,43 Litres,,
Hyundai Tucson,₹11 Lakh,2019,"90,000 Kms",First Owner,,Automatic,4WD,1995 cc,182.46 bhp,16.38 kmpl,4.0,Yes,5 Seats,1617 kg,195 mm,,62 Litres,
Hyundai i10,₹3.75 Lakh,Nov 2016,"91,000 Kms",First Owner,Petrol,Manual,FWD,1086 cc,68.05 bhp,19.81 kmpl,4.0,No,5 Seats,860 kg,165 mm,35 Litres,,
Hyundai Grand i10,₹3.84 Lakh,Jul 2016,"67,763 Kms",First Owner,Petrol,Manual,FWD,1197 cc,81.86 bhp,18.9 kmpl,4.0,No,5 Seats,1100 kg,165 mm,43 Litres,,
Skoda Slavia,₹10.90 Lakh,Sept 2022,"36,151 Kms",First Owner,Petrol,Manual,FWD,1498 cc,147.52 bhp,18.72 kmpl,4.0,Yes,5 Seats,1258 kg,179 mm,45 Litres,,
Tata Tiago EV,₹6.75 Lakh,2023,"40,000 Kms",First Owner,,Automatic,FWD,,73.75 bhp,,,,5 Seats,,,,,
Skoda Slavia,₹6.44 Lakh,Feb 2023,"99,099 Kms",First Owner,Petrol,Manual,FWD,999 cc,113.98 bhp,19.47 kmpl,3.0,Yes,5 Seats,1160-1215 kg,179 mm,45 Litres,,
Maruti Suzuki Swift Dzire Tour,₹4.95 Lakh,Jun 2018,"1,22,000 Kms",Second Owner,Petrol,Manual,FWD,1197 cc,85.8 bhp,19 kmpl,4.0,No,5 Seats,970 kg,170 mm,,,
Hyundai Grand i10,₹3.99 Lakh,Oct 2015,"28,439 Kms",Second Owner,Petrol,Manual,FWD,1197 cc,81.86 bhp,18.9 kmpl,4.0,No,5 Seats,1060 kg,165 mm,43 Litres,,
Citroen eC3,₹8 Lakh,2023,"70,000 Kms",First Owner,,Automatic,FWD,,56.21 bhp,,,,5 Seats,1316 kg,,,,
Ford Endeavour,₹22 Lakh,2020,"1,20,000 Kms",Second Owner,Diesel,Automatic,RWD,2198 cc,158.2 bhp,14.2 kmpl,4.0,No,7 Seats,2238 kg,,,80 Litres,
Skoda Slavia,₹13.35 Lakh,2025,"7,831 Kms",First Owner,Petrol,Manual,FWD,999 cc,114 bhp,20.32 kmpl,3.0,,5 Seats,1160-1216 kg,179 mm,45 Litres,,
BMW X3,₹38.50 Lakh,2021,"60,000 Kms",Second Owner,Diesel,Automatic,AWD,1995 cc,187.7 bhp,,4.0,Yes,5 Seats,1690 kg,211 mm,,60 Litres,
Hyundai Grand i10,₹3.26 Lakh,2016,"1,92,000 Kms",First Owner,Petrol,Manual,FWD,1197 cc,82 bhp,25 kmpl,4.0,No,5 Seats,935 kg,165 mm,10 Litres,,
Hyundai Grand i10,₹3.25 Lakh,2016,"1,25,000 Kms",First Owner,Diesel,Manual,FWD,1120 cc,70 bhp,24 kmpl,3.0,No,5 Seats,1025 kg,165 mm,,43 Litres,
Hyundai Creta,₹6.80 Lakh,2016,"1,20,000 Kms",First Owner,,Manual,FWD,1396 cc,88.7 bhp,21.38 kmpl,4.0,No,5 Seats,1240 kg,190 mm,,55 Litres,
Hyundai Venue,₹9 Lakh,2024,"50,000 Kms",First Owner,Petrol,Manual,FWD,1197 cc,82 bhp,20.36 kmpl,4.0,No,5 Seats,,,45 Litres,,
Renault Duster,₹4.25 Lakh,2015,"1,72,500 Kms",First Owner,,Manual,AWD,1461 cc,108.45 bhp,19.72 kmpl,4.0,Yes,5 Seats,1210 kg,210 mm,,50 Litres,
Hyundai Grand i10,₹4.32 Lakh,Dec 2018,"33,993 Kms",First Owner,Petrol,Manual,FWD,1197 cc,81.86 bhp,18.9 kmpl,4.0,No,5 Seats,1120 kg,165 mm,43 Litres,,
Maruti Suzuki Ciaz,₹4.55 Lakh,Feb 2018,"52,479 Kms",First Owner,Petrol,Manual,FWD,1462 cc,103.25 bhp,21.56 kmpl,4.0,No,5 Seats,1045 kg,170 mm,43 Litres,,
Honda Brio,₹3.16 Lakh,Mar 2016,"53,361 Kms",Second Owner,Petrol,Manual,FWD,1198 cc,86.8 bhp,19.4 kmpl,4.0,No,5 Seats,925 kg,165 mm,35 Litres,,
Kia Seltos,₹7.25 Lakh,2021,"1,20,000 Kms",First Owner,Petrol,Manual,FWD,1497 cc,113.43 bhp,16.8 kmpl,4.0,No,5 Seats,1335 kg,,50 Litres,,
Maruti Suzuki Ignis,₹3.27 Lakh,May 2017,"63,115 Kms",First Owner,Petrol,Manual,FWD,1197 cc,81.80 bhp,20.89 kmpl,4.0,No,5 Seats,835 kg,180 mm,32 Litres,,
Volkswagen Ameo,₹4.15 Lakh,May 2019,"76,319 Kms",First Owner,Petrol,Manual,FWD,999 cc,75 bhp,19.44 kmpl,3.0,No,5 Seats,1050 kg,165 mm,45 Litres,,
Maruti Suzuki Baleno,₹4.16 Lakh,Jun 2021,"53,551 Kms",Second Owner,Petrol,Manual,FWD,1197 cc,81.80 bhp,21.01 kmpl,4.0,No,5 Seats,865-890 kg,170 mm,37 Litres,,
Hyundai Creta,₹9 Lakh,2019,"71,000 Kms",First Owner,,Manual,FWD,1591 cc,121.3 bhp,13 kmpl,4.0,No,5 Seats,1280 kg,190 mm,55 Litres,,
Hyundai Grand i10,₹4.25 Lakh,May 2018,"55,000 Kms",First Owner,Petrol,Manual,FWD,1197 cc,81.86 bhp,18.9 kmpl,4.0,No,5 Seats,1140 kg,165 mm,43 Litres,,
Skoda Slavia,₹10.30 Lakh,Apr 2023,"50,227 Kms",First Owner,Petrol,Manual,FWD,1498 cc,147.52 bhp,18.72 kmpl,4.0,Yes,5 Seats,1258 kg,179 mm,45 Litres,,
Hyundai i20,₹4.53 Lakh,Jun 2015,"41,554 Kms",First Owner,Petrol,Manual,FWD,1197 cc,81.83 bhp,18.6 kmpl,4.0,No,5 Seats,1066 kg,170 mm,45 Litres,,
Maruti Suzuki Vitara Brezza,₹6 Lakh,2017,"42,000 Kms",First Owner,,Manual,FWD,1248 cc,88.5 bhp,24.3 kmpl,4.0,Yes,5 Seats,1185 kg,198 mm,,48 Litres,
Honda Amaze,₹3.24 Lakh,Jul 2017,"1,01,563 Kms",First Owner,Petrol,Manual,FWD,1199 cc,88.76 bhp,19.5 kmpl,4.0,No,5 Seats,917 kg,170 mm,35 Litres,,
Maruti Suzuki Baleno,₹3.73 Lakh,Jul 2016,"60,958 Kms",First Owner,Petrol,Manual,FWD,1197 cc,83.1 bhp,21.4 kmpl,4.0,No,5 Seats,870 kg,170 mm,37 Litres,,
Maruti Suzuki S-Presso,₹3.07 Lakh,May 2021,"45,113 Kms",First Owner,Petrol,Manual,FWD,998 cc,65.71 bhp,21.7 kmpl,3.0,,5 Seats,736-775 kg,,27 Litres,,
Honda Amaze,₹4.60 Lakh,2019,"80,000 Kms",First Owner,Petrol,Manual,FWD,1199 cc,88.76 bhp,19.5 kmpl,4.0,No,5 Seats,924 kg,170 mm,35 Litres,,
Hyundai i20,₹4.28 Lakh,Jan 2019,"1,32,167 Kms",First Owner,Petrol,Manual,FWD,1197 cc,81.83 bhp,18.6 kmpl,4.0,No,5 Seats,1066 kg,170 mm,45 Litres,,
Hyundai Grand i10,₹3.37 Lakh,Nov 2015,"49,815 Kms",First Owner,Petrol,Manual,FWD,1197 cc,82 bhp,18.9 kmpl,4.0,No,5 Seats,935 kg,165 mm,43 Litres,,
Maruti Suzuki Baleno,₹7.14 Lakh,Jun 2024,"20,406 Kms",First Owner,Petrol,Manual,FWD,1197 cc,88.50 bhp,22.35 kmpl,4.0,No,5 Seats,925-955 kg,,37 Litres,,
Maruti Suzuki S-Presso,₹3.25 Lakh,2021,"52,000 Kms",First Owner,Petrol,Manual,FWD,998 cc,65.71 bhp,21.7 kmpl,3.0,,5 Seats,736-775 kg,,27 Litres,,
Maruti Suzuki Ciaz,₹6.98 Lakh,Dec 2022,"52,433 Kms",First Owner,Petrol,Manual,FWD,1373 cc,91.1 bhp,20.73 kmpl,4.0,No,5 Seats,1030 kg,170 mm,43 Litres,,
Hyundai Grand i10,₹3.63 Lakh,Apr 2018,"68,907 Kms",First Owner,Petrol,Manual,FWD,1197 cc,81.86 bhp,18.9 kmpl,4.0,No,5 Seats,1120 kg,165 mm,43 Litres,,
Hyundai Grand i10,₹3.08 Lakh,Oct 2013,"57,187 Kms",First Owner,Petrol,Manual,FWD,1197 cc,81.86 bhp,18.9 kmpl,4.0,No,5 Seats,1120 kg,165 mm,43 Litres,,
Tata Safari,₹2.25 Lakh,2010,"67,000 Kms",First Owner,,Manual,RWD,2179 cc,138.03 bhp,13.93 kmpl,4.0,Yes,7 Seats,1850 kg,205 mm,,65 Litres,
Hyundai Grand i10,₹3.20 Lakh,Jul 2017,"1,27,820 Kms",First Owner,Petrol,Manual,FWD,1197 cc,81.86 bhp,18.9 kmpl,4.0,No,5 Seats,1120 kg,165 mm,43 Litres,,
Hyundai Grand i10,₹3.15 Lakh,Oct 2015,"42,844 Kms",Second Owner,Petrol,Manual,FWD,1197 cc,82 bhp,18.9 kmpl,4.0,No,5 Seats,935 kg,165 mm,43 Litres,,
Hyundai Grand i10,₹4.28 Lakh,Jun 2018,"53,103 Kms",First Owner,Petrol,Manual,FWD,1197 cc,81.86 bhp,18.9 kmpl,4.0,No,5 Seats,1120 kg,165 mm,43 Litres,,
Maruti Suzuki Ciaz,₹4.50 Lakh,2015,"1,20,000 Kms",First Owner,Diesel,Manual,FWD,1248 cc,88.5 bhp,28.09 kmpl,4.0,Yes,5 Seats,1115 kg,170 mm,,43 Litres,
Hyundai Grand i10,₹3.16 Lakh,Apr 2017,"68,807 Kms",First Owner,Petrol,Manual,FWD,1197 cc,81.86 bhp,18.9 kmpl,4.0,No,5 Seats,1100 kg,165 mm,43 Litres,,
Maruti Suzuki Celerio,₹3.25 Lakh,Mar 2019,"74,344 Kms",Second Owner,Petrol,Manual,FWD,998 cc,67.77 bhp,25.24 kmpl,3.0,,5 Seats,810 kg,,32 Litres,,
Maruti Suzuki Ignis,₹3.49 Lakh,Mar 2017,"36,733 Kms",First Owner,Petrol,Manual,FWD,1197 cc,81.80 bhp,20.89 kmpl,4.0,No,5 Seats,825 kg,180 mm,32 Litres,,
Hyundai i10,₹2.75 Lakh,2015,"1,31,000 Kms",First Owner,Petrol,Manual,FWD,1086 cc,68.05 bhp,19.81 kmpl,4.0,No,5 Seats,860 kg,165 mm,35 Litres,,
Maruti Suzuki Baleno,₹3.57 Lakh,Nov 2017,"1,19,690 Kms",First Owner,Petrol,Manual,FWD,1197 cc,83.1 bhp,21.4 kmpl,4.0,No,5 Seats,870 kg,170 mm,37 Litres,,
Hyundai Grand i10,₹3.39 Lakh,Feb 2014,"92,556 Kms",First Owner,Petrol,Manual,FWD,1197 cc,81.86 bhp,18.9 kmpl,4.0,No,5 Seats,1060 kg,165 mm,43 Litres,,
Maruti Suzuki Alto K10,₹3.63 Lakh,Jan 2024,"58,468 Kms",First Owner,Petrol,Manual,FWD,998 cc,65.71 bhp,24.39 kmpl,3.0,,5 Seats,,,27 Litres,,
Tata Tigor,₹5.83 Lakh,Aug 2022,"27,425 Kms",First Owner,Petrol,Manual,FWD,1199 cc,83.81 bhp,20.3 kmpl,3.0,No,5 Seats,1035-1062 kg,170 mm,35 Litres,,
Hyundai Grand i10,₹4.40 Lakh,May 2019,"28,605 Kms",First Owner,Petrol,Manual,FWD,1197 cc,81.86 bhp,18.9 kmpl,4.0,No,5 Seats,1100 kg,165 mm,43 Litres,,
Maruti Suzuki Baleno,₹4.35 Lakh,Oct 2020,"53,838 Kms",First Owner,Petrol,Manual,FWD,1197 cc,81.80 bhp,21.01 kmpl,4.0,No,5 Seats,865-890 kg,170 mm,37 Litres,,
Hyundai Grand i10,₹3.75 Lakh,Oct 2015,"67,778 Kms",First Owner,Petrol,Manual,FWD,1197 cc,81.86 bhp,18.9 kmpl,4.0,No,5 Seats,1120 kg,165 mm,43 Litres,,
Maruti Suzuki Baleno,₹4.09 Lakh,Jul 2018,"1,42,651 Kms",Third Owner,Petrol,Manual,FWD,1197 cc,83.1 bhp,21.4 kmpl,4.0,No,5 Seats,880 kg,170 mm,37 Litres,,
Hyundai Santro,₹3.73 Lakh,Oct 2021,"58,613 Kms",First Owner,Petrol,Manual,FWD,1086 cc,68.05 bhp,20.3 kmpl,4.0,No,5 Seats,1050 kg,,35 Litres,,
Ford Aspire,₹4.22 Lakh,Sept 2018,"63,378 Kms",First Owner,Petrol,Manual,FWD,1196 cc,86.8 bhp,18.16 kmpl,4.0,Yes,5 Seats,995-1015 kg,174 mm,42 Litres,,
Renault KWID,₹3.63 Lakh,Feb 2022,"58,786 Kms",First Owner,Petrol,Manual,FWD,999 cc,67 bhp,21.74 kmpl,3.0,No,5 Seats,730 kg,184 mm,28 Litres,,
Hyundai Grand i10,₹4.46 Lakh,Jun 2019,"67,260 Kms",First Owner,Petrol,Manual,FWD,1197 cc,81.86 bhp,18.9 kmpl,4.0,No,5 Seats,1120 kg,165 mm,43 Litres,,
Hyundai Grand i10,₹3.01 Lakh,Dec 2016,"81,578 Kms",First Owner,Petrol,Manual,FWD,1197 cc,82 bhp,18.9 kmpl,4.0,No,5 Seats,935 kg,165 mm,43 Litres,,
Hyundai Grand i10,₹3.58 Lakh,Dec 2014,"62,477 Kms",First Owner,Petrol,Manual,FWD,1197 cc,81.86 bhp,18.9 kmpl,4.0,No,5 Seats,1120 kg,165 mm,43 Litres,,
Hyundai Grand i10,₹3.87 Lakh,Jan 2017,"49,850 Kms",First Owner,Petrol,Manual,FWD,1197 cc,81.86 bhp,18.9 kmpl,4.0,No,5 Seats,1120 kg,165 mm,43 Litres,,
Hyundai Grand i10,₹4.36 Lakh,Apr 2019,"96,067 Kms",First Owner,Petrol,Manual,FWD,1197 cc,81.86 bhp,18.9 kmpl,4.0,No,5 Seats,1120 kg,165 mm,43 Litres,,
Hyundai Grand i10,₹3.45 Lakh,Jan 2019,"66,773 Kms",First Owner,Petrol,Manual,FWD,1197 cc,81.86 bhp,18.9 kmpl,4.0,No,5 Seats,1120 kg,165 mm,43 Litres,,
Hyundai Grand i10,₹4.18 Lakh,Nov 2015,"20,478 Kms",First Owner,Petrol,Manual,FWD,1197 cc,81.86 bhp,18.9 kmpl,4.0,No,5 Seats,1120 kg,165 mm,43 Litres,,
Maruti Suzuki Baleno,₹3.52 Lakh,Feb 2017,"1,08,007 Kms",First Owner,Petrol,Manual,FWD,1197 cc,83.1 bhp,21.4 kmpl,4.0,No,5 Seats,880 kg,170 mm,37 Litres,,
Hyundai Grand i10,₹3.10 Lakh,Dec 2015,"60,052 Kms",First Owner,Petrol,Manual,FWD,1197 cc,82 bhp,18.9 kmpl,4.0,No,5 Seats,935 kg,165 mm,43 Litres,,
Volkswagen Vento,₹5.14 Lakh,Sept 2016,"1,24,925 Kms",First Owner,Petrol,Automatic,FWD,1197 cc,103.2 bhp,18.19 kmpl,4.0,Yes,5 Seats,1179 kg,163 mm,55 Litres,,
Maruti Suzuki Dzire,₹5.38 Lakh,Apr 2019,"72,954 Kms",First Owner,Petrol,Manual,FWD,1197 cc,80 bhp,24.79 kmpl,3.0,,5 Seats,920-960 kg,163 mm,37 Litres,,
Maruti Suzuki Baleno,₹4.53 Lakh,Nov 2018,"65,295 Kms",First Owner,Petrol,Manual,FWD,1197 cc,83.1 bhp,21.4 kmpl,4.0,No,5 Seats,890 kg,170 mm,37 Litres,,
Hyundai Grand i10,₹3.49 Lakh,Jan 2015,"87,601 Kms",First Owner,Petrol,Manual,FWD,1197 cc,81.86 bhp,18.9 kmpl,4.0,No,5 Seats,1060 kg,165 mm,43 Litres,,
Hyundai Grand i10,₹4.44 Lakh,Oct 2019,"48,946 Kms",Second Owner,Petrol,Manual,FWD,1197 cc,81.86 bhp,18.9 kmpl,4.0,No,5 Seats,1120 kg,165 mm,43 Litres,,
Hyundai Grand i10 Nios,₹4.39 Lakh,Dec 2022,"63,926 Kms",Second Owner,Petrol,Manual,,1197 cc,81.86 bhp,20.7 kmpl,4.0,No,5 Seats,1160 kg,,37 Litres,,
Ford Figo,₹3.10 Lakh,Jun 2016,"55,769 Kms",First Owner,Petrol,Manual,FWD,1194 cc,94.93 bhp,18.5 kmpl,3.0,No,5 Seats,1016-1033 kg,174 mm,42 Litres,,
Hyundai Grand i10 Nios,₹4.75 Lakh,Apr 2022,"48,489 Kms",First Owner,Petrol,Manual,,1197 cc,81.86 bhp,20.7 kmpl,4.0,No,5 Seats,1160 kg,,37 Litres,,
Hyundai Grand i10,₹4.45 Lakh,Jan 2019,"56,000 Kms",First Owner,Petrol,Manual,FWD,1197 cc,81.86 bhp,18.9 kmpl,4.0,No,5 Seats,1100 kg,165 mm,43 Litres,,
Hyundai Grand i10,₹4.25 Lakh,Dec 2017,"68,900 Kms",First Owner,Petrol,Manual,FWD,1197 cc,82 bhp,18.9 kmpl,4.0,No,5 Seats,935 kg,165 mm,43 Litres,,
Hyundai Grand i10,₹4.15 Lakh,Sept 2017,"37,000 Kms",First Owner,Petrol,Manual,FWD,1197 cc,82 bhp,18.9 kmpl,4.0,No,5 Seats,935 kg,165 mm,43 Litres,,
Tata Tiago,₹3.90 Lakh,Sept 2018,"31,000 Kms",First Owner,Petrol,Manual,FWD,1199 cc,84 bhp,23.84 kmpl,3.0,No,5 Seats,940 kg,165 mm,35 Litres,,
Honda Amaze,₹4.15 Lakh,Nov 2016,"40,000 Kms",First Owner,Petrol,Manual,FWD,1198 cc,86.7 bhp,17.8 kmpl,4.0,No,5 Seats,965 kg,165 mm,35 Litres,,
Honda Amaze,₹3.60 Lakh,Mar 2018,"1,43,929 Kms",First Owner,Petrol,Manual,FWD,1198 cc,86.7 bhp,17.8 kmpl,4.0,No,5 Seats,955 kg,165 mm,35 Litres,,
Honda City,₹7.90 Lakh,May 2019,"70,000 Kms",First Owner,Petrol,Manual,FWD,1497 cc,117.6 bhp,17.4 kmpl,4.0,No,5 Seats,1088 kg,165 mm,40 Litres,,
Hyundai Grand i10,₹5.27 Lakh,Mar 2022,"23,102 Kms",First Owner,Petrol,Manual,FWD,1197 cc,81.86 bhp,18.9 kmpl,4.0,No,5 Seats,1100 kg,165 mm,43 Litres,,
Hyundai i20,₹4.61 Lakh,Mar 2018,"58,860 Kms",Second Owner,Petrol,Manual,FWD,1197 cc,81.83 bhp,18.6 kmpl,4.0,No,5 Seats,1066 kg,170 mm,45 Litres,,
Hyundai Grand i10,₹3.30 Lakh,May 2017,"59,818 Kms",First Owner,Petrol,Manual,FWD,1197 cc,81.86 bhp,18.9 kmpl,4.0,No,5 Seats,1100 kg,165 mm,43 Litres,,
Maruti Suzuki Swift Dzire,₹4.67 Lakh,May 2019,"71,902 Kms",First Owner,Petrol,Manual,FWD,1197 cc,81.80 bhp,21.21 kmpl,4.0,No,5 Seats,860-895 kg,163 mm,37 Litres,,
Hyundai Santro,₹4.25 Lakh,Dec 2019,"54,000 Kms",First Owner,CNG,Manual,FWD,1086 cc,58 bhp,30.48 km/kg,4.0,No,5 Seats,1070 kg,,,,60 Litres
Honda City,₹4 Lakh,Oct 2016,"56,692 Kms",First Owner,Petrol,Manual,FWD,1497 cc,117.3 bhp,17.4 kmpl,4.0,No,5 Seats,1042 kg,165 mm,40 Litres,,
Tata Tiago,₹3.25 Lakh,Aug 2017,"25,000 Kms",First Owner,Petrol,Manual,FWD,1199 cc,84 bhp,23.84 kmpl,3.0,No,5 Seats,1012 kg,170 mm,35 Litres,,
VXI 1.2,₹4.13 Lakh,Feb 2018,"87,734 Kms",First Owner,Petrol,Manual,FWD,1197 cc,81.80 bhp,21.21 kmpl,4.0,No,5 Seats,860-895 kg,163 mm,37 Litres,,
Tata Tiago,₹3.54 Lakh,Aug 2020,"60,980 Kms",First Owner,Petrol,Manual,,1199 cc,84.82 bhp,19.01 kmpl,3.0,,5 Seats,982 kg,170 mm,35 Litres,,
Hyundai Grand i10 Nios,₹6.36 Lakh,May 2023,"25,589 Kms",First Owner,Petrol,Manual,FWD,1197 cc,82 bhp,18 kmpl,4.0,,5 Seats,,,37 Litres,,
Skoda Slavia,₹8.26 Lakh,Nov 2023,"40,443 Kms",First Owner,Petrol,Manual,FWD,999 cc,113.98 bhp,20.32 kmpl,3.0,Yes,5 Seats,1160-1216 kg,145 mm,45 Litres,,
Hyundai Grand i10,₹3.44 Lakh,Dec 2015,"1,25,015 Kms",First Owner,Petrol,Manual,FWD,1197 cc,81.86 bhp,18.9 kmpl,4.0,No,5 Seats,1120 kg,165 mm,43 Litres,,
Maruti Suzuki Ciaz,₹3.73 Lakh,Aug 2016,"1,19,955 Kms",First Owner,Petrol,Manual,FWD,1373 cc,91.1 bhp,20.73 kmpl,4.0,No,5 Seats,1010 kg,170 mm,43 Litres,,
Skoda Rapid,₹4.09 Lakh,Jun 2021,"92,570 Kms",First Owner,Petrol,Manual,FWD,999 cc,108.62 bhp,18.97 kmpl,3.0,Yes,5 Seats,1112-1138 kg,,55 Litres,,
Hyundai Grand i10,₹4.41 Lakh,Jul 2019,"35,123 Kms",Second Owner,Petrol,Manual,FWD,1197 cc,81.86 bhp,18.9 kmpl,4.0,No,5 Seats,1120 kg,165 mm,43 Litres,,
Hyundai i20 Active,₹5.25 Lakh,May 2019,"49,000 Kms",First Owner,Petrol,Manual,FWD,1197 cc,81.86 bhp,17.19 kmpl,4.0,No,5 Seats,1180 kg,190 mm,40 Litres,,
Tata Tiago,₹4.03 Lakh,Jan 2022,"75,425 Kms",First Owner,Petrol,Manual,,1199 cc,84.82 bhp,19.01 kmpl,3.0,,5 Seats,982 kg,170 mm,35 Litres,,
Honda City,₹4.75 Lakh,Aug 2014,"93,000 Kms",First Owner,Petrol,Automatic,FWD,1497 cc,117.3 bhp,18 kmpl,4.0,No,5 Seats,1065 kg,165 mm,40 Litres,,
Maruti Suzuki Baleno,₹6.78 Lakh,Mar 2022,"44,339 Kms",First Owner,Petrol,Manual,FWD,1197 cc,88.50 bhp,22.35 kmpl,4.0,No,5 Seats,925-955 kg,,37 Litres,,
Maruti Suzuki Alto 800,₹3.14 Lakh,Sept 2021,"49,321 Kms",First Owner,Petrol,Manual,FWD,796 cc,46.3 bhp,19.7 kmpl,3.0,No,5 Seats,705 kg,160 mm,35 Litres,,
Maruti Suzuki Swift,₹3.43 Lakh,Sept 2015,"77,434 Kms",First Owner,Petrol,Manual,FWD,1197 cc,81.80 bhp,20.4 kmpl,4.0,No,5 Seats,855 kg,163 mm,42 Litres,,
Hyundai i20,₹3.89 Lakh,May 2017,"1,31,406 Kms",First Owner,Petrol,Manual,FWD,1197 cc,81.83 bhp,18.6 kmpl,4.0,No,5 Seats,1066 kg,170 mm,45 Litres,,
Honda Amaze 2nd Gen,₹3.67 Lakh,Aug 2015,"55,468 Kms",First Owner,Petrol,Manual,FWD,1199 cc,88.50 bhp,18.6 kmpl,4.0,,5 Seats,934 kg,,35 Litres,,
Honda Amaze,₹3.22 Lakh,Dec 2015,"65,481 Kms",First Owner,Petrol,Manual,FWD,1198 cc,86.7 bhp,18 kmpl,4.0,No,5 Seats,950 kg,165 mm,35 Litres,,
Hyundai Grand i10,₹3.89 Lakh,Jul 2019,"43,365 Kms",First Owner,Petrol,Manual,FWD,1197 cc,81.86 bhp,18.9 kmpl,4.0,No,5 Seats,1100 kg,165 mm,43 Litres,,
Maruti Suzuki Swift Dzire,₹4.22 Lakh,Apr 2018,"29,832 Kms",First Owner,Petrol,Manual,FWD,1197 cc,81.80 bhp,21.21 kmpl,4.0,No,5 Seats,860-895 kg,163 mm,37 Litres,,
Maruti Suzuki Wagon R,₹3.23 Lakh,May 2016,"73,965 Kms",Second Owner,Petrol,Manual,FWD,1197 cc,81.80 bhp,20.52 kmpl,4.0,No,5 Seats,830-845 kg,,32 Litres,,
Hyundai Xcent,₹4.88 Lakh,Oct 2017,"51,529 Kms",First Owner,Petrol,Manual,,,,,4.0,,,1120 kg,,,,
Honda Jazz,₹3.01 Lakh,Sept 2015,"74,982 Kms",First Owner,Petrol,Manual,FWD,1199 cc,88.7 bhp,18.7 kmpl,4.0,No,5 Seats,1044 kg,165 mm,40 Litres,,
Maruti Suzuki Ciaz,₹4.80 Lakh,2018,"70,000 Kms",Second Owner,Petrol,Manual,FWD,1373 cc,91.1 bhp,20.73 kmpl,4.0,No,5 Seats,1030 kg,170 mm,43 Litres,,
Maruti Suzuki Eeco,₹3.50 Lakh,2018,"2,35,000 Kms",First Owner,CNG,Manual,RWD,1196 cc,61.7 bhp,21.94 km/kg,4.0,No,5 Seats,1050 kg,160 mm,,,65 Litres
Hyundai Grand i10,₹3.18 Lakh,May 2015,"20,995 Kms",First Owner,Petrol,Manual,FWD,1197 cc,82 bhp,18.9 kmpl,4.0,No,5 Seats,935 kg,165 mm,43 Litres,,
Maruti Suzuki Swift,₹3.45 Lakh,Nov 2013,"56,225 Kms",First Owner,Petrol,Manual,FWD,1197 cc,81.80 bhp,21.21 kmpl,4.0,No,5 Seats,855-885 kg,163 mm,37 Litres,,
Hyundai i20,₹4.25 Lakh,Jan 2016,"81,192 Kms",First Owner,Petrol,Manual,FWD,1197 cc,81.83 bhp,18.6 kmpl,4.0,No,5 Seats,1066 kg,170 mm,45 Litres,,
Maruti Suzuki Ciaz,₹4.16 Lakh,Sept 2018,"1,01,121 Kms",First Owner,Petrol,Manual,FWD,1462 cc,103.25 bhp,21.56 kmpl,4.0,No,5 Seats,1045 kg,170 mm,43 Litres,,
Hyundai Grand i10,₹3.82 Lakh,Nov 2015,"24,288 Kms",First Owner,Petrol,Manual,FWD,1197 cc,81.86 bhp,18.9 kmpl,4.0,No,5 Seats,1120 kg,165 mm,43 Litres,,
Maruti Suzuki Baleno,₹4.95 Lakh,Nov 2020,"62,764 Kms",First Owner,Petrol,Manual,FWD,1197 cc,81.80 bhp,21.01 kmpl,4.0,No,5 Seats,865-890 kg,170 mm,37 Litres,,
Maruti Suzuki Wagon R,₹3.72 Lakh,Oct 2021,"65,482 Kms",First Owner,Petrol,Manual,FWD,998 cc,67.05 bhp,21.79 kmpl,3.0,No,5 Seats,805-825 kg,,32 Litres,,
Maruti Suzuki Wagon R,₹3.43 Lakh,Mar 2019,"81,539 Kms",First Owner,Petrol,Manual,FWD,1197 cc,81.80 bhp,20.52 kmpl,4.0,No,5 Seats,830-845 kg,,32 Litres,,
Hyundai Grand i10,₹3.33 Lakh,Aug 2017,"77,942 Kms",First Owner,Petrol,Manual,FWD,1197 cc,81.86 bhp,18.9 kmpl,4.0,No,5 Seats,1120 kg,165 mm,43 Litres,,
Tata Tiago,₹3.29 Lakh,Jul 2018,"55,481 Kms",First Owner,Petrol,Manual,FWD,1199 cc,84 bhp,23.84 kmpl,3.0,No,5 Seats,1012 kg,170 mm,35 Litres,,
Honda Amaze,₹3.33 Lakh,Jun 2017,"71,669 Kms",Second Owner,Petrol,Manual,FWD,1199 cc,88.76 bhp,19.5 kmpl,4.0,No,5 Seats,917 kg,170 mm,35 Litres,,
Hyundai Grand i10,₹4 Lakh,Feb 2019,"46,883 Kms",First Owner,Petrol,Manual,FWD,1197 cc,81.86 bhp,18.9 kmpl,4.0,No,5 Seats,1120 kg,165 mm,43 Litres,,
Maruti Suzuki Wagon R,₹3.37 Lakh,Jun 2017,"77,000 Kms",Second Owner,Petrol,Manual,FWD,998 cc,67.04 bhp,20.51 kmpl,3.0,No,5 Seats,885 kg,165 mm,35 Litres,,
Maruti Suzuki Swift Dzire,₹6 Lakh,Mar 2022,"67,000 Kms",First Owner,Petrol,Manual,,1197 cc,88.50 bhp,22.41 kmpl,4.0,,5 Seats,880-915 kg,,37 Litres,,
Maruti Suzuki Swift Dzire,₹3.50 Lakh,Oct 2014,"94,417 Kms",First Owner,Petrol,Manual,FWD,1197 cc,83.14 bhp,20.85 kmpl,4.0,No,5 Seats,945 kg,170 mm,42 Litres,,
Hyundai Grand i10 Nios,₹5.35 Lakh,Dec 2019,"47,000 Kms",First Owner,Petrol,Automatic,,1197 cc,81.86 bhp,20.7 kmpl,4.0,No,5 Seats,1140 kg,,37 Litres,,
Hyundai Elantra,₹5.50 Lakh,May 2014,"70,200 Kms",First Owner,Diesel,Automatic,FWD,1582 cc,126.24 bhp,19.5 kmpl,4.0,Yes,5 Seats,1329 kg,175 mm,,56 Litres,
Honda City,₹4.30 Lakh,Apr 2014,"68,000 Kms",First Owner,Petrol,Manual,FWD,1497 cc,117.3 bhp,17.4 kmpl,4.0,No,5 Seats,1049 kg,165 mm,40 Litres,,
Maruti Suzuki Celerio,₹2.75 Lakh,Aug 2015,"1,06,345 Kms",First Owner,Petrol,Manual,FWD,998 cc,67.77 bhp,25.24 kmpl,3.0,,5 Seats,810 kg,,32 Litres,,
Hyundai i10,₹2.52 Lakh,Nov 2013,"53,438 Kms",Second Owner,Petrol,Manual,FWD,1086 cc,68.05 bhp,19.81 kmpl,4.0,No,5 Seats,860 kg,165 mm,35 Litres,,
Hyundai i10,₹2.47 Lakh,Aug 2015,"68,805 Kms",First Owner,Petrol,Manual,FWD,1086 cc,68.05 bhp,19.81 kmpl,4.0,No,5 Seats,860 kg,165 mm,35 Litres,,
Maruti Suzuki Celerio,₹2.91 Lakh,Aug 2015,"62,880 Kms",First Owner,Petrol,Manual,FWD,998 cc,67.77 bhp,25.24 kmpl,3.0,,5 Seats,810 kg,,32 Litres,,
Hyundai EON,₹2.27 Lakh,Apr 2016,"35,872 Kms",First Owner,Petrol,Manual,FWD,814 cc,55.2 bhp,21.1 kmpl,3.0,No,5 Seats,880 kg,170 mm,32 Litres,,
Hyundai i10,₹2.30 Lakh,Apr 2014,"56,641 Kms",Second Owner,Petrol,Manual,FWD,1086 cc,68.05 bhp,19.81 kmpl,4.0,No,5 Seats,860 kg,165 mm,35 Litres,,
Hyundai i10,₹2.37 Lakh,Feb 2015,"51,972 Kms",First Owner,Petrol,Manual,FWD,1086 cc,68.05 bhp,19.81 kmpl,4.0,No,5 Seats,860 kg,165 mm,35 Litres,,
Hyundai i10,₹2.15 Lakh,Jan 2014,"74,640 Kms",Second Owner,Petrol,Manual,FWD,1086 cc,68.05 bhp,19.81 kmpl,4.0,No,5 Seats,860 kg,165 mm,35 Litres,,
Hyundai Grand i10,₹2.80 Lakh,Nov 2015,"96,776 Kms",First Owner,Petrol,Manual,FWD,1197 cc,82 bhp,18.9 kmpl,4.0,No,5 Seats,935 kg,165 mm,43 Litres,,
Hyundai i10,₹2.10 Lakh,Apr 2010,"70,000 Kms",Second Owner,Petrol,Manual,FWD,1197 cc,78.9 bhp,20.36 kmpl,4.0,No,5 Seats,930 kg,165 mm,35 Litres,,
Toyota Glanza,₹6.90 Lakh,May 2023,"51,000 Kms",First Owner,Petrol,Manual,FWD,1197 cc,88.50 bhp,22.35 kmpl,4.0,,5 Seats,920-955 kg,,37 Litres,,
Tata Tiago,₹3.06 Lakh,Apr 2018,"81,136 Kms",First Owner,Petrol,Manual,FWD,1199 cc,84 bhp,23.84 kmpl,3.0,No,5 Seats,980 kg,170 mm,35 Litres,,
Hyundai Grand i10,₹5.36 Lakh,Jul 2020,"45,259 Kms",First Owner,Petrol,Manual,FWD,1197 cc,81.86 bhp,18.9 kmpl,4.0,No,5 Seats,1120 kg,165 mm,43 Litres,,
Toyota Corolla Altis,₹7.50 Lakh,Mar 2016,"59,000 Kms",First Owner,Petrol,Automatic,FWD,1798 cc,138.03 bhp,14.28 kmpl,4.0,No,5 Seats,1185 kg,175 mm,55 Litres,,
43+ used cars for sale from ₹2.18 Lakh in Ahmedabad,,,,,,,,,,,,,,,,,,
Maruti Suzuki Vitara Brezza,₹7.63 Lakh,Jan 2020,"56,135 Kms",First Owner,Petrol,Manual,FWD,1462 cc,103.26 bhp,17.03 kmpl,4.0,,5 Seats,1110-1130 kg,,48 Litres,,
Toyota Yaris,₹7.50 Lakh,Jul 2018,"56,000 Kms",First Owner,Petrol,Automatic,FWD,1496 cc,105.5 bhp,17.8 kmpl,4.0,No,5 Seats,1135 kg,,42 Litres,,
Honda City,₹6.90 Lakh,May 2017,"55,000 Kms",First Owner,Petrol,Automatic,FWD,1497 cc,117.6 bhp,18 kmpl,4.0,No,5 Seats,1100 kg,165 mm,40 Litres,,
Toyota Urban Cruiser EBELLA,₹7.90 Lakh,Mar 2022,"40,000 Kms",First Owner,Petrol,Manual,,1462 cc,103.26 bhp,17.03 kmpl,4.0,No,5 Seats,1115-1130 kg,,48 Litres,,
Honda City,₹6.20 Lakh,Nov 2018,"70,278 Kms",First Owner,Petrol,Automatic,FWD,1497 cc,117.3 bhp,18 kmpl,4.0,No,5 Seats,1085 kg,165 mm,40 Litres,,
Hyundai i20 N-Line,₹6.90 Lakh,Sept 2021,"35,000 Kms",Second Owner,Petrol,Automatic,,998 cc,118.41 bhp,20.25 kmpl,3.0,Yes,5 Seats,1210 kg,,37 Litres,,
Maruti Suzuki Brezza,₹6.66 Lakh,Feb 2022,"44,000 Kms",First Owner,Petrol,Manual,,1462 cc,101.65 bhp,20.15 kmpl,4.0,,5 Seats,1130 kg,,48 Litres,,
Hyundai Elantra,₹8.75 Lakh,May 2019,"71,300 Kms",First Owner,Diesel,Manual,FWD,1582 cc,126.2 bhp,22.54 kmpl,4.0,Yes,5 Seats,1200 kg,167 mm,,50 Litres,
Kia Carnival,₹19.50 Lakh,Jul 2020,"85,000 Kms",First Owner,Diesel,Automatic,2WD,2199 cc,197.26 bhp,,4.0,Yes,6 Seats,2320 kg,,,60 Litres,
VX,₹5.12 Lakh,Mar 2019,"79,420 Kms",First Owner,Petrol,Manual,FWD,1199 cc,89 bhp,18.65 kmpl,4.0,,5 Seats,952-986 kg,172 mm,35 Litres,,
Maruti Suzuki Wagon R,₹3.46 Lakh,Jan 2018,"47,656 Kms",First Owner,Petrol,Manual,FWD,998 cc,65.71 bhp,24.35 kmpl,3.0,,5 Seats,825 kg,,32 Litres,,
Hyundai i20,₹4.61 Lakh,Oct 2015,"52,466 Kms",First Owner,Petrol,Manual,FWD,1197 cc,81.83 bhp,18.6 kmpl,4.0,No,5 Seats,1066 kg,170 mm,45 Litres,,
Hyundai Grand i10,₹5.10 Lakh,Mar 2018,"47,000 Kms",First Owner,Petrol,Automatic,FWD,1197 cc,81.86 bhp,18.9 kmpl,4.0,No,5 Seats,1200 kg,165 mm,43 Litres,,
Maruti Suzuki Baleno,₹4.90 Lakh,Oct 2017,"88,000 Kms",First Owner,Petrol,Automatic,FWD,1197 cc,83.1 bhp,21.4 kmpl,4.0,No,5 Seats,935 kg,170 mm,37 Litres,,
Maruti Suzuki Ciaz,₹7.78 Lakh,Sept 2023,"1,17,035 Kms",First Owner,Petrol,Automatic,FWD,1373 cc,91.1 bhp,19.12 kmpl,4.0,No,5 Seats,1030 kg,170 mm,43 Litres,,
Mercedes-Benz CLA,₹16 Lakh,Sept 2017,"91,000 Kms",First Owner,Diesel,Automatic,FWD,2143 cc,136 bhp,,4.0,Yes,5 Seats,1570 kg,160 mm,,56 Litres,
Honda Amaze,₹3.60 Lakh,Apr 2015,"73,000 Kms",First Owner,Diesel,Manual,FWD,1498 cc,98.6 bhp,25.8 kmpl,4.0,Yes,5 Seats,1055 kg,165 mm,,35 Litres,
Ford Freestyle,₹3.75 Lakh,Jul 2018,"97,087 Kms",First Owner,Diesel,Manual,FWD,1498 cc,98.63 bhp,24.4 kmpl,4.0,No,5 Seats,1072 kg,,,40 Litres,
Tata Tiago,₹4.67 Lakh,Aug 2020,"32,861 Kms",First Owner,Petrol,Manual,FWD,1199 cc,83.83 bhp,23.84 kmpl,3.0,No,5 Seats,1012 kg,170 mm,35 Litres,,
Maruti Suzuki Wagon R,₹4.24 Lakh,Dec 2022,"38,041 Kms",First Owner,Petrol,Manual,,998 cc,65.71 bhp,24.35 kmpl,3.0,,5 Seats,810-835 kg,,32 Litres,,
Hyundai i20,₹4.53 Lakh,Jun 2019,"98,358 Kms",First Owner,Petrol,Manual,FWD,1197 cc,81.86 bhp,18.6 kmpl,4.0,No,5 Seats,1120 kg,170 mm,40 Litres,,
Maruti Suzuki Swift,₹4.30 Lakh,Sept 2015,"62,000 Kms",First Owner,Petrol,Manual,,1197 cc,81.80 bhp,22 kmpl,4.0,No,5 Seats,870 kg,163 mm,42 Litres,,
Honda City,₹6.01 Lakh,Oct 2021,"84,851 Kms",Second Owner,Petrol,Manual,,1498 cc,119.35 bhp,18.6 kmpl,4.0,,5 Seats,1107-1153 kg,,40 Litres,,
Honda City,₹6.75 Lakh,Apr 2018,"53,064 Kms",Second Owner,Petrol,Automatic,FWD,1497 cc,117.6 bhp,18 kmpl,4.0,No,5 Seats,1080 kg,165 mm,40 Litres,,
Honda City,₹11.47 Lakh,Jul 2022,"54,500 Kms",First Owner,Diesel,Manual,,1498 cc,97.89 bhp,24.1 kmpl,4.0,,5 Seats,1191-1217 kg,,,40 Litres,
Renault KWID,₹3.79 Lakh,Jun 2021,"28,893 Kms",First Owner,Petrol,Automatic,FWD,999 cc,67 bhp,22 kmpl,3.0,No,5 Seats,750 kg,184 mm,28 Litres,,
Maruti Suzuki Baleno,₹5.38 Lakh,Oct 2019,"65,889 Kms",First Owner,Diesel,Manual,FWD,1248 cc,74 bhp,27.39 kmpl,4.0,Yes,5 Seats,985 kg,170 mm,,37 Litres,
Hyundai Grand i10,₹4.01 Lakh,Apr 2018,"82,119 Kms",First Owner,Petrol,Manual,FWD,1197 cc,81.86 bhp,18.9 kmpl,4.0,No,5 Seats,1100 kg,165 mm,43 Litres,,
Hyundai i20,₹8.50 Lakh,Mar 2022,"37,000 Kms",First Owner,Petrol,Automatic,,998 cc,118.41 bhp,20.28 kmpl,3.0,Yes,5 Seats,1220 kg,,37 Litres,,
Hyundai Xcent,₹3.40 Lakh,Aug 2014,"85,244 Kms",Second Owner,Petrol,Manual,,,,,4.0,,,1120 kg,,,,
Hyundai Xcent,₹3.32 Lakh,Mar 2018,"65,528 Kms",First Owner,Petrol,Manual,FWD,1197 cc,81.86 bhp,20.14 kmpl,4.0,No,5 Seats,1120 kg,165 mm,43 Litres,,
Ford Ecosport,₹5.83 Lakh,Sept 2018,"72,355 Kms",First Owner,Petrol,Manual,FWD,1496 cc,120.69 bhp,15.9 kmpl,3.0,No,5 Seats,1221 kg,,52 Litres,,
Volkswagen Vento,₹5.28 Lakh,Aug 2017,"72,005 Kms",Second Owner,Diesel,Automatic,FWD,1498 cc,108.6 bhp,22.15 kmpl,4.0,Yes,5 Seats,1238 kg,163 mm,,55 Litres,
Toyota Yaris,₹6 Lakh,Jul 2018,"56,739 Kms",First Owner,Petrol,Automatic,FWD,1496 cc,105.94 bhp,17.8 kmpl,4.0,No,5 Seats,1135 kg,,42 Litres,,
Maruti Suzuki Baleno,₹5.38 Lakh,Jun 2021,"31,912 Kms",First Owner,Diesel,Manual,FWD,1248 cc,74 bhp,27.39 kmpl,4.0,Yes,5 Seats,960-985 kg,170 mm,,37 Litres,
Maruti Suzuki Swift,₹3.30 Lakh,Nov 2016,"1,10,435 Kms",First Owner,Petrol,Manual,FWD,1197 cc,88.50 bhp,22.38 kmpl,4.0,,5 Seats,875-905 kg,,37 Litres,,
Honda Jazz,₹5.08 Lakh,Dec 2020,"53,915 Kms",First Owner,Petrol,Automatic,,1199 cc,88.50 bhp,17.1 kmpl,4.0,,5 Seats,1085 kg,,40 Litres,,
Honda Jazz,₹3.68 Lakh,Jul 2016,"40,445 Kms",First Owner,Petrol,Automatic,FWD,1199 cc,88.7 bhp,19 kmpl,4.0,No,5 Seats,1062 kg,165 mm,40 Litres,,
Sportz BSVI,₹6.10 Lakh,2020,"87,000 Kms",First Owner,Petrol,Manual,,1197 cc,81.80 bhp,21 kmpl,4.0,No,5 Seats,1120 kg,,37 Litres,,
Maruti Suzuki Baleno,₹4.52 Lakh,Jan 2016,"64,806 Kms",First Owner,Diesel,Manual,FWD,1248 cc,74 bhp,27.39 kmpl,4.0,Yes,5 Seats,985 kg,170 mm,,37 Litres,
Maruti Suzuki Swift Dzire,₹5.70 Lakh,Dec 2020,"56,000 Kms",First Owner,Petrol,Manual,FWD,1197 cc,81.80 bhp,21.21 kmpl,4.0,No,5 Seats,860-895 kg,163 mm,37 Litres,,
Maruti Suzuki Swift,₹4.75 Lakh,Jan 2019,"62,000 Kms",First Owner,Petrol,Manual,FWD,1197 cc,81.80 bhp,21.21 kmpl,4.0,No,5 Seats,855-885 kg,163 mm,37 Litres,,
Hyundai Xcent,₹3.33 Lakh,Jul 2017,"87,000 Kms",First Owner,Diesel,Manual,FWD,1120 cc,71 bhp,24.4 kmpl,3.0,Yes,5 Seats,1120 kg,165 mm,,43 Litres,
Hyundai Xcent,₹3.59 Lakh,Jul 2014,"43,687 Kms",First Owner,Petrol,Manual,FWD,1197 cc,81.86 bhp,20.14 kmpl,4.0,No,5 Seats,1120 kg,165 mm,43 Litres,,
Hyundai Grand i10,₹3.12 Lakh,Oct 2017,"1,17,518 Kms",First Owner,Petrol,Manual,FWD,1197 cc,81.86 bhp,18.9 kmpl,4.0,No,5 Seats,1100 kg,165 mm,43 Litres,,
Maruti Suzuki Baleno,₹3.97 Lakh,Sept 2017,"57,446 Kms",First Owner,Petrol,Automatic,FWD,1197 cc,83.1 bhp,21.4 kmpl,4.0,No,5 Seats,910 kg,170 mm,37 Litres,,
Hyundai Grand i10,₹4.79 Lakh,Mar 2019,"65,996 Kms",Second Owner,Petrol,Automatic,FWD,1197 cc,81.86 bhp,18.9 kmpl,4.0,No,5 Seats,1200 kg,165 mm,43 Litres,,
Mahindra KUV 100 NXT,₹3.30 Lakh,Mar 2018,"1,25,416 Kms",First Owner,Petrol,Manual,FWD,1198 cc,82 bhp,18.15 kmpl,3.0,No,6 Seats,975 kg,170 mm,35 Litres,,
Maruti Suzuki Baleno,₹5.05 Lakh,Sept 2017,"68,000 Kms",First Owner,Petrol,Manual,FWD,1197 cc,83.1 bhp,21.4 kmpl,4.0,No,5 Seats,870 kg,170 mm,37 Litres,,
Maruti Suzuki Wagon R,₹4.41 Lakh,Mar 2019,"48,700 Kms",First Owner,Petrol,Manual,FWD,998 cc,67.05 bhp,21.79 kmpl,3.0,No,5 Seats,805-825 kg,,32 Litres,,
Toyota Etios Cross,₹3.35 Lakh,Jan 2015,"85,000 Kms",First Owner,Diesel,Manual,FWD,1364 cc,67.06 bhp,23.59 kmpl,4.0,Yes,5 Seats,1030 kg,174 mm,,45 Litres,
Hyundai Grand i10 Nios,₹5.90 Lakh,Sept 2022,"25,000 Kms",First Owner,Petrol,Manual,,1197 cc,81.86 bhp,20.7 kmpl,4.0,No,5 Seats,1160 kg,,37 Litres,,
Honda Jazz,₹5.75 Lakh,Oct 2020,"21,170 Kms",First Owner,Petrol,Automatic,FWD,1199 cc,88.7 bhp,18.2 kmpl,4.0,No,5 Seats,1066 kg,165 mm,40 Litres,,
Hyundai Verna,₹4.95 Lakh,Nov 2015,"84,000 Kms",Second Owner,Petrol,Manual,FWD,1591 cc,121.3 bhp,17.01 kmpl,4.0,No,5 Seats,1250 kg,165 mm,43 Litres,,
1.2 V AT i VTEC,₹3.75 Lakh,Oct 2016,"73,933 Kms",First Owner,Petrol,Automatic,FWD,1199 cc,88.7 bhp,19 kmpl,4.0,No,5 Seats,1066 kg,165 mm,40 Litres,,
Honda Jazz,₹5.75 Lakh,Nov 2018,"56,000 Kms",First Owner,Petrol,Automatic,FWD,1199 cc,88.7 bhp,18.2 kmpl,4.0,No,5 Seats,1066 kg,165 mm,40 Litres,,
Hyundai Grand i10 Nios,₹5.50 Lakh,Aug 2020,"52,000 Kms",First Owner,Petrol,Manual,,1197 cc,81.86 bhp,20.7 kmpl,4.0,No,5 Seats,1160 kg,,37 Litres,,
Skoda Slavia,₹8.28 Lakh,Nov 2022,"13,874 Kms",First Owner,Petrol,Manual,FWD,999 cc,113.98 bhp,19.47 kmpl,3.0,Yes,5 Seats,1160-1215 kg,179 mm,45 Litres,,
Honda City,₹7.95 Lakh,Feb 2021,"56,073 Kms",First Owner,Petrol,Automatic,,1498 cc,119.35 bhp,18.3 kmpl,4.0,,5 Seats,1107-1153 kg,,40 Litres,,
Tata Altroz,₹6.18 Lakh,Jul 2024,"18,587 Kms",Second Owner,Petrol,Manual,,1199 cc,86.83 bhp,19.33 kmpl,3.0,No,5 Seats,1025 kg,165 mm,,,
Maruti Suzuki Vitara Brezza,₹8.32 Lakh,Sept 2022,"1,04,960 Kms",First Owner,Petrol,Manual,FWD,1462 cc,103.26 bhp,17.03 kmpl,4.0,,5 Seats,1110-1130 kg,,48 Litres,,
Tata Altroz,₹6.97 Lakh,May 2022,"45,883 Kms",First Owner,Petrol,Manual,,1199 cc,86.83 bhp,19.33 kmpl,3.0,No,5 Seats,1030 kg,165 mm,,,
Maruti Suzuki Vitara Brezza,₹6.98 Lakh,Oct 2019,"83,512 Kms",First Owner,,Manual,FWD,1248 cc,88.5 bhp,24.3 kmpl,4.0,Yes,5 Seats,1190 kg,198 mm,,48 Litres,
Hyundai i10,₹2.53 Lakh,Feb 2012,"45,803 Kms",First Owner,Petrol,Manual,FWD,1086 cc,68.05 bhp,19.81 kmpl,4.0,No,5 Seats,860 kg,165 mm,35 Litres,,
Maruti Suzuki Wagon R,₹2.72 Lakh,Jun 2015,"85,390 Kms",Second Owner,Petrol,Manual,FWD,998 cc,65.71 bhp,24.35 kmpl,3.0,,5 Seats,825 kg,,32 Litres,,
Hyundai Grand i10,₹2.79 Lakh,Oct 2017,"1,36,055 Kms",First Owner,Petrol,Manual,FWD,1197 cc,81.86 bhp,18.9 kmpl,4.0,No,5 Seats,1120 kg,165 mm,43 Litres,,
Hyundai Grand i10,₹2.83 Lakh,Jun 2017,"1,04,734 Kms",First Owner,Petrol,Manual,FWD,1197 cc,81.86 bhp,18.9 kmpl,4.0,No,5 Seats,1120 kg,165 mm,43 Litres,,
Hyundai i10,₹2.14 Lakh,Apr 2014,"91,613 Kms",Second Owner,Petrol,Manual,FWD,1086 cc,68.05 bhp,19.81 kmpl,4.0,No,5 Seats,860 kg,165 mm,35 Litres,,
Hyundai EON,₹2.70 Lakh,Mar 2018,"52,879 Kms",First Owner,Petrol,Manual,RWD,814 cc,,22 kmpl,3.0,No,5 Seats,910 kg,,32 Litres,,
Hyundai i10,₹2.20 Lakh,Jan 2015,"84,452 Kms",First Owner,Petrol,Manual,FWD,1086 cc,68.05 bhp,19.81 kmpl,4.0,No,5 Seats,860 kg,165 mm,35 Litres,,
Hyundai Grand i10,₹2.78 Lakh,Sept 2015,"1,32,775 Kms",First Owner,Petrol,Manual,FWD,1197 cc,82 bhp,18.9 kmpl,4.0,No,5 Seats,935 kg,165 mm,43 Litres,,
Renault KWID,₹2.16 Lakh,May 2016,"82,231 Kms",Second Owner,Petrol,Manual,FWD,799 cc,53.3 bhp,25.17 kmpl,3.0,No,5 Seats,710 kg,180 mm,28 Litres,,
Datsun RediGO,₹2.55 Lakh,Feb 2022,"60,674 Kms",First Owner,Petrol,Manual,FWD,799 cc,53.64 bhp,20.71 kmpl,3.0,No,5 Seats,750 kg,187 mm,28 Litres,,
Tata Tiago,₹2.39 Lakh,Oct 2016,"69,660 Kms",Second Owner,Petrol,Manual,FWD,1199 cc,84 bhp,23.84 kmpl,3.0,No,5 Seats,980 kg,170 mm,35 Litres,,
Hyundai Grand i10,₹2.85 Lakh,Aug 2016,"1,00,562 Kms",First Owner,Petrol,Manual,FWD,1197 cc,82 bhp,18.9 kmpl,4.0,No,5 Seats,935 kg,165 mm,43 Litres,,
Maruti Suzuki Alto K10,₹2.39 Lakh,Nov 2017,"34,734 Kms",First Owner,Petrol,Manual,FWD,998 cc,65.71 bhp,24.39 kmpl,3.0,,5 Seats,,,27 Litres,,
Hyundai i20,₹2.67 Lakh,Nov 2013,"66,887 Kms",First Owner,Petrol,Manual,FWD,1197 cc,82.85 bhp,18.5 kmpl,4.0,No,5 Seats,1040 kg,,45 Litres,,
Hyundai EON,₹2.13 Lakh,Dec 2018,"80,744 Kms",First Owner,Petrol,Manual,FWD,814 cc,55.2 bhp,21.1 kmpl,3.0,No,5 Seats,910 kg,170 mm,32 Litres,,
Nissan Sunny,₹2.99 Lakh,Jun 2016,"79,000 Kms",First Owner,Petrol,Manual,FWD,1498 cc,97.6 bhp,16.95 kmpl,4.0,No,5 Seats,1080 kg,165 mm,41 Litres,,
1.2 S Option MT,₹2.90 Lakh,Nov 2018,"85,000 Kms",Second Owner,Petrol,Manual,FWD,1198 cc,86.8 bhp,18.5 kmpl,4.0,No,5 Seats,930 kg,165 mm,35 Litres,,
Maruti Suzuki Swift Dzire,₹2.35 Lakh,Jun 2011,"80,000 Kms",Second Owner,Petrol,Manual,2 WD,1298 cc,85.8 bhp,17.5 kmpl,4.0,No,5 Seats,1025 kg,170 mm,43 Litres,,
Hyundai Xcent,₹2.43 Lakh,Feb 2015,"1,28,390 Kms",Third Owner,Petrol,Manual,FWD,1197 cc,82 bhp,19.1 kmpl,4.0,No,5 Seats,1160 kg,165 mm,43 Litres,,
Hyundai i10,₹2.18 Lakh,Jun 2016,"83,170 Kms",Second Owner,Petrol,Manual,FWD,1086 cc,68.05 bhp,19.81 kmpl,4.0,No,5 Seats,860 kg,165 mm,35 Litres,,
Honda Brio,₹2.88 Lakh,Oct 2013,"48,106 Kms",Second Owner,Petrol,Manual,FWD,1198 cc,86.8 bhp,19.4 kmpl,4.0,No,5 Seats,925 kg,165 mm,35 Litres,,
Honda Brio,₹2.50 Lakh,Jun 2015,"78,876 Kms",Second Owner,Petrol,Manual,FWD,1198 cc,86.8 bhp,19.4 kmpl,4.0,No,5 Seats,925 kg,165 mm,35 Litres,,
Honda Brio,₹2.90 Lakh,Nov 2018,"85,000 Kms",Second Owner,Petrol,Manual,FWD,1198 cc,86.8 bhp,18.5 kmpl,4.0,No,5 Seats,930 kg,165 mm,35 Litres,,
Hyundai i10,₹2.25 Lakh,Jan 2015,"92,000 Kms",Second Owner,Petrol,Manual,FWD,1086 cc,68.05 bhp,19.81 kmpl,4.0,No,5 Seats,860 kg,165 mm,35 Litres,,
Hyundai i10,₹2.75 Lakh,Apr 2013,"72,000 Kms",First Owner,Petrol,Manual,FWD,1197 cc,78.9 bhp,20.36 kmpl,4.0,No,5 Seats,930 kg,165 mm,35 Litres,,
Hyundai EON,₹2.20 Lakh,Aug 2014,"46,701 Kms",First Owner,Petrol,Manual,FWD,814 cc,55.2 bhp,21.1 kmpl,3.0,No,5 Seats,880 kg,,32 Litres,,
Tata Tiago,₹2.76 Lakh,Nov 2018,"89,990 Kms",First Owner,Petrol,Manual,FWD,1199 cc,84 bhp,23.84 kmpl,3.0,No,5 Seats,980 kg,170 mm,35 Litres,,
Maruti Suzuki Celerio,₹2.93 Lakh,Dec 2017,"37,807 Kms",First Owner,Petrol,Manual,FWD,998 cc,67.77 bhp,25.24 kmpl,3.0,,5 Seats,810 kg,,32 Litres,,
Hyundai Verna,₹6.75 Lakh,Jan 2019,"78,000 Kms",First Owner,Diesel,Manual,FWD,1582 cc,126.2 bhp,22 kmpl,4.0,Yes,5 Seats,1255 kg,165 mm,,45 Litres,
Maruti Suzuki XL6,₹8.49 Lakh,Dec 2021,"36,000 Kms",First Owner,Petrol,Manual,FWD,1462 cc,103.2 bhp,19.01 kmpl,4.0,,6 Seats,1180 kg,,45 Litres,,
Honda Amaze,₹5.01 Lakh,Nov 2019,"79,738 Kms",Second Owner,Petrol,Automatic,FWD,1199 cc,89 bhp,19.46 kmpl,4.0,,5 Seats,952-986 kg,172 mm,35 Litres,,
Honda Jazz,₹3.60 Lakh,Mar 2016,"30,000 Kms",First Owner,Petrol,Manual,FWD,1199 cc,88.7 bhp,18.7 kmpl,4.0,No,5 Seats,1042 kg,165 mm,40 Litres,,
Renault KWID,₹2.22 Lakh,Aug 2017,"44,461 Kms",Second Owner,Petrol,Manual,FWD,799 cc,53.3 bhp,25.17 kmpl,3.0,No,5 Seats,710 kg,180 mm,28 Litres,,
Maruti Suzuki Ciaz,₹4.21 Lakh,Apr 2017,"1,10,104 Kms",First Owner,Diesel,Manual,FWD,1248 cc,88.5 bhp,28.09 kmpl,4.0,Yes,5 Seats,1115 kg,170 mm,,43 Litres,
Maruti Suzuki Celerio,₹4.25 Lakh,Sept 2017,"64,000 Kms",Second Owner,Petrol,Automatic,FWD,998 cc,67.04 bhp,23.1 kmpl,3.0,No,5 Seats,847 kg,165 mm,35 Litres,,
Volkswagen Polo,₹2.70 Lakh,Aug 2016,"1,24,000 Kms",Second Owner,Petrol,Manual,FWD,1199 cc,74 bhp,16.2 kmpl,3.0,No,5 Seats,1030 kg,165 mm,45 Litres,,
Maruti Suzuki Grand Vitara,₹14 Lakh,Dec 2023,"29,809 Kms",First Owner,,Automatic,FWD,1462 cc,101.64 bhp,20.58 kmpl,4.0,,5 Seats,1185-1210 kg,210 mm,45 Litres,,
Volkswagen Taigun,₹11.34 Lakh,Mar 2022,"59,360 Kms",First Owner,,Automatic,FWD,999 cc,113.98 bhp,17.23 kmpl,3.0,Yes,5 Seats,1255 kg,188 mm,50 Litres,,
Volkswagen Taigun,₹12 Lakh,May 2022,"40,129 Kms",First Owner,,Automatic,FWD,999 cc,113.98 bhp,17.23 kmpl,3.0,Yes,5 Seats,1255 kg,188 mm,50 Litres,,
Tata Harrier,₹14.85 Lakh,Aug 2022,"62,624 Kms",First Owner,Diesel,Automatic,,1956 cc,167.67 bhp,14.6 kmpl,4.0,Yes,5 Seats,1700 kg,,,50 Litres,
Tata Harrier,₹11.24 Lakh,Apr 2021,"52,858 Kms",First Owner,Diesel,Automatic,,1956 cc,167.67 bhp,14.6 kmpl,4.0,Yes,5 Seats,1700 kg,,,50 Litres,
Maruti Suzuki Ciaz,₹6.56 Lakh,May 2022,"17,011 Kms",First Owner,Petrol,Manual,FWD,1462 cc,103.25 bhp,20.65 kmpl,4.0,,5 Seats,1110 kg,,43 Litres,,
Honda City,₹4.49 Lakh,Jun 2015,"82,000 Kms",Second Owner,Diesel,Manual,FWD,1498 cc,98.6 bhp,26 kmpl,4.0,Yes,5 Seats,1150 kg,165 mm,,40 Litres,
Hyundai Alcazar,₹15.90 Lakh,Jun 2022,"47,000 Kms",First Owner,Diesel,Automatic,,1493 cc,113.98 bhp,18.1 kmpl,4.0,Yes,6 Seats,1675 kg,,,50 Litres,
Hyundai Verna,₹4.68 Lakh,Mar 2016,"99,607 Kms",Third Owner,Diesel,Manual,FWD,1582 cc,126.32 bhp,23.9 kmpl,4.0,Yes,5 Seats,1250 kg,165 mm,,43 Litres,
Maruti Suzuki Ciaz,₹4.24 Lakh,Jan 2017,"1,15,424 Kms",First Owner,Diesel,Manual,FWD,1248 cc,88.5 bhp,28.09 kmpl,4.0,Yes,5 Seats,1115 kg,170 mm,,43 Litres,
Kia Seltos,₹8.90 Lakh,Sept 2021,"49,000 Kms",First Owner,Petrol,Manual,FWD,1497 cc,113.43 bhp,16.8 kmpl,4.0,No,5 Seats,1340 kg,,50 Litres,,
Toyota Innova Crysta,₹17.21 Lakh,Aug 2019,"1,16,000 Kms",First Owner,Diesel,Manual,RWD,2393 cc,147.8 bhp,,4.0,Yes,7 Seats,1815 kg,,,55 Litres,
Hyundai Santro,₹4.18 Lakh,Mar 2019,"41,484 Kms",First Owner,CNG,Manual,FWD,1086 cc,58 bhp,30.48 km/kg,4.0,No,5 Seats,1070 kg,,,,60 Litres
Tata Tiago,₹3.50 Lakh,Nov 2016,"38,000 Kms",First Owner,Diesel,Manual,FWD,1047 cc,69 bhp,27.28 kmpl,3.0,Yes,5 Seats,1050 kg,165 mm,,35 Litres,
Maruti Suzuki Celerio,₹3.74 Lakh,Apr 2017,"59,000 Kms",First Owner,Petrol,Automatic,FWD,998 cc,67.04 bhp,23.1 kmpl,3.0,No,5 Seats,840 kg,120 mm,35 Litres,,
Mahindra XUV500,₹6.38 Lakh,Dec 2016,"86,309 Kms",First Owner,Diesel,Manual,FWD,2179 cc,152.87 bhp,,4.0,Yes,7 Seats,1595 kg,200 mm,,70 Litres,
Ford Ecosport,₹6.51 Lakh,Jun 2021,"47,254 Kms",First Owner,Diesel,Manual,FWD,1498 cc,99.23 bhp,21.7 kmpl,4.0,Yes,5 Seats,1277 kg,,,52 Litres,
Maruti Suzuki Vitara Brezza,₹6.23 Lakh,Aug 2016,"87,052 Kms",First Owner,Petrol,Manual,FWD,1462 cc,103.26 bhp,17.03 kmpl,4.0,,5 Seats,1110-1130 kg,,48 Litres,,
Honda Amaze,₹7.03 Lakh,Apr 2022,"55,654 Kms",First Owner,Petrol,Automatic,FWD,1199 cc,88.76 bhp,18.3 kmpl,4.0,No,5 Seats,945 kg,,35 Litres,,
Skoda Slavia,₹9.60 Lakh,May 2023,"54,809 Kms",First Owner,Petrol,Automatic,FWD,999 cc,113.98 bhp,19.36 kmpl,3.0,Yes,5 Seats,1219-1252 kg,145 mm,45 Litres,,
Hyundai i20,₹8.27 Lakh,Jan 2022,"31,609 Kms",First Owner,Petrol,Automatic,,998 cc,118.36 bhp,20.28 kmpl,3.0,Yes,5 Seats,1260 kg,,37 Litres,,
Maruti Suzuki Vitara Brezza,₹6.02 Lakh,Apr 2017,"87,686 Kms",First Owner,,Manual,FWD,1248 cc,88.5 bhp,24.3 kmpl,4.0,Yes,5 Seats,1210 kg,198 mm,,48 Litres,
Toyota Innova,₹6.50 Lakh,Oct 2015,"1,43,000 Kms",Fourth Owner,Diesel,Manual,RWD,2494 cc,100.6 bhp,,4.0,Yes,7 Seats,1675 kg,176 mm,,55 Litres,
Hyundai i20,₹8.10 Lakh,Sept 2024,"27,000 Kms",First Owner,Petrol,Manual,FWD,1197 cc,82 bhp,16 kmpl,4.0,,5 Seats,,,37 Litres,,
Hyundai Creta,₹8.08 Lakh,Jul 2020,"73,596 Kms",First Owner,Petrol,Manual,,1497 cc,113.18 bhp,14 kmpl,4.0,No,5 Seats,1430 kg,,50 Litres,,
Tata Nexon,₹6.15 Lakh,Oct 2021,"28,526 Kms",First Owner,Petrol,Manual,,1199 cc,118.35 bhp,17.33 kmpl,3.0,Yes,5 Seats,1230 kg,209 mm,44 Litres,,
Tata Nexon,₹4.68 Lakh,Jul 2018,"1,34,623 Kms",Second Owner,Petrol,Automatic,FWD,1198 cc,108.5 bhp,17 kmpl,3.0,Yes,5 Seats,1252 kg,,44 Litres,,
Hyundai Grand i10,₹4.19 Lakh,Oct 2019,"86,450 Kms",First Owner,Petrol,Manual,FWD,1197 cc,81.86 bhp,18.9 kmpl,4.0,No,5 Seats,1100 kg,165 mm,43 Litres,,
Honda Jazz,₹3.85 Lakh,Sept 2015,"53,000 Kms",Second Owner,Petrol,Automatic,FWD,1199 cc,88.7 bhp,19 kmpl,4.0,No,5 Seats,1062 kg,165 mm,40 Litres,,
Honda City,₹5.56 Lakh,Sept 2017,"1,31,594 Kms",First Owner,Petrol,Manual,FWD,1497 cc,117.3 bhp,17.8 kmpl,4.0,No,5 Seats,1065 kg,165 mm,40 Litres,,
Honda City,₹4.37 Lakh,Feb 2015,"1,04,073 Kms",First Owner,Petrol,Automatic,FWD,1497 cc,117.3 bhp,18 kmpl,4.0,No,5 Seats,1065 kg,165 mm,40 Litres,,
Hyundai Xcent,₹3.75 Lakh,May 2016,"72,000 Kms",Second Owner,Petrol,Manual,FWD,1197 cc,82 bhp,19.1 kmpl,4.0,No,5 Seats,1160 kg,165 mm,43 Litres,,
Maruti Suzuki Celerio,₹2.94 Lakh,Aug 2017,"1,06,075 Kms",First Owner,Petrol,Automatic,FWD,998 cc,67.77 bhp,26 kmpl,3.0,,5 Seats,820 kg,,32 Litres,,
Maruti Suzuki Vitara Brezza,₹6.94 Lakh,Mar 2019,"97,846 Kms",First Owner,,Manual,FWD,1248 cc,88.5 bhp,24.3 kmpl,4.0,Yes,5 Seats,1210 kg,198 mm,,48 Litres,
Tata Nexon,₹11.75 Lakh,Feb 2024,"45,000 Kms",First Owner,,Automatic,FWD,1497 cc,113.31 bhp,24.08 kmpl,4.0,Yes,5 Seats,,208 mm,,44 Litres,
Honda Amaze,₹5.89 Lakh,Jul 2021,"37,243 Kms",First Owner,Petrol,Manual,FWD,1199 cc,89 bhp,18.65 kmpl,4.0,,5 Seats,952-986 kg,172 mm,35 Litres,,
Maruti Suzuki Alto K10,₹4.95 Lakh,Dec 2025,"1,484 Kms",First Owner,Petrol,Manual,FWD,998 cc,65.71 bhp,24.39 kmpl,3.0,,5 Seats,,,27 Litres,,
Tata Altroz,₹4.43 Lakh,Jan 2021,"1,43,911 Kms",First Owner,Diesel,Manual,,1497 cc,88.77 bhp,23.64 kmpl,4.0,Yes,5 Seats,1105 kg,165 mm,,,
Maruti Suzuki Celerio,₹4 Lakh,Jan 2018,"32,033 Kms",Second Owner,Petrol,Automatic,FWD,998 cc,67.05 bhp,21.63 kmpl,3.0,No,5 Seats,850 kg,165 mm,35 Litres,,
Maruti Suzuki Swift Dzire,₹3.32 Lakh,Feb 2014,"1,01,822 Kms",Second Owner,Diesel,Manual,FWD,1248 cc,74 bhp,23.4 kmpl,4.0,Yes,5 Seats,1060 kg,170 mm,,42 Litres,
Nissan Magnite,₹4.62 Lakh,Jan 2021,"65,910 Kms",First Owner,Petrol,Manual,,999 cc,71.02 bhp,18.75 kmpl,3.0,No,5 Seats,939 kg,205 mm,40 Litres,,
Honda Brio,₹3.33 Lakh,Jun 2015,"74,596 Kms",First Owner,Petrol,Automatic,FWD,1198 cc,86.8 bhp,16.5 kmpl,4.0,No,5 Seats,970 kg,165 mm,35 Litres,,
Maruti Suzuki Celerio,₹3.16 Lakh,Oct 2015,"78,098 Kms",First Owner,Petrol,Automatic,FWD,998 cc,67.77 bhp,26.68 kmpl,3.0,,5 Seats,815 kg,,32 Litres,,
Maruti Suzuki Wagon R,₹4.48 Lakh,Sept 2022,"49,466 Kms",First Owner,Petrol,Manual,FWD,1197 cc,81.80 bhp,20.52 kmpl,4.0,No,5 Seats,830-845 kg,,32 Litres,,
Honda Amaze,₹4.75 Lakh,Nov 2018,"94,289 Kms",First Owner,Diesel,Manual,FWD,1498 cc,98.63 bhp,27.4 kmpl,4.0,Yes,5 Seats,1021 kg,170 mm,,35 Litres,
Volkswagen Polo,₹4.76 Lakh,Jan 2020,"66,402 Kms",First Owner,Petrol,Manual,FWD,999 cc,75.10 bhp,17.74 kmpl,3.0,No,5 Seats,1015 kg,165 mm,45 Litres,,
Hyundai Xcent,₹3.23 Lakh,Oct 2016,"1,12,065 Kms",First Owner,Petrol,Manual,FWD,1197 cc,82 bhp,19.1 kmpl,4.0,No,5 Seats,1120 kg,165 mm,43 Litres,,
Ford Ecosport,₹5.48 Lakh,Sept 2018,"91,789 Kms",First Owner,Petrol,Manual,FWD,1496 cc,120.69 bhp,15.9 kmpl,3.0,No,5 Seats,1225 kg,,52 Litres,,
Hyundai i20,₹3.65 Lakh,Jan 2015,"1,24,344 Kms",First Owner,Petrol,Manual,FWD,1197 cc,81.83 bhp,18.6 kmpl,4.0,No,5 Seats,1066 kg,170 mm,45 Litres,,
Honda Amaze 2nd Gen,₹3.48 Lakh,Dec 2016,"1,25,361 Kms",First Owner,Petrol,Manual,FWD,1199 cc,88.50 bhp,18.6 kmpl,4.0,,5 Seats,920 kg,,35 Litres,,
Honda Amaze 2nd Gen,₹3.30 Lakh,Aug 2016,"56,595 Kms",First Owner,Petrol,Manual,FWD,1199 cc,88.50 bhp,18.6 kmpl,4.0,,5 Seats,934 kg,,35 Litres,,
Maruti Suzuki Baleno,₹5.13 Lakh,Oct 2021,"74,405 Kms",First Owner,Petrol,Manual,FWD,1197 cc,83.1 bhp,21.4 kmpl,4.0,No,5 Seats,880 kg,170 mm,37 Litres,,
Hyundai Grand i10,₹4.12 Lakh,Mar 2017,"33,335 Kms",First Owner,Petrol,Manual,FWD,1197 cc,81.86 bhp,18.9 kmpl,4.0,No,5 Seats,1120 kg,165 mm,43 Litres,,
Hyundai Grand i10,₹4.28 Lakh,Oct 2018,"68,634 Kms",First Owner,Petrol,Manual,FWD,1197 cc,81.86 bhp,18.9 kmpl,4.0,No,5 Seats,1120 kg,165 mm,43 Litres,,
Hyundai Grand i10,₹3.65 Lakh,Jul 2015,"1,01,238 Kms",First Owner,Petrol,Manual,FWD,1197 cc,81.86 bhp,18.9 kmpl,4.0,No,5 Seats,1120 kg,165 mm,43 Litres,,
Hyundai Grand i10 Nios,₹5.75 Lakh,Jun 2023,"32,424 Kms",First Owner,Petrol,Manual,FWD,1197 cc,82 bhp,18 kmpl,4.0,,5 Seats,,,37 Litres,,
Hyundai Grand i10,₹3.41 Lakh,Jun 2014,"95,519 Kms",First Owner,Petrol,Manual,FWD,1197 cc,81.86 bhp,18.9 kmpl,4.0,No,5 Seats,1120 kg,165 mm,43 Litres,,
Hyundai i20,₹4.85 Lakh,Jan 2021,"45,507 Kms",Second Owner,Petrol,Manual,,998 cc,118.36 bhp,20 kmpl,3.0,Yes,5 Seats,1240 kg,,37 Litres,,
Maruti Suzuki Baleno,₹5.40 Lakh,Jan 2022,"74,225 Kms",First Owner,Diesel,Manual,FWD,1248 cc,74 bhp,27.39 kmpl,4.0,Yes,5 Seats,960-985 kg,170 mm,,37 Litres,
S,₹3.35 Lakh,Jul 2016,"1,10,692 Kms",First Owner,Petrol,Manual,FWD,1199 cc,88.50 bhp,18.6 kmpl,4.0,,5 Seats,920 kg,,35 Litres,,
Hyundai Grand i10,₹3.53 Lakh,Jun 2018,"90,626 Kms",First Owner,Petrol,Manual,FWD,1197 cc,81.86 bhp,18.9 kmpl,4.0,No,5 Seats,1100 kg,165 mm,43 Litres,,
Hyundai Grand i10,₹4.35 Lakh,Mar 2018,"64,546 Kms",First Owner,Petrol,Manual,FWD,1197 cc,81.86 bhp,18.9 kmpl,4.0,No,5 Seats,1060 kg,165 mm,43 Litres,,
Hyundai Xcent,₹4.02 Lakh,Jul 2016,"35,624 Kms",Second Owner,Petrol,Manual,,,,,4.0,,,1120 kg,,,,
Maruti Suzuki Ignis,₹3.09 Lakh,Jul 2018,"85,435 Kms",Third Owner,Petrol,Automatic,FWD,1197 cc,81.80 bhp,20.89 kmpl,4.0,No,5 Seats,855 kg,180 mm,32 Litres,,
Renault Captur,₹4.41 Lakh,May 2018,"83,295 Kms",First Owner,Petrol,Manual,FWD,1498 cc,104.55 bhp,13.87 kmpl,4.0,Yes,5 Seats,1295 kg,,50 Litres,,
Kia Seltos,₹7.51 Lakh,Apr 2021,"93,486 Kms",Second Owner,Petrol,Automatic,2WD,1353 cc,138 bhp,16.2 kmpl,4.0,Yes,5 Seats,1505 kg,,50 Litres,,
Maruti Suzuki Vitara Brezza,₹6.63 Lakh,Aug 2019,"74,726 Kms",Second Owner,,Manual,FWD,1248 cc,88.5 bhp,24.3 kmpl,4.0,Yes,5 Seats,1190 kg,198 mm,,48 Litres,
Maruti Suzuki Celerio X,₹3.55 Lakh,Apr 2019,"60,000 Kms",First Owner,Petrol,Automatic,FWD,998 cc,67 bhp,21.63 kmpl,3.0,No,5 Seats,850 kg,165 mm,35 Litres,,
Honda City,₹5.11 Lakh,Dec 2015,"54,000 Kms",First Owner,Diesel,Manual,FWD,1498 cc,98.6 bhp,26 kmpl,4.0,Yes,5 Seats,1150 kg,165 mm,,40 Litres,
Honda City,₹5.25 Lakh,Nov 2015,"17,802 Kms",First Owner,Petrol,Automatic,FWD,1497 cc,117.3 bhp,18 kmpl,4.0,No,5 Seats,1065 kg,165 mm,40 Litres,,
Tata Tigor,₹5.25 Lakh,Jul 2024,"16,000 Kms",First Owner,Petrol,Manual,,1199 cc,84.82 bhp,19.28 kmpl,3.0,,5 Seats,1030 kg,,35 Litres,,
Tata Tiago,₹3.60 Lakh,Jul 2019,"62,000 Kms",First Owner,Petrol,Manual,FWD,1199 cc,84 bhp,23.84 kmpl,3.0,No,5 Seats,980 kg,170 mm,35 Litres,,
Hyundai Grand i10,₹4 Lakh,Jul 2017,"35,245 Kms",First Owner,Petrol,Manual,FWD,1197 cc,81.86 bhp,18.9 kmpl,4.0,No,5 Seats,1140 kg,165 mm,43 Litres,,
Volkswagen Ameo,₹3.75 Lakh,Jul 2019,"42,000 Kms",First Owner,Petrol,Manual,FWD,999 cc,75 bhp,19.44 kmpl,3.0,No,5 Seats,1039 kg,165 mm,45 Litres,,
Honda City,₹5.25 Lakh,Nov 2015,"53,000 Kms",First Owner,Petrol,Automatic,FWD,1497 cc,117.3 bhp,18 kmpl,4.0,No,5 Seats,1085 kg,165 mm,40 Litres,,
Honda Amaze,₹5.75 Lakh,Mar 2021,"46,000 Kms",First Owner,Petrol,Manual,FWD,1199 cc,88.76 bhp,18.6 kmpl,4.0,No,5 Seats,917 kg,,35 Litres,,
Hyundai Grand i10 Nios,₹5.50 Lakh,Jan 2020,"64,000 Kms",First Owner,Petrol,Manual,,1197 cc,81.86 bhp,20.7 kmpl,4.0,No,5 Seats,1160 kg,,37 Litres,,
Honda City,₹4.70 Lakh,May 2015,"75,000 Kms",First Owner,Diesel,Manual,FWD,1498 cc,98.6 bhp,26 kmpl,4.0,Yes,5 Seats,1150 kg,165 mm,,40 Litres,
Maruti Suzuki Ciaz,₹5 Lakh,Sept 2016,"70,000 Kms",First Owner,Diesel,Manual,FWD,1248 cc,88.5 bhp,28.09 kmpl,4.0,Yes,5 Seats,1135 kg,170 mm,,43 Litres,
Honda Mobilio,₹3.25 Lakh,Aug 2014,"90,000 Kms",Second Owner,Diesel,Manual,FWD,1498 cc,98.6 bhp,24.2 kmpl,4.0,Yes,7 Seats,1246 kg,189 mm,,42 Litres,
Hyundai Grand i10 Nios,₹5.75 Lakh,Nov 2020,"33,000 Kms",First Owner,Petrol,Automatic,,1197 cc,81.86 bhp,20.7 kmpl,4.0,No,5 Seats,1140 kg,,37 Litres,,
Maruti Suzuki Wagon R,₹2.37 Lakh,Feb 2012,"64,692 Kms",First Owner,Petrol,Manual,,998 cc,65.71 bhp,24.35 kmpl,3.0,,5 Seats,810-835 kg,,32 Litres,,
Hyundai i10,₹2.95 Lakh,Aug 2014,"47,118 Kms",First Owner,Petrol,Manual,FWD,1086 cc,68.05 bhp,19.81 kmpl,4.0,No,5 Seats,860 kg,165 mm,35 Litres,,
Maruti Suzuki Alto 800,₹2 Lakh,Dec 2016,"61,741 Kms",First Owner,Petrol,Manual,,796 cc,47.33 bhp,22.05 kmpl,3.0,,5 Seats,755 kg,,35 Litres,,
Maruti Suzuki Swift Dzire,₹2.60 Lakh,Nov 2015,"98,134 Kms",First Owner,Petrol,Manual,FWD,1197 cc,83.14 bhp,20.85 kmpl,4.0,No,5 Seats,935 kg,170 mm,42 Litres,,
Maruti Suzuki Wagon R,₹2.59 Lakh,Sept 2016,"76,637 Kms",First Owner,Petrol,Manual,FWD,998 cc,67.04 bhp,20.51 kmpl,3.0,No,5 Seats,885 kg,165 mm,35 Litres,,
Hyundai i10,₹2.20 Lakh,Jan 2016,"1,23,220 Kms",First Owner,Petrol,Manual,FWD,1086 cc,68.05 bhp,19.81 kmpl,4.0,No,5 Seats,860 kg,165 mm,35 Litres,,
Maruti Suzuki S-Presso,₹2.85 Lakh,May 2021,"55,031 Kms",First Owner,Petrol,Manual,FWD,998 cc,65.71 bhp,21.7 kmpl,3.0,,5 Seats,736-775 kg,,27 Litres,,
Maruti Suzuki Alto 800,₹2.59 Lakh,Jun 2018,"61,328 Kms",First Owner,Petrol,Manual,,796 cc,47.33 bhp,22.05 kmpl,3.0,,5 Seats,755 kg,,35 Litres,,
Datsun RediGO,₹1.46 Lakh,Jun 2018,"58,031 Kms",First Owner,Petrol,Manual,2WD,799 cc,53.64 bhp,22.7 kmpl,3.0,No,5 Seats,770 kg,,28 Litres,,
Hyundai EON,₹1.77 Lakh,Aug 2013,"64,939 Kms",Third Owner,Petrol,Manual,RWD,814 cc,,22 kmpl,3.0,No,5 Seats,910 kg,,32 Litres,,
Hyundai i10,₹2.75 Lakh,Jun 2014,"18,301 Kms",First Owner,Petrol,Manual,FWD,1086 cc,68.05 bhp,19.81 kmpl,4.0,No,5 Seats,860 kg,165 mm,35 Litres,,
Tata Zest,₹2.91 Lakh,May 2016,"86,234 Kms",Second Owner,Petrol,Manual,FWD,1193 cc,88.7 bhp,17.57 kmpl,4.0,Yes,5 Seats,1115 kg,170 mm,44 Litres,,
Honda Brio,₹2.79 Lakh,May 2013,"52,033 Kms",First Owner,Petrol,Manual,FWD,1198 cc,86.8 bhp,19.4 kmpl,4.0,No,5 Seats,925 kg,165 mm,35 Litres,,
Volkswagen Polo,₹2.10 Lakh,Nov 2013,"86,413 Kms",Second Owner,Petrol,Manual,FWD,1198 cc,73.9 bhp,16.47 kmpl,3.0,No,5 Seats,1055 kg,168 mm,45 Litres,,
Renault KWID,₹2.81 Lakh,Oct 2020,"28,244 Kms",First Owner,Petrol,Manual,FWD,999 cc,67 bhp,23.01 kmpl,3.0,No,5 Seats,765 kg,180 mm,28 Litres,,
Maruti Suzuki Wagon R,₹2.50 Lakh,Oct 2014,"77,405 Kms",Second Owner,Petrol,Manual,FWD,998 cc,65.71 bhp,24.35 kmpl,3.0,,5 Seats,825 kg,,32 Litres,,
Maruti Suzuki Wagon R,₹2.56 Lakh,Nov 2015,"78,955 Kms",Second Owner,Petrol,Manual,FWD,998 cc,67.04 bhp,20.51 kmpl,3.0,No,5 Seats,890 kg,165 mm,35 Litres,,
Hyundai EON,₹1.41 Lakh,Nov 2013,"53,813 Kms",Second Owner,Petrol,Manual,FWD,814 cc,55.2 bhp,21.1 kmpl,3.0,No,5 Seats,880 kg,170 mm,32 Litres,,
Hyundai i10,₹2.97 Lakh,Jan 2015,"20,802 Kms",First Owner,Petrol,Manual,FWD,1086 cc,68.05 bhp,19.81 kmpl,4.0,No,5 Seats,860 kg,165 mm,35 Litres,,
Renault KWID,₹1.54 Lakh,Sept 2016,"90,905 Kms",Second Owner,Petrol,Manual,FWD,799 cc,53.3 bhp,25.17 kmpl,3.0,No,5 Seats,710 kg,180 mm,28 Litres,,
Mahindra KUV 100,₹2.75 Lakh,Feb 2018,"70,000 Kms",First Owner,,Manual,FWD,1198 cc,82 bhp,18.15 kmpl,3.0,No,6 Seats,1115 kg,170 mm,35 Litres,,
Honda Amaze,₹2.99 Lakh,Sept 2016,"82,000 Kms",Second Owner,Petrol,Manual,FWD,1198 cc,86.7 bhp,18 kmpl,4.0,No,5 Seats,950 kg,165 mm,35 Litres,,
Volkswagen Vento,₹2.25 Lakh,Nov 2012,"66,000 Kms",First Owner,Petrol,Manual,FWD,1598 cc,103.6 bhp,15.04 kmpl,4.0,No,5 Seats,1130 kg,168 mm,55 Litres,,
Hyundai EON,₹2 Lakh,May 2017,"88,000 Kms",Second Owner,Petrol,Manual,FWD,814 cc,55.2 bhp,21.1 kmpl,3.0,No,5 Seats,860 kg,170 mm,32 Litres,,
Toyota Etios,₹2.65 Lakh,Apr 2014,"87,000 Kms",Second Owner,Diesel,Manual,FWD,1364 cc,67.05 bhp,23.59 kmpl,4.0,Yes,5 Seats,1015 kg,174 mm,,45 Litres,
Hyundai Santro Xing,₹2 Lakh,Mar 2012,"50,000 Kms",First Owner,Petrol,Manual,,1086 cc,62 bhp,,4.0,No,5 Seats,854 kg,164 mm,35 Litres,,
Hyundai i10,₹2.25 Lakh,May 2012,"58,000 Kms",First Owner,Petrol,Manual,FWD,1086 cc,68.05 bhp,19.81 kmpl,4.0,No,5 Seats,860 kg,165 mm,35 Litres,,
MG Hector,₹11.06 Lakh,Jul 2019,"36,774 Kms",First Owner,,Manual,FWD,1956 cc,167.67 bhp,15.58 kmpl,4.0,,5 Seats,1900 kg,192 mm,,60 Litres,
Tata Harrier,₹10.98 Lakh,Nov 2022,"66,450 Kms",First Owner,Diesel,Manual,FWD,1956 cc,167.63 bhp,17 kmpl,4.0,Yes,5 Seats,1695 kg,,,50 Litres,
Hyundai Grand i10,₹3.59 Lakh,Oct 2014,"75,556 Kms",Second Owner,Petrol,Manual,FWD,1197 cc,81.86 bhp,18.9 kmpl,4.0,No,5 Seats,1060 kg,165 mm,43 Litres,,
Hyundai Grand i10,₹3.50 Lakh,Jan 2018,"1,01,431 Kms",First Owner,Petrol,Manual,FWD,1197 cc,81.86 bhp,18.9 kmpl,4.0,No,5 Seats,1120 kg,165 mm,43 Litres,,
Tata Altroz,₹4.68 Lakh,Oct 2020,"1,08,010 Kms",First Owner,Diesel,Manual,,1497 cc,88.77 bhp,23.64 kmpl,4.0,Yes,5 Seats,1105 kg,165 mm,,,
Hyundai EON,₹1.83 Lakh,Nov 2015,"1,13,498 Kms",First Owner,Petrol,Manual,FWD,814 cc,55.2 bhp,21.1 kmpl,3.0,No,5 Seats,910 kg,170 mm,32 Litres,,
Maruti Suzuki Alto 800,₹2.48 Lakh,Sept 2019,"78,227 Kms",First Owner,Petrol,Manual,FWD,796 cc,47.3 bhp,24.7 kmpl,3.0,No,5 Seats,762 kg,160 mm,35 Litres,,
Tata Zest,₹2.25 Lakh,Jun 2016,"87,000 Kms",First Owner,Diesel,Manual,FWD,1248 cc,88.7 bhp,23 kmpl,4.0,Yes,5 Seats,1155 kg,165 mm,,44 Litres,
MG Hector,₹9.73 Lakh,Aug 2019,"70,930 Kms",First Owner,Diesel,Manual,FWD,1956 cc,167.68 bhp,17.41 kmpl,4.0,Yes,5 Seats,1525 kg,,,60 Litres,
Kia Seltos,₹9.82 Lakh,Mar 2020,"70,180 Kms",First Owner,Petrol,Automatic,FWD,1353 cc,138.08 bhp,16.5 kmpl,4.0,Yes,5 Seats,1535 kg,,50 Litres,,
Tata Altroz,₹5.18 Lakh,Dec 2021,"34,372 Kms",First Owner,Petrol,Manual,FWD,1199 cc,86.79 bhp,19.33 kmpl,3.0,No,5 Seats,,165 mm,37 Litres,,
Mahindra Scorpio N,₹21.90 Lakh,Nov 2024,"45,000 Kms",First Owner,Diesel,Automatic,4WD,2198 cc,172.45 bhp,15.42 kmpl,4.0,Yes,7 Seats,,,,57 Litres,
Tata Punch,₹6.63 Lakh,Nov 2022,"15,654 Kms",First Owner,,Manual,FWD,1199 cc,86.63 bhp,20.09 kmpl,3.0,,5 Seats,,187 mm,37 Litres,,
Hyundai Verna,₹7.10 Lakh,Nov 2021,"80,614 Kms",First Owner,Petrol,Manual,,1497 cc,113.18 bhp,17.7 kmpl,4.0,,5 Seats,1180 kg,,45 Litres,,
Maruti Suzuki Swift,₹6.62 Lakh,Jul 2023,"43,304 Kms",First Owner,Petrol,Automatic,FWD,1197 cc,88.50 bhp,22.56 kmpl,4.0,,5 Seats,875-905 kg,,37 Litres,,
Honda WR-V,₹7.94 Lakh,Apr 2022,"42,812 Kms",First Owner,,Manual,FWD,1199 cc,88.7 bhp,17.5 kmpl,4.0,No,5 Seats,1103 kg,188 mm,40 Litres,,
Maruti Suzuki Ciaz,₹8.30 Lakh,May 2022,"52,361 Kms",First Owner,Petrol,Automatic,FWD,1373 cc,91.1 bhp,19.12 kmpl,4.0,No,5 Seats,1030 kg,170 mm,43 Litres,,
Mahindra XUV500,₹7.90 Lakh,Oct 2017,"67,000 Kms",Second Owner,,Manual,FWD,2179 cc,140 bhp,16 kmpl,4.0,Yes,7 Seats,1655 kg,200 mm,,70 Litres,
Maruti Suzuki Brezza,₹9.25 Lakh,Sept 2022,"31,000 Kms",First Owner,Petrol,Manual,,1462 cc,101.65 bhp,19.89 kmpl,4.0,,5 Seats,1140 kg,,48 Litres,,
Maruti Suzuki Wagon R,₹4.43 Lakh,Jul 2021,"19,865 Kms",First Owner,Petrol,Manual,FWD,1197 cc,81.80 bhp,20.52 kmpl,4.0,No,5 Seats,830-845 kg,,32 Litres,,
Maruti Suzuki Vitara Brezza,₹5.73 Lakh,Sept 2016,"73,268 Kms",First Owner,,Manual,FWD,1248 cc,88.5 bhp,24.3 kmpl,4.0,Yes,5 Seats,1200 kg,198 mm,,48 Litres,
Hyundai EON,₹1.65 Lakh,Nov 2016,"71,758 Kms",Second Owner,Petrol,Manual,FWD,814 cc,55.2 bhp,21.1 kmpl,3.0,No,5 Seats,910 kg,170 mm,32 Litres,,
Honda Amaze,₹2.50 Lakh,Aug 2013,"85,835 Kms",First Owner,Diesel,Manual,FWD,1498 cc,98.6 bhp,25.8 kmpl,4.0,Yes,5 Seats,1055 kg,165 mm,,35 Litres,
Kia Seltos,₹11.10 Lakh,Jul 2021,"67,925 Kms",First Owner,Diesel,Automatic,FWD,1493 cc,113.43 bhp,18 kmpl,4.0,Yes,5 Seats,1540 kg,,,50 Litres,
Mahindra XUV300,₹7.28 Lakh,Feb 2021,"86,908 Kms",Second Owner,,Manual,FWD,1497 cc,115 bhp,20 kmpl,4.0,Yes,5 Seats,1465 kg,180 mm,,42 Litres,
Ford Ecosport,₹3.23 Lakh,Apr 2016,"1,02,703 Kms",Third Owner,,Manual,FWD,1498 cc,98.59 bhp,22.77 kmpl,4.0,Yes,5 Seats,1240 kg,200 mm,,52 Litres,
Maruti Suzuki Alto 800,₹2.40 Lakh,Oct 2015,"45,672 Kms",First Owner,Petrol,Manual,FWD,796 cc,46.3 bhp,19.7 kmpl,3.0,No,5 Seats,705 kg,160 mm,35 Litres,,
Jeep Compass,₹13.50 Lakh,Jun 2021,"52,858 Kms",Second Owner,Petrol,Automatic,4x2,1368 cc,160.77 bhp,14.1 kmpl,4.0,,5 Seats,1580 kg,,60 Litres,,
MG Hector,₹12.20 Lakh,Mar 2022,"18,158 Kms",First Owner,,Automatic,FWD,1451 cc,141 bhp,9 kmpl,4.0,Yes,5 Seats,1820 kg,192 mm,60 Litres,,
Hyundai Creta,₹10.50 Lakh,Feb 2021,"66,000 Kms",First Owner,Petrol,Automatic,,1497 cc,113.18 bhp,14 kmpl,4.0,No,5 Seats,1450 kg,,50 Litres,,
Tata Harrier,₹14.90 Lakh,May 2022,"67,000 Kms",First Owner,Diesel,Automatic,,1956 cc,167.67 bhp,14.6 kmpl,4.0,Yes,5 Seats,1700 kg,,,50 Litres,
Maruti Suzuki Alto K10,₹4.56 Lakh,Jun 2023,"42,818 Kms",First Owner,CNG,Manual,FWD,998 cc,55.92 bhp,33.85 km/kg,3.0,,4 Seats,,,,,55 Litres
Kia Seltos,₹9.90 Lakh,Jan 2021,"94,000 Kms",First Owner,Diesel,Manual,FWD,1493 cc,113.43 bhp,20.8 kmpl,4.0,Yes,5 Seats,1475 kg,,,50 Litres,
Ford Ecosport,₹3.25 Lakh,Jul 2015,"72,000 Kms",Second Owner,,Manual,FWD,1499 cc,110.4 bhp,15.85 kmpl,4.0,No,5 Seats,1200 kg,200 mm,52 Litres,,
Hyundai Creta,₹16.90 Lakh,Apr 2024,"36,000 Kms",First Owner,,Manual,FWD,1493 cc,114 bhp,21.8 kmpl,4.0,Yes,5 Seats,,190 mm,,50 Litres,
Kia Seltos,₹11.90 Lakh,Jun 2021,"37,000 Kms",First Owner,Diesel,Manual,FWD,1493 cc,113.43 bhp,20.8 kmpl,4.0,Yes,5 Seats,1535 kg,,,50 Litres,
Hyundai i10,₹1.87 Lakh,Oct 2012,"66,638 Kms",Third Owner,Petrol,Manual,FWD,1086 cc,68.05 bhp,19.81 kmpl,4.0,No,5 Seats,860 kg,165 mm,35 Litres,,
Maruti Suzuki Alto K10,₹3 Lakh,Oct 2017,"40,118 Kms",First Owner,Petrol,Manual,FWD,998 cc,67.05 bhp,23.95 kmpl,3.0,No,5 Seats,779 kg,160 mm,35 Litres,,
Toyota Innova Crysta,₹16 Lakh,Jun 2020,"99,000 Kms",First Owner,Diesel,Manual,RWD,2393 cc,148 bhp,,4.0,Yes,7 Seats,1840 kg,,,55 Litres,
Ford Endeavour,₹17.90 Lakh,May 2018,"61,000 Kms",Second Owner,,Automatic,4WD,3198 cc,197 bhp,10.91 kmpl,4.0,Yes,7 Seats,1879 kg,225 mm,,80 Litres,
Hyundai Grand i10,₹4.11 Lakh,Aug 2018,"35,771 Kms",Second Owner,Petrol,Manual,FWD,1197 cc,81.86 bhp,18.9 kmpl,4.0,No,5 Seats,1120 kg,165 mm,43 Litres,,
Toyota Innova,₹3.50 Lakh,Feb 2010,"2,53,000 Kms",First Owner,Diesel,Manual,,2494 cc,,12.8 kmpl,4.0,No,8 Seats,1660 kg,176 mm,,55 Litres,
Maruti Suzuki Alto 800,₹3.55 Lakh,Jul 2023,"12,900 Kms",First Owner,Petrol,Manual,,796 cc,47.33 bhp,22.05 kmpl,3.0,,5 Seats,757 kg,,35 Litres,,
Datsun GO,₹1.45 Lakh,Nov 2017,"46,000 Kms",First Owner,Petrol,Manual,FWD,1198 cc,67.06 bhp,20.63 kmpl,3.0,No,5 Seats,845 kg,170 mm,35 Litres,,
Hyundai Creta,₹7.90 Lakh,Aug 2019,"61,000 Kms",First Owner,Petrol,Manual,FWD,1591 cc,121.3 bhp,15.8 kmpl,4.0,No,5 Seats,1300 kg,,55 Litres,,
Hyundai Grand i10,₹3.47 Lakh,May 2014,"74,501 Kms",Second Owner,Petrol,Manual,FWD,1197 cc,81.86 bhp,18.9 kmpl,4.0,No,5 Seats,1060 kg,165 mm,43 Litres,,
Honda WR-V,₹3.53 Lakh,Jun 2017,"79,377 Kms",First Owner,,Manual,FWD,1199 cc,88.7 bhp,17.5 kmpl,4.0,No,5 Seats,1084 kg,188 mm,40 Litres,,
Honda City,₹4.77 Lakh,Apr 2017,"51,454 Kms",First Owner,Petrol,Automatic,FWD,1497 cc,117.6 bhp,18 kmpl,4.0,No,5 Seats,1080 kg,165 mm,40 Litres,,
Ford Ecosport,₹3.74 Lakh,May 2015,"87,733 Kms",Third Owner,,Manual,FWD,1498 cc,98.59 bhp,22.77 kmpl,4.0,Yes,5 Seats,1240 kg,200 mm,,52 Litres,
Ford Ecosport,₹4.77 Lakh,Sept 2018,"94,635 Kms",First Owner,,Automatic,FWD,1497 cc,121.36 bhp,14.8 kmpl,3.0,No,5 Seats,1320 kg,200 mm,52 Litres,,
Maruti Suzuki Vitara Brezza,₹5.84 Lakh,Nov 2017,"71,121 Kms",First Owner,,Manual,FWD,1248 cc,88.5 bhp,24.3 kmpl,4.0,Yes,5 Seats,1210 kg,198 mm,,48 Litres,
Maruti Suzuki Wagon R,₹4.22 Lakh,Jan 2024,"48,555 Kms",First Owner,Petrol,Manual,FWD,1197 cc,88.50 bhp,23.56 kmpl,4.0,,5 Seats,835 kg,,32 Litres,,
Maruti Suzuki Swift Dzire,₹4.15 Lakh,Aug 2019,"89,000 Kms",First Owner,Petrol,Automatic,FWD,1197 cc,81.80 bhp,21.21 kmpl,4.0,No,5 Seats,860-895 kg,163 mm,37 Litres,,
Honda City,₹4.88 Lakh,Nov 2016,"72,466 Kms",First Owner,Petrol,Automatic,FWD,1497 cc,117.3 bhp,18 kmpl,4.0,No,5 Seats,1085 kg,165 mm,40 Litres,,
Maruti Suzuki S Cross,₹4.58 Lakh,Apr 2016,"87,661 Kms",First Owner,,Manual,FWD,1598 cc,118 bhp,22.7 kmpl,4.0,Yes,5 Seats,1250 kg,180 mm,,48 Litres,
Maruti Suzuki Celerio,₹3.02 Lakh,Nov 2016,"1,17,129 Kms",First Owner,Petrol,Automatic,FWD,998 cc,67.77 bhp,26.68 kmpl,3.0,,5 Seats,815 kg,,32 Litres,,
Maruti Suzuki S Cross,₹5.63 Lakh,Jul 2022,"87,740 Kms",First Owner,Petrol,Manual,FWD,1462 cc,103.25 bhp,18.55 kmpl,4.0,,5 Seats,1130-1170 kg,,48 Litres,,
Maruti Suzuki Baleno,₹4.05 Lakh,Apr 2016,"83,880 Kms",First Owner,Diesel,Manual,FWD,1248 cc,74 bhp,27.39 kmpl,4.0,Yes,5 Seats,960-985 kg,170 mm,,37 Litres,
Hyundai Grand i10,₹3.69 Lakh,Apr 2018,"86,919 Kms",Second Owner,Petrol,Automatic,FWD,1197 cc,81.86 bhp,18.9 kmpl,4.0,No,5 Seats,1200 kg,165 mm,43 Litres,,
Honda WR-V,₹4 Lakh,May 2017,"66,000 Kms",First Owner,,Manual,FWD,1199 cc,88.7 bhp,17.5 kmpl,4.0,No,5 Seats,1084 kg,188 mm,40 Litres,,
Hyundai Grand i10 Nios,₹5.75 Lakh,Jun 2020,"58,000 Kms",First Owner,Petrol,Automatic,,1197 cc,81.86 bhp,20.7 kmpl,4.0,No,5 Seats,1140 kg,,37 Litres,,
Renault Triber,₹3.50 Lakh,Dec 2020,"80,000 Kms",Second Owner,Petrol,Manual,FWD,999 cc,72 bhp,20 kmpl,3.0,No,7 Seats,947 kg,182 mm,40 Litres,,
Tata Nexon,₹4.50 Lakh,Aug 2019,"99,000 Kms",First Owner,Petrol,Automatic,FWD,1198 cc,108.5 bhp,17 kmpl,3.0,Yes,5 Seats,1252 kg,,44 Litres,,
Volkswagen Polo,₹4.25 Lakh,Apr 2015,"68,500 Kms",First Owner,Diesel,Manual,FWD,1498 cc,88 bhp,20.14 kmpl,4.0,Yes,5 Seats,1142 kg,165 mm,,45 Litres,
Maruti Suzuki Swift Dzire,₹4.50 Lakh,Jul 2016,"45,000 Kms",First Owner,Petrol,Manual,FWD,1197 cc,83.14 bhp,20.85 kmpl,4.0,No,5 Seats,945 kg,170 mm,42 Litres,,
Maruti Suzuki Wagon R,₹3.15 Lakh,Oct 2015,"51,000 Kms",First Owner,Petrol,Manual,FWD,998 cc,67.04 bhp,20.51 kmpl,3.0,No,5 Seats,885 kg,165 mm,35 Litres,,
Hyundai Creta,₹17.25 Lakh,Apr 2024,"77,000 Kms",First Owner,,Automatic,FWD,1493 cc,114 bhp,19.1 kmpl,4.0,Yes,5 Seats,,190 mm,,50 Litres,
Hyundai Creta,₹5.49 Lakh,Mar 2016,"1,20,527 Kms",First Owner,,Manual,FWD,1591 cc,121.3 bhp,13 kmpl,4.0,No,5 Seats,1280 kg,190 mm,55 Litres,,
Honda Elevate,₹12.13 Lakh,Mar 2024,"16,698 Kms",First Owner,Petrol,Manual,FWD,1498 cc,119 bhp,15.31 kmpl,4.0,,5 Seats,1259 kg,,40 Litres,,
Renault KWID,₹2.05 Lakh,Oct 2018,"91,312 Kms",First Owner,Petrol,Manual,FWD,999 cc,67 bhp,23.01 kmpl,3.0,No,5 Seats,710 kg,180 mm,,,
Honda Jazz,₹2.97 Lakh,Oct 2016,"66,451 Kms",First Owner,Petrol,Manual,FWD,1199 cc,88.7 bhp,18.7 kmpl,4.0,No,5 Seats,1042 kg,165 mm,40 Litres,,
Maruti Suzuki Wagon R,₹2.40 Lakh,Jul 2013,"89,719 Kms",First Owner,Petrol,Manual,,998 cc,65.71 bhp,24.35 kmpl,3.0,,5 Seats,810-835 kg,,32 Litres,,
Maruti Suzuki Alto 800,₹1.30 Lakh,Apr 2014,"53,831 Kms",Second Owner,Petrol,Manual,,796 cc,47.33 bhp,22.05 kmpl,3.0,,5 Seats,755 kg,,35 Litres,,
Maruti Suzuki Alto 800,₹1.81 Lakh,Jul 2017,"96,898 Kms",First Owner,Petrol,Manual,,796 cc,47.33 bhp,22.05 kmpl,3.0,,5 Seats,755 kg,,35 Litres,,
Maruti Suzuki Alto 800,₹2.34 Lakh,Aug 2015,"68,926 Kms",First Owner,Petrol,Manual,FWD,796 cc,46.3 bhp,19.7 kmpl,3.0,No,5 Seats,705 kg,160 mm,35 Litres,,
Maruti Suzuki Wagon R,₹2.55 Lakh,Jul 2014,"68,930 Kms",Second Owner,Petrol,Manual,FWD,998 cc,65.71 bhp,24.35 kmpl,3.0,,5 Seats,825 kg,,32 Litres,,
Renault KWID,₹2.55 Lakh,Apr 2016,"58,295 Kms",First Owner,Petrol,Manual,FWD,999 cc,67 bhp,21.74 kmpl,3.0,No,5 Seats,730 kg,184 mm,28 Litres,,
Maruti Suzuki Alto 800,₹2.23 Lakh,Nov 2019,"74,869 Kms",First Owner,Petrol,Manual,,796 cc,47.33 bhp,22.05 kmpl,3.0,,5 Seats,755 kg,,35 Litres,,
Ford Ecosport,₹2.85 Lakh,Aug 2014,"91,332 Kms",Second Owner,,Manual,FWD,999 cc,123.37 bhp,18.88 kmpl,3.0,Yes,5 Seats,1290 kg,200 mm,52 Litres,,
Maruti Suzuki Wagon R,₹2.30 Lakh,Feb 2013,"70,987 Kms",First Owner,Petrol,Manual,,998 cc,65.71 bhp,24.35 kmpl,3.0,,5 Seats,810-835 kg,,32 Litres,,
Volkswagen Vento,₹2.99 Lakh,Oct 2014,"82,000 Kms",Second Owner,Petrol,Automatic,FWD,1197 cc,103.2 bhp,16.93 kmpl,4.0,Yes,5 Seats,1164 kg,168 mm,55 Litres,,
Maruti Suzuki Alto 800,₹2.70 Lakh,Apr 2016,"44,913 Kms",First Owner,Petrol,Manual,FWD,796 cc,46.3 bhp,19.7 kmpl,3.0,No,5 Seats,705 kg,160 mm,35 Litres,,
Maruti Suzuki Wagon R,₹2.45 Lakh,Apr 2013,"74,601 Kms",First Owner,Petrol,Manual,,998 cc,65.71 bhp,24.35 kmpl,3.0,,5 Seats,810-835 kg,,32 Litres,,
Hyundai EON,₹1.89 Lakh,Aug 2013,"1,12,704 Kms",Second Owner,Petrol,Manual,FWD,814 cc,55.2 bhp,21.1 kmpl,3.0,No,5 Seats,910 kg,170 mm,32 Litres,,
Datsun RediGO,₹1.34 Lakh,Sept 2016,"58,519 Kms",First Owner,Petrol,Manual,2WD,799 cc,53.64 bhp,22.7 kmpl,3.0,No,5 Seats,770 kg,,28 Litres,,
Maruti Suzuki Wagon R,₹2.54 Lakh,Apr 2013,"57,941 Kms",First Owner,Petrol,Manual,FWD,998 cc,65.71 bhp,24.35 kmpl,3.0,,5 Seats,825 kg,,32 Litres,,
Hyundai i10,₹1.73 Lakh,May 2013,"76,739 Kms",Second Owner,Petrol,Manual,FWD,1086 cc,68.05 bhp,19.81 kmpl,4.0,No,5 Seats,860 kg,165 mm,35 Litres,,
Maruti Suzuki Alto 800,₹2.76 Lakh,Oct 2019,"55,121 Kms",First Owner,Petrol,Manual,FWD,796 cc,46.3 bhp,19.7 kmpl,3.0,No,5 Seats,705 kg,160 mm,35 Litres,,
Maruti Suzuki Swift,₹2.89 Lakh,May 2012,"1,03,139 Kms",First Owner,Petrol,Manual,FWD,1197 cc,81.80 bhp,21.21 kmpl,4.0,No,5 Seats,855-885 kg,163 mm,37 Litres,,
Maruti Suzuki Celerio,₹2.62 Lakh,Apr 2015,"59,825 Kms",First Owner,Petrol,Automatic,FWD,998 cc,67.77 bhp,26.68 kmpl,3.0,,5 Seats,815 kg,,32 Litres,,
Chevrolet Aveo U-VA,₹80 Thousand,Nov 2011,"1,62,964 Kms",First Owner,Petrol,Manual,FWD,1150 cc,,14.7 kmpl,4.0,No,5 Seats,1075 kg,188 mm,45 Litres,,
Maruti Suzuki Ritz,₹1.51 Lakh,Dec 2009,"72,000 Kms",Third Owner,Diesel,Manual,FWD,1248 cc,73.9 bhp,21.1 kmpl,4.0,No,5 Seats,1100 kg,170 mm,,43 Litres,
Hyundai EON,₹1.55 Lakh,Jun 2013,"54,000 Kms",First Owner,Petrol,Manual,FWD,814 cc,55.2 bhp,21.1 kmpl,3.0,No,5 Seats,910 kg,170 mm,32 Litres,,
Chevrolet Spark,₹1 Lakh,Nov 2008,"60,000 Kms",First Owner,Petrol,Manual,FWD,995 cc,62 bhp,18 kmpl,4.0,No,5 Seats,840 kg,170 mm,35 Litres,,
Maruti Suzuki Alto 800,₹2.62 Lakh,Apr 2021,"1,04,562 Kms",First Owner,Petrol,Manual,,796 cc,47.33 bhp,22.05 kmpl,3.0,,5 Seats,755 kg,,35 Litres,,
Mahindra XUV500,₹7.38 Lakh,Apr 2017,"75,343 Kms",Second Owner,,Manual,FWD,2179 cc,152.87 bhp,15.1 kmpl,4.0,Yes,7 Seats,1785 kg,200 mm,,70 Litres,
Tata Altroz,₹6.02 Lakh,Aug 2023,"53,140 Kms",First Owner,Petrol,Automatic,,1199 cc,86.83 bhp,18.5 kmpl,3.0,No,5 Seats,1190 kg,165 mm,37 Litres,,
Maruti Suzuki Swift Dzire,₹6.25 Lakh,Jan 2021,"48,000 Kms",First Owner,Petrol,Manual,FWD,1197 cc,81.80 bhp,21.21 kmpl,4.0,No,5 Seats,860-895 kg,163 mm,37 Litres,,
Maruti Suzuki XL6,₹11 Lakh,2024,"10,000 Kms",First Owner,CNG,Manual,FWD,1462 cc,86.63 bhp,,4.0,,6 Seats,1275 kg,,,,60 Litres
Honda Elevate,₹11 Lakh,2023,"70,000 Kms",First Owner,Petrol,Automatic,FWD,1498 cc,119 bhp,16.92 kmpl,4.0,,5 Seats,1213 kg,,40 Litres,,
Hyundai Creta,₹8.11 Lakh,Apr 2018,"75,000 Kms",First Owner,Petrol,Automatic,FWD,1591 cc,121.3 bhp,14.8 kmpl,4.0,No,5 Seats,1300 kg,,55 Litres,,
Tata Nexon,₹7.50 Lakh,Feb 2021,"50,000 Kms",First Owner,Petrol,Manual,,1199 cc,118.35 bhp,17.33 kmpl,3.0,Yes,5 Seats,1230 kg,209 mm,44 Litres,,
Maruti Suzuki Baleno,₹5.09 Lakh,Mar 2017,"17,208 Kms",First Owner,Diesel,Manual,FWD,1248 cc,74 bhp,27.39 kmpl,4.0,Yes,5 Seats,960-985 kg,170 mm,,37 Litres,
Tata Punch,₹5.63 Lakh,Nov 2022,"45,166 Kms",First Owner,,Manual,FWD,1199 cc,87 bhp,20.09 kmpl,3.0,,5 Seats,,187 mm,37 Litres,,
Mahindra XUV500,₹4.95 Lakh,Sept 2015,"87,000 Kms",Second Owner,,Manual,FWD,2179 cc,140 bhp,16 kmpl,4.0,Yes,7 Seats,1860 kg,200 mm,,70 Litres,
Mahindra Bolero Neo,₹7.25 Lakh,Sept 2021,"56,834 Kms",First Owner,,Manual,RWD(with MTT),1493 cc,100 bhp,17.29 kmpl,3.0,Yes,7 Seats,1505 kg,180 mm,,50 Litres,
Maruti Suzuki Swift,₹2.65 Lakh,Oct 2013,"78,000 Kms",First Owner,Diesel,Manual,FWD,1248 cc,74 bhp,22.9 kmpl,4.0,Yes,5 Seats,1050 kg,170 mm,,42 Litres,
Toyota Innova,₹2.85 Lakh,Nov 2009,"1,30,000 Kms",Fourth Owner,Diesel,Manual,,2494 cc,,12.8 kmpl,4.0,No,8 Seats,1660 kg,176 mm,,55 Litres,
Hyundai Creta,₹6.49 Lakh,Sept 2015,"82,000 Kms",Second Owner,,Automatic,FWD,1582 cc,126.2 bhp,17.01 kmpl,4.0,Yes,5 Seats,1320 kg,190 mm,,55 Litres,
Tata Nexon,₹4.48 Lakh,Sept 2020,"27,089 Kms",Second Owner,Petrol,Manual,FWD,1198 cc,108.5 bhp,17 kmpl,3.0,Yes,5 Seats,1252 kg,,44 Litres,,
Tata Curvv,₹14.34 Lakh,Aug 2025,"11,668 Kms",First Owner,,Manual,FWD,1497 cc,116 bhp,15 kmpl,4.0,Yes,5 Seats,,208 mm,,44 Litres,
Honda Elevate,₹11.64 Lakh,Oct 2023,"18,149 Kms",First Owner,Petrol,Manual,FWD,1498 cc,119 bhp,15.31 kmpl,4.0,,5 Seats,1259 kg,,40 Litres,,
Tata Curvv,₹11.90 Lakh,Oct 2024,"17,000 Kms",First Owner,,Manual,FWD,1199 cc,118 bhp,12 kmpl,3.0,No,5 Seats,,208 mm,44 Litres,,
Kia Seltos,₹11.90 Lakh,Jun 2022,"65,000 Kms",First Owner,Diesel,Automatic,2WD,1493 cc,113.42 bhp,17.8 kmpl,4.0,Yes,5 Seats,1495 kg,,,50 Litres,
Jeep Compass,₹14.75 Lakh,Jun 2021,"50,000 Kms",First Owner,Petrol,Automatic,4x2,1368 cc,160.77 bhp,14.1 kmpl,4.0,,5 Seats,1580 kg,,60 Litres,,
HTX IVT,₹12.90 Lakh,Jul 2023,"39,000 Kms",First Owner,Petrol,Automatic,FWD,1497 cc,113.43 bhp,,4.0,No,5 Seats,1400 kg,,50 Litres,,
Mercedes-Benz CLA,₹18.90 Lakh,Mar 2018,"65,000 Kms",First Owner,Diesel,Automatic,FWD,2143 cc,134.1 bhp,,4.0,Yes,5 Seats,1570 kg,160 mm,,56 Litres,
Jeep Compass,₹9.90 Lakh,Jul 2019,"43,000 Kms",First Owner,,Automatic,4X2,1368 cc,160.77 bhp,16 kmpl,4.0,Yes,5 Seats,1562 s kg,178 mm,60 Litres,,
Renault KWID,₹2 Lakh,Apr 2018,"99,273 Kms",Second Owner,Petrol,Manual,FWD,799 cc,53.3 bhp,25.17 kmpl,3.0,No,5 Seats,710 kg,180 mm,28 Litres,,
Volkswagen Polo,₹3 Lakh,Jul 2015,"88,060 Kms",First Owner,Petrol,Manual,FWD,1199 cc,74 bhp,16.2 kmpl,3.0,No,5 Seats,1030 kg,165 mm,45 Litres,,
Hyundai i10,₹2 Lakh,Jan 2011,"65,000 Kms",First Owner,Petrol,Manual,FWD,1197 cc,78.9 bhp,20.36 kmpl,4.0,No,5 Seats,960 kg,165 mm,35 Litres,,
Hyundai Venue,₹5.94 Lakh,Jun 2019,"64,693 Kms",Second Owner,Petrol,Automatic,FWD,998 cc,118.35 bhp,18.15 kmpl,3.0,Yes,5 Seats,1440 kg,,45 Litres,,
Renault Triber,₹4.19 Lakh,Oct 2023,"57,600 Kms",First Owner,Petrol,Manual,FWD,999 cc,71.01 bhp,20 kmpl,3.0,,7 Seats,,182 mm,40 Litres,,
Nissan Micra,₹1.91 Lakh,Jul 2011,"24,000 Kms",First Owner,Petrol,Manual,FWD,1198 cc,75 bhp,18.06 kmpl,3.0,No,5 Seats,940 kg,,41 Litres,,
Tata Nexon,₹5.25 Lakh,Jul 2019,"60,803 Kms",First Owner,Petrol,Manual,FWD,1198 cc,108.5 bhp,17 kmpl,3.0,Yes,5 Seats,1252 kg,,44 Litres,,
Maruti Suzuki Swift,₹2.95 Lakh,Mar 2013,"1,08,000 Kms",First Owner,Petrol,Manual,FWD,1197 cc,85.8 bhp,18.6 kmpl,4.0,No,5 Seats,970 kg,170 mm,42 Litres,,
Volkswagen Taigun,₹8.47 Lakh,Jun 2022,"54,233 Kms",First Owner,Petrol,Manual,,999 cc,113.98 bhp,20.08 kmpl,3.0,Yes,5 Seats,1255 kg,188 mm,50 Litres,,
Tata Nexon,₹8.75 Lakh,Mar 2023,"44,467 Kms",Second Owner,Petrol,Automatic,,1199 cc,118.35 bhp,17.05 kmpl,3.0,Yes,5 Seats,1310 kg,209 mm,44 Litres,,
Hyundai Venue,₹6.90 Lakh,Sept 2019,"50,000 Kms",Second Owner,Petrol,Automatic,FWD,998 cc,118.35 bhp,18.15 kmpl,3.0,Yes,5 Seats,1440 kg,,45 Litres,,
Toyota Innova Crysta,₹14 Lakh,Sept 2018,"63,000 Kms",First Owner,Diesel,Manual,RWD,2393 cc,147.8 bhp,,4.0,Yes,7 Seats,1805 kg,178 mm,,55 Litres,
Ford Ecosport,₹4.42 Lakh,Oct 2017,"79,818 Kms",First Owner,,Manual,FWD,1498 cc,98.59 bhp,22.77 kmpl,4.0,Yes,5 Seats,1240 kg,200 mm,,52 Litres,
Renault Triber,₹5.33 Lakh,Nov 2022,"37,504 Kms",First Owner,Petrol,Manual,FWD,999 cc,71.01 bhp,20 kmpl,3.0,,7 Seats,,182 mm,40 Litres,,
Honda Brio,₹3.30 Lakh,Jan 2017,"73,535 Kms",First Owner,Petrol,Manual,FWD,1198 cc,86.8 bhp,19.4 kmpl,4.0,No,5 Seats,925 kg,165 mm,35 Litres,,
Renault Triber,₹3.61 Lakh,Jan 2021,"82,282 Kms",First Owner,Petrol,Manual,FWD,999 cc,71.01 bhp,20 kmpl,3.0,,7 Seats,,182 mm,40 Litres,,
Hyundai Xcent,₹3.71 Lakh,Nov 2015,"59,678 Kms",First Owner,Petrol,Manual,FWD,1197 cc,81.86 bhp,20.14 kmpl,4.0,No,5 Seats,1120 kg,165 mm,43 Litres,,
Tata Nexon,₹5.21 Lakh,Sept 2021,"62,590 Kms",First Owner,Petrol,Manual,,1199 cc,118.35 bhp,17.33 kmpl,3.0,,5 Seats,1200 kg,209 mm,44 Litres,,
Honda Brio,₹3.02 Lakh,Mar 2014,"35,438 Kms",First Owner,Petrol,Manual,FWD,1198 cc,86.8 bhp,19.4 kmpl,4.0,No,5 Seats,925 kg,165 mm,35 Litres,,
Renault Kiger,₹5.75 Lakh,Apr 2023,"13,000 Kms",First Owner,,Manual,FWD,999 cc,71 bhp,19.17 kmpl,3.0,No,5 Seats,,205 mm,40 Litres,,
Honda CR-V,₹5.57 Lakh,Sept 2015,"1,07,978 Kms",Second Owner,,Automatic,FWD,1997 cc,153.86 bhp,13.7 kmpl,4.0,No,5 Seats,1505 kg,185 mm,58 Litres,,
Maruti Suzuki Celerio,₹5.18 Lakh,Aug 2024,"22,572 Kms",First Owner,Petrol,Manual,FWD,998 cc,67.77 bhp,25.24 kmpl,3.0,,5 Seats,810 kg,,32 Litres,,
Renault Kiger,₹4.98 Lakh,Jun 2021,"33,171 Kms",First Owner,,Automatic,FWD,999 cc,71 bhp,19.03 kmpl,3.0,No,5 Seats,,205 mm,40 Litres,,
Maruti Suzuki Swift,₹2.93 Lakh,Sept 2013,"93,076 Kms",Second Owner,Petrol,Manual,FWD,1197 cc,81.80 bhp,21.21 kmpl,4.0,No,5 Seats,855-885 kg,163 mm,37 Litres,,
Renault KWID,₹1.91 Lakh,Jul 2018,"57,393 Kms",First Owner,Petrol,Manual,FWD,999 cc,67 bhp,23.01 kmpl,3.0,No,5 Seats,710 kg,180 mm,,,
Datsun GO,₹1.93 Lakh,Nov 2018,"15,519 Kms",First Owner,Petrol,Manual,FWD,1198 cc,67.05 bhp,19.02 kmpl,3.0,No,5 Seats,886 kg,,35 Litres,,
Maruti Suzuki Alto 800,₹2.46 Lakh,Oct 2020,"36,533 Kms",First Owner,Petrol,Manual,,796 cc,47.33 bhp,22.05 kmpl,3.0,,5 Seats,762 kg,,35 Litres,,
Renault KWID,₹1.57 Lakh,Feb 2016,"49,363 Kms",Second Owner,Petrol,Manual,,799 cc,53.26 bhp,22.25 kmpl,3.0,,5 Seats,690 kg,184 mm,28 Litres,,
Maruti Suzuki Alto 800,₹2.60 Lakh,Apr 2018,"48,554 Kms",Second Owner,Petrol,Manual,FWD,796 cc,46.3 bhp,19.7 kmpl,3.0,No,5 Seats,705 kg,160 mm,35 Litres,,
Honda Jazz,₹2.88 Lakh,Aug 2016,"47,889 Kms",First Owner,Petrol,Manual,FWD,1199 cc,88.7 bhp,18.7 kmpl,4.0,No,5 Seats,1042 kg,165 mm,40 Litres,,
Hyundai EON,₹1.71 Lakh,Jan 2016,"49,366 Kms",First Owner,Petrol,Manual,FWD,814 cc,55.2 bhp,21.1 kmpl,3.0,No,5 Seats,880 kg,170 mm,32 Litres,,
Maruti Suzuki Wagon R,₹1.93 Lakh,Nov 2014,"26,947 Kms",Second Owner,Petrol,Manual,FWD,998 cc,67.04 bhp,20.51 kmpl,3.0,No,5 Seats,870 kg,165 mm,35 Litres,,
Maruti Suzuki Alto 800,₹2.50 Lakh,Sept 2018,"56,518 Kms",First Owner,Petrol,Manual,FWD,796 cc,46.3 bhp,19.7 kmpl,3.0,No,5 Seats,705 kg,160 mm,35 Litres,,
Renault KWID,₹2.52 Lakh,Dec 2017,"32,115 Kms",Second Owner,Petrol,Automatic,FWD,999 cc,67 bhp,24.04 kmpl,3.0,No,5 Seats,730 kg,180 mm,28 Litres,,
Hyundai EON,₹1.66 Lakh,Mar 2015,"69,409 Kms",First Owner,Petrol,Manual,FWD,814 cc,55.2 bhp,21.1 kmpl,3.0,No,5 Seats,880 kg,170 mm,32 Litres,,
Maruti Suzuki Alto 800,₹2.41 Lakh,Feb 2017,"46,694 Kms",Second Owner,Petrol,Manual,FWD,796 cc,46.3 bhp,19.7 kmpl,3.0,No,5 Seats,705 kg,160 mm,35 Litres,,
Maruti Suzuki Wagon R,₹2.27 Lakh,Dec 2016,"1,11,054 Kms",First Owner,Petrol,Manual,FWD,998 cc,67.04 bhp,20.51 kmpl,3.0,No,5 Seats,885 kg,165 mm,35 Litres,,
Maruti Suzuki Wagon R,₹2.86 Lakh,Jan 2018,"40,285 Kms",First Owner,Petrol,Manual,FWD,998 cc,67.04 bhp,20.51 kmpl,3.0,No,5 Seats,885 kg,165 mm,35 Litres,,
Renault KWID,₹2.46 Lakh,Feb 2020,"98,570 Kms",First Owner,Petrol,Manual,FWD,999 cc,67 bhp,23.01 kmpl,3.0,No,5 Seats,765 kg,180 mm,28 Litres,,
Renault KWID,₹2.01 Lakh,Nov 2017,"37,890 Kms",First Owner,Petrol,Manual,FWD,999 cc,67 bhp,23.01 kmpl,3.0,No,5 Seats,710 kg,180 mm,28 Litres,,
Maruti Suzuki Alto 800,₹2.17 Lakh,Nov 2015,"43,286 Kms",Second Owner,Petrol,Manual,FWD,796 cc,46.3 bhp,19.7 kmpl,3.0,No,5 Seats,705 kg,160 mm,35 Litres,,
Maruti Suzuki Dzire,₹4.93 Lakh,Sept 2018,"1,07,740 Kms",First Owner,Petrol,Manual,FWD,1197 cc,80 bhp,24.79 kmpl,3.0,,5 Seats,920-960 kg,163 mm,37 Litres,,
Mahindra XUV300,₹5.65 Lakh,Mar 2019,"94,072 Kms",Second Owner,,Manual,FWD,1197 cc,110 bhp,17 kmpl,3.0,Yes,5 Seats,1435 kg,180 mm,42 Litres,,
Maruti Suzuki Vitara Brezza,₹5.44 Lakh,Jun 2018,"1,34,765 Kms",First Owner,,Automatic,FWD,1248 cc,88.5 bhp,24.3 kmpl,4.0,Yes,5 Seats,1195 kg,198 mm,,48 Litres,
Maruti Suzuki Alto 800,₹1.83 Lakh,May 2014,"38,460 Kms",First Owner,Petrol,Manual,,796 cc,47.33 bhp,22.05 kmpl,3.0,,5 Seats,755 kg,,35 Litres,,
Renault KWID,₹1.47 Lakh,Apr 2017,"54,630 Kms",Third Owner,Petrol,Manual,FWD,799 cc,53.3 bhp,25.17 kmpl,3.0,No,5 Seats,710 kg,180 mm,28 Litres,,
Maruti Suzuki Alto 800,₹1.65 Lakh,Mar 2016,"70,174 Kms",Second Owner,Petrol,Manual,,796 cc,47.33 bhp,22.05 kmpl,3.0,,5 Seats,755 kg,,35 Litres,,
MG Hector Plus,₹10.77 Lakh,Nov 2021,"39,075 Kms",First Owner,Petrol,Automatic,,1451 cc,141 bhp,16.56 kmpl,4.0,YES,6 Seats,1820 kg,,60 Litres,,
Tata Harrier,₹13.75 Lakh,Mar 2023,"64,000 Kms",First Owner,Diesel,Manual,,1956 cc,167.67 bhp,16.35 kmpl,4.0,Yes,5 Seats,1675 kg,,,50 Litres,
Tata Curvv,₹15.75 Lakh,Feb 2025,"3,300 Kms",First Owner,,Automatic,FWD,1199 cc,118 bhp,11 kmpl,3.0,No,5 Seats,,208 mm,44 Litres,,
Ford Ecosport,₹7.01 Lakh,May 2019,"24,533 Kms",First Owner,Petrol,Automatic,FWD,1496 cc,120.69 bhp,14.7 kmpl,3.0,No,5 Seats,1300 kg,,52 Litres,,
Tata Tigor,₹5.44 Lakh,Mar 2022,"26,406 Kms",First Owner,Petrol,Manual,FWD,1199 cc,85 bhp,19.28 kmpl,3.0,,5 Seats,,,35 Litres,,
Mahindra Thar,₹11.35 Lakh,Oct 2022,"20,046 Kms",Second Owner,,Automatic,4WD,1997 cc,150.19 bhp,8 kmpl,4.0,Yes,4 Seats,,226 mm,57 Litres,,
Maruti Suzuki Ertiga,₹8.15 Lakh,Apr 2021,"74,000 Kms",First Owner,Petrol,Manual,FWD,1462 cc,103.26 bhp,19.01 kmpl,4.0,No,7 Seats,1135-1170 kg,,45 Litres,,
Jeep Compass,₹9.25 Lakh,Feb 2020,"52,000 Kms",First Owner,,Manual,4X2,1956 cc,170 bhp,17.1 kmpl,4.0,Yes,5 Seats,1537 s kg,178 mm,,60 Litres,
Maruti Suzuki Wagon R,₹3.54 Lakh,Jun 2020,"84,442 Kms",First Owner,Petrol,Manual,FWD,1197 cc,81.80 bhp,20.52 kmpl,4.0,No,5 Seats,830-845 kg,,32 Litres,,
Renault Triber,₹5.26 Lakh,Mar 2023,"73,686 Kms",First Owner,Petrol,Manual,FWD,999 cc,71.01 bhp,20 kmpl,3.0,,7 Seats,,182 mm,40 Litres,,
Mahindra TUV 300,₹4.15 Lakh,May 2016,"81,000 Kms",First Owner,,Manual,RWD,1493 cc,100 bhp,18.49 kmpl,3.0,Yes,7 Seats,1755 kg,184 mm,,60 Litres,
Toyota Etios Liva,₹1.50 Lakh,Feb 2011,"63,000 Kms",First Owner,Petrol,Manual,,1197 cc,,18.3 kmpl,4.0,,5 Seats,895 kg,,45 Litres,,
Toyota Fortuner,₹13 Lakh,Oct 2015,"93,000 Kms",First Owner,,Manual,FWD,2982 cc,168.5 bhp,13 kmpl,4.0,Yes,7 Seats,1880 kg,220 mm,,80 Litres,
Hyundai i20,₹5.30 Lakh,Nov 2020,"76,000 Kms",First Owner,Petrol,Manual,,1197 cc,81.80 bhp,21 kmpl,4.0,No,5 Seats,1105 kg,,37 Litres,,
Ford Ecosport,₹4.79 Lakh,Apr 2019,"89,303 Kms",First Owner,,Manual,FWD,1498 cc,98.96 bhp,23 kmpl,4.0,Yes,5 Seats,1280 kg,200 mm,,52 Litres,
Renault KWID,₹1.72 Lakh,Oct 2017,"48,412 Kms",First Owner,Petrol,Manual,FWD,999 cc,67 bhp,23.01 kmpl,3.0,No,5 Seats,690 kg,180 mm,28 Litres,,
Hyundai Creta,₹5.70 Lakh,Aug 2017,"88,957 Kms",First Owner,,Manual,FWD,1591 cc,121.3 bhp,15.29 kmpl,4.0,No,5 Seats,1300 kg,190 mm,55 Litres,,
Mahindra XUV500,₹4.50 Lakh,Apr 2012,"56,000 Kms",First Owner,Diesel,Manual,AWD,2179 cc,140 bhp,15.1 kmpl,4.0,Yes,7 Seats,1635 kg,,,,
Nissan Terrano,₹4.25 Lakh,Aug 2014,"75,000 Kms",First Owner,,Manual,FWD,1461 cc,108.5 bhp,19.01 kmpl,4.0,Yes,5 Seats,1390 kg,205 mm,,50 Litres,
Mahindra XUV500,₹4.35 Lakh,Jun 2012,"73,000 Kms",Second Owner,Diesel,Manual,FWD,2179 cc,140 bhp,15.1 kmpl,4.0,Yes,7 Seats,1940 kg,,,70 Litres,
Honda WR-V,₹4.20 Lakh,Mar 2018,"1,29,947 Kms",Second Owner,,Manual,FWD,1498 cc,98.6 bhp,25.5 kmpl,4.0,Yes,5 Seats,1198 kg,188 mm,,40 Litres,
Maruti Suzuki Wagon R,₹2.18 Lakh,Dec 2013,"81,417 Kms",Second Owner,CNG,Manual,FWD,998 cc,58.16 bhp,26.6 km/kg,3.0,No,5 Seats,960 kg,165 mm,,,7 Litres
Hyundai i10,₹1.95 Lakh,Apr 2014,"59,160 Kms",Second Owner,Petrol,Manual,FWD,1086 cc,68.05 bhp,19.81 kmpl,4.0,No,5 Seats,860 kg,165 mm,35 Litres,,
Maruti Suzuki Alto 800,₹2.22 Lakh,Dec 2019,"40,800 Kms",First Owner,Petrol,Manual,,796 cc,47.33 bhp,22.05 kmpl,3.0,,5 Seats,755 kg,,35 Litres,,
Hyundai i10,₹1.90 Lakh,Aug 2011,"65,000 Kms",First Owner,Petrol,Manual,FWD,1197 cc,78.9 bhp,20.36 kmpl,4.0,No,5 Seats,930 kg,165 mm,35 Litres,,
Toyota Etios,₹3 Lakh,Feb 2012,"63,000 Kms",Second Owner,Diesel,Manual,,1364 cc,,23.59 kmpl,4.0,,5 Seats,920 kg,,,45 Litres,
Volkswagen Polo,₹1.90 Lakh,Jan 2012,"1,04,000 Kms",Second Owner,Petrol,Manual,FWD,1198 cc,73.9 bhp,16.47 kmpl,3.0,No,5 Seats,1030 kg,168 mm,45 Litres,,
Hyundai Santro Xing,₹1.75 Lakh,Feb 2010,"73,000 Kms",Second Owner,CNG,Manual,FWD,1086 cc,62.1 bhp,11.88 km/kg,3.0,No,5 Seats,845 kg,164 mm,,,35 Litres
Datsun RediGO,₹1.80 Lakh,Mar 2018,"74,000 Kms",First Owner,Petrol,Manual,2WD,999 cc,67 bhp,22.5 kmpl,3.0,No,5 Seats,730 kg,,28 Litres,,
Maruti Suzuki Swift,₹2.66 Lakh,Jun 2011,"57,491 Kms",First Owner,Petrol,Manual,,1197 cc,,16.1 kmpl,4.0,Yes,5 Seats,1010 kg,170 mm,,,
Hyundai Xcent,₹2.15 Lakh,Sept 2015,"1,10,643 Kms",Second Owner,Petrol,Manual,FWD,1197 cc,82 bhp,19.1 kmpl,4.0,No,5 Seats,1160 kg,165 mm,43 Litres,,
Hyundai i10,₹1.78 Lakh,Nov 2012,"71,330 Kms",First Owner,Petrol,Manual,FWD,1086 cc,68.05 bhp,19.81 kmpl,4.0,No,5 Seats,860 kg,165 mm,35 Litres,,
Hyundai Creta,₹8.68 Lakh,Dec 2020,"92,638 Kms",Second Owner,Petrol,Automatic,,1353 cc,138.12 bhp,11 kmpl,4.0,Yes,5 Seats,1465 kg,,50 Litres,,
Mahindra Bolero Neo,₹7.75 Lakh,Sept 2021,"56,000 Kms",First Owner,,Manual,RWD(with MTT),1493 cc,100 bhp,17.29 kmpl,3.0,Yes,7 Seats,1505 kg,180 mm,,50 Litres,
Maruti Suzuki S Cross,₹6.65 Lakh,May 2018,"65,000 Kms",First Owner,,Manual,FWD,1248 cc,88.5 bhp,25.1 kmpl,4.0,Yes,5 Seats,1230 kg,180 mm,,48 Litres,
Hyundai Santro,₹4.75 Lakh,Jun 2021,"13,801 Kms",First Owner,Petrol,Automatic,FWD,1086 cc,68.05 bhp,20.3 kmpl,4.0,No,5 Seats,1070 kg,,35 Litres,,
Mahindra TUV 300,₹3.95 Lakh,Mar 2016,"40,000 Kms",First Owner,,Manual,RWD,1493 cc,100 bhp,18.49 kmpl,3.0,Yes,7 Seats,1725 kg,184 mm,,60 Litres,
Datsun RediGO,₹1.32 Lakh,Aug 2017,"78,773 Kms",Second Owner,Petrol,Manual,2WD,799 cc,53.64 bhp,22.7 kmpl,3.0,No,5 Seats,770 kg,,28 Litres,,
Maruti Suzuki Alto 800,₹2.26 Lakh,Jul 2019,"49,491 Kms",First Owner,Petrol,Manual,,796 cc,47.33 bhp,22.05 kmpl,3.0,,5 Seats,755 kg,,35 Litres,,
Honda Jazz,₹7.62 Lakh,Aug 2022,"32,995 Kms",First Owner,Petrol,Manual,,1199 cc,88.50 bhp,17.1 kmpl,4.0,,5 Seats,1063 kg,,40 Litres,,
Honda Jazz,₹6.51 Lakh,Aug 2021,"52,088 Kms",First Owner,Petrol,Manual,,1199 cc,88.50 bhp,17.1 kmpl,4.0,,5 Seats,1063 kg,,40 Litres,,
Ford Fiesta,₹6.31 Lakh,Jul 2021,"1,09,001 Kms",Second Owner,Petrol,Manual,2wd,1499 cc,,17 kmpl,4.0,No,5 Seats,1117 kg,156 mm,43 Litres,,
Hyundai Elantra,₹7.35 Lakh,May 2017,"48,000 Kms",First Owner,Petrol,Manual,FWD,1999 cc,149.92 bhp,14.59 kmpl,4.0,No,5 Seats,1240 kg,167 mm,50 Litres,,
Mahindra XUV300,₹8.91 Lakh,Jul 2023,"90,859 Kms",First Owner,Petrol,Automatic,FWD,1197 cc,108.62 bhp,16.5 kmpl,3.0,Yes,5 Seats,,,42 Litres,,
Hyundai Creta,₹10.90 Lakh,Jun 2023,"69,000 Kms",First Owner,Diesel,Manual,2WD,1493 cc,113.98 bhp,18 kmpl,4.0,Yes,5 Seats,1430 kg,,,50 Litres,
Maruti Suzuki Celerio,₹3.25 Lakh,Mar 2015,"73,000 Kms",Second Owner,Petrol,Automatic,FWD,998 cc,67.04 bhp,23.1 kmpl,3.0,No,5 Seats,840 kg,120 mm,35 Litres,,
Renault Duster,₹3.61 Lakh,Sept 2018,"77,577 Kms",First Owner,,Manual,FWD,1498 cc,104.5 bhp,14.19 kmpl,4.0,No,5 Seats,1110 kg,205 mm,50 Litres,,
Hyundai Verna,₹5.05 Lakh,Aug 2015,"1,04,380 Kms",Third Owner,Petrol,Manual,FWD,1591 cc,121.3 bhp,17.01 kmpl,4.0,No,5 Seats,1198 kg,170 mm,43 Litres,,
Tata Tiago,₹4.97 Lakh,Aug 2022,"33,404 Kms",First Owner,Petrol,Automatic,FWD,1199 cc,85 bhp,19 kmpl,3.0,,5 Seats,,170 mm,35 Litres,,
Tata Tiago,₹4.01 Lakh,Feb 2023,"19,378 Kms",First Owner,Petrol,Manual,,1199 cc,84.82 bhp,19.01 kmpl,3.0,,5 Seats,,170 mm,35 Litres,,
Maruti Suzuki Alto 800,₹1.80 Lakh,Apr 2014,"60,117 Kms",Second Owner,Petrol,Manual,FWD,796 cc,46.3 bhp,19.7 kmpl,3.0,No,5 Seats,705 kg,160 mm,35 Litres,,
Renault KWID,₹2.75 Lakh,Oct 2017,"50,000 Kms",First Owner,Petrol,Automatic,FWD,999 cc,67 bhp,23.01 kmpl,3.0,No,5 Seats,750 kg,180 mm,,,
Datsun GO,₹1.71 Lakh,Feb 2019,"45,073 Kms",First Owner,Petrol,Manual,FWD,1198 cc,67.05 bhp,19.02 kmpl,3.0,No,5 Seats,886 kg,,35 Litres,,
Toyota Innova Crysta,₹16.50 Lakh,Sept 2018,"1,17,000 Kms",First Owner,Diesel,Manual,RWD,2393 cc,147.8 bhp,,4.0,Yes,7 Seats,1855 kg,,,55 Litres,
Tata Tigor EV,₹6.90 Lakh,Dec 2021,"38,000 Kms",First Owner,,Automatic,,,73.75 bhp,,,,5 Seats,1235 kg,172 mm,,,
Mahindra Scorpio,₹7.70 Lakh,Oct 2016,"59,000 Kms",First Owner,,Manual,RWD,2179 cc,120 bhp,15.4 kmpl,4.0,Yes,7 Seats,1645 kg,180 mm,,,
Maruti Suzuki Ertiga,₹3.98 Lakh,Jun 2015,"1,11,486 Kms",Third Owner,Diesel,Manual,FWD,1248 cc,88.76 bhp,20.77 kmpl,4.0,Yes,7 Seats,1235 kg,185 mm,,45 Litres,
Mahindra Scorpio,₹4.50 Lakh,Jul 2014,"1,32,000 Kms",Second Owner,,Manual,2 WD,2179 cc,120 bhp,12.05 kmpl,4.0,Yes,8 Seats,1940 kg,180 mm,,60 Litres,
Mahindra Scorpio,₹3.85 Lakh,May 2013,"1,64,000 Kms",Second Owner,,Manual,FWD,2523 cc,75 bhp,14 kmpl,4.0,Yes,8 Seats,1870 kg,180 mm,,55 Litres,
Mahindra XUV 3XO,₹11.90 Lakh,Jul 2024,"24,000 Kms",First Owner,Petrol,Automatic,FWD,1197 cc,128.73 bhp,18.2 kmpl,3.0,Yes,5 Seats,,,42 Litres,,
Mahindra XUV500,₹4.50 Lakh,Oct 2012,"1,29,000 Kms",Second Owner,Diesel,Manual,FWD,2179 cc,140 bhp,15.1 kmpl,4.0,Yes,7 Seats,1940 kg,,,70 Litres,
Maruti Suzuki Alto K10,₹4.34 Lakh,Jul 2023,"13,828 Kms",First Owner,Petrol,Manual,FWD,998 cc,65.71 bhp,24.39 kmpl,3.0,,5 Seats,,,27 Litres,,
Maruti Suzuki Swift,₹4.66 Lakh,Dec 2018,"41,491 Kms",First Owner,Petrol,Automatic,FWD,1197 cc,88.50 bhp,22.56 kmpl,4.0,,5 Seats,875-905 kg,,37 Litres,,
Renault Triber,₹4.34 Lakh,Oct 2021,"45,081 Kms",First Owner,Petrol,Automatic,,999 cc,71.01 bhp,18.2 kmpl,3.0,,7 Seats,947 kg,182 mm,40 Litres,,
Maruti Suzuki Ertiga,₹9.15 Lakh,Jun 2022,"62,000 Kms",First Owner,CNG,Manual,2WD,1462 cc,86.63 bhp,26.11 km/kg,4.0,,7 Seats,1250-1255 kg,,,,60 Litres
Maruti Suzuki Wagon R,₹2.57 Lakh,Apr 2014,"55,764 Kms",First Owner,Petrol,Manual,,998 cc,65.71 bhp,24.35 kmpl,3.0,,5 Seats,810-835 kg,,32 Litres,,
Toyota Fortuner,₹14 Lakh,Mar 2016,"80,000 Kms",First Owner,,Automatic,4WD,2982 cc,168.5 bhp,12.55 kmpl,4.0,Yes,7 Seats,2000 kg,220 mm,,80 Litres,
Mahindra XUV700,₹13.62 Lakh,Mar 2022,"39,740 Kms",First Owner,Petrol,Manual,FWD,1999 cc,197 bhp,15 kmpl,4.0,Yes,5 Seats,,,60 Litres,,
Hyundai i20,₹5.93 Lakh,Sept 2024,"8,766 Kms",First Owner,Petrol,Manual,FWD,1197 cc,82 bhp,16 kmpl,4.0,,5 Seats,,,37 Litres,,
Maruti Suzuki XL6,₹9.75 Lakh,Mar 2021,"49,000 Kms",First Owner,Petrol,Automatic,FWD,1462 cc,103.2 bhp,,4.0,,6 Seats,1190 kg,,45 Litres,,
Tata Tiago,₹4.27 Lakh,Apr 2022,"63,254 Kms",First Owner,CNG,Manual,,1199 cc,72 bhp,26.49 km/kg,3.0,,5 Seats,1030 kg,168 mm,,,60 Litres
Tata Tiago,₹4.15 Lakh,May 2022,"57,149 Kms",First Owner,CNG,Manual,,1199 cc,72 bhp,26.49 km/kg,3.0,,5 Seats,,168 mm,,,60 Litres
Chevrolet Tavera,₹1.15 Lakh,Nov 2006,"2,81,000 Kms",Third Owner,Diesel,Manual,2WD,2499 cc,,12.2 kmpl,4.0,,10 Seats,"1,585 kg",184 mm,,55 Litres,
Tata Safari Storme,₹8.25 Lakh,Mar 2019,"84,000 Kms",First Owner,,Manual,RWD,2179 cc,153.86 bhp,14.1 kmpl,4.0,Yes,7 Seats,1570 kg,200 mm,,63 Litres,
Tata Nexon EV,₹9.50 Lakh,Apr 2021,"25,000 Kms",First Owner,,Automatic,,,127 bhp,,,,5 Seats,1400 kg,205 mm,,,
Volkswagen Vento,₹5.15 Lakh,Sept 2016,"59,967 Kms",Second Owner,Petrol,Automatic,FWD,1197 cc,103.2 bhp,18.19 kmpl,4.0,Yes,5 Seats,1179 kg,163 mm,55 Litres,,
Tata Tiago,₹4.18 Lakh,Mar 2022,"74,109 Kms",First Owner,CNG,Manual,,1199 cc,72 bhp,26.49 km/kg,3.0,,5 Seats,1030 kg,168 mm,,,60 Litres
Tata Safari Storme,₹4.05 Lakh,Oct 2013,"98,000 Kms",Second Owner,,Manual,FWD,2179 cc,138.1 bhp,14 kmpl,4.0,Yes,7 Seats,2000 kg,200 mm,,55 Litres,
Mahindra Thar,₹8.95 Lakh,Dec 2021,"58,423 Kms",First Owner,,Automatic,4X4,1997 cc,150 bhp,8 kmpl,4.0,Yes,4 Seats,1825 kg,226 mm,57 Litres,,
BMW 3 Series,₹13.21 Lakh,Jan 2014,"67,000 Kms",First Owner,Diesel,Automatic,RWD,1995 cc,184 bhp,,4.0,Yes,5 Seats,1500 kg,157 mm,,60 Litres,
Hyundai Santro Xing,₹1.75 Lakh,Dec 2011,"56,000 Kms",First Owner,Petrol,Manual,,1086 cc,62 bhp,,4.0,No,5 Seats,854 kg,164 mm,35 Litres,,
Maruti Suzuki Alto 800,₹2.89 Lakh,Jun 2018,"43,117 Kms",First Owner,Petrol,Manual,FWD,796 cc,46.3 bhp,19.7 kmpl,3.0,No,5 Seats,705 kg,160 mm,35 Litres,,
Skoda Superb,₹29.50 Lakh,Sept 2023,"44,000 Kms",First Owner,Petrol,Automatic,FWD,1984 cc,187.74 bhp,15.1 kmpl,4.0,Yes,5 Seats,1579 kg,156 mm,66 Litres,,
Maruti Suzuki Alto K10,₹5.18 Lakh,Jun 2024,"12,523 Kms",First Owner,CNG,Manual,FWD,998 cc,55.92 bhp,33.85 km/kg,3.0,,4 Seats,,,,,55 Litres
Hyundai Aura,₹5.08 Lakh,Aug 2021,"13,258 Kms",First Owner,Petrol,Manual,,1197 cc,81.86 bhp,20.5 kmpl,4.0,No,5 Seats,1070 kg,,,,
Maruti Suzuki Ertiga,₹9.25 Lakh,May 2021,"62,000 Kms",First Owner,Petrol,Automatic,FWD,1462 cc,103.26 bhp,17.99 kmpl,4.0,No,7 Seats,1135-1170 kg,,45 Litres,,
BMW 5 Series,₹10.75 Lakh,Jan 2013,"45,000 Kms",Second Owner,Diesel,Automatic,RWD,1995 cc,218 bhp,,4.0,Yes,5 Seats,"1,615 kg",158 mm,,70 Litres,
Hyundai Grand i10 Nios,₹4.95 Lakh,May 2021,"71,000 Kms",Second Owner,Petrol,Manual,,1197 cc,81.86 bhp,20.7 kmpl,4.0,No,5 Seats,1100 kg,,37 Litres,,
Hyundai Grand i10,₹4.14 Lakh,Jul 2017,"63,264 Kms",First Owner,Petrol,Manual,FWD,1197 cc,81.86 bhp,18.9 kmpl,4.0,No,5 Seats,1120 kg,165 mm,43 Litres,,
Skoda Superb,₹5.62 Lakh,Jul 2021,"1,23,883 Kms",Second Owner,Petrol,Manual,FWD,1798 cc,157.8 bhp,13.1 kmpl,4.0,Yes,5 Seats,1533 kg,158 mm,60 Litres,,
Tata Tiago,₹3.52 Lakh,2017,"1,05,000 Kms",First Owner,Diesel,Manual,FWD,1047 cc,69 bhp,27.28 kmpl,3.0,Yes,5 Seats,1080 kg,170 mm,,35 Litres,
Hyundai Grand i10,₹3.13 Lakh,Dec 2013,"47,200 Kms",First Owner,Petrol,Manual,FWD,1197 cc,81.86 bhp,18.9 kmpl,4.0,No,5 Seats,1120 kg,165 mm,43 Litres,,
Renault KWID,₹3.14 Lakh,Feb 2020,"56,959 Kms",First Owner,Petrol,Manual,FWD,999 cc,67 bhp,21.74 kmpl,3.0,No,5 Seats,730 kg,184 mm,28 Litres,,
Maruti Suzuki Alto 800,₹2.50 Lakh,Sept 2017,"72,000 Kms",First Owner,Petrol,Manual,FWD,796 cc,47.3 bhp,24.7 kmpl,3.0,No,5 Seats,720 kg,160 mm,35 Litres,,
Hyundai Grand i10,₹3.75 Lakh,Oct 2016,"52,680 Kms",First Owner,Petrol,Manual,FWD,1197 cc,81.86 bhp,18.9 kmpl,4.0,No,5 Seats,1120 kg,165 mm,43 Litres,,
Honda WR-V,₹5.12 Lakh,Sept 2017,"50,020 Kms",Second Owner,,Manual,FWD,1199 cc,88.7 bhp,17.5 kmpl,4.0,No,5 Seats,1103 kg,188 mm,40 Litres,,
Maruti Suzuki Swift Dzire,₹3.26 Lakh,Mar 2013,"83,716 Kms",First Owner,Petrol,Manual,FWD,1197 cc,83.14 bhp,20.85 kmpl,4.0,No,5 Seats,945 kg,170 mm,42 Litres,,
Hyundai Grand i10,₹4.62 Lakh,Dec 2016,"42,194 Kms",First Owner,Petrol,Automatic,FWD,1197 cc,82 bhp,18.9 kmpl,4.0,No,5 Seats,935 kg,165 mm,43 Litres,,
Hyundai Xcent,₹5.25 Lakh,Jul 2018,"39,140 Kms",First Owner,Petrol,Manual,,,,,4.0,,,1120 kg,,,,
Hyundai Grand i10,₹4.31 Lakh,Jul 2017,"75,708 Kms",First Owner,Petrol,Manual,FWD,1197 cc,81.86 bhp,18.9 kmpl,4.0,No,5 Seats,1160 kg,165 mm,43 Litres,,
Hyundai Grand i10,₹4 Lakh,Aug 2017,"84,513 Kms",First Owner,Petrol,Manual,FWD,1197 cc,81.86 bhp,18.9 kmpl,4.0,No,5 Seats,1120 kg,165 mm,43 Litres,,
Maruti Suzuki Celerio,₹3.60 Lakh,Sept 2018,"50,000 Kms",First Owner,Petrol,Manual,FWD,998 cc,67.04 bhp,23.1 kmpl,3.0,No,5 Seats,825 kg,165 mm,35 Litres,,
Ford Fiesta,₹7.37 Lakh,Mar 2021,"62,014 Kms",First Owner,Petrol,Manual,2wd,1499 cc,,17 kmpl,4.0,No,5 Seats,1117 kg,156 mm,43 Litres,,
Hyundai Grand i10 Nios,₹6.50 Lakh,Nov 2022,"28,000 Kms",First Owner,Petrol,Manual,,1197 cc,81.86 bhp,20.7 kmpl,4.0,No,5 Seats,1160 kg,,37 Litres,,
Maruti Suzuki Swift Dzire,₹6.35 Lakh,Jul 2021,"56,000 Kms",First Owner,Petrol,Manual,,1197 cc,88.50 bhp,22.41 kmpl,4.0,,5 Seats,880-915 kg,,37 Litres,,
Maruti Suzuki Ertiga,₹5.66 Lakh,May 2017,"64,066 Kms",First Owner,Diesel,Manual,FWD,1248 cc,88.5 bhp,24.52 kmpl,4.0,Yes,7 Seats,1260 kg,185 mm,,45 Litres,
Maruti Suzuki Swift,₹3.48 Lakh,Jun 2014,"48,878 Kms",First Owner,Petrol,Manual,FWD,1197 cc,80.46 bhp,24.8 kmpl,3.0,No,5 Seats,920 kg,163 mm,37 Litres,,
Honda City Hybrid,₹19.74 Lakh,Jan 2023,"36,529 Kms",First Owner,Petrol,Automatic,,1498 cc,96.55 bhp,26.5 kmpl,4.0,,5 Seats,1280 kg,,40 Litres,,
Volkswagen Virtus,₹10.62 Lakh,Feb 2023,"59,269 Kms",First Owner,Petrol,Manual,FWD,999 cc,113.98 bhp,19.4 kmpl,3.0,Yes,5 Seats,1210 kg,179 mm,45 Litres,,
Volkswagen Virtus,₹10.07 Lakh,May 2023,"35,842 Kms",First Owner,Petrol,Manual,FWD,999 cc,113.98 bhp,19.4 kmpl,3.0,Yes,5 Seats,1188 kg,179 mm,45 Litres,,
Maruti Suzuki Wagon R,₹2.56 Lakh,Apr 2014,"99,094 Kms",First Owner,Petrol,Manual,,998 cc,65.71 bhp,24.35 kmpl,3.0,,5 Seats,810-835 kg,,32 Litres,,
Skoda Slavia,₹7.17 Lakh,Jun 2022,"68,713 Kms",First Owner,Petrol,Manual,FWD,999 cc,113.98 bhp,19.47 kmpl,3.0,Yes,5 Seats,1160-1215 kg,179 mm,45 Litres,,
Volkswagen Vento,₹6.22 Lakh,Oct 2020,"1,11,318 Kms",First Owner,Petrol,Automatic,FWD,999 cc,108.62 bhp,16.35 kmpl,4.0,Yes,5 Seats,1175 kg,163 mm,55 Litres,,
Hyundai Grand i10 Nios,₹6.11 Lakh,Aug 2020,"27,000 Kms",First Owner,Petrol,Automatic,,1197 cc,81.86 bhp,20.7 kmpl,4.0,No,5 Seats,1100 kg,,37 Litres,,
Honda WR-V,₹5 Lakh,Sept 2017,"1,15,388 Kms",First Owner,,Manual,FWD,1199 cc,88.7 bhp,17.5 kmpl,4.0,No,5 Seats,1103 kg,188 mm,40 Litres,,
Maruti Suzuki Alto 800,₹2.26 Lakh,Mar 2016,"63,968 Kms",Second Owner,Petrol,Manual,FWD,796 cc,46.3 bhp,19.7 kmpl,3.0,No,5 Seats,705 kg,160 mm,35 Litres,,
Honda Brio,₹2.39 Lakh,Dec 2015,"39,551 Kms",First Owner,Petrol,Manual,FWD,1198 cc,86.8 bhp,19.4 kmpl,4.0,No,5 Seats,925 kg,165 mm,35 Litres,,
Hyundai EON,₹2.21 Lakh,May 2016,"45,015 Kms",Third Owner,Petrol,Manual,RWD,814 cc,,22 kmpl,3.0,No,5 Seats,910 kg,,32 Litres,,
Maruti Suzuki Celerio,₹2.82 Lakh,Aug 2016,"67,753 Kms",Third Owner,Petrol,Manual,FWD,998 cc,67.05 bhp,21.63 kmpl,3.0,No,5 Seats,835 kg,165 mm,35 Litres,,
Maruti Suzuki Wagon R,₹2.01 Lakh,Mar 2013,"59,722 Kms",Second Owner,Petrol,Manual,,998 cc,65.71 bhp,24.35 kmpl,3.0,,5 Seats,810-835 kg,,32 Litres,,
Honda Brio,₹2.35 Lakh,Jul 2012,"66,000 Kms",First Owner,Petrol,Manual,FWD,1198 cc,86.8 bhp,19.4 kmpl,4.0,No,5 Seats,925 kg,165 mm,35 Litres,,
Maruti Suzuki Alto 800,₹2.60 Lakh,Feb 2019,"57,000 Kms",First Owner,Petrol,Manual,FWD,796 cc,47.3 bhp,24.7 kmpl,3.0,No,5 Seats,720 kg,160 mm,35 Litres,,
Honda Brio,₹2.10 Lakh,Apr 2012,"67,325 Kms",First Owner,Petrol,Manual,FWD,1198 cc,86.8 bhp,19.4 kmpl,4.0,No,5 Seats,925 kg,165 mm,35 Litres,,
Honda Jazz,₹3 Lakh,Jul 2016,"48,000 Kms",Second Owner,Petrol,Manual,FWD,1199 cc,88.7 bhp,18.7 kmpl,4.0,No,5 Seats,1042 kg,165 mm,40 Litres,,
Hyundai i20,₹4.91 Lakh,Jul 2018,"63,614 Kms",First Owner,Petrol,Manual,FWD,1197 cc,81.83 bhp,18.6 kmpl,4.0,No,5 Seats,1066 kg,170 mm,45 Litres,,
Honda Amaze,₹3.12 Lakh,Oct 2014,"58,096 Kms",First Owner,Petrol,Manual,FWD,1198 cc,86.7 bhp,17.8 kmpl,4.0,No,5 Seats,955 kg,165 mm,35 Litres,,
Hyundai Xcent,₹4.69 Lakh,Oct 2019,"23,463 Kms",Second Owner,Petrol,Manual,,,,,4.0,,,1120 kg,,,,
Maruti Suzuki Swift Dzire,₹3.08 Lakh,May 2013,"1,10,396 Kms",First Owner,Petrol,Manual,FWD,1197 cc,83.14 bhp,20.85 kmpl,4.0,No,5 Seats,945 kg,170 mm,42 Litres,,
Mahindra KUV 100 NXT,₹3.64 Lakh,Jun 2018,"47,618 Kms",First Owner,Petrol,Manual,2WD,1198 cc,82 bhp,18.15 kmpl,3.0,,6 Seats,1170 kg,170 mm,35 Litres,,
Hyundai Grand i10,₹4.95 Lakh,May 2018,"62,000 Kms",First Owner,Diesel,Manual,FWD,1186 cc,73.97 bhp,24 kmpl,3.0,No,5 Seats,1100 kg,165 mm,,43 Litres,
Kia Carens,₹15.28 Lakh,Mar 2022,"40,784 Kms",First Owner,Diesel,Automatic,FWD,1493 cc,114.41 bhp,,4.0,Yes,6 Seats,,,,45 Litres,
Honda Elevate,₹17 Lakh,,"12,979 Kms",,Petrol,Manual,FWD,1498 cc,119 bhp,15.31 kmpl,4.0,,5 Seats,1259 kg,,40 Litres,,
Hyundai EON,₹1.89 Lakh,Jan 2018,"39,841 Kms",Second Owner,Petrol,Manual,FWD,814 cc,55.2 bhp,21.1 kmpl,3.0,No,5 Seats,880 kg,170 mm,32 Litres,,
Hyundai Grand i10,₹3.69 Lakh,Nov 2015,"68,108 Kms",Second Owner,Petrol,Manual,FWD,1197 cc,81.86 bhp,18.9 kmpl,4.0,No,5 Seats,1060 kg,165 mm,43 Litres,,
Ford Ecosport,₹6.73 Lakh,Jul 2021,"1,11,294 Kms",First Owner,,Automatic,FWD,1499 cc,110 bhp,16.5 kmpl,4.0,No,5 Seats,1290 kg,200 mm,52 Litres,,
Honda WR-V,₹7 Lakh,Oct 2020,"1,02,907 Kms",First Owner,,Manual,FWD,1498 cc,98.6 bhp,25.5 kmpl,4.0,Yes,5 Seats,1198 kg,188 mm,,40 Litres,
Nissan Magnite,₹6.04 Lakh,Jan 2021,"60,170 Kms",First Owner,,Automatic,FWD,999 cc,98.63 bhp,17.4 kmpl,3.0,Yes,5 Seats,,205 mm,40 Litres,,
Hyundai Grand i10 Nios,₹6.50 Lakh,Oct 2021,"38,000 Kms",First Owner,Petrol,Automatic,,1197 cc,81.86 bhp,20.7 kmpl,4.0,No,5 Seats,1140 kg,,37 Litres,,
Maruti Suzuki Vitara Brezza,₹7.50 Lakh,Jan 2018,"40,000 Kms",First Owner,,Manual,FWD,1248 cc,88.5 bhp,24.3 kmpl,4.0,Yes,5 Seats,1185 kg,198 mm,,48 Litres,
Maruti Suzuki Swift Dzire,₹6.25 Lakh,Sept 2018,"45,000 Kms",First Owner,Petrol,Automatic,FWD,1197 cc,81.80 bhp,21.21 kmpl,4.0,No,5 Seats,860-895 kg,163 mm,37 Litres,,
Hyundai Tucson,₹28.50 Lakh,Oct 2022,"41,000 Kms",First Owner,Diesel,Automatic,2WD,1997 cc,183.72 bhp,,4.0,Yes,5 Seats,1745 kg,,,54 Litres,
Toyota Innova Crysta,₹12.54 Lakh,Oct 2016,"97,968 Kms",First Owner,Diesel,Manual,,2393 cc,147.51 bhp,,4.0,,8 Seats,,,,55 Litres,
Maruti Suzuki Celerio,₹2.90 Lakh,Feb 2016,"75,000 Kms",Second Owner,Petrol,Automatic,FWD,998 cc,67.04 bhp,23.1 kmpl,3.0,No,5 Seats,840 kg,120 mm,35 Litres,,
Honda Elevate,₹15.18 Lakh,Jan 2023,"24,114 Kms",First Owner,Petrol,Automatic,FWD,1498 cc,119 bhp,16.92 kmpl,4.0,,5 Seats,1213 kg,,40 Litres,,
Maruti Suzuki Wagon R,₹2.78 Lakh,Jul 2015,"69,451 Kms",First Owner,Petrol,Manual,,998 cc,65.71 bhp,24.35 kmpl,3.0,,5 Seats,810-835 kg,,32 Litres,,
Hyundai Alcazar,₹20.27 Lakh,Jun 2021,"31,008 Kms",First Owner,Diesel,Automatic,,1493 cc,113.42 bhp,18.1 kmpl,4.0,Yes,6 Seats,1770 kg,,,50 Litres,
Volkswagen Taigun,₹11.84 Lakh,Oct 2022,"86,513 Kms",First Owner,Petrol,Automatic,,1498 cc,147.51 bhp,17.88 kmpl,4.0,Yes,5 Seats,1312 kg,188 mm,,,
Kia Carens,₹13.77 Lakh,Mar 2022,"99,421 Kms",First Owner,Diesel,Automatic,FWD,1493 cc,114.41 bhp,,4.0,Yes,6 Seats,,,,45 Litres,
Kia Seltos,₹13.08 Lakh,Jun 2021,"46,552 Kms",First Owner,Petrol,Automatic,FWD,1353 cc,138.08 bhp,16.5 kmpl,4.0,Yes,5 Seats,1535 kg,,50 Litres,,
Volkswagen Virtus,₹12.64 Lakh,Jul 2022,"40,824 Kms",Second Owner,Petrol,Automatic,FWD,1498 cc,147.51 bhp,19.62 kmpl,4.0,Yes,5 Seats,1269 kg,179 mm,45 Litres,,
Honda Brio,₹1.70 Lakh,Mar 2013,"87,101 Kms",First Owner,Petrol,Manual,FWD,1198 cc,86.8 bhp,19.4 kmpl,4.0,No,5 Seats,925 kg,165 mm,35 Litres,,
Maruti Suzuki Alto 800,₹2.25 Lakh,Aug 2015,"59,095 Kms",First Owner,Petrol,Manual,FWD,796 cc,46.3 bhp,19.7 kmpl,3.0,No,5 Seats,705 kg,160 mm,35 Litres,,
Maruti Suzuki Wagon R,₹2.15 Lakh,Nov 2013,"99,926 Kms",First Owner,Petrol,Manual,,998 cc,65.71 bhp,24.35 kmpl,3.0,,5 Seats,810-835 kg,,32 Litres,,
Maruti Suzuki Alto 800,₹2.25 Lakh,Jun 2015,"34,965 Kms",Second Owner,Petrol,Manual,FWD,796 cc,47.3 bhp,24.7 kmpl,3.0,No,5 Seats,725 kg,160 mm,35 Litres,,
Maruti Suzuki Alto 800,₹2.76 Lakh,Apr 2018,"60,564 Kms",First Owner,Petrol,Manual,FWD,796 cc,47.3 bhp,24.7 kmpl,3.0,No,5 Seats,725 kg,160 mm,35 Litres,,
Maruti Suzuki Alto 800,₹2.34 Lakh,Dec 2016,"47,238 Kms",Second Owner,Petrol,Manual,FWD,796 cc,46.3 bhp,19.7 kmpl,3.0,No,5 Seats,705 kg,160 mm,35 Litres,,
Renault KWID,₹2.35 Lakh,Oct 2017,"65,000 Kms",Second Owner,Petrol,Manual,FWD,999 cc,67 bhp,23.01 kmpl,3.0,No,5 Seats,690 kg,180 mm,28 Litres,,
Honda Amaze,₹3 Lakh,Jan 2016,"54,000 Kms",Second Owner,Petrol,Manual,FWD,1198 cc,86.7 bhp,17.8 kmpl,4.0,No,5 Seats,955 kg,165 mm,35 Litres,,
Honda Amaze,₹2.70 Lakh,Aug 2015,"1,18,259 Kms",Second Owner,Diesel,Manual,FWD,1498 cc,98.63 bhp,24.7 kmpl,4.0,Yes,5 Seats,1029 kg,,,35 Litres,
Honda Amaze,₹3.91 Lakh,Jan 2014,"70,508 Kms",First Owner,Petrol,Manual,FWD,1198 cc,86.7 bhp,17.8 kmpl,4.0,No,5 Seats,955 kg,165 mm,35 Litres,,
Honda Amaze,₹3.13 Lakh,Nov 2013,"54,455 Kms",First Owner,Petrol,Manual,FWD,1198 cc,86.7 bhp,17.8 kmpl,4.0,No,5 Seats,955 kg,165 mm,35 Litres,,
Honda Amaze,₹3.07 Lakh,Nov 2015,"92,391 Kms",Second Owner,Petrol,Manual,FWD,1199 cc,89 bhp,18.65 kmpl,4.0,,5 Seats,952-986 kg,172 mm,35 Litres,,
VX i-VTEC,₹3.56 Lakh,Nov 2013,"39,266 Kms",Second Owner,Petrol,Manual,FWD,1198 cc,86.7 bhp,17.8 kmpl,4.0,No,5 Seats,955 kg,165 mm,35 Litres,,
Maruti Suzuki Baleno,₹4.05 Lakh,Nov 2017,"1,17,232 Kms",First Owner,Diesel,Manual,FWD,1248 cc,74 bhp,27.39 kmpl,4.0,Yes,5 Seats,985 kg,170 mm,,37 Litres,
Skoda Rapid,₹5.78 Lakh,Aug 2021,"87,562 Kms",Second Owner,Petrol,Manual,FWD,999 cc,108.62 bhp,18.97 kmpl,3.0,Yes,5 Seats,1112-1138 kg,,55 Litres,,
Ford Freestyle,₹4.82 Lakh,Jul 2021,"1,16,338 Kms",First Owner,Petrol,Manual,FWD,1194 cc,94.93 bhp,18.5 kmpl,3.0,No,5 Seats,1026-1044 kg,,42 Litres,,
Honda Amaze,₹3.95 Lakh,Jul 2014,"44,724 Kms",First Owner,Petrol,Manual,FWD,1198 cc,86.7 bhp,17.8 kmpl,4.0,No,5 Seats,955 kg,165 mm,35 Litres,,
Maruti Suzuki Baleno,₹4.67 Lakh,Dec 2018,"94,538 Kms",Second Owner,Petrol,Automatic,FWD,1197 cc,83.1 bhp,21.4 kmpl,4.0,No,5 Seats,935 kg,170 mm,37 Litres,,
Honda Amaze,₹3.56 Lakh,Nov 2013,"39,266 Kms",Second Owner,Petrol,Manual,FWD,1198 cc,86.7 bhp,17.8 kmpl,4.0,No,5 Seats,955 kg,165 mm,35 Litres,,
Hyundai i20,₹5.40 Lakh,Oct 2016,"62,000 Kms",First Owner,Diesel,Manual,FWD,1396 cc,88.73 bhp,22.54 kmpl,4.0,Yes,5 Seats,1515 kg,170 mm,,45 Litres,
Hyundai Grand i10,₹5.25 Lakh,Aug 2019,"61,000 Kms",First Owner,Petrol,Manual,FWD,1197 cc,81.86 bhp,18.9 kmpl,4.0,No,5 Seats,1140 kg,165 mm,43 Litres,,
Hyundai i20,₹4.60 Lakh,May 2015,"51,000 Kms",First Owner,Petrol,Manual,FWD,1197 cc,81.83 bhp,18.6 kmpl,4.0,No,5 Seats,1066 kg,170 mm,45 Litres,,
Maruti Suzuki Swift Dzire,₹5.21 Lakh,Apr 2019,"67,000 Kms",First Owner,Petrol,Manual,FWD,1197 cc,81.80 bhp,21.21 kmpl,4.0,No,5 Seats,860-895 kg,163 mm,37 Litres,,
Honda Jazz,₹3.50 Lakh,2016,"80,000 Kms",First Owner,Petrol,Automatic,FWD,1199 cc,88.7 bhp,19 kmpl,4.0,No,5 Seats,1066 kg,165 mm,40 Litres,,
Maruti Suzuki Swift Dzire,₹5.50 Lakh,May 2018,"68,000 Kms",First Owner,Petrol,Automatic,FWD,1197 cc,81.80 bhp,21.21 kmpl,4.0,No,5 Seats,860-895 kg,163 mm,37 Litres,,
Maruti Suzuki Swift Dzire,₹5.70 Lakh,2018,"25,000 Kms",First Owner,Petrol,Manual,FWD,1197 cc,81.80 bhp,21.21 kmpl,4.0,No,5 Seats,860-895 kg,163 mm,37 Litres,,
Maruti Suzuki Ciaz,₹5.25 Lakh,Mar 2017,"60,000 Kms",First Owner,Petrol,Automatic,FWD,1373 cc,91.1 bhp,19.12 kmpl,4.0,No,5 Seats,1010 kg,170 mm,43 Litres,,
Hyundai Xcent Prime,₹3.95 Lakh,Nov 2019,"75,000 Kms",Second Owner,CNG,Manual,,1197 cc,65.39 bhp,,4.0,,5 Seats,1220 kg,,,,65 Litres
Maruti Suzuki Baleno,₹4.40 Lakh,Dec 2017,"66,000 Kms",First Owner,Petrol,Automatic,FWD,1197 cc,83.1 bhp,21.4 kmpl,4.0,No,5 Seats,910 kg,170 mm,37 Litres,,
Maruti Suzuki Vitara Brezza,₹8.67 Lakh,Jul 2023,"47,587 Kms",Second Owner,Petrol,Manual,FWD,1462 cc,103.26 bhp,17.03 kmpl,4.0,,5 Seats,1110-1130 kg,,48 Litres,,
Ford Ecosport,₹7.02 Lakh,Aug 2021,"37,435 Kms",First Owner,Petrol,Manual,FWD,1496 cc,120.69 bhp,15.9 kmpl,3.0,No,5 Seats,1221 kg,,52 Litres,,
Ford Ecosport,₹6.13 Lakh,Oct 2020,"76,278 Kms",First Owner,,Manual,FWD,1499 cc,110 bhp,15.8 kmpl,4.0,No,5 Seats,1290 kg,200 mm,52 Litres,,
Honda CR-V,₹7.75 Lakh,May 2017,"1,14,633 Kms",Second Owner,Petrol,Manual,,1997 cc,,14 kmpl,4.0,,5 Seats,1527 kg,,45 Litres,,
Hyundai i20,₹6.21 Lakh,Aug 2019,"58,000 Kms",First Owner,Petrol,Manual,FWD,1197 cc,81.86 bhp,18.6 kmpl,4.0,No,5 Seats,1140 kg,170 mm,40 Litres,,
Maruti Suzuki Baleno,₹6.50 Lakh,Nov 2021,"77,000 Kms",First Owner,Petrol,Manual,FWD,1197 cc,83.1 bhp,21.4 kmpl,4.0,No,5 Seats,880 kg,170 mm,37 Litres,,
Hyundai Tucson,₹7.51 Lakh,Mar 2017,"70,000 Kms",First Owner,,Automatic,2WD,1999 cc,152.88 bhp,12.95 kmpl,4.0,No,5 Seats,1497 kg,195 mm,62 Litres,,
Tata Curvv,₹13.90 Lakh,Dec 2024,"22,486 Kms",First Owner,,Manual,FWD,1497 cc,116 bhp,15 kmpl,4.0,Yes,5 Seats,,208 mm,,44 Litres,
Honda City,₹10.14 Lakh,Mar 2023,"30,869 Kms",Second Owner,Petrol,Manual,,1498 cc,119.35 bhp,18.6 kmpl,4.0,,5 Seats,1107-1153 kg,,40 Litres,,
Honda Amaze,₹7.59 Lakh,Apr 2024,"20,395 Kms",First Owner,Petrol,Manual,FWD,1199 cc,89 bhp,18.65 kmpl,4.0,,5 Seats,952-986 kg,172 mm,35 Litres,,
Ford Ecosport,₹6.42 Lakh,Jun 2020,"48,973 Kms",Second Owner,,Automatic,FWD,1499 cc,110 bhp,16.5 kmpl,4.0,No,5 Seats,1290 kg,200 mm,52 Litres,,
Tata Tigor,₹6.64 Lakh,Jun 2023,"26,071 Kms",First Owner,Petrol,Manual,FWD,1199 cc,84 bhp,20.3 kmpl,3.0,No,5 Seats,1052 kg,170 mm,35 Litres,,
Ford Ecosport,₹8.75 Lakh,Feb 2021,"59,000 Kms",First Owner,,Manual,FWD,1498 cc,98.96 bhp,21.7 kmpl,4.0,Yes,5 Seats,1309 kg,200 mm,,52 Litres,
Maruti Suzuki Swift Dzire,₹6.25 Lakh,May 2017,"57,000 Kms",First Owner,Diesel,Automatic,FWD,1248 cc,74 bhp,26.59 kmpl,4.0,Yes,5 Seats,1070 kg,170 mm,,42 Litres,
Hyundai i20,₹6.25 Lakh,Oct 2020,"55,000 Kms",First Owner,Petrol,Manual,FWD,1197 cc,81.86 bhp,18.6 kmpl,4.0,No,5 Seats,1140 kg,170 mm,40 Litres,,
Jeep Compass,₹7.75 Lakh,Sept 2019,"51,000 Kms",First Owner,,Manual,4X2,1956 cc,170 bhp,17.1 kmpl,4.0,Yes,5 Seats,1562 s kg,178 mm,,60 Litres,
Jeep Compass,₹6.45 Lakh,2018,"2,11,000 Kms",First Owner,,Manual,4X2,1956 cc,170 bhp,17.1 kmpl,4.0,Yes,5 Seats,1562 s kg,178 mm,,60 Litres,
Maruti Suzuki Baleno,₹6.50 Lakh,Jan 2022,"28,000 Kms",First Owner,Petrol,Manual,FWD,1197 cc,81.80 bhp,21.01 kmpl,4.0,No,5 Seats,865-890 kg,170 mm,37 Litres,,
Kia Seltos,₹15.99 Lakh,Sept 2023,"32,218 Kms",First Owner,Petrol,Automatic,2WD,1482 cc,157.81 bhp,17.9 kmpl,4.0,Yes,5 Seats,,,50 Litres,,
Honda City,₹15.25 Lakh,Jan 2023,"8,873 Kms",First Owner,Petrol,Manual,FWD,1497 cc,117.6 bhp,17.4 kmpl,4.0,No,5 Seats,1088 kg,165 mm,40 Litres,,
Honda Elevate,₹17 Lakh,Mar 2024,"27,903 Kms",First Owner,Petrol,Automatic,FWD,1498 cc,119 bhp,16.92 kmpl,4.0,,5 Seats,1213 kg,,,,
Hyundai i10,₹2.84 Lakh,Sept 2014,"59,955 Kms",Second Owner,Petrol,Manual,FWD,1086 cc,68.05 bhp,19.81 kmpl,4.0,No,5 Seats,860 kg,165 mm,35 Litres,,
Hyundai i10,₹2.51 Lakh,Jun 2015,"70,810 Kms",Second Owner,Petrol,Manual,FWD,1086 cc,68.05 bhp,19.81 kmpl,4.0,No,5 Seats,860 kg,165 mm,35 Litres,,
Maruti Suzuki Alto 800,₹2.86 Lakh,Jun 2021,"1,13,595 Kms",First Owner,Petrol,Manual,FWD,796 cc,46.3 bhp,19.7 kmpl,3.0,No,5 Seats,705 kg,160 mm,35 Litres,,
Renault KWID,₹2.28 Lakh,Oct 2017,"47,111 Kms",Second Owner,Petrol,Manual,FWD,999 cc,67 bhp,21.74 kmpl,3.0,No,5 Seats,730 kg,184 mm,28 Litres,,
Maruti Suzuki Alto 800,₹2.05 Lakh,Apr 2016,"1,23,987 Kms",First Owner,Petrol,Manual,FWD,796 cc,46.3 bhp,19.7 kmpl,3.0,No,5 Seats,705 kg,160 mm,35 Litres,,
Maruti Suzuki Alto 800,₹1.99 Lakh,Jul 2017,"1,09,529 Kms",Second Owner,Petrol,Manual,FWD,796 cc,46.3 bhp,19.7 kmpl,3.0,No,5 Seats,705 kg,160 mm,35 Litres,,
Honda Amaze,₹2.73 Lakh,Aug 2013,"1,05,352 Kms",First Owner,Petrol,Manual,FWD,1198 cc,86.7 bhp,17.8 kmpl,4.0,No,5 Seats,955 kg,165 mm,35 Litres,,
Hyundai i10,₹2.78 Lakh,Apr 2013,"62,833 Kms",First Owner,Petrol,Manual,FWD,1086 cc,68.05 bhp,19.81 kmpl,4.0,No,5 Seats,860 kg,165 mm,35 Litres,,
Honda Amaze,₹2.75 Lakh,Jun 2015,"58,000 Kms",Second Owner,Petrol,Manual,FWD,1198 cc,86.7 bhp,18 kmpl,4.0,No,5 Seats,940 kg,165 mm,35 Litres,,
Hyundai i10,₹2.85 Lakh,Nov 2015,"68,000 Kms",First Owner,Petrol,Manual,FWD,1086 cc,68.05 bhp,19.81 kmpl,4.0,No,5 Seats,860 kg,165 mm,35 Litres,,
Honda WR-V,₹4.85 Lakh,Apr 2018,"1,12,971 Kms",First Owner,,Manual,FWD,1199 cc,88.7 bhp,17.5 kmpl,4.0,No,5 Seats,1103 kg,188 mm,40 Litres,,
Honda WR-V,₹4.84 Lakh,Nov 2018,"81,998 Kms",First Owner,,Manual,FWD,1199 cc,88.7 bhp,17.5 kmpl,4.0,No,5 Seats,1103 kg,188 mm,40 Litres,,
Hyundai Grand i10,₹3.66 Lakh,May 2018,"22,048 Kms",First Owner,Petrol,Manual,FWD,1197 cc,81.86 bhp,18.9 kmpl,4.0,No,5 Seats,1100 kg,165 mm,43 Litres,,
Honda City,₹3.55 Lakh,Sept 2016,"78,000 Kms",Second Owner,Diesel,Manual,FWD,1498 cc,98.6 bhp,26 kmpl,4.0,Yes,5 Seats,1150 kg,165 mm,,40 Litres,
Maruti Suzuki Ciaz,₹5.41 Lakh,Sept 2016,"70,000 Kms",First Owner,Diesel,Manual,FWD,1248 cc,88.5 bhp,28.09 kmpl,4.0,Yes,5 Seats,1115 kg,170 mm,,43 Litres,
Honda City,₹3.35 Lakh,Jul 2014,"87,000 Kms",Second Owner,Diesel,Manual,FWD,1498 cc,98.6 bhp,26 kmpl,4.0,Yes,5 Seats,1150 kg,165 mm,,40 Litres,
Maruti Suzuki Swift Dzire,₹4.50 Lakh,Dec 2018,"92,453 Kms",First Owner,Petrol,Manual,FWD,1197 cc,83.14 bhp,20.85 kmpl,4.0,No,5 Seats,965 kg,170 mm,42 Litres,,
Honda WR-V,₹4.80 Lakh,May 2019,"2,06,382 Kms",First Owner,,Manual,FWD,1199 cc,88.7 bhp,17.5 kmpl,4.0,No,5 Seats,1084 kg,188 mm,40 Litres,,
Renault KWID,₹3.25 Lakh,Jun 2022,"50,600 Kms",First Owner,Petrol,Manual,,999 cc,67.06 bhp,21.46 kmpl,3.0,,5 Seats,699 kg,184 mm,28 Litres,,
Maruti Suzuki Swift,₹4.11 Lakh,Sept 2016,"78,000 Kms",First Owner,Petrol,Manual,FWD,1197 cc,81.80 bhp,21.21 kmpl,4.0,No,5 Seats,855-885 kg,163 mm,37 Litres,,
Honda City,₹3.60 Lakh,Jul 2014,"62,000 Kms",Second Owner,Petrol,Manual,FWD,1497 cc,117.3 bhp,17.4 kmpl,4.0,No,5 Seats,1049 kg,165 mm,40 Litres,,
Hyundai i20,₹5.51 Lakh,Aug 2017,"59,000 Kms",First Owner,Petrol,Manual,FWD,1197 cc,81.83 bhp,18.6 kmpl,4.0,No,5 Seats,1066 kg,170 mm,45 Litres,,
Kia Seltos,₹10.62 Lakh,May 2022,"40,934 Kms",Second Owner,Petrol,Automatic,2WD,1497 cc,113.42 bhp,17.7 kmpl,4.0,No,5 Seats,,,50 Litres,,
Honda City,₹14.41 Lakh,Jan 2023,"22,805 Kms",First Owner,Petrol,Manual,FWD,1497 cc,117.6 bhp,17.4 kmpl,4.0,No,5 Seats,1088 kg,165 mm,40 Litres,,
Kia Seltos,₹7.56 Lakh,Oct 2020,"46,990 Kms",First Owner,Petrol,Manual,FWD,1353 cc,138.08 bhp,16.5 kmpl,4.0,Yes,5 Seats,1515 kg,,50 Litres,,
Hyundai Venue,₹6.42 Lakh,Jun 2019,"82,279 Kms",First Owner,Diesel,Manual,FWD,1498 cc,98.6 bhp,23.7 kmpl,4.0,Yes,5 Seats,1360 kg,,,45 Litres,
Kia Sonet,₹8.25 Lakh,Feb 2021,"72,000 Kms",First Owner,Diesel,Manual,FWD,1493 cc,81.86 bhp,18.4 kmpl,4.0,No,5 Seats,1192 kg,,,,
Tata Altroz,₹6.30 Lakh,2023,"30,000 Kms",First Owner,Petrol,Manual,FWD,1199 cc,86.79 bhp,19.33 kmpl,3.0,No,5 Seats,,165 mm,37 Litres,,
Tata Nexon,₹50.55 Lakh,Jul 2021,"1,21,481 Kms",First Owner,Diesel,Manual,FWD,1497 cc,108.5 bhp,21.5 kmpl,4.0,Yes,5 Seats,1305 kg,,,44 Litres,
Maruti Suzuki Alto K10,₹1.87 Lakh,Nov 2016,"79,235 Kms",Second Owner,Petrol,Manual,FWD,998 cc,65.71 bhp,24.39 kmpl,3.0,,5 Seats,,,27 Litres,,
Toyota Innova Crysta,₹15.49 Lakh,Nov 2022,"51,797 Kms",First Owner,Petrol,Manual,RWD,2694 cc,163.60 bhp,,4.0,,7 Seats,1730 kg,,65 Litres,,
Honda City,₹15.51 Lakh,Jan 2023,"15,001 Kms",First Owner,Petrol,Automatic,FWD,1497 cc,,16.4 kmpl,4.0,No,5 Seats,1085 kg,160 mm,,,
Tata Harrier,₹14.50 Lakh,Oct 2021,"63,000 Kms",First Owner,Diesel,Manual,,1956 cc,167.67 bhp,16.35 kmpl,4.0,Yes,5 Seats,1660 kg,,,50 Litres,
Maruti Suzuki Alto 800,₹2.46 Lakh,Nov 2017,"48,391 Kms",First Owner,Petrol,Manual,FWD,796 cc,46.3 bhp,19.7 kmpl,3.0,No,5 Seats,705 kg,160 mm,35 Litres,,
Renault KWID,₹2.22 Lakh,Mar 2016,"68,567 Kms",First Owner,Petrol,Manual,FWD,799 cc,53.3 bhp,25.17 kmpl,3.0,No,5 Seats,710 kg,180 mm,28 Litres,,
Renault KWID,₹2.38 Lakh,Mar 2017,"1,01,618 Kms",First Owner,Petrol,Manual,FWD,799 cc,53.3 bhp,25.17 kmpl,3.0,No,5 Seats,710 kg,180 mm,28 Litres,,
Maruti Suzuki Alto 800,₹2.72 Lakh,Sept 2020,"45,605 Kms",Second Owner,Petrol,Manual,FWD,796 cc,46.3 bhp,19.7 kmpl,3.0,No,5 Seats,705 kg,160 mm,35 Litres,,
Hyundai i10,₹2.65 Lakh,May 2015,"99,286 Kms",First Owner,Petrol,Manual,FWD,1086 cc,68.05 bhp,19.81 kmpl,4.0,No,5 Seats,860 kg,165 mm,35 Litres,,
Hyundai EON,₹1.77 Lakh,Jul 2017,"1,10,624 Kms",First Owner,Petrol,Manual,FWD,814 cc,55.2 bhp,21.1 kmpl,3.0,No,5 Seats,880 kg,170 mm,32 Litres,,
Hyundai i20,₹2.34 Lakh,Nov 2012,"42,075 Kms",First Owner,Petrol,Manual,FWD,1197 cc,,17 kmpl,4.0,No,5 Seats,1020 kg,165 mm,45 Litres,,
Datsun RediGO,₹1.74 Lakh,Apr 2022,"39,029 Kms",First Owner,Petrol,Manual,FWD,799 cc,53.64 bhp,20.71 kmpl,3.0,No,5 Seats,750 kg,187 mm,28 Litres,,
Honda Amaze,₹2.15 Lakh,May 2013,"1,32,088 Kms",First Owner,Diesel,Manual,FWD,1498 cc,98.63 bhp,24.7 kmpl,4.0,Yes,5 Seats,1029 kg,,,35 Litres,
Volkswagen Polo,₹2.70 Lakh,Aug 2013,"97,000 Kms",Second Owner,Petrol,Manual,FWD,1198 cc,74 bhp,16.47 kmpl,3.0,No,5 Seats,1049 kg,165 mm,45 Litres,,
Maruti Suzuki Swift,₹3.20 Lakh,Apr 2012,"72,677 Kms",First Owner,Petrol,Manual,FWD,1197 cc,81.80 bhp,21.21 kmpl,4.0,No,5 Seats,855-885 kg,163 mm,37 Litres,,
Maruti Suzuki Swift,₹3.80 Lakh,May 2016,"1,16,687 Kms",First Owner,Petrol,Manual,FWD,1197 cc,81.80 bhp,21.21 kmpl,4.0,No,5 Seats,855-885 kg,163 mm,37 Litres,,
Renault KWID,₹4.58 Lakh,Feb 2025,"21,211 Kms",First Owner,Petrol,Manual,FWD,999 cc,67.06 bhp,21.46 kmpl,3.0,,5 Seats,,184 mm,28 Litres,,
Maruti Suzuki Baleno,₹5.19 Lakh,Mar 2019,"79,882 Kms",First Owner,Diesel,Manual,FWD,1248 cc,74 bhp,27.39 kmpl,4.0,Yes,5 Seats,985 kg,170 mm,,37 Litres,
Ford Ecosport,₹5.77 Lakh,Feb 2018,"75,722 Kms",First Owner,Petrol,Automatic,FWD,1496 cc,120.69 bhp,14.7 kmpl,3.0,No,5 Seats,1300 kg,,52 Litres,,
Hyundai Santro,₹4.52 Lakh,Oct 2019,"51,253 Kms",First Owner,CNG,Manual,FWD,1086 cc,59.17 bhp,30.48 km/kg,4.0,No,5 Seats,1070 kg,,,,60 Litres
Ford Ecosport,₹4.60 Lakh,Jul 2016,"1,06,872 Kms",Second Owner,,Manual,FWD,1498 cc,98.59 bhp,22.77 kmpl,4.0,Yes,5 Seats,1240 kg,200 mm,,52 Litres,
Maruti Suzuki Swift Dzire,₹5.31 Lakh,Sept 2018,"75,000 Kms",First Owner,Diesel,Manual,FWD,1248 cc,74.02 bhp,28.4 kmpl,4.0,Yes,5 Seats,955-990 kg,163 mm,,37 Litres,
Maruti Suzuki Swift Dzire,₹3.45 Lakh,Dec 2015,"66,000 Kms",Second Owner,Petrol,Manual,FWD,1197 cc,83.14 bhp,20.85 kmpl,4.0,No,5 Seats,945 kg,170 mm,42 Litres,,
Honda Amaze,₹4.60 Lakh,Feb 2020,"1,08,842 Kms",First Owner,Petrol,Manual,FWD,1199 cc,88.76 bhp,18.6 kmpl,4.0,No,5 Seats,917 kg,,35 Litres,,
Honda City,₹5.50 Lakh,Aug 2015,"50,000 Kms",First Owner,Petrol,Manual,FWD,1497 cc,117.3 bhp,17.8 kmpl,4.0,No,5 Seats,1049 kg,165 mm,40 Litres,,
Maruti Suzuki Wagon R,₹4.90 Lakh,May 2019,"38,000 Kms",First Owner,Petrol,Automatic,FWD,998 cc,67 bhp,20.51 kmpl,3.0,No,5 Seats,890 kg,165 mm,35 Litres,,
Hyundai i20,₹5.95 Lakh,Dec 2017,"60,000 Kms",First Owner,Petrol,Manual,FWD,1197 cc,81.83 bhp,18.6 kmpl,4.0,No,5 Seats,1066 kg,170 mm,45 Litres,,
Honda Amaze,₹3.50 Lakh,Mar 2017,"90,481 Kms",Second Owner,Petrol,Automatic,FWD,1199 cc,88.76 bhp,18.3 kmpl,4.0,No,5 Seats,945 kg,,35 Litres,,
Volkswagen Virtus,₹8.30 Lakh,Jun 2023,"50,814 Kms",Second Owner,Petrol,Manual,FWD,999 cc,113.98 bhp,19.4 kmpl,3.0,Yes,5 Seats,1210 kg,179 mm,45 Litres,,
Skoda Octavia,₹8.37 Lakh,Sept 2015,"1,07,702 Kms",Second Owner,Diesel,Automatic,FWD,1968 cc,141 bhp,19.3 kmpl,4.0,Yes,5 Seats,1395 kg,155 mm,,50 Litres,
Skoda Octavia,₹8.29 Lakh,May 2018,"1,47,902 Kms",First Owner,Diesel,Automatic,FWD,1968 cc,141 bhp,19.5 kmpl,4.0,Yes,5 Seats,1395 kg,110 mm,,50 Litres,
Hyundai Creta,₹7.65 Lakh,Oct 2017,"65,000 Kms",First Owner,,Manual,FWD,1396 cc,88.7 bhp,21.38 kmpl,4.0,No,5 Seats,1260 kg,190 mm,,55 Litres,
Hyundai Verna,₹7.45 Lakh,Aug 2018,"90,000 Kms",Second Owner,Diesel,Automatic,FWD,1582 cc,126.2 bhp,22 kmpl,4.0,Yes,5 Seats,1285 kg,165 mm,,45 Litres,
Hyundai Grand i10 Nios,₹6.45 Lakh,Aug 2021,"55,000 Kms",First Owner,CNG,Manual,,1197 cc,68.05 bhp,24 km/kg,4.0,No,5 Seats,1100 kg,,,,60 Litres
Honda City,₹15.66 Lakh,Jan 2023,"8,120 Kms",First Owner,Petrol,Automatic,FWD,1497 cc,,16.4 kmpl,4.0,No,5 Seats,1085 kg,160 mm,,,
Toyota Innova Crysta,₹18.50 Lakh,Oct 2019,"67,000 Kms",First Owner,Diesel,Manual,RWD,2393 cc,147.51 bhp,,7.0,Yes,7 Seats,1860 kg,,,55 Litres,
Tata Harrier,₹14 Lakh,May 2022,"66,992 Kms",First Owner,Diesel,Manual,,1956 cc,167.67 bhp,16.35 kmpl,4.0,Yes,5 Seats,1725 kg,,,50 Litres,
Kia Seltos,₹10.52 Lakh,Oct 2022,"37,279 Kms",First Owner,Petrol,Manual,2WD,1497 cc,113.42 bhp,17 kmpl,4.0,No,5 Seats,,,50 Litres,,
Honda Elevate,₹14.90 Lakh,Oct 2024,"4,000 Kms",First Owner,Petrol,Automatic,FWD,1498 cc,119 bhp,16.92 kmpl,4.0,,5 Seats,1213 kg,,40 Litres,,
Hyundai Verna,₹11.50 Lakh,2024,"25,000 Kms",First Owner,Petrol,Manual,FWD,1497 cc,113.18 bhp,18.6 kmpl,4.0,No,5 Seats,,,45 Litres,,
Hyundai Verna,₹10.99 Lakh,Jul 2023,"28,000 Kms",First Owner,Petrol,Automatic,,1497 cc,113.18 bhp,18.45 kmpl,4.0,,5 Seats,1200 kg,,45 Litres,,
Toyota Fortuner,₹21.50 Lakh,May 2017,"1,85,000 Kms",First Owner,,Manual,RWD,2694 cc,163.7 bhp,10.01 kmpl,4.0,No,7 Seats,2160 kg,220 mm,80 Litres,,
Honda City,₹9.27 Lakh,Jan 2023,"25,224 Kms",First Owner,Petrol,Manual,FWD,1497 cc,,17 kmpl,4.0,No,5 Seats,1100 kg,160 mm,42 Litres,,
Hyundai i20,₹8.27 Lakh,Feb 2024,"7,883 Kms",First Owner,Petrol,Manual,FWD,1197 cc,81.83 bhp,18.6 kmpl,4.0,No,5 Seats,1066 kg,170 mm,45 Litres,,
Hyundai Creta,₹6.10 Lakh,Feb 2017,"73,000 Kms",Third Owner,,Manual,FWD,1396 cc,88.7 bhp,21.38 kmpl,4.0,No,5 Seats,1260 kg,190 mm,,55 Litres,
Skoda Kushaq,₹6.73 Lakh,Jun 2023,"65,390 Kms",First Owner,Petrol,Manual,FWD,999 cc,113.98 bhp,19.76 kmpl,3.0,Yes,5 Seats,1193-1248 kg,,50 Litres,,
Hyundai Venue,₹9 Lakh,Aug 2024,"20,200 Kms",First Owner,Petrol,Manual,FWD,998 cc,118.35 bhp,18.27 kmpl,3.0,Yes,5 Seats,1340 kg,,45 Litres,,
Hyundai Venue,₹7.90 Lakh,Jun 2019,"55,000 Kms",First Owner,Petrol,Automatic,FWD,998 cc,118.35 bhp,18.15 kmpl,3.0,Yes,5 Seats,1440 kg,,45 Litres,,
Hyundai Venue,₹6.99 Lakh,Sept 2019,"68,000 Kms",First Owner,Petrol,Automatic,FWD,998 cc,118.35 bhp,18.15 kmpl,3.0,Yes,5 Seats,1440 kg,,45 Litres,,
Hyundai Venue,₹7.25 Lakh,Dec 2019,"50,000 Kms",First Owner,Petrol,Automatic,FWD,998 cc,118.35 bhp,18.15 kmpl,3.0,Yes,5 Seats,1440 kg,,45 Litres,,
Hyundai Aura,₹6.15 Lakh,Jul 2021,"46,000 Kms",First Owner,Petrol,Manual,,1197 cc,81.86 bhp,20.5 kmpl,4.0,No,5 Seats,1050 kg,,,,
Hyundai Creta,₹7.90 Lakh,Apr 2018,"65,000 Kms",First Owner,Diesel,Manual,FWD,1396 cc,88.7 bhp,22.1 kmpl,4.0,No,5 Seats,1240 kg,,,,
Renault KWID,₹2.73 Lakh,Mar 2019,"30,531 Kms",First Owner,Petrol,Manual,FWD,999 cc,67 bhp,21.74 kmpl,3.0,No,5 Seats,730 kg,184 mm,28 Litres,,
Renault KWID,₹1.72 Lakh,May 2016,"81,528 Kms",First Owner,Petrol,Manual,,799 cc,53.26 bhp,22.25 kmpl,3.0,,5 Seats,690 kg,184 mm,28 Litres,,
Hyundai i20,₹2.54 Lakh,May 2012,"48,311 Kms",First Owner,Petrol,Manual,FWD,1197 cc,,17 kmpl,4.0,No,5 Seats,1020 kg,165 mm,45 Litres,,
Hyundai i10,₹2.69 Lakh,Feb 2013,"76,520 Kms",First Owner,Petrol,Manual,FWD,1086 cc,68.05 bhp,19.81 kmpl,4.0,No,5 Seats,860 kg,165 mm,35 Litres,,
Renault KWID,₹2.50 Lakh,May 2018,"38,000 Kms",First Owner,Petrol,Manual,FWD,999 cc,67 bhp,23.01 kmpl,3.0,No,5 Seats,710 kg,180 mm,,,
Honda Brio,₹2 Lakh,Mar 2015,"59,506 Kms",Second Owner,Petrol,Manual,FWD,1198 cc,86.8 bhp,18.5 kmpl,4.0,No,5 Seats,930 kg,165 mm,35 Litres,,
Tata Tiago,₹2.95 Lakh,Jun 2018,"81,000 Kms",Second Owner,Diesel,Manual,FWD,1047 cc,69 bhp,27.28 kmpl,3.0,Yes,5 Seats,1050 kg,165 mm,,35 Litres,
Maruti Suzuki Swift,₹3.78 Lakh,Oct 2016,"1,13,064 Kms",First Owner,Diesel,Manual,FWD,1248 cc,74 bhp,28.4 kmpl,4.0,Yes,5 Seats,960 kg,163 mm,,37 Litres,
Tata Tigor,₹5.27 Lakh,Apr 2022,"1,16,882 Kms",First Owner,Petrol,Manual,FWD,1199 cc,84 bhp,20.3 kmpl,3.0,No,5 Seats,1052 kg,170 mm,35 Litres,,
Ford Figo,₹5.41 Lakh,Nov 2021,"42,433 Kms",First Owner,Petrol,Automatic,FWD,1194 cc,95.48 bhp,16 kmpl,3.0,,5 Seats,1081-1094 kg,,42 Litres,,
Hyundai i20,₹5.35 Lakh,Sept 2016,"47,000 Kms",First Owner,Petrol,Manual,FWD,1197 cc,81.83 bhp,18.6 kmpl,4.0,No,5 Seats,1066 kg,170 mm,45 Litres,,
i VTEC CVT VX,₹4.80 Lakh,Nov 2015,"35,915 Kms",First Owner,Petrol,Automatic,FWD,1497 cc,117.3 bhp,18 kmpl,4.0,No,5 Seats,1085 kg,165 mm,40 Litres,,
Honda Amaze,₹5.60 Lakh,Jul 2020,"37,000 Kms",First Owner,Petrol,Manual,FWD,1199 cc,88.76 bhp,18.6 kmpl,4.0,No,5 Seats,905 kg,,35 Litres,,
Maruti Suzuki Wagon R,₹4.70 Lakh,2020,"31,500 Kms",First Owner,Petrol,Automatic,FWD,1197 cc,81.80 bhp,20.52 kmpl,4.0,No,5 Seats,830-845 kg,,32 Litres,,
Toyota Innova Crysta,₹12.59 Lakh,Jul 2016,"95,708 Kms",First Owner,Diesel,Manual,,2393 cc,147.51 bhp,,4.0,,8 Seats,,,,55 Litres,
Hyundai Verna,₹13.21 Lakh,May 2024,"21,130 Kms",First Owner,Petrol,Manual,FWD,1482 cc,157.57 bhp,20 kmpl,4.0,Yes,5 Seats,,,45 Litres,,
Tata Harrier,₹10.40 Lakh,Aug 2021,"77,250 Kms",First Owner,Diesel,Manual,,1956 cc,167.67 bhp,16.35 kmpl,4.0,Yes,5 Seats,1675 kg,,,50 Litres,
Volkswagen Taigun,₹14.50 Lakh,Dec 2023,"8,000 Kms",First Owner,,Automatic,FWD,999 cc,113.98 bhp,17.23 kmpl,3.0,Yes,5 Seats,1255 kg,188 mm,50 Litres,,
Kia Sonet,₹12.50 Lakh,Mar 2024,"7,000 Kms",First Owner,Diesel,Manual,FWD,1493 cc,114 bhp,24.1 kmpl,4.0,Yes,5 Seats,,,,45 Litres,
Kia Seltos,₹12.50 Lakh,2022,"80,000 Kms",First Owner,Diesel,Manual,FWD,1493 cc,113.43 bhp,20.8 kmpl,4.0,Yes,5 Seats,1535 kg,,,50 Litres,
Volkswagen Virtus,₹8.76 Lakh,Jun 2023,"86,767 Kms",First Owner,Petrol,Automatic,FWD,999 cc,113.98 bhp,18.12 kmpl,3.0,Yes,5 Seats,1224 kg,179 mm,45 Litres,,
Honda City,₹9.19 Lakh,Feb 2023,"49,515 Kms",First Owner,Petrol,Manual,FWD,1497 cc,,17 kmpl,4.0,No,5 Seats,1100 kg,160 mm,42 Litres,,
Kia Sonet,₹8.45 Lakh,Oct 2023,"39,918 Kms",First Owner,Petrol,Automatic,FWD,998 cc,118.36 bhp,18.2 kmpl,3.0,Yes,5 Seats,1245 kg,,45 Litres,,
Hyundai Venue,₹7.44 Lakh,Aug 2019,"47,446 Kms",First Owner,Diesel,Manual,FWD,1498 cc,98.6 bhp,23.7 kmpl,4.0,Yes,5 Seats,1360 kg,,,45 Litres,
Kia Seltos,₹9.29 Lakh,Oct 2020,"70,239 Kms",Second Owner,Petrol,Automatic,FWD,1353 cc,138.08 bhp,16.5 kmpl,4.0,Yes,5 Seats,1535 kg,,50 Litres,,
Hyundai Creta,₹7.90 Lakh,Nov 2017,"72,000 Kms",First Owner,,Manual,FWD,1582 cc,126.2 bhp,19.67 kmpl,4.0,Yes,5 Seats,1300 kg,190 mm,,55 Litres,
MG Hector Plus,₹15.90 Lakh,Apr 2023,"28,000 Kms",First Owner,Diesel,Manual,,1956 cc,167.67 bhp,16.65 kmpl,4.0,YES,6 Seats,1860 kg,,,60 Litres,
Kia Seltos,₹8.50 Lakh,2020,"88,000 Kms",First Owner,Petrol,Manual,FWD,1497 cc,113.43 bhp,16.8 kmpl,4.0,No,5 Seats,1404 kg,,50 Litres,,
Hyundai Creta,₹7.40 Lakh,Mar 2016,"1,25,000 Kms",First Owner,,Manual,FWD,1582 cc,126.2 bhp,19.67 kmpl,4.0,Yes,5 Seats,1280 kg,190 mm,,55 Litres,
Toyota Innova,₹7 Lakh,Oct 2013,"85,000 Kms",First Owner,Diesel,Manual,RWD,2494 cc,100.6 bhp,,4.0,Yes,7 Seats,1675 kg,176 mm,,55 Litres,
Audi Q5,₹55 Lakh,2023,"18,000 Kms",First Owner,Petrol,Automatic,AWD,1984 cc,245.59 bhp,13.47 kmpl,4.0,,5 Seats,1970 kg,,,,
Hyundai Creta,₹11.04 Lakh,Apr 2022,"83,875 Kms",Second Owner,Petrol,Automatic,,1397 cc,138.12 bhp,11 kmpl,4.0,Yes,5 Seats,1465 kg,,50 Litres,,
Kia Seltos,₹10.12 Lakh,Nov 2019,"1,03,887 Kms",First Owner,Diesel,Automatic,FWD,1493 cc,113.43 bhp,,4.0,Yes,5 Seats,1468 kg,,,50 Litres,
Hyundai Verna,₹10.70 Lakh,Jul 2021,"48,402 Kms",First Owner,Petrol,Automatic,,998 cc,118.41 bhp,19.2 kmpl,3.0,Yes,5 Seats,1260 kg,,45 Litres,,
Kia Seltos,₹11.50 Lakh,Jul 2023,"39,263 Kms",First Owner,Petrol,Automatic,2WD,1497 cc,113.42 bhp,17.7 kmpl,4.0,No,5 Seats,,,50 Litres,,
Hyundai Verna,₹10.89 Lakh,Jun 2021,"41,492 Kms",First Owner,Petrol,Automatic,FWD,1591 cc,121.4 bhp,17.1 kmpl,4.0,No,5 Seats,1198 kg,170 mm,43 Litres,,
Toyota Innova Crysta,₹14.28 Lakh,Nov 2019,"75,344 Kms",Second Owner,Diesel,Manual,RWD,2393 cc,147.51 bhp,,4.0,Yes,7 Seats,,,,55 Litres,
Mercedes-Benz GLE,₹64.75 Lakh,Nov 2021,"33,000 Kms",First Owner,Diesel,Automatic,AWD,1950 cc,241.38 bhp,,4.0,Yes,5 Seats,2150 kg,200 mm,,93 Litres,
Hyundai i10,₹1.85 Lakh,Aug 2010,"65,000 Kms",First Owner,Petrol,Manual,FWD,1086 cc,68.05 bhp,19.81 kmpl,4.0,No,5 Seats,860 kg,165 mm,35 Litres,,
Maruti Suzuki Alto 800,₹2.70 Lakh,2020,"37,000 Kms",First Owner,Petrol,Manual,,796 cc,47.33 bhp,22.05 kmpl,3.0,,5 Seats,755 kg,,35 Litres,,
Nissan Micra,₹3.43 Lakh,Apr 2016,"65,751 Kms",First Owner,Petrol,Automatic,FWD,1198 cc,75.94 bhp,19.15 kmpl,3.0,No,5 Seats,1100 kg,154 mm,41 Litres,,
Hyundai Verna,₹5.35 Lakh,Sept 2016,"63,000 Kms",First Owner,Diesel,Manual,FWD,1582 cc,126.2 bhp,23.9 kmpl,4.0,Yes,5 Seats,1230 kg,165 mm,,43 Litres,
Maruti Suzuki Baleno,₹5.40 Lakh,Feb 2021,"54,000 Kms",First Owner,Petrol,Manual,FWD,1197 cc,81.80 bhp,21.01 kmpl,4.0,No,5 Seats,865-890 kg,170 mm,37 Litres,,
Ford Ecosport,₹4.99 Lakh,Oct 2018,"42,000 Kms",First Owner,,Automatic,FWD,1497 cc,121.36 bhp,14.8 kmpl,3.0,No,5 Seats,1320 kg,200 mm,52 Litres,,
Hyundai Creta,₹7.96 Lakh,Feb 2019,"91,383 Kms",Second Owner,,Automatic,FWD,1591 cc,121.3 bhp,13 kmpl,4.0,No,5 Seats,1280 kg,190 mm,55 Litres,,
Nissan Magnite,₹8.22 Lakh,Sept 2023,"19,259 Kms",First Owner,,Automatic,FWD,999 cc,98.63 bhp,17.4 kmpl,,,5 Seats,,,,,
Hyundai Verna,₹8.85 Lakh,Jan 2018,"80,000 Kms",First Owner,Diesel,Automatic,FWD,1582 cc,126.2 bhp,22 kmpl,4.0,Yes,5 Seats,1285 kg,165 mm,,45 Litres,
Hyundai Creta,₹7.99 Lakh,Apr 2019,"81,000 Kms",First Owner,Diesel,Manual,FWD,1396 cc,88.7 bhp,22.1 kmpl,4.0,No,5 Seats,1200 kg,,,55 Litres,
Honda Brio,₹3.16 Lakh,Jul 2015,"43,723 Kms",Second Owner,Petrol,Manual,FWD,1198 cc,86.8 bhp,19.4 kmpl,4.0,No,5 Seats,925 kg,165 mm,35 Litres,,
Nissan Magnite,₹8.22 Lakh,Sept 2023,"19,259 Kms",First Owner,,Automatic,FWD,999 cc,98.63 bhp,17.4 kmpl,3.0,Yes,5 Seats,,205 mm,40 Litres,,
Hyundai Santro,₹3.93 Lakh,Jul 2019,"72,843 Kms",First Owner,Petrol,Manual,FWD,1086 cc,68.05 bhp,20.3 kmpl,4.0,No,5 Seats,990 kg,,35 Litres,,
2.4 GX 8Str,₹12.78 Lakh,Nov 2018,"1,06,885 Kms",First Owner,Diesel,Manual,RWD,2393 cc,147.51 bhp,,4.0,yes,8 Seats,,,,55 Litres,
Hyundai Verna,₹10.50 Lakh,Jul 2023,"48,000 Kms",First Owner,Petrol,Automatic,FWD,1497 cc,113.18 bhp,19.6 kmpl,4.0,No,5 Seats,,,45 Litres,,
Mercedes-Benz A-Class Limousine,₹35.90 Lakh,2023,"20,000 Kms",Second Owner,Petrol,Automatic,,1332 cc,160.92 bhp,,4.0,Yes,5 Seats,1395 kg,,66 Litres,,
Tata Nexon,₹7.83 Lakh,Aug 2022,"31,595 Kms",First Owner,Petrol,Manual,,1199 cc,118.35 bhp,17.33 kmpl,3.0,Yes,5 Seats,,209 mm,44 Litres,,
Hyundai Verna,₹8.94 Lakh,Apr 2023,"73,023 Kms",Second Owner,Petrol,Manual,FWD,1482 cc,157.57 bhp,20 kmpl,4.0,Yes,5 Seats,,,45 Litres,,
Toyota Innova,₹8.85 Lakh,Mar 2016,"90,000 Kms",First Owner,Diesel,Manual,RWD,2494 cc,100.6 bhp,,4.0,Yes,7 Seats,1675 kg,176 mm,,55 Litres,
Renault KWID,₹2.98 Lakh,Dec 2021,"1,01,069 Kms",First Owner,Petrol,Manual,FWD,999 cc,67 bhp,21.74 kmpl,3.0,No,5 Seats,730 kg,184 mm,28 Litres,,
Hyundai i10,₹1.94 Lakh,May 2015,"61,054 Kms",Second Owner,Petrol,Manual,FWD,1086 cc,68.05 bhp,19.81 kmpl,4.0,No,5 Seats,860 kg,165 mm,35 Litres,,
Maruti Suzuki Alto 800,₹1.81 Lakh,Apr 2013,"1,01,502 Kms",First Owner,Petrol,Manual,FWD,796 cc,46.3 bhp,19.7 kmpl,3.0,No,5 Seats,705 kg,160 mm,35 Litres,,
Honda City,₹2.80 Lakh,Feb 2011,"46,680 Kms",First Owner,Petrol,Manual,FWD,1497 cc,,17 kmpl,4.0,No,5 Seats,1100 kg,160 mm,42 Litres,,
Hyundai Creta,₹12.61 Lakh,Jun 2022,"69,000 Kms",First Owner,Diesel,Manual,,1493 cc,113.98 bhp,,4.0,Yes,5 Seats,1430 kg,,,50 Litres,
Honda City,₹14.80 Lakh,Jan 2023,"9,684 Kms",First Owner,Petrol,Automatic,FWD,1497 cc,,16.4 kmpl,4.0,No,5 Seats,1085 kg,160 mm,,,
Honda Amaze,₹4.93 Lakh,Jan 2018,"67,173 Kms",First Owner,Petrol,Automatic,FWD,1199 cc,88.7 bhp,18.1 kmpl,4.0,No,5 Seats,985 kg,165 mm,35 Litres,,
Renault Duster,₹3.98 Lakh,Aug 2021,"80,165 Kms",Second Owner,Petrol,Manual,FWD,1498 cc,104.55 bhp,16.42 kmpl,4.0,No,5 Seats,1315 kg,,50 Litres,,
Mahindra XUV300,₹5.30 Lakh,Apr 2019,"1,34,003 Kms",First Owner,,Manual,FWD,1197 cc,110 bhp,17 kmpl,3.0,Yes,5 Seats,1435 kg,180 mm,42 Litres,,
Honda City,₹3.20 Lakh,Oct 2014,"40,310 Kms",First Owner,Petrol,Automatic,FWD,1497 cc,117.3 bhp,18 kmpl,4.0,No,5 Seats,1065 kg,165 mm,40 Litres,,
Honda City,₹3.50 Lakh,Nov 2014,"12,000 Kms",First Owner,Petrol,Manual,,1497 cc,117.60 bhp,17.4 kmpl,4.0,,5 Seats,1063 kg,,40 Litres,,
Maruti Suzuki Wagon R,₹3.40 Lakh,May 2017,"78,000 Kms",First Owner,CNG,Manual,FWD,998 cc,58.16 bhp,26.6 km/kg,3.0,No,5 Seats,960 kg,165 mm,,,7 Litres
Skoda Rapid,₹4.90 Lakh,Dec 2014,"85,000 Kms",First Owner,Diesel,Automatic,FWD,1498 cc,103.52 bhp,21.66 kmpl,4.0,Yes,5 Seats,1182 kg,168 mm,,55 Litres,
Tata Altroz,₹4.99 Lakh,Jul 2021,"75,000 Kms",First Owner,Diesel,Manual,,1497 cc,88.77 bhp,23.64 kmpl,4.0,Yes,5 Seats,1187 kg,165 mm,,37 Litres,
Tata Harrier,₹15.90 Lakh,Mar 2022,"38,653 Kms",First Owner,Diesel,Automatic,,1956 cc,167.67 bhp,14.6 kmpl,4.0,Yes,5 Seats,1675 kg,,,50 Litres,
Hyundai Venue,₹7.20 Lakh,Dec 2021,"99,350 Kms",First Owner,Petrol,Automatic,FWD,998 cc,118 bhp,18.31 kmpl,3.0,Yes,5 Seats,,,,,
Tata Tiago,₹6.08 Lakh,May 2023,"41,417 Kms",First Owner,CNG,Manual,FWD,1199 cc,74.46 bhp,26.49 km/kg,3.0,,5 Seats,,168 mm,,,60 Litres
Tata Punch,₹7.14 Lakh,Jul 2022,"20,994 Kms",First Owner,Petrol,Automatic,,1199 cc,86.63 bhp,18.8 kmpl,3.0,,5 Seats,1130 kg,,37 Litres,,
Hyundai Verna,₹8.65 Lakh,Sept 2017,"69,000 Kms",First Owner,Diesel,Automatic,FWD,1582 cc,126.2 bhp,22 kmpl,4.0,Yes,5 Seats,1285 kg,165 mm,,45 Litres,
Kia Sonet,₹8.90 Lakh,Nov 2020,"76,000 Kms",Second Owner,Diesel,Automatic,FWD,1493 cc,113.43 bhp,,4.0,Yes,5 Seats,kerb weight kg,,,45 Litres,
Hyundai Verna,₹11.81 Lakh,Apr 2022,"42,152 Kms",First Owner,Petrol,Automatic,,998 cc,118.41 bhp,19.2 kmpl,3.0,Yes,5 Seats,1260 kg,,45 Litres,,
Toyota Fortuner,₹34.50 Lakh,Jan 2024,"22,000 Kms",First Owner,Diesel,Manual,2WD,2755 cc,201.15 bhp,14 kmpl,4.0,Yes,7 Seats,,,,80 Litres,
Mercedes-Benz A-Class Limousine,₹33 Lakh,2023,"20,000 Kms",First Owner,Petrol,Automatic,,1332 cc,160.92 bhp,,4.0,Yes,5 Seats,1395 kg,,66 Litres,,
Tata Nexon,₹7.80 Lakh,Apr 2023,"12,748 Kms",First Owner,Petrol,Manual,,1199 cc,118.35 bhp,17.33 kmpl,3.0,Yes,5 Seats,1230 kg,209 mm,44 Litres,,
Maruti Suzuki Baleno,₹5.35 Lakh,Feb 2020,"54,939 Kms",First Owner,Diesel,Manual,FWD,1248 cc,74 bhp,27.39 kmpl,4.0,Yes,5 Seats,960-985 kg,170 mm,,37 Litres,
Maruti Suzuki Baleno,₹5.28 Lakh,Jun 2021,"43,524 Kms",First Owner,Diesel,Manual,FWD,1248 cc,74 bhp,27.39 kmpl,4.0,Yes,5 Seats,960-985 kg,170 mm,,37 Litres,
Tata Tiago,₹3.57 Lakh,Feb 2018,"65,249 Kms",First Owner,CNG,Manual,FWD,1199 cc,74.46 bhp,26.49 km/kg,3.0,,5 Seats,,168 mm,,,60 Litres
Tata Tiago,₹3.91 Lakh,Jul 2020,"70,635 Kms",First Owner,Petrol,Automatic,FWD,1199 cc,83.83 bhp,23.84 kmpl,3.0,No,5 Seats,1012 kg,170 mm,35 Litres,,
Hyundai i20,₹5.51 Lakh,Apr 2021,"50,465 Kms",First Owner,Petrol,Automatic,,998 cc,118.36 bhp,20.28 kmpl,3.0,Yes,5 Seats,1280 kg,,37 Litres,,
Maruti Suzuki Wagon R,₹3.50 Lakh,Mar 2017,"63,000 Kms",First Owner,CNG,Manual,FWD,998 cc,58.16 bhp,26.6 km/kg,3.0,No,5 Seats,960 kg,165 mm,,,7 Litres
Maruti Suzuki Swift,₹5.15 Lakh,Dec 2016,"41,000 Kms",First Owner,Petrol,Manual,FWD,1197 cc,81.80 bhp,21.21 kmpl,4.0,No,5 Seats,855-885 kg,163 mm,37 Litres,,
Maruti Suzuki Swift,₹5.30 Lakh,Jul 2017,"73,000 Kms",First Owner,Petrol,Manual,FWD,1197 cc,81.80 bhp,21.21 kmpl,4.0,No,5 Seats,855-885 kg,163 mm,37 Litres,,
Tata Nexon,₹7.96 Lakh,Aug 2023,"21,445 Kms",First Owner,Diesel,Manual,,1497 cc,108.49 bhp,21.19 kmpl,4.0,Yes,5 Seats,1395 kg,209 mm,,44 Litres,
Hyundai Venue,₹8.80 Lakh,Apr 2022,"48,902 Kms",First Owner,Petrol,Automatic,FWD,998 cc,118 bhp,18.31 kmpl,3.0,Yes,5 Seats,,,,,
Hyundai Venue,₹8.21 Lakh,Feb 2021,"62,111 Kms",First Owner,Petrol,Automatic,FWD,998 cc,118 bhp,18.31 kmpl,3.0,Yes,5 Seats,,,,,
Maruti Suzuki Vitara Brezza,₹6.50 Lakh,Aug 2021,"66,000 Kms",First Owner,Petrol,Manual,FWD,1462 cc,103.26 bhp,17.03 kmpl,4.0,,5 Seats,1110-1130 kg,,48 Litres,,
Hyundai Creta,₹8.50 Lakh,Mar 2017,"70,000 Kms",First Owner,,Automatic,FWD,1582 cc,126.2 bhp,17.01 kmpl,4.0,Yes,5 Seats,1320 kg,190 mm,,55 Litres,
Hyundai Venue,₹8.49 Lakh,Jul 2021,"43,176 Kms",First Owner,Petrol,Automatic,FWD,998 cc,118 bhp,18.31 kmpl,3.0,Yes,5 Seats,,,,,
XZ Plus (O) Diesel,₹7.96 Lakh,Aug 2023,"21,445 Kms",First Owner,Diesel,Manual,,1497 cc,108.49 bhp,21.19 kmpl,4.0,Yes,5 Seats,1395 kg,209 mm,,44 Litres,
Maruti Suzuki Ertiga,₹9.25 Lakh,Nov 2023,"31,000 Kms",First Owner,Petrol,Manual,2WD,1462 cc,101.65 bhp,20.51 kmpl,4.0,,7 Seats,1150-1205 kg,,45 Litres,,
Hyundai Exter,₹7.61 Lakh,May 2024,"34,458 Kms",First Owner,CNG,Manual,FWD,1197 cc,67.72 bhp,27.1 km/kg,4.0,,5 Seats,,,,,60 Litres
Tata Tigor,₹7.50 Lakh,Jan 2026,"28,000 Kms",First Owner,CNG,Manual,FWD,1199 cc,74.47 bhp,26.49 km/kg,3.0,,5 Seats,,,,,70 Litres
Maruti Suzuki Ertiga,₹9.19 Lakh,Aug 2021,"31,000 Kms",First Owner,Petrol,Manual,FWD,1373 cc,91.1 bhp,17.5 kmpl,4.0,No,7 Seats,1175 kg,185 mm,45 Litres,,
Hyundai Creta,₹12.75 Lakh,Jul 2020,"57,000 Kms",First Owner,Diesel,Automatic,FWD,1582 cc,126.2 bhp,17.6 kmpl,4.0,Yes,5 Seats,1340 kg,,,55 Litres,
Maruti Suzuki Alto K10,₹4.40 Lakh,Feb 2024,"13,000 Kms",First Owner,Petrol,Manual,FWD,998 cc,65.71 bhp,24.39 kmpl,3.0,,5 Seats,,,27 Litres,,
Ford Endeavour,₹17.90 Lakh,Jul 2018,"65,000 Kms",Second Owner,,Automatic,4WD,3198 cc,197 bhp,10.91 kmpl,4.0,Yes,7 Seats,1879 kg,225 mm,,80 Litres,
Maruti Suzuki Ertiga,₹9.50 Lakh,Dec 2020,"42,000 Kms",First Owner,Petrol,Manual,FWD,1462 cc,103.26 bhp,19.01 kmpl,4.0,No,7 Seats,1135-1170 kg,,45 Litres,,
Maruti Suzuki Ertiga,₹9.50 Lakh,Aug 2020,"56,000 Kms",First Owner,Petrol,Manual,FWD,1373 cc,91.1 bhp,17.5 kmpl,4.0,No,7 Seats,1180 kg,185 mm,45 Litres,,
Mahindra XUV700,₹14.57 Lakh,Jan 2023,"73,096 Kms",First Owner,Petrol,Automatic,FWD,1999 cc,197 bhp,13 kmpl,4.0,Yes,5 Seats,,,60 Litres,,
Hyundai Creta,₹12.99 Lakh,Jun 2023,"67,000 Kms",First Owner,Diesel,Manual,2WD,1493 cc,113.45 bhp,18 kmpl,4.0,Yes,5 Seats,1565 kg,,,50 Litres,
Toyota Fortuner,₹38.90 Lakh,Mar 2023,"33,000 Kms",First Owner,Diesel,Automatic,2WD,2755 cc,201.15 bhp,14 kmpl,4.0,Yes,7 Seats,,,,80 Litres,
Mahindra KUV 100,₹2.55 Lakh,Nov 2017,"56,000 Kms",First Owner,,Manual,FWD,1198 cc,82 bhp,18.15 kmpl,3.0,No,6 Seats,1175 kg,170 mm,35 Litres,,
Tata Tigor,₹4.57 Lakh,Mar 2022,"1,12,982 Kms",First Owner,CNG,Manual,,1199 cc,72.40 bhp,26.49 km/kg,3.0,,5 Seats,1030 kg,,,,60 Litres
Tata Tiago,₹4.71 Lakh,Mar 2022,"93,523 Kms",First Owner,CNG,Manual,FWD,1199 cc,74.46 bhp,26.49 km/kg,3.0,,5 Seats,,168 mm,,,60 Litres
Tata Tiago,₹4.69 Lakh,Sept 2022,"89,259 Kms",First Owner,CNG,Manual,FWD,1199 cc,74.46 bhp,26.49 km/kg,3.0,,5 Seats,,168 mm,,,60 Litres
Hyundai Creta,₹8.90 Lakh,Feb 2019,"83,000 Kms",First Owner,Diesel,Manual,FWD,1396 cc,88.7 bhp,22.1 kmpl,4.0,No,5 Seats,1200 kg,,,55 Litres,
Audi Q5,₹16.50 Lakh,Apr 2014,"92,000 Kms",First Owner,Diesel,Automatic,AWD,1968 cc,174.3 bhp,,4.0,Yes,5 Seats,1830 kg,200 mm,,75 Litres,
BMW X4,₹34.75 Lakh,Nov 2020,"55,000 Kms",Second Owner,Diesel,Automatic,4WD,2993 cc,261.50 bhp,,6.0,Twin,5 Seats,1890 kg,,,68 Litres,
Tata Tiago EV,₹7.75 Lakh,May 2023,"40,000 Kms",First Owner,,Automatic,FWD,,73.75 bhp,,,,5 Seats,,,,,
Maruti Suzuki Swift,₹2.93 Lakh,Aug 2016,"79,967 Kms",First Owner,Petrol,Manual,FWD,1197 cc,88.50 bhp,22.38 kmpl,4.0,,5 Seats,875-905 kg,,37 Litres,,
Maruti Suzuki Alto K10,₹99 Thousand,Nov 2010,"56,000 Kms",First Owner,Petrol,Manual,FWD,998 cc,67.1 bhp,20.92 kmpl,3.0,No,5 Seats,760 kg,160 mm,35 Litres,,
Mahindra Marazzo,₹5.15 Lakh,Apr 2019,"84,800 Kms",First Owner,Diesel,Manual,FWD,1497 cc,121 bhp,17.3 kmpl,4.0,Yes,7 Seats,1650 s kg,,,45 Litres,
Maruti Suzuki Ertiga,₹5.70 Lakh,Jul 2016,"89,744 Kms",Second Owner,Petrol,Manual,FWD,1373 cc,91.1 bhp,17.5 kmpl,4.0,No,7 Seats,1175 kg,185 mm,45 Litres,,
Mahindra Bolero Neo,₹6 Lakh,Oct 2022,"80,302 Kms",Second Owner,,Manual,RWD,1493 cc,98.56 bhp,17.29 kmpl,3.0,Yes,7 Seats,,180 mm,,50 Litres,
Maruti Suzuki Swift,₹5.11 Lakh,Dec 2021,"46,000 Kms",First Owner,Petrol,Manual,,1197 cc,88.50 bhp,22.38 kmpl,4.0,,5 Seats,875-905 kg,,37 Litres,,
Mahindra Thar,₹10.54 Lakh,May 2022,"72,860 Kms",Second Owner,,Automatic,4WD,2184 cc,130.07 bhp,9 kmpl,4.0,Yes,4 Seats,,226 mm,,57 Litres,
Mahindra Thar,₹11.90 Lakh,Nov 2022,"90,000 Kms",First Owner,,Automatic,4X4,2184 cc,130 bhp,9 kmpl,4.0,Yes,4 Seats,1755 kg,226 mm,,57 Litres,
Maruti Suzuki Swift,₹2.69 Lakh,Jun 2013,"1,08,881 Kms",First Owner,Petrol,Manual,FWD,1197 cc,80.46 bhp,24.8 kmpl,3.0,No,5 Seats,920 kg,163 mm,37 Litres,,
Hyundai Verna,₹3.85 Lakh,Apr 2013,"1,15,322 Kms",First Owner,Diesel,Manual,FWD,1582 cc,126.2 bhp,23.9 kmpl,4.0,Yes,5 Seats,1270 kg,165 mm,,43 Litres,
Maruti Suzuki Ertiga,₹10.50 Lakh,Aug 2021,"62,000 Kms",First Owner,CNG,Manual,FWD,1462 cc,91.19 bhp,26.08 km/kg,4.0,No,7 Seats,1235 kg,,,,60 Litres
Toyota Fortuner,₹14.75 Lakh,Oct 2015,"80,000 Kms",First Owner,,Automatic,FWD,2982 cc,168.5 bhp,12.55 kmpl,4.0,Yes,7 Seats,1880 kg,220 mm,,80 Litres,
Toyota Fortuner,₹15.90 Lakh,Apr 2015,"89,000 Kms",First Owner,,Automatic,FWD,2982 cc,168.5 bhp,12.55 kmpl,4.0,Yes,7 Seats,1880 kg,220 mm,,80 Litres,
Maruti Suzuki Ertiga,₹10.25 Lakh,Dec 2021,"20,000 Kms",First Owner,CNG,Manual,FWD,1462 cc,91.19 bhp,26.08 km/kg,4.0,No,7 Seats,1235 kg,,,,60 Litres
Renault KWID,₹2.67 Lakh,Mar 2018,"35,824 Kms",First Owner,Petrol,Automatic,FWD,999 cc,67 bhp,24.04 kmpl,3.0,No,5 Seats,730 kg,180 mm,28 Litres,,
BMW X1,₹14.75 Lakh,Aug 2015,"65,000 Kms",First Owner,,Automatic,RWD,1995 cc,188 bhp,17.05 kmpl,4.0,Yes,5 Seats,1550 kg,179 mm,,63 Litres,
BMW X1,₹16.50 Lakh,Jan 2018,"85,000 Kms",First Owner,Diesel,Automatic,FWD,1995 cc,188 bhp,,4.0,Yes,5 Seats,1590 kg,179 mm,,61 Litres,
Mahindra TUV 300,₹4.50 Lakh,2016,"87,000 Kms",First Owner,,Manual,RWD,1493 cc,100 bhp,18.49 kmpl,3.0,Yes,7 Seats,1755 kg,184 mm,,60 Litres,
Maruti Suzuki Alto 800,₹2.30 Lakh,2019,"1,23,000 Kms",First Owner,Petrol,Manual,,796 cc,47.33 bhp,22.05 kmpl,3.0,,5 Seats,755 kg,,35 Litres,,
Hyundai i20,₹3.25 Lakh,2015,"1,00,000 Kms",First Owner,Petrol,Manual,FWD,1197 cc,81.83 bhp,18.6 kmpl,4.0,No,5 Seats,1066 kg,170 mm,45 Litres,,
Hyundai Xcent,₹3.80 Lakh,2019,"80,000 Kms",First Owner,Diesel,Manual,FWD,1186 cc,73.97 bhp,25.4 kmpl,3.0,Yes,5 Seats,1080 kg,165 mm,,43 Litres,
Tata Tiago,₹3 Lakh,2018,"60,000 Kms",First Owner,Petrol,Manual,FWD,1199 cc,84 bhp,23.84 kmpl,3.0,No,5 Seats,1012 kg,170 mm,35 Litres,,
Hyundai i20,₹5.20 Lakh,2017,"2,10,000 Kms",First Owner,Diesel,Manual,FWD,1396 cc,88.73 bhp,22.54 kmpl,4.0,Yes,5 Seats,1515 kg,170 mm,,45 Litres,
Hyundai i10,₹2.50 Lakh,2013,"80,000 Kms",Third Owner,Petrol,Manual,FWD,1086 cc,68.05 bhp,19.81 kmpl,4.0,No,5 Seats,860 kg,165 mm,35 Litres,,
Skoda Fabia,₹2.50 Lakh,2011,"30,000 Kms",First Owner,Petrol,Manual,Two Wheel Drive,1198 cc,73.9 bhp,16.25 kmpl,3.0,No,5 Seats,1070 kg,158 mm,45 Litres,,
Datsun RediGO,₹1.48 Lakh,2017,"70,000 Kms",Second Owner,Petrol,Manual,2WD,999 cc,67 bhp,22.5 kmpl,3.0,No,5 Seats,750 kg,,28 Litres,,
Honda Amaze,₹2.50 Lakh,2015,"90,000 Kms",First Owner,Petrol,Manual,FWD,1198 cc,86.7 bhp,18 kmpl,4.0,No,5 Seats,950 kg,165 mm,35 Litres,,
Maruti Suzuki Swift Dzire,₹2.50 Lakh,2013,"1,60,000 Kms",First Owner,Petrol,Manual,FWD,1197 cc,85.8 bhp,19.1 kmpl,4.0,No,5 Seats,970 kg,170 mm,42 Litres,,
Maruti Suzuki Swift Dzire,₹2.85 Lakh,2014,"90,000 Kms",Third Owner,Petrol,Manual,FWD,1197 cc,85.8 bhp,19.1 kmpl,4.0,No,5 Seats,970 kg,170 mm,42 Litres,,
Ford Figo,₹2.99 Lakh,2016,"1,50,000 Kms",Second Owner,Diesel,Manual,FWD,1498 cc,99 bhp,25.83 kmpl,4.0,Yes,5 Seats,1040-1130 kg,174 mm,,40 Litres,
Hyundai Santro Xing,₹2.30 Lakh,2011,"1,00,000 Kms",First Owner,Petrol,Manual,,1086 cc,62 bhp,,4.0,No,5 Seats,854 kg,164 mm,35 Litres,,
Hyundai i10,₹2.50 Lakh,2014,"70,000 Kms",First Owner,Petrol,Manual,FWD,1086 cc,68.05 bhp,19.81 kmpl,4.0,No,5 Seats,860 kg,165 mm,35 Litres,,
Hyundai i10,₹2.30 Lakh,2014,"55,000 Kms",Second Owner,Petrol,Manual,FWD,1197 cc,78.9 bhp,20.36 kmpl,4.0,No,5 Seats,930 kg,165 mm,35 Litres,,
Hyundai i10,₹3 Lakh,2015,"1,33,500 Kms",First Owner,Petrol,Manual,FWD,1197 cc,78.9 bhp,20.36 kmpl,4.0,No,5 Seats,1100 kg,165 mm,35 Litres,,
Tata Zest,₹2.25 Lakh,2015,"1,50,000 Kms",First Owner,Diesel,Manual,FWD,1248 cc,88.7 bhp,20.65 kmpl,4.0,Yes,5 Seats,1155 kg,170 mm,,44 Litres,
Hyundai i10,₹2.60 Lakh,2012,"78,000 Kms",Second Owner,Petrol,Manual,FWD,1197 cc,78.9 bhp,20.36 kmpl,4.0,No,5 Seats,930 kg,165 mm,35 Litres,,
Hyundai i10,₹2.25 Lakh,2013,"70,000 Kms",Second Owner,Petrol,Manual,FWD,1197 cc,78.9 bhp,20.36 kmpl,4.0,No,5 Seats,930 kg,165 mm,35 Litres,,
Hyundai Grand i10,₹4 Lakh,2017,"90,000 Kms",First Owner,Petrol,Manual,FWD,1197 cc,81.86 bhp,18.9 kmpl,4.0,No,5 Seats,1060 kg,165 mm,43 Litres,,
Tata Tiago,₹3.60 Lakh,2020,"80,000 Kms",Second Owner,Petrol,Manual,,1199 cc,84.82 bhp,20.09 kmpl,3.0,,5 Seats,1100 kg,170 mm,35 Litres,,
Hyundai Xcent,₹3.21 Lakh,2017,"1,60,000 Kms",First Owner,Diesel,Manual,FWD,1186 cc,73.97 bhp,25.4 kmpl,3.0,Yes,5 Seats,1100 kg,165 mm,,43 Litres,
Tata Tiago,₹4.50 Lakh,2017,"90,000 Kms",First Owner,Petrol,Manual,FWD,1199 cc,84 bhp,23.84 kmpl,3.0,No,5 Seats,980 kg,170 mm,35 Litres,,
Hyundai i20,₹4.50 Lakh,2015,"90,000 Kms",Second Owner,Petrol,Manual,FWD,1197 cc,81.83 bhp,18.6 kmpl,4.0,No,5 Seats,1066 kg,170 mm,45 Litres,,
Hyundai Grand i10,₹3.25 Lakh,2016,"1,50,000 Kms",First Owner,Diesel,Manual,FWD,1120 cc,70 bhp,24 kmpl,3.0,No,5 Seats,1025 kg,165 mm,,43 Litres,
Honda City,₹4 Lakh,2015,"80,000 Kms",Second Owner,Petrol,Manual,FWD,1497 cc,117.3 bhp,17.4 kmpl,4.0,No,5 Seats,1042 kg,165 mm,40 Litres,,
Hyundai i20,₹6 Lakh,2019,"70,000 Kms",First Owner,Diesel,Manual,FWD,1396 cc,88.76 bhp,22.54 kmpl,4.0,Yes,5 Seats,1160 kg,170 mm,,40 Litres,
Honda City,₹5.35 Lakh,2018,"1,50,000 Kms",First Owner,Petrol,Manual,FWD,1497 cc,117.6 bhp,17.4 kmpl,4.0,No,5 Seats,1063 kg,165 mm,40 Litres,,
Hyundai i20,₹4.50 Lakh,2014,"55,000 Kms",First Owner,Petrol,Manual,FWD,1197 cc,82.85 bhp,18.5 kmpl,4.0,No,5 Seats,1040 kg,,45 Litres,,
Honda Amaze,₹5 Lakh,2019,"40,000 Kms",First Owner,Petrol,Manual,FWD,1199 cc,88.76 bhp,19.5 kmpl,4.0,No,5 Seats,917 kg,170 mm,35 Litres,,
Hyundai i10,₹3.51 Lakh,2016,"80,000 Kms",First Owner,Petrol,Manual,FWD,1086 cc,68.05 bhp,19.81 kmpl,4.0,No,5 Seats,860 kg,165 mm,35 Litres,,
Hyundai i20,₹3.50 Lakh,2015,"40,000 Kms",First Owner,Petrol,Manual,FWD,1197 cc,81.83 bhp,18.6 kmpl,4.0,No,5 Seats,1066 kg,170 mm,45 Litres,,
Hyundai Xcent,₹3.30 Lakh,2014,"57,300 Kms",First Owner,Petrol,Manual,FWD,1197 cc,82 bhp,19.1 kmpl,4.0,No,5 Seats,1160 kg,165 mm,43 Litres,,
Honda City,₹8 Lakh,2019,"20,000 Kms",First Owner,Petrol,Automatic,FWD,1497 cc,117.6 bhp,18 kmpl,4.0,No,5 Seats,1100 kg,165 mm,40 Litres,,
Honda Amaze 2nd Gen,₹7.50 Lakh,2022,"30,000 Kms",First Owner,Petrol,Manual,,1199 cc,88.50 bhp,18.6 kmpl,4.0,,5 Seats,907-934 kg,,35 Litres,,
Hyundai Creta,₹7.50 Lakh,2018,"1,21,000 Kms",Second Owner,Petrol,Manual,FWD,1591 cc,121.3 bhp,15.8 kmpl,4.0,No,5 Seats,1260 kg,,55 Litres,,
Tata Safari,₹22 Lakh,2023,"30,000 Kms",First Owner,Diesel,Manual,FWD,1956 cc,167.62 bhp,14 kmpl,4.0,Yes,7 Seats,,,,50 Litres,
Hyundai i10,₹2.50 Lakh,2016,"40,000 Kms",Third Owner,Petrol,Manual,FWD,1086 cc,68.05 bhp,19.81 kmpl,4.0,No,5 Seats,860 kg,165 mm,35 Litres,,
Volkswagen Taigun,₹21 Lakh,2024,"10,000 Kms",First Owner,,Automatic,FWD,1498 cc,147.51 bhp,17.88 kmpl,4.0,Yes,5 Seats,1312 kg,188 mm,50 Litres,,
Jeep Compass,₹12 Lakh,2018,"1,43,000 Kms",First Owner,,Manual,4X2,1956 cc,170.63 bhp,17.1 kmpl,4.0,Yes,5 Seats,1551 s kg,178 mm,,60 Litres,
Kia Seltos,₹11.25 Lakh,2023,"50,000 Kms",Second Owner,Petrol,Automatic,2WD,1497 cc,113.42 bhp,17.7 kmpl,4.0,No,5 Seats,,,50 Litres,,
Toyota Hyryder,₹11.50 Lakh,2023,"70,000 Kms",First Owner,Petrol,Manual,FWD,1462 cc,101.64 bhp,21.12 kmpl,4.0,,5 Seats,1145-1290 kg,,45 Litres,,
Volkswagen Tiguan,₹15 Lakh,2023,"60,000 Kms",First Owner,Petrol,Automatic,AWD,1984 cc,187.74 bhp,12.65 kmpl,4.0,Yes,5 Seats,1703 kg,,60 Litres,,
Maruti Suzuki Alto K10,₹2.50 Lakh,2014,"1,20,000 Kms",Fifth Owner,Petrol,Manual,FWD,998 cc,67.1 bhp,20.92 kmpl,3.0,No,5 Seats,760 kg,160 mm,35 Litres,,
Toyota Etios,₹3 Lakh,2012,"1,90,000 Kms",First Owner,Diesel,Manual,,1364 cc,,23.59 kmpl,4.0,,5 Seats,920 kg,,,45 Litres,
Datsun GO Plus,₹1.65 Lakh,2019,"50,000 Kms",Third Owner,Petrol,Manual,FWD,1198 cc,67 bhp,19.83 kmpl,3.0,No,7 Seats,882 kg,,35 Litres,,
Honda Amaze,₹3 Lakh,2017,"1,60,000 Kms",First Owner,Diesel,Manual,FWD,1498 cc,98.6 bhp,25.8 kmpl,4.0,Yes,5 Seats,1065 kg,165 mm,,35 Litres,
Maruti Suzuki Wagon R,₹2.75 Lakh,2017,"1,00,000 Kms",First Owner,Petrol,Manual,FWD,998 cc,67.04 bhp,20.51 kmpl,3.0,No,5 Seats,885 kg,165 mm,35 Litres,,
Tata Tiago,₹2.80 Lakh,2017,"80,000 Kms",Second Owner,Petrol,Manual,FWD,1199 cc,84 bhp,23.84 kmpl,3.0,No,5 Seats,1012 kg,170 mm,35 Litres,,
Maruti Suzuki Wagon R,₹1.30 Lakh,2012,"1,20,000 Kms",Third Owner,Petrol,Manual,FWD,998 cc,67.1 bhp,18.9 kmpl,3.0,No,5 Seats,870 kg,165 mm,35 Litres,,
Maruti Suzuki Wagon R,₹2.25 Lakh,2014,"1,00,000 Kms",Third Owner,Petrol,Manual,FWD,998 cc,67.04 bhp,20.51 kmpl,3.0,No,5 Seats,885 kg,165 mm,35 Litres,,
Maruti Suzuki Wagon R,₹1.25 Lakh,2012,"1,20,000 Kms",Third Owner,Petrol,Manual,FWD,998 cc,67.1 bhp,18.9 kmpl,3.0,No,5 Seats,885 kg,165 mm,35 Litres,,
Tata Zest,₹2.40 Lakh,2018,"50,000 Kms",First Owner,Petrol,Manual,FWD,1193 cc,88.7 bhp,17.57 kmpl,4.0,Yes,5 Seats,1115 kg,170 mm,44 Litres,,
Renault KWID,₹2.70 Lakh,2018,"40,000 Kms",Second Owner,Petrol,Manual,FWD,999 cc,67 bhp,23.01 kmpl,3.0,No,5 Seats,730 kg,180 mm,28 Litres,,
LXI BS IV,₹2.03 Lakh,2013,"1,00,000 Kms",Second Owner,Petrol,Manual,FWD,998 cc,67.04 bhp,20.51 kmpl,3.0,No,5 Seats,870 kg,165 mm,35 Litres,,
Maruti Suzuki Wagon R,₹2 Lakh,2011,"1,60,000 Kms",Third Owner,Petrol,Manual,FWD,998 cc,67.1 bhp,18.9 kmpl,3.0,No,5 Seats,885 kg,165 mm,35 Litres,,
Nissan Micra,₹2 Lakh,2011,"80,000 Kms",First Owner,Diesel,Manual,Two Whhel Drive,1461 cc,63.1 bhp,23.08 kmpl,4.0,No,5 Seats,1008 kg,,,41 Litres,
Datsun GO Plus,₹1.85 Lakh,2019,"47,200 Kms",Third Owner,Petrol,Manual,FWD,1198 cc,67 bhp,19.83 kmpl,3.0,No,7 Seats,882 kg,,35 Litres,,
Maruti Suzuki Celerio,₹2.50 Lakh,2014,"1,10,000 Kms",First Owner,Petrol,Manual,FWD,998 cc,67.04 bhp,23.1 kmpl,3.0,No,5 Seats,835 kg,120 mm,35 Litres,,
Hyundai EON,₹1.45 Lakh,2012,"70,000 Kms",Third Owner,Petrol,Manual,FWD,814 cc,55.2 bhp,21.1 kmpl,3.0,No,5 Seats,860 kg,170 mm,32 Litres,,
Hyundai Xcent,₹2.75 Lakh,2014,"80,000 Kms",Second Owner,Diesel,Manual,FWD,1120 cc,71 bhp,24.4 kmpl,3.0,Yes,5 Seats,1100 kg,165 mm,,43 Litres,
Maruti Suzuki Swift Dzire,₹2.20 Lakh,2013,"1,50,000 Kms",First Owner,Diesel,Manual,FWD,1248 cc,74 bhp,23.4 kmpl,4.0,Yes,5 Seats,1080 kg,170 mm,,42 Litres,
Toyota Corolla Altis,₹3 Lakh,2009,"1,20,000 Kms",Second Owner,Petrol,Manual,FWD,1798 cc,138.1 bhp,14.53 kmpl,4.0,No,5 Seats,1340 kg,175 mm,55 Litres,,
Maruti Suzuki Wagon R,₹2.40 Lakh,2016,"43,000 Kms",Third Owner,Petrol,Manual,FWD,998 cc,67.04 bhp,20.51 kmpl,3.0,No,5 Seats,885 kg,165 mm,35 Litres,,
Maruti Suzuki Wagon R,₹2.03 Lakh,2013,"1,00,000 Kms",Second Owner,Petrol,Manual,FWD,998 cc,67.04 bhp,20.51 kmpl,3.0,No,5 Seats,870 kg,165 mm,35 Litres,,
Hyundai i10,₹1.25 Lakh,2008,"90,000 Kms",Third Owner,Petrol,Manual,FWD,1197 cc,78.9 bhp,20.36 kmpl,4.0,No,5 Seats,930 kg,165 mm,35 Litres,,
Nissan Micra,₹2.50 Lakh,2012,"90,000 Kms",Second Owner,Petrol,Manual,FWD,1198 cc,75 bhp,18.06 kmpl,3.0,No,5 Seats,940 kg,,41 Litres,,
Hyundai Creta,₹5.30 Lakh,2017,"1,50,000 Kms",First Owner,,Manual,FWD,1591 cc,121.3 bhp,15.29 kmpl,4.0,No,5 Seats,"1,300 kg",190 mm,55 Litres,,
Toyota Etios,₹3.20 Lakh,2011,"70,000 Kms",First Owner,Petrol,Manual,,1496 cc,88.73 bhp,17.6 kmpl,4.0,No,5 Seats,920 kg,,45 Litres,,
Maruti Suzuki Baleno,₹4 Lakh,2016,"1,20,000 Kms",First Owner,Diesel,Manual,FWD,1248 cc,74 bhp,27.39 kmpl,4.0,Yes,5 Seats,985 kg,170 mm,,37 Litres,
Maruti Suzuki Swift Dzire Tour,₹4 Lakh,2018,"1,00,000 Kms",Second Owner,Diesel,Manual,,1248 cc,74.02 bhp,19.95 kmpl,4.0,Yes,5 Seats,945 kg,,,42 Litres,
Honda Amaze,₹4 Lakh,2016,"70,000 Kms",First Owner,Petrol,Manual,FWD,1198 cc,86.7 bhp,17.8 kmpl,4.0,No,5 Seats,955 kg,165 mm,35 Litres,,
Maruti Suzuki Swift Dzire,₹4.20 Lakh,2017,"1,90,000 Kms",First Owner,Diesel,Manual,FWD,1248 cc,74 bhp,26.59 kmpl,4.0,Yes,5 Seats,1045 kg,170 mm,,42 Litres,
Honda Amaze,₹4.70 Lakh,2019,"60,000 Kms",First Owner,Petrol,Manual,FWD,1199 cc,88.76 bhp,19.5 kmpl,4.0,No,5 Seats,921 kg,170 mm,35 Litres,,
Maruti Suzuki Swift Dzire,₹4.55 Lakh,2018,"90,000 Kms",First Owner,Petrol,Manual,FWD,1197 cc,81.80 bhp,21.21 kmpl,4.0,No,5 Seats,860-895 kg,163 mm,37 Litres,,
Hyundai Xcent,₹5.10 Lakh,2018,"28,000 Kms",First Owner,Petrol,Manual,FWD,1197 cc,81.86 bhp,20.14 kmpl,4.0,No,5 Seats,1120 kg,165 mm,43 Litres,,
Maruti Suzuki Swift Dzire,₹3.50 Lakh,2016,"70,000 Kms",Second Owner,Petrol,Manual,FWD,1197 cc,83.14 bhp,20.85 kmpl,4.0,No,5 Seats,945 kg,170 mm,42 Litres,,
Hyundai i20,₹4.50 Lakh,2016,"90,000 Kms",First Owner,Diesel,Manual,FWD,1396 cc,88.73 bhp,22.54 kmpl,4.0,Yes,5 Seats,1515 kg,170 mm,,45 Litres,
Maruti Suzuki Baleno,₹5 Lakh,2017,"1,10,000 Kms",First Owner,Petrol,Manual,FWD,1197 cc,83.1 bhp,21.4 kmpl,4.0,No,5 Seats,880 kg,170 mm,37 Litres,,
Hyundai Verna,₹5.50 Lakh,2017,"30,000 Kms",Second Owner,Petrol,Manual,FWD,1591 cc,121.3 bhp,17.01 kmpl,4.0,No,5 Seats,,165 mm,43 Litres,,
Maruti Suzuki Swift Dzire,₹4.20 Lakh,2016,"1,60,000 Kms",First Owner,Diesel,Manual,FWD,1248 cc,74 bhp,26.59 kmpl,4.0,Yes,5 Seats,1055 kg,170 mm,,42 Litres,
Maruti Suzuki Ignis,₹4 Lakh,2017,"36,500 Kms",First Owner,Petrol,Manual,FWD,1197 cc,81.80 bhp,20.89 kmpl,4.0,No,5 Seats,835 kg,180 mm,32 Litres,,
Hyundai i20,₹3.50 Lakh,2013,"1,00,000 Kms",First Owner,Diesel,Manual,FWD,1396 cc,88.76 bhp,21.9 kmpl,4.0,No,5 Seats,1120 kg,,,45 Litres,
Maruti Suzuki Wagon R,₹3.60 Lakh,2019,"60,000 Kms",Second Owner,Petrol,Automatic,FWD,998 cc,67 bhp,20.51 kmpl,3.0,No,5 Seats,895 kg,165 mm,35 Litres,,
Honda City,₹4.50 Lakh,2016,"1,60,000 Kms",Second Owner,Diesel,Manual,FWD,1498 cc,98.6 bhp,26 kmpl,4.0,Yes,5 Seats,1125 kg,165 mm,,40 Litres,
46+ used cars for sale from ₹2 Lakh in Ahmedabad,,,,,,,,,,,,,,,,,,
Jeep Compass,₹7.50 Lakh,2019,"60,000 Kms",Second Owner,,Manual,4X2,1956 cc,170 bhp,17.1 kmpl,4.0,Yes,5 Seats,1551 s kg,178 mm,,60 Litres,
Skoda Slavia,₹10 Lakh,2023,"30,000 Kms",First Owner,Petrol,Manual,FWD,999 cc,113.98 bhp,19 kmpl,3.0,Yes,5 Seats,1160-1216 kg,145 mm,45 Litres,,
Tata Tigor,₹6.90 Lakh,2022,"80,000 Kms",First Owner,Petrol,Manual,,1199 cc,84.82 bhp,19.28 kmpl,3.0,,5 Seats,1030 kg,,35 Litres,,
Jeep Compass,₹8 Lakh,2018,"1,11,000 Kms",First Owner,,Manual,4X2,1956 cc,170 bhp,17.1 kmpl,4.0,Yes,5 Seats,1562 s kg,178 mm,,60 Litres,
MG Hector,₹20.50 Lakh,2024,"13,000 Kms",First Owner,Petrol,Automatic,FWD,1451 cc,141.04 bhp,12.34 kmpl,4.0,Yes,5 Seats,,,60 Litres,,
MG Hector Plus,₹9.50 Lakh,2020,"70,000 Kms",First Owner,Petrol,Automatic,,1451 cc,141 bhp,11.67 kmpl,4.0,YES,6 Seats,1820 kg,,60 Litres,,
Honda Brio,₹2 Lakh,2013,"88,000 Kms",Third Owner,Petrol,Manual,FWD,1198 cc,86.8 bhp,19.4 kmpl,4.0,No,5 Seats,925 kg,165 mm,35 Litres,,
Toyota Yaris,₹6 Lakh,2018,"50,000 Kms",First Owner,Petrol,Automatic,FWD,1496 cc,105.5 bhp,17.8 kmpl,4.0,No,5 Seats,1135 kg,,42 Litres,,
Maruti Suzuki S Cross,₹5.71 Lakh,2018,"83,000 Kms",First Owner,,Manual,FWD,1248 cc,88.5 bhp,25.1 kmpl,4.0,Yes,5 Seats,1230 kg,180 mm,,48 Litres,
Toyota Fortuner,₹25.50 Lakh,Jan 2023,"56,000 Kms",First Owner,Petrol,Manual,2WD,2694 cc,163.60 bhp,11 kmpl,4.0,No,7 Seats,,,80 Litres,,
Hyundai Grand i10,₹3.72 Lakh,Mar 2017,"40,710 Kms",First Owner,Petrol,Manual,FWD,1197 cc,81.86 bhp,18.9 kmpl,4.0,No,5 Seats,1120 kg,165 mm,43 Litres,,
1.4 CRDi S,₹6.80 Lakh,2016,"1,20,000 Kms",First Owner,,Manual,FWD,1396 cc,88.7 bhp,21.38 kmpl,4.0,No,5 Seats,1240 kg,190 mm,,55 Litres,
1.2 Kappa Sportz BSIV,₹3.72 Lakh,Mar 2017,"40,710 Kms",First Owner,Petrol,Manual,FWD,1197 cc,81.86 bhp,18.9 kmpl,4.0,No,5 Seats,1120 kg,165 mm,43 Litres,,
1.2 Kappa Sportz BSIV,₹4.21 Lakh,Mar 2017,"64,322 Kms",First Owner,Petrol,Manual,FWD,1197 cc,81.86 bhp,18.9 kmpl,4.0,No,5 Seats,1120 kg,165 mm,43 Litres,,
Sportz,₹3.45 Lakh,Mar 2016,"72,000 Kms",First Owner,Petrol,Manual,FWD,1197 cc,82 bhp,18.9 kmpl,4.0,No,5 Seats,935 kg,165 mm,43 Litres,,
1.2,₹6.30 Lakh,2022,"80,000 Kms",First Owner,Diesel,Manual,RWD,2523 cc,65.03 bhp,17.2 kmpl,4.0,,2 Seats,1620 kg,,,45 Litres,
4X2,₹25.50 Lakh,Jan 2023,"56,000 Kms",First Owner,Petrol,Manual,2WD,2694 cc,163.60 bhp,11 kmpl,4.0,No,7 Seats,,,80 Litres,,
1.2 Kappa Magna BSIV,₹3.84 Lakh,Jul 2016,"67,763 Kms",First Owner,Petrol,Manual,FWD,1197 cc,81.86 bhp,18.9 kmpl,4.0,No,5 Seats,1100 kg,165 mm,43 Litres,,
Era,₹3.75 Lakh,Nov 2016,"91,000 Kms",First Owner,Petrol,Manual,FWD,1086 cc,68.05 bhp,19.81 kmpl,4.0,No,5 Seats,860 kg,165 mm,35 Litres,,
